"","date","Subject","Phase","Feeder_Interval","Time","Location","Body_Position","Activity","Interaction","period","rel_time","action_cat"
"1",2023-05-24,"Citrine","Intervention_Weekday",180,09:30:42,"5","Rearing","Locomotion",NA,0,0,"Active"
"2",2023-05-24,"Citrine","Intervention_Weekday",180,09:30:57,"5","Standing","Pause",NA,15,15,"Inactive"
"3",2023-05-24,"Citrine","Intervention_Weekday",180,09:31:12,"Shelf","Sitting","Resting",NA,30,30,"Inactive"
"4",2023-05-24,"Citrine","Intervention_Weekday",180,09:31:27,"Shelf","Sitting","Resting",NA,45,45,"Inactive"
"5",2023-05-24,"Citrine","Intervention_Weekday",180,09:31:42,"Shelf","Sitting","Resting",NA,0,60,"Inactive"
"6",2023-05-24,"Citrine","Intervention_Weekday",180,09:31:57,"Shelf","Sitting","Resting",NA,15,75,"Inactive"
"7",2023-05-24,"Citrine","Intervention_Weekday",180,09:32:12,"Shelf","Sitting","Resting",NA,30,90,"Inactive"
"8",2023-05-24,"Citrine","Intervention_Weekday",180,09:32:27,"Shelf","Sitting","Resting",NA,45,105,"Inactive"
"9",2023-05-24,"Citrine","Intervention_Weekday",180,09:32:42,"Shelf","Sitting","Resting",NA,0,120,"Inactive"
"10",2023-05-24,"Citrine","Intervention_Weekday",180,09:32:57,"Shelf","Sitting","Resting",NA,15,135,"Inactive"
"11",2023-05-24,"Citrine","Intervention_Weekday",180,09:33:12,"Feeder","Sitting","Pause",NA,30,150,"Inactive"
"12",2023-05-24,"Citrine","Intervention_Weekday",180,09:33:27,"Feeder","Sitting","Pause",NA,45,165,"Inactive"
"13",2023-05-24,"Citrine","Intervention_Weekday",180,09:33:42,"4","Standing","Locomotion",NA,0,180,"Active"
"14",2023-05-24,"Citrine","Intervention_Weekday",180,09:33:57,"Shelf","Standing","Locomotion",NA,15,0,"Active"
"15",2023-05-24,"Citrine","Intervention_Weekday",180,09:34:12,"4","Standing","Locomotion",NA,30,15,"Active"
"16",2023-05-24,"Citrine","Intervention_Weekday",180,09:34:27,"Feeder","Standing","Pause",NA,45,30,"Inactive"
"17",2023-05-24,"Citrine","Intervention_Weekday",180,09:34:42,"Feeder","Standing","Pause",NA,0,45,"Inactive"
"18",2023-05-24,"Citrine","Intervention_Weekday",180,09:34:57,"Fence","Standing","Pause",NA,15,60,"Inactive"
"19",2023-05-24,"Citrine","Intervention_Weekday",180,09:35:12,"3","Standing","Locomotion",NA,30,75,"Active"
"20",2023-05-24,"Citrine","Intervention_Weekday",180,09:35:27,"Shelf","Standing","Pause",NA,45,90,"Inactive"
"21",2023-05-24,"Citrine","Intervention_Weekday",180,09:35:42,"3","Standing","Locomotion",NA,0,105,"Active"
"22",2023-05-24,"Citrine","Intervention_Weekday",180,09:35:57,"5","Rearing","Pause",NA,15,120,"Inactive"
"23",2023-05-24,"Citrine","Intervention_Weekday",180,09:36:12,"6","Standing","Manipulating Object","Feeder",30,135,"Active"
"24",2023-05-24,"Citrine","Intervention_Weekday",180,09:36:27,"4","Standing","Locomotion",NA,45,150,"Active"
"25",2023-05-24,"Citrine","Intervention_Weekday",180,09:36:42,"5","Rearing","Pause",NA,0,165,"Inactive"
"26",2023-05-24,"Citrine","Intervention_Weekday",180,09:36:57,"5","Rearing","Pause",NA,15,180,"Inactive"
"27",2023-05-24,"Citrine","Intervention_Weekday",180,09:37:12,"Shelf","Standing","Pause",NA,30,0,"Inactive"
"28",2023-05-24,"Citrine","Intervention_Weekday",180,09:37:27,"Shelf","Standing","Pause",NA,45,15,"Inactive"
"29",2023-05-24,"Citrine","Intervention_Weekday",180,09:37:42,"Shelf","Standing","Pause",NA,0,30,"Inactive"
"30",2023-05-24,"Citrine","Intervention_Weekday",180,09:37:57,"Shelf","Standing","Pause",NA,15,45,"Inactive"
"31",2023-05-24,"Citrine","Intervention_Weekday",180,09:38:12,"Fence","Standing","Pause",NA,30,60,"Inactive"
"32",2023-05-24,"Citrine","Intervention_Weekday",180,09:38:27,"Fence","Standing","Pause",NA,45,75,"Inactive"
"33",2023-05-24,"Citrine","Intervention_Weekday",180,09:38:42,"5","Rearing","Pause",NA,0,90,"Inactive"
"34",2023-05-24,"Citrine","Intervention_Weekday",180,09:38:57,"5","Rearing","Locomotion",NA,15,105,"Active"
"35",2023-05-24,"Citrine","Intervention_Weekday",180,09:39:12,"5","Rearing","Pause",NA,30,120,"Inactive"
"36",2023-05-24,"Citrine","Intervention_Weekday",180,09:39:27,"5","Rearing","Pause",NA,45,135,"Inactive"
"37",2023-05-24,"Citrine","Intervention_Weekday",180,09:39:42,"6","Rearing","Pause",NA,0,150,"Inactive"
"38",2023-05-24,"Citrine","Intervention_Weekday",180,09:39:57,"3","Standing","Locomotion",NA,15,165,"Active"
"39",2023-05-24,"Citrine","Intervention_Weekday",180,09:40:12,"Shelf","Sitting","Resting",NA,30,180,"Inactive"
"40",2023-05-24,"Citrine","Intervention_Weekday",180,09:40:27,"Shelf","Sitting","Resting",NA,45,0,"Inactive"
"41",2023-05-24,"Citrine","Intervention_Weekday",180,09:40:42,"Shelf","Standing","Resting",NA,0,15,"Inactive"
"42",2023-05-24,"Citrine","Intervention_Weekday",180,09:40:57,"Shelf","Sitting","Resting",NA,15,30,"Inactive"
"43",2023-05-24,"Citrine","Intervention_Weekday",180,09:41:12,"Shelf","Sitting","Resting",NA,30,45,"Inactive"
"44",2023-05-24,"Citrine","Intervention_Weekday",180,09:41:27,"Feeder","Standing","Pause",NA,45,60,"Inactive"
"45",2023-05-24,"Citrine","Intervention_Weekday",180,09:41:42,"Feeder","Sitting","Resting",NA,0,75,"Inactive"
"46",2023-05-24,"Citrine","Intervention_Weekday",180,09:41:57,"Feeder","Sitting","Resting",NA,15,90,"Inactive"
"47",2023-05-24,"Citrine","Intervention_Weekday",180,09:42:12,"Feeder","Sitting","Resting",NA,30,105,"Inactive"
"48",2023-05-24,"Citrine","Intervention_Weekday",180,09:42:27,"Feeder","Sitting","Resting",NA,45,120,"Inactive"
"49",2023-05-24,"Citrine","Intervention_Weekday",180,09:42:42,"5","Standing","Eating",NA,0,135,"Active"
"50",2023-05-24,"Citrine","Intervention_Weekday",180,09:42:57,"4","Standing","Drinking",NA,15,150,"Active"
"51",2023-05-24,"Citrine","Intervention_Weekday",180,09:43:12,"4","Standing","Drinking",NA,30,165,"Active"
"52",2023-05-24,"Citrine","Intervention_Weekday",180,09:43:27,"4","Standing","Drinking",NA,45,180,"Active"
"53",2023-05-24,"Citrine","Intervention_Weekday",180,09:43:42,"4","Standing","Drinking",NA,0,0,"Active"
"54",2023-05-24,"Citrine","Intervention_Weekday",180,09:43:57,"4","Standing","Pause",NA,15,15,"Inactive"
"55",2023-05-24,"Citrine","Intervention_Weekday",180,09:44:12,"5","Rearing","Pause",NA,30,30,"Inactive"
"56",2023-05-24,"Citrine","Intervention_Weekday",180,09:44:27,"4","Standing","Locomotion",NA,45,45,"Active"
"57",2023-05-24,"Citrine","Intervention_Weekday",180,09:44:42,"Feeder","Sitting","Resting",NA,0,60,"Inactive"
"58",2023-05-24,"Citrine","Intervention_Weekday",180,09:44:57,"Feeder","Sitting","Resting",NA,15,75,"Inactive"
"59",2023-05-24,"Citrine","Intervention_Weekday",180,09:45:12,"Feeder","Sitting","Resting",NA,30,90,"Inactive"
"60",2023-05-24,"Citrine","Intervention_Weekday",180,09:45:27,"Feeder","Sitting","Resting",NA,45,105,"Inactive"
"61",2023-05-25,"Citrine","Intervention_Weekday",180,10:25:40,"3","Standing","Drinking",NA,0,0,"Active"
"62",2023-05-25,"Citrine","Intervention_Weekday",180,10:25:55,"3","Standing","Drinking",NA,15,15,"Active"
"63",2023-05-25,"Citrine","Intervention_Weekday",180,10:26:10,"3","Standing","Drinking",NA,30,30,"Active"
"64",2023-05-25,"Citrine","Intervention_Weekday",180,10:26:25,"3","Standing","Drinking",NA,45,45,"Active"
"65",2023-05-25,"Citrine","Intervention_Weekday",180,10:26:40,"3","Standing","Drinking",NA,0,60,"Active"
"66",2023-05-25,"Citrine","Intervention_Weekday",180,10:26:55,"Feeder","Standing","Pause",NA,15,75,"Inactive"
"67",2023-05-25,"Citrine","Intervention_Weekday",180,10:27:10,"Feeder","Sitting","Resting",NA,30,90,"Inactive"
"68",2023-05-25,"Citrine","Intervention_Weekday",180,10:27:25,"Feeder","Sitting","Resting",NA,45,105,"Inactive"
"69",2023-05-25,"Citrine","Intervention_Weekday",180,10:27:40,"Feeder","Sitting","Resting",NA,0,120,"Inactive"
"70",2023-05-25,"Citrine","Intervention_Weekday",180,10:27:55,"Feeder","Sitting","Resting",NA,15,135,"Inactive"
"71",2023-05-25,"Citrine","Intervention_Weekday",180,10:28:10,"Feeder","Sitting","Resting",NA,30,150,"Inactive"
"72",2023-05-25,"Citrine","Intervention_Weekday",180,10:28:25,"Fence","Standing","Locomotion",NA,45,165,"Active"
"73",2023-05-25,"Citrine","Intervention_Weekday",180,10:28:40,"4","Standing","Locomotion",NA,0,180,"Active"
"74",2023-05-25,"Citrine","Intervention_Weekday",180,10:28:55,"3","Standing","Locomotion",NA,15,0,"Active"
"75",2023-05-25,"Citrine","Intervention_Weekday",180,10:29:10,"Shelf","Standing","Locomotion",NA,30,15,"Active"
"76",2023-05-25,"Citrine","Intervention_Weekday",180,10:29:25,"Shelf","Standing","Pause",NA,45,30,"Inactive"
"77",2023-05-25,"Citrine","Intervention_Weekday",180,10:29:40,"Fence","Standing","Pause",NA,0,45,"Inactive"
"78",2023-05-25,"Citrine","Intervention_Weekday",180,10:29:55,"Feeder","Sitting","Resting",NA,15,60,"Inactive"
"79",2023-05-25,"Citrine","Intervention_Weekday",180,10:30:10,"Feeder","Sitting","Resting",NA,30,75,"Inactive"
"80",2023-05-25,"Citrine","Intervention_Weekday",180,10:30:25,"Feeder","Sitting","Resting",NA,45,90,"Inactive"
"81",2023-05-25,"Citrine","Intervention_Weekday",180,10:30:40,"Feeder","Sitting","Resting",NA,0,105,"Inactive"
"82",2023-05-25,"Citrine","Intervention_Weekday",180,10:30:55,"Feeder","Sitting","Resting",NA,15,120,"Inactive"
"83",2023-05-25,"Citrine","Intervention_Weekday",180,10:31:10,"Feeder","Sitting","Resting",NA,30,135,"Inactive"
"84",2023-05-25,"Citrine","Intervention_Weekday",180,10:31:25,"Feeder","Sitting","Resting",NA,45,150,"Inactive"
"85",2023-05-25,"Citrine","Intervention_Weekday",180,10:31:40,"5","Sitting","Eating",NA,0,165,"Active"
"86",2023-05-25,"Citrine","Intervention_Weekday",180,10:31:55,"3","Standing","Drinking",NA,15,180,"Active"
"87",2023-05-25,"Citrine","Intervention_Weekday",180,10:32:10,"3","Standing","Drinking",NA,30,0,"Active"
"88",2023-05-25,"Citrine","Intervention_Weekday",180,10:32:25,"3","Sitting","Drinking",NA,45,15,"Active"
"89",2023-05-25,"Citrine","Intervention_Weekday",180,10:32:40,"3","Sitting","Drinking",NA,0,30,"Active"
"90",2023-05-25,"Citrine","Intervention_Weekday",180,10:32:55,"3","Sitting","Drinking",NA,15,45,"Active"
"91",2023-05-25,"Citrine","Intervention_Weekday",180,10:33:10,"Feeder","Standing","Pause",NA,30,60,"Inactive"
"92",2023-05-25,"Citrine","Intervention_Weekday",180,10:33:25,"Feeder","Sitting","Pause",NA,45,75,"Inactive"
"93",2023-05-25,"Citrine","Intervention_Weekday",180,10:33:40,"3","Standing","Locomotion",NA,0,90,"Active"
"94",2023-05-25,"Citrine","Intervention_Weekday",180,10:33:55,"Shelf","Sitting","Resting",NA,15,105,"Inactive"
"95",2023-05-25,"Citrine","Intervention_Weekday",180,10:34:10,"Shelf","Sitting","Resting",NA,30,120,"Inactive"
"96",2023-05-25,"Citrine","Intervention_Weekday",180,10:34:25,"Shelf","Sitting","Resting",NA,45,135,"Inactive"
"97",2023-05-25,"Citrine","Intervention_Weekday",180,10:34:40,"5","Rearing","Pause",NA,0,150,"Inactive"
"98",2023-05-25,"Citrine","Intervention_Weekday",180,10:34:55,"3","Standing","Locomotion",NA,15,165,"Active"
"99",2023-05-25,"Citrine","Intervention_Weekday",180,10:35:10,"Shelf","Sitting","Resting",NA,30,180,"Inactive"
"100",2023-05-25,"Citrine","Intervention_Weekday",180,10:35:25,"Shelf","Sitting","Resting",NA,45,0,"Inactive"
"101",2023-05-25,"Citrine","Intervention_Weekday",180,10:35:40,"Shelf","Sitting","Resting",NA,0,15,"Inactive"
"102",2023-05-25,"Citrine","Intervention_Weekday",180,10:35:55,"Shelf","Sitting","Resting",NA,15,30,"Inactive"
"103",2023-05-25,"Citrine","Intervention_Weekday",180,10:36:10,"Shelf","Sitting","Resting",NA,30,45,"Inactive"
"104",2023-05-25,"Citrine","Intervention_Weekday",180,10:36:25,"Shelf","Sitting","Resting",NA,45,60,"Inactive"
"105",2023-05-25,"Citrine","Intervention_Weekday",180,10:36:40,"Shelf","Sitting","Resting",NA,0,75,"Inactive"
"106",2023-05-25,"Citrine","Intervention_Weekday",180,10:36:55,"Shelf","Sitting","Resting",NA,15,90,"Inactive"
"107",2023-05-25,"Citrine","Intervention_Weekday",180,10:37:10,"5","Rearing","Pause",NA,30,105,"Inactive"
"108",2023-05-25,"Citrine","Intervention_Weekday",180,10:37:25,"Fence","Standing","Locomotion",NA,45,120,"Active"
"109",2023-05-25,"Citrine","Intervention_Weekday",180,10:37:40,"5","Standing","Eating",NA,0,135,"Active"
"110",2023-05-25,"Citrine","Intervention_Weekday",180,10:37:55,"5","Standing","Locomotion",NA,15,150,"Active"
"111",2023-05-25,"Citrine","Intervention_Weekday",180,10:38:10,"Shelf","Standing","Locomotion",NA,30,165,"Active"
"112",2023-05-25,"Citrine","Intervention_Weekday",180,10:38:25,"Shelf","Standing","Pause",NA,45,180,"Inactive"
"113",2023-05-25,"Citrine","Intervention_Weekday",180,10:38:40,"Shelf","Out of View","Resting",NA,0,0,"Inactive"
"114",2023-05-25,"Citrine","Intervention_Weekday",180,10:38:55,"Shelf","Out of View","Resting",NA,15,15,"Inactive"
"115",2023-05-25,"Citrine","Intervention_Weekday",180,10:39:10,"Shelf","Out of View","Resting",NA,30,30,"Inactive"
"116",2023-05-25,"Citrine","Intervention_Weekday",180,10:39:25,"Shelf","Out of View","Resting",NA,45,45,"Inactive"
"117",2023-05-25,"Citrine","Intervention_Weekday",180,10:39:40,"Shelf","Out of View","Resting",NA,0,60,"Inactive"
"118",2023-05-25,"Citrine","Intervention_Weekday",180,10:39:55,"Shelf","Out of View","Resting",NA,15,75,"Inactive"
"119",2023-05-25,"Citrine","Intervention_Weekday",180,10:40:10,"Shelf","Out of View","Resting",NA,30,90,"Inactive"
"120",2023-05-25,"Citrine","Intervention_Weekday",180,10:40:25,"Shelf","Out of View","Resting",NA,45,105,"Inactive"
"121",2023-05-11,"Citrine","Intervention_Weekday",120,11:09:51,"5","Rearing","Pause",NA,0,0,"Inactive"
"122",2023-05-11,"Citrine","Intervention_Weekday",120,11:10:06,"5","Standing","Locomotion",NA,15,15,"Active"
"123",2023-05-11,"Citrine","Intervention_Weekday",120,11:10:21,"Shelf","Sitting","Resting",NA,30,30,"Inactive"
"124",2023-05-11,"Citrine","Intervention_Weekday",120,11:10:36,"Shelf","Sitting","Resting",NA,45,45,"Inactive"
"125",2023-05-11,"Citrine","Intervention_Weekday",120,11:10:51,"Shelf","Sitting","Resting",NA,0,60,"Inactive"
"126",2023-05-11,"Citrine","Intervention_Weekday",120,11:11:06,"Shelf","Sitting","Resting",NA,15,75,"Inactive"
"127",2023-05-11,"Citrine","Intervention_Weekday",120,11:11:21,"Shelf","Sitting","Resting",NA,30,90,"Inactive"
"128",2023-05-11,"Citrine","Intervention_Weekday",120,11:11:36,"Shelf","Sitting","Resting",NA,45,105,"Inactive"
"129",2023-05-11,"Citrine","Intervention_Weekday",120,11:11:51,"3","Standing","Locomotion",NA,0,120,"Active"
"130",2023-05-11,"Citrine","Intervention_Weekday",120,11:12:06,"Feeder","Standing","Pause",NA,15,0,"Inactive"
"131",2023-05-11,"Citrine","Intervention_Weekday",120,11:12:21,"Shelf","Standing","Pause",NA,30,15,"Inactive"
"132",2023-05-11,"Citrine","Intervention_Weekday",120,11:12:36,"Shelf","Standing","Pause",NA,45,30,"Inactive"
"133",2023-05-11,"Citrine","Intervention_Weekday",120,11:12:51,"Shelf","Sitting","Resting",NA,0,45,"Inactive"
"134",2023-05-11,"Citrine","Intervention_Weekday",120,11:13:06,"Shelf","Sitting","Resting",NA,15,60,"Inactive"
"135",2023-05-11,"Citrine","Intervention_Weekday",120,11:13:21,"Shelf","Sitting","Resting",NA,30,75,"Inactive"
"136",2023-05-11,"Citrine","Intervention_Weekday",120,11:13:36,"Shelf","Sitting","Resting",NA,45,90,"Inactive"
"137",2023-05-11,"Citrine","Intervention_Weekday",120,11:13:51,"Shelf","Standing","Locomotion",NA,0,105,"Active"
"138",2023-05-11,"Citrine","Intervention_Weekday",120,11:14:06,"Shelf","Standing","Pause",NA,15,120,"Inactive"
"139",2023-05-11,"Citrine","Intervention_Weekday",120,11:14:21,"Shelf","Standing","Pause",NA,30,0,"Inactive"
"140",2023-05-11,"Citrine","Intervention_Weekday",120,11:14:36,"5","Rearing","Locomotion",NA,45,15,"Active"
"141",2023-05-11,"Citrine","Intervention_Weekday",120,11:14:51,"Fence","Standing","Pause",NA,0,30,"Inactive"
"142",2023-05-11,"Citrine","Intervention_Weekday",120,11:15:06,"Shelf","Standing","Locomotion",NA,15,45,"Active"
"143",2023-05-11,"Citrine","Intervention_Weekday",120,11:15:21,"Shelf","Standing","Pause",NA,30,60,"Inactive"
"144",2023-05-11,"Citrine","Intervention_Weekday",120,11:15:36,"Shelf","Standing","Pause",NA,45,75,"Inactive"
"145",2023-05-11,"Citrine","Intervention_Weekday",120,11:15:51,"6","Standing","Eating",NA,0,90,"Active"
"146",2023-05-11,"Citrine","Intervention_Weekday",120,11:16:06,"5","Sitting","Pause",NA,15,105,"Inactive"
"147",2023-05-11,"Citrine","Intervention_Weekday",120,11:16:21,"6","Standing","Locomotion",NA,30,120,"Active"
"148",2023-05-11,"Citrine","Intervention_Weekday",120,11:16:36,"2","Standing","Locomotion",NA,45,0,"Active"
"149",2023-05-11,"Citrine","Intervention_Weekday",120,11:16:51,"Shelf","Standing","Pause",NA,0,15,"Inactive"
"150",2023-05-11,"Citrine","Intervention_Weekday",120,11:17:06,"Shelf","Sitting","Pause",NA,15,30,"Inactive"
"151",2023-05-11,"Citrine","Intervention_Weekday",120,11:17:21,"Shelf","Sitting","Resting",NA,30,45,"Inactive"
"152",2023-05-11,"Citrine","Intervention_Weekday",120,11:17:36,"Shelf","Sitting","Pause",NA,45,60,"Inactive"
"153",2023-05-11,"Citrine","Intervention_Weekday",120,11:17:51,"5","Standing","Eating",NA,0,75,"Active"
"154",2023-05-11,"Citrine","Intervention_Weekday",120,11:18:06,"5","Standing","Locomotion",NA,15,90,"Active"
"155",2023-05-11,"Citrine","Intervention_Weekday",120,11:18:21,"1","Standing","Locomotion",NA,30,105,"Active"
"156",2023-05-11,"Citrine","Intervention_Weekday",120,11:18:36,"Feeder","Sitting","Pause",NA,45,120,"Inactive"
"157",2023-05-11,"Citrine","Intervention_Weekday",120,11:18:51,"Shelf","Standing","Pause",NA,0,0,"Inactive"
"158",2023-05-11,"Citrine","Intervention_Weekday",120,11:19:06,"Shelf","Sitting","Out of View",NA,15,15,"OutofView"
"159",2023-05-11,"Citrine","Intervention_Weekday",120,11:19:21,"5","Rearing","Pause",NA,30,30,"Inactive"
"160",2023-05-11,"Citrine","Intervention_Weekday",120,11:19:36,"Feeder","Standing","Pause",NA,45,45,"Inactive"
"161",2023-05-11,"Citrine","Intervention_Weekday",120,11:19:51,"5","Standing","Eating",NA,0,60,"Active"
"162",2023-05-11,"Citrine","Intervention_Weekday",120,11:20:06,"5","Standing","Manipulating Object","Feeder",15,75,"Active"
"163",2023-05-11,"Citrine","Intervention_Weekday",120,11:20:21,"Feeder","Standing","Pause",NA,30,90,"Inactive"
"164",2023-05-11,"Citrine","Intervention_Weekday",120,11:20:36,"3","Standing","Locomotion",NA,45,105,"Active"
"165",2023-05-11,"Citrine","Intervention_Weekday",120,11:20:51,"3","Standing","Locomotion",NA,0,120,"Active"
"166",2023-05-11,"Citrine","Intervention_Weekday",120,11:21:06,"5","Rearing","Pause",NA,15,0,"Inactive"
"167",2023-05-11,"Citrine","Intervention_Weekday",120,11:21:21,"Feeder","Standing","Pause",NA,30,15,"Inactive"
"168",2023-05-11,"Citrine","Intervention_Weekday",120,11:21:36,"Fence","Standing","Pause",NA,45,30,"Inactive"
"169",2023-05-11,"Citrine","Intervention_Weekday",120,11:21:51,"5","Standing","Eating",NA,0,45,"Active"
"170",2023-05-11,"Citrine","Intervention_Weekday",120,11:22:06,"5","Rearing","Pause",NA,15,60,"Inactive"
"171",2023-05-11,"Citrine","Intervention_Weekday",120,11:22:21,"Feeder","Standing","Pause",NA,30,75,"Inactive"
"172",2023-05-11,"Citrine","Intervention_Weekday",120,11:22:36,"Feeder","Standing","Pause",NA,45,90,"Inactive"
"173",2023-05-11,"Citrine","Intervention_Weekday",120,11:22:51,"Feeder","Standing","Pause",NA,0,105,"Inactive"
"174",2023-05-11,"Citrine","Intervention_Weekday",120,11:23:06,"Feeder","Standing","Pause",NA,15,120,"Inactive"
"175",2023-05-11,"Citrine","Intervention_Weekday",120,11:23:21,"1","Standing","Locomotion",NA,30,0,"Active"
"176",2023-05-11,"Citrine","Intervention_Weekday",120,11:23:36,"Feeder","Standing","Pause",NA,45,15,"Inactive"
"177",2023-05-11,"Citrine","Intervention_Weekday",120,11:23:51,"5","Standing","Eating",NA,0,30,"Active"
"178",2023-05-11,"Citrine","Intervention_Weekday",120,11:24:06,"5","Standing","Pause",NA,15,45,"Inactive"
"179",2023-05-11,"Citrine","Intervention_Weekday",120,11:24:21,"Feeder","Standing","Pause",NA,30,60,"Inactive"
"180",2023-05-11,"Citrine","Intervention_Weekday",120,11:24:36,"Fence","Standing","Locomotion",NA,45,75,"Active"
"181",2023-06-08,"Citrine","Intervention_Weekday",240,10:26:59,"4","Standing","Locomotion",NA,0,0,"Active"
"182",2023-06-08,"Citrine","Intervention_Weekday",240,10:27:14,"Shelf","Out of View","Pause",NA,15,15,"Inactive"
"183",2023-06-08,"Citrine","Intervention_Weekday",240,10:27:29,"Shelf","Sitting","Pause",NA,30,30,"Inactive"
"184",2023-06-08,"Citrine","Intervention_Weekday",240,10:27:44,"Shelf","Sitting","Pause",NA,45,45,"Inactive"
"185",2023-06-08,"Citrine","Intervention_Weekday",240,10:27:59,"Shelf","Sitting","Pause",NA,0,60,"Inactive"
"186",2023-06-08,"Citrine","Intervention_Weekday",240,10:28:14,"Shelf","Sitting","Pause",NA,15,75,"Inactive"
"187",2023-06-08,"Citrine","Intervention_Weekday",240,10:28:29,"Shelf","Sitting","Pause",NA,30,90,"Inactive"
"188",2023-06-08,"Citrine","Intervention_Weekday",240,10:28:44,"Fence","Standing","Pause",NA,45,105,"Inactive"
"189",2023-06-08,"Citrine","Intervention_Weekday",240,10:28:59,"5","Rearing","Locomotion",NA,0,120,"Active"
"190",2023-06-08,"Citrine","Intervention_Weekday",240,10:29:14,"Fence","Standing","Locomotion",NA,15,135,"Active"
"191",2023-06-08,"Citrine","Intervention_Weekday",240,10:29:29,"3","Standing","Locomotion",NA,30,150,"Active"
"192",2023-06-08,"Citrine","Intervention_Weekday",240,10:29:44,"Shelf","Standing","Locomotion",NA,45,165,"Active"
"193",2023-06-08,"Citrine","Intervention_Weekday",240,10:29:59,"6","Standing","Locomotion",NA,0,180,"Active"
"194",2023-06-08,"Citrine","Intervention_Weekday",240,10:30:14,"Shelf","Out of View","Pause",NA,15,195,"Inactive"
"195",2023-06-08,"Citrine","Intervention_Weekday",240,10:30:29,"Shelf","Out of View","Pause",NA,30,210,"Inactive"
"196",2023-06-08,"Citrine","Intervention_Weekday",240,10:30:44,"Shelf","Standing","Locomotion",NA,45,225,"Active"
"197",2023-06-08,"Citrine","Intervention_Weekday",240,10:30:59,"5","Standing","Eating",NA,0,240,"Active"
"198",2023-06-08,"Citrine","Intervention_Weekday",240,10:31:14,"4","Standing","Locomotion",NA,15,0,"Active"
"199",2023-06-08,"Citrine","Intervention_Weekday",240,10:31:29,"Shelf","Standing","Pause",NA,30,15,"Inactive"
"200",2023-06-08,"Citrine","Intervention_Weekday",240,10:31:44,"Shelf","Sitting","Resting",NA,45,30,"Inactive"
"201",2023-06-08,"Citrine","Intervention_Weekday",240,10:31:59,"Shelf","Sitting","Resting",NA,0,45,"Inactive"
"202",2023-06-08,"Citrine","Intervention_Weekday",240,10:32:14,"Shelf","Sitting","Resting",NA,15,60,"Inactive"
"203",2023-06-08,"Citrine","Intervention_Weekday",240,10:32:29,"Shelf","Sitting","Resting",NA,30,75,"Inactive"
"204",2023-06-08,"Citrine","Intervention_Weekday",240,10:32:44,"Shelf","Lying Down","Resting",NA,45,90,"Inactive"
"205",2023-06-08,"Citrine","Intervention_Weekday",240,10:32:59,"Shelf","Lying Down","Resting",NA,0,105,"Inactive"
"206",2023-06-08,"Citrine","Intervention_Weekday",240,10:33:14,"Shelf","Lying Down","Resting",NA,15,120,"Inactive"
"207",2023-06-08,"Citrine","Intervention_Weekday",240,10:33:29,"Shelf","Lying Down","Resting",NA,30,135,"Inactive"
"208",2023-06-08,"Citrine","Intervention_Weekday",240,10:33:44,"Shelf","Lying Down","Resting",NA,45,150,"Inactive"
"209",2023-06-08,"Citrine","Intervention_Weekday",240,10:33:59,"Shelf","Lying Down","Resting",NA,0,165,"Inactive"
"210",2023-06-08,"Citrine","Intervention_Weekday",240,10:34:14,"Shelf","Lying Down","Resting",NA,15,180,"Inactive"
"211",2023-06-08,"Citrine","Intervention_Weekday",240,10:34:29,"Shelf","Lying Down","Resting",NA,30,195,"Inactive"
"212",2023-06-08,"Citrine","Intervention_Weekday",240,10:34:44,"5","Rearing","Pause",NA,45,210,"Inactive"
"213",2023-06-08,"Citrine","Intervention_Weekday",240,10:34:59,"5","Standing","Eating",NA,0,225,"Active"
"214",2023-06-08,"Citrine","Intervention_Weekday",240,10:35:14,"Shelf","Standing","Pause",NA,15,240,"Inactive"
"215",2023-06-08,"Citrine","Intervention_Weekday",240,10:35:29,"Shelf","Standing","Pause",NA,30,0,"Inactive"
"216",2023-06-08,"Citrine","Intervention_Weekday",240,10:35:44,"Shelf","Lying Down","Resting",NA,45,15,"Inactive"
"217",2023-06-08,"Citrine","Intervention_Weekday",240,10:35:59,"Shelf","Lying Down","Resting",NA,0,30,"Inactive"
"218",2023-06-08,"Citrine","Intervention_Weekday",240,10:36:14,"Shelf","Lying Down","Resting",NA,15,45,"Inactive"
"219",2023-06-08,"Citrine","Intervention_Weekday",240,10:36:29,"Shelf","Lying Down","Resting",NA,30,60,"Inactive"
"220",2023-06-08,"Citrine","Intervention_Weekday",240,10:36:44,"Shelf","Lying Down","Resting",NA,45,75,"Inactive"
"221",2023-06-08,"Citrine","Intervention_Weekday",240,10:36:59,"Shelf","Lying Down","Resting",NA,0,90,"Inactive"
"222",2023-06-08,"Citrine","Intervention_Weekday",240,10:37:14,"Shelf","Lying Down","Resting",NA,15,105,"Inactive"
"223",2023-06-08,"Citrine","Intervention_Weekday",240,10:37:29,"Shelf","Lying Down","Resting",NA,30,120,"Inactive"
"224",2023-06-08,"Citrine","Intervention_Weekday",240,10:37:44,"3","Standing","Drinking",NA,45,135,"Active"
"225",2023-06-08,"Citrine","Intervention_Weekday",240,10:37:59,"3","Standing","Drinking",NA,0,150,"Active"
"226",2023-06-08,"Citrine","Intervention_Weekday",240,10:38:14,"3","Standing","Drinking",NA,15,165,"Active"
"227",2023-06-08,"Citrine","Intervention_Weekday",240,10:38:29,"3","Standing","Drinking",NA,30,180,"Active"
"228",2023-06-08,"Citrine","Intervention_Weekday",240,10:38:44,"3","Standing","Locomotion",NA,45,195,"Active"
"229",2023-06-08,"Citrine","Intervention_Weekday",240,10:38:59,"5","Standing","Eating",NA,0,210,"Active"
"230",2023-06-08,"Citrine","Intervention_Weekday",240,10:39:14,"Shelf","Standing","Pause",NA,15,225,"Inactive"
"231",2023-06-08,"Citrine","Intervention_Weekday",240,10:39:29,"Shelf","Out of View","Pause",NA,30,240,"Inactive"
"232",2023-06-08,"Citrine","Intervention_Weekday",240,10:39:44,"Shelf","Out of View","Pause",NA,45,0,"Inactive"
"233",2023-06-08,"Citrine","Intervention_Weekday",240,10:39:59,"Out of View","Out of View","Out of View",NA,0,15,"OutofView"
"234",2023-06-08,"Citrine","Intervention_Weekday",240,10:40:14,"Out of View","Out of View","Out of View",NA,15,30,"OutofView"
"235",2023-06-08,"Citrine","Intervention_Weekday",240,10:40:29,"Shelf","Sitting","Resting",NA,30,45,"Inactive"
"236",2023-06-08,"Citrine","Intervention_Weekday",240,10:40:44,"Shelf","Sitting","Resting",NA,45,60,"Inactive"
"237",2023-06-08,"Citrine","Intervention_Weekday",240,10:40:59,"Shelf","Sitting","Resting",NA,0,75,"Inactive"
"238",2023-06-08,"Citrine","Intervention_Weekday",240,10:41:14,"Shelf","Sitting","Resting",NA,15,90,"Inactive"
"239",2023-06-08,"Citrine","Intervention_Weekday",240,10:41:29,"Shelf","Sitting","Resting",NA,30,105,"Inactive"
"240",2023-06-08,"Citrine","Intervention_Weekday",240,10:41:44,"Shelf","Sitting","Resting",NA,45,120,"Inactive"
"241",2023-06-19,"Citrine","Intervention_Weekday",300,11:45:59,"Fence","Standing","Locomotion",NA,0,0,"Active"
"242",2023-06-19,"Citrine","Intervention_Weekday",300,11:46:14,"Shelf","Standing","Pause",NA,15,15,"Inactive"
"243",2023-06-19,"Citrine","Intervention_Weekday",300,11:46:29,"Shelf","Sitting","Resting",NA,30,30,"Inactive"
"244",2023-06-19,"Citrine","Intervention_Weekday",300,11:46:44,"Shelf","Lying Down","Resting",NA,45,45,"Inactive"
"245",2023-06-19,"Citrine","Intervention_Weekday",300,11:46:59,"Shelf","Lying Down","Resting",NA,0,60,"Inactive"
"246",2023-06-19,"Citrine","Intervention_Weekday",300,11:47:14,"Shelf","Lying Down","Resting",NA,15,75,"Inactive"
"247",2023-06-19,"Citrine","Intervention_Weekday",300,11:47:29,"Shelf","Lying Down","Resting",NA,30,90,"Inactive"
"248",2023-06-19,"Citrine","Intervention_Weekday",300,11:47:44,"Shelf","Lying Down","Resting",NA,45,105,"Inactive"
"249",2023-06-19,"Citrine","Intervention_Weekday",300,11:47:59,"Shelf","Lying Down","Resting",NA,0,120,"Inactive"
"250",2023-06-19,"Citrine","Intervention_Weekday",300,11:48:14,"Shelf","Lying Down","Resting",NA,15,135,"Inactive"
"251",2023-06-19,"Citrine","Intervention_Weekday",300,11:48:29,"Shelf","Lying Down","Resting",NA,30,150,"Inactive"
"252",2023-06-19,"Citrine","Intervention_Weekday",300,11:48:44,"5","Rearing","Locomotion",NA,45,165,"Active"
"253",2023-06-19,"Citrine","Intervention_Weekday",300,11:48:59,"Out of View","Out of View","Out of View",NA,0,180,"OutofView"
"254",2023-06-19,"Citrine","Intervention_Weekday",300,11:49:14,"Shelf","Out of View","Pause",NA,15,195,"Inactive"
"255",2023-06-19,"Citrine","Intervention_Weekday",300,11:49:29,"Fence","Standing","Pause",NA,30,210,"Inactive"
"256",2023-06-19,"Citrine","Intervention_Weekday",300,11:49:44,"Fence","Standing","Pause",NA,45,225,"Inactive"
"257",2023-06-19,"Citrine","Intervention_Weekday",300,11:49:59,"Fence","Standing","Pause",NA,0,240,"Inactive"
"258",2023-06-19,"Citrine","Intervention_Weekday",300,11:50:14,"Fence","Standing","Pause",NA,15,255,"Inactive"
"259",2023-06-19,"Citrine","Intervention_Weekday",300,11:50:29,"Fence","Standing","Pause",NA,30,270,"Inactive"
"260",2023-06-19,"Citrine","Intervention_Weekday",300,11:50:44,"Fence","Standing","Pause",NA,45,285,"Inactive"
"261",2023-06-19,"Citrine","Intervention_Weekday",300,11:50:59,"4","Standing","Locomotion",NA,0,300,"Active"
"262",2023-06-19,"Citrine","Intervention_Weekday",300,11:51:14,"Shelf","Standing","Pause",NA,15,0,"Inactive"
"263",2023-06-19,"Citrine","Intervention_Weekday",300,11:51:29,"Shelf","Standing","Pause",NA,30,15,"Inactive"
"264",2023-06-19,"Citrine","Intervention_Weekday",300,11:51:44,"Shelf","Lying Down","Resting",NA,45,30,"Inactive"
"265",2023-06-19,"Citrine","Intervention_Weekday",300,11:51:59,"Shelf","Lying Down","Resting",NA,0,45,"Inactive"
"266",2023-06-19,"Citrine","Intervention_Weekday",300,11:52:14,"Shelf","Lying Down","Resting",NA,15,60,"Inactive"
"267",2023-06-19,"Citrine","Intervention_Weekday",300,11:52:29,"Shelf","Lying Down","Resting",NA,30,75,"Inactive"
"268",2023-06-19,"Citrine","Intervention_Weekday",300,11:52:44,"4","Standing","Locomotion",NA,45,90,"Active"
"269",2023-06-19,"Citrine","Intervention_Weekday",300,11:52:59,"Fence","Standing","Pause",NA,0,105,"Inactive"
"270",2023-06-19,"Citrine","Intervention_Weekday",300,11:53:14,"Shelf","Standing","Pause",NA,15,120,"Inactive"
"271",2023-06-19,"Citrine","Intervention_Weekday",300,11:53:29,"Fence","Rearing","Pause",NA,30,135,"Inactive"
"272",2023-06-19,"Citrine","Intervention_Weekday",300,11:53:44,"Fence","Standing","Pause",NA,45,150,"Inactive"
"273",2023-06-19,"Citrine","Intervention_Weekday",300,11:53:59,"Shelf","Standing","Pause",NA,0,165,"Inactive"
"274",2023-06-19,"Citrine","Intervention_Weekday",300,11:54:14,"Shelf","Standing","Pause",NA,15,180,"Inactive"
"275",2023-06-19,"Citrine","Intervention_Weekday",300,11:54:29,"Out of View","Out of View","Out of View",NA,30,195,"OutofView"
"276",2023-06-19,"Citrine","Intervention_Weekday",300,11:54:44,"Feeder","Standing","Pause",NA,45,210,"Inactive"
"277",2023-06-19,"Citrine","Intervention_Weekday",300,11:54:59,"Fence","Standing","Pause",NA,0,225,"Inactive"
"278",2023-06-19,"Citrine","Intervention_Weekday",300,11:55:14,"Shelf","Out of View","Pause",NA,15,240,"Inactive"
"279",2023-06-19,"Citrine","Intervention_Weekday",300,11:55:29,"Shelf","Standing","Pause",NA,30,255,"Inactive"
"280",2023-06-19,"Citrine","Intervention_Weekday",300,11:55:44,"Shelf","Lying Down","Resting",NA,45,270,"Inactive"
"281",2023-06-19,"Citrine","Intervention_Weekday",300,11:55:59,"5","Standing","Eating",NA,0,285,"Active"
"282",2023-06-19,"Citrine","Intervention_Weekday",300,11:56:14,"4","Standing","Locomotion",NA,15,300,"Active"
"283",2023-06-19,"Citrine","Intervention_Weekday",300,11:56:29,"Litter Box","Standing","Locomotion",NA,30,0,"Active"
"284",2023-06-19,"Citrine","Intervention_Weekday",300,11:56:44,"Litter Box","Standing","Manipulating Object","Litter Box",45,15,"Active"
"285",2023-06-19,"Citrine","Intervention_Weekday",300,11:56:59,"Litter Box","Standing","Elimination",NA,0,30,"Active"
"286",2023-06-19,"Citrine","Intervention_Weekday",300,11:57:14,"Litter Box","Standing","Manipulating Object","Litter Box",15,45,"Active"
"287",2023-06-19,"Citrine","Intervention_Weekday",300,11:57:29,"3","Standing","Pause",NA,30,60,"Inactive"
"288",2023-06-19,"Citrine","Intervention_Weekday",300,11:57:44,"Fence","Standing","Pause",NA,45,75,"Inactive"
"289",2023-06-19,"Citrine","Intervention_Weekday",300,11:57:59,"5","Rearing","Locomotion",NA,0,90,"Active"
"290",2023-06-19,"Citrine","Intervention_Weekday",300,11:58:14,"Feeder","Standing","Pause",NA,15,105,"Inactive"
"291",2023-06-19,"Citrine","Intervention_Weekday",300,11:58:29,"Fence","Standing","Pause",NA,30,120,"Inactive"
"292",2023-06-19,"Citrine","Intervention_Weekday",300,11:58:44,"Fence","Standing","Pause",NA,45,135,"Inactive"
"293",2023-06-19,"Citrine","Intervention_Weekday",300,11:58:59,"1","Standing","Locomotion",NA,0,150,"Active"
"294",2023-06-19,"Citrine","Intervention_Weekday",300,11:59:14,"Shelf","Standing","Pause",NA,15,165,"Inactive"
"295",2023-06-19,"Citrine","Intervention_Weekday",300,11:59:29,"Shelf","Standing","Pause",NA,30,180,"Inactive"
"296",2023-06-19,"Citrine","Intervention_Weekday",300,11:59:44,"Shelf","Standing","Locomotion",NA,45,195,"Active"
"297",2023-06-19,"Citrine","Intervention_Weekday",300,11:59:59,"Shelf","Lying Down","Resting",NA,0,210,"Inactive"
"298",2023-06-19,"Citrine","Intervention_Weekday",300,12:00:14,"Shelf","Lying Down","Resting",NA,15,225,"Inactive"
"299",2023-06-19,"Citrine","Intervention_Weekday",300,12:00:29,"Shelf","Lying Down","Resting",NA,30,240,"Inactive"
"300",2023-06-19,"Citrine","Intervention_Weekday",300,12:00:44,"Shelf","Lying Down","Resting",NA,45,255,"Inactive"
"301",2023-07-12,"Elia","Intervention_Weekday",240,08:36:37,"5","Sitting","Eating",NA,0,0,"Active"
"302",2023-07-12,"Elia","Intervention_Weekday",240,08:36:52,"5","Sitting","Pause",NA,15,15,"Inactive"
"303",2023-07-12,"Elia","Intervention_Weekday",240,08:37:07,"5","Sitting","Resting",NA,30,30,"Inactive"
"304",2023-07-12,"Elia","Intervention_Weekday",240,08:37:22,"5","Sitting","Resting",NA,45,45,"Inactive"
"305",2023-07-12,"Elia","Intervention_Weekday",240,08:37:37,"5","Sitting","Resting",NA,0,60,"Inactive"
"306",2023-07-12,"Elia","Intervention_Weekday",240,08:37:52,"5","Sitting","Resting",NA,15,75,"Inactive"
"307",2023-07-12,"Elia","Intervention_Weekday",240,08:38:07,"5","Sitting","Resting",NA,30,90,"Inactive"
"308",2023-07-12,"Elia","Intervention_Weekday",240,08:38:22,"5","Sitting","Resting",NA,45,105,"Inactive"
"309",2023-07-12,"Elia","Intervention_Weekday",240,08:38:37,"5","Sitting","Resting",NA,0,120,"Inactive"
"310",2023-07-12,"Elia","Intervention_Weekday",240,08:38:52,"5","Sitting","Resting",NA,15,135,"Inactive"
"311",2023-07-12,"Elia","Intervention_Weekday",240,08:39:07,"5","Sitting","Resting",NA,30,150,"Inactive"
"312",2023-07-12,"Elia","Intervention_Weekday",240,08:39:22,"5","Sitting","Resting",NA,45,165,"Inactive"
"313",2023-07-12,"Elia","Intervention_Weekday",240,08:39:37,"5","Sitting","Resting",NA,0,180,"Inactive"
"314",2023-07-12,"Elia","Intervention_Weekday",240,08:39:52,"5","Sitting","Resting",NA,15,195,"Inactive"
"315",2023-07-12,"Elia","Intervention_Weekday",240,08:40:07,"5","Sitting","Resting",NA,30,210,"Inactive"
"316",2023-07-12,"Elia","Intervention_Weekday",240,08:40:22,"5","Sitting","Resting",NA,45,225,"Inactive"
"317",2023-07-12,"Elia","Intervention_Weekday",240,08:40:37,"5","Sitting","Eating",NA,0,240,"Active"
"318",2023-07-12,"Elia","Intervention_Weekday",240,08:40:52,"5","Sitting","Eating",NA,15,0,"Active"
"319",2023-07-12,"Elia","Intervention_Weekday",240,08:41:07,"5","Sitting","Pause",NA,30,15,"Inactive"
"320",2023-07-12,"Elia","Intervention_Weekday",240,08:41:22,"5","Sitting","Pause",NA,45,30,"Inactive"
"321",2023-07-12,"Elia","Intervention_Weekday",240,08:41:37,"5","Sitting","Resting",NA,0,45,"Inactive"
"322",2023-07-12,"Elia","Intervention_Weekday",240,08:41:52,"5","Sitting","Resting",NA,15,60,"Inactive"
"323",2023-07-12,"Elia","Intervention_Weekday",240,08:42:07,"5","Sitting","Resting",NA,30,75,"Inactive"
"324",2023-07-12,"Elia","Intervention_Weekday",240,08:42:22,"5","Sitting","Manipulating Object","Feeder",45,90,"Active"
"325",2023-07-12,"Elia","Intervention_Weekday",240,08:42:37,"5","Standing","Locomotion",NA,0,105,"Active"
"326",2023-07-12,"Elia","Intervention_Weekday",240,08:42:52,"5","Sitting","Pause",NA,15,120,"Inactive"
"327",2023-07-12,"Elia","Intervention_Weekday",240,08:43:07,"5","Sitting","Pause",NA,30,135,"Inactive"
"328",2023-07-12,"Elia","Intervention_Weekday",240,08:43:22,"5","Sitting","Resting",NA,45,150,"Inactive"
"329",2023-07-12,"Elia","Intervention_Weekday",240,08:43:37,"5","Sitting","Resting",NA,0,165,"Inactive"
"330",2023-07-12,"Elia","Intervention_Weekday",240,08:43:52,"5","Sitting","Resting",NA,15,180,"Inactive"
"331",2023-07-12,"Elia","Intervention_Weekday",240,08:44:07,"5","Sitting","Resting",NA,30,195,"Inactive"
"332",2023-07-12,"Elia","Intervention_Weekday",240,08:44:22,"5","Sitting","Resting",NA,45,210,"Inactive"
"333",2023-07-12,"Elia","Intervention_Weekday",240,08:44:37,"5","Sitting","Eating",NA,0,225,"Active"
"334",2023-07-12,"Elia","Intervention_Weekday",240,08:44:52,"6","Sitting","Drinking",NA,15,240,"Active"
"335",2023-07-12,"Elia","Intervention_Weekday",240,08:45:07,"6","Sitting","Drinking",NA,30,0,"Active"
"336",2023-07-12,"Elia","Intervention_Weekday",240,08:45:22,"6","Sitting","Drinking",NA,45,15,"Active"
"337",2023-07-12,"Elia","Intervention_Weekday",240,08:45:37,"6","Sitting","Drinking",NA,0,30,"Active"
"338",2023-07-12,"Elia","Intervention_Weekday",240,08:45:52,"5","Sitting","Resting",NA,15,45,"Inactive"
"339",2023-07-12,"Elia","Intervention_Weekday",240,08:46:07,"5","Sitting","Resting",NA,30,60,"Inactive"
"340",2023-07-12,"Elia","Intervention_Weekday",240,08:46:22,"5","Sitting","Resting",NA,45,75,"Inactive"
"341",2023-07-12,"Elia","Intervention_Weekday",240,08:46:37,"6","Standing","Pause",NA,0,90,"Inactive"
"342",2023-07-12,"Elia","Intervention_Weekday",240,08:46:52,"5","Sitting","Resting",NA,15,105,"Inactive"
"343",2023-07-12,"Elia","Intervention_Weekday",240,08:47:07,"5","Standing","Locomotion",NA,30,120,"Active"
"344",2023-07-12,"Elia","Intervention_Weekday",240,08:47:22,"5","Sitting","Resting",NA,45,135,"Inactive"
"345",2023-07-12,"Elia","Intervention_Weekday",240,08:47:37,"5","Sitting","Resting",NA,0,150,"Inactive"
"346",2023-07-12,"Elia","Intervention_Weekday",240,08:47:52,"5","Sitting","Resting",NA,15,165,"Inactive"
"347",2023-07-12,"Elia","Intervention_Weekday",240,08:48:07,"5","Sitting","Resting",NA,30,180,"Inactive"
"348",2023-07-12,"Elia","Intervention_Weekday",240,08:48:22,"5","Sitting","Resting",NA,45,195,"Inactive"
"349",2023-07-12,"Elia","Intervention_Weekday",240,08:48:37,"5","Sitting","Eating",NA,0,210,"Active"
"350",2023-07-12,"Elia","Intervention_Weekday",240,08:48:52,"5","Sitting","Resting",NA,15,225,"Inactive"
"351",2023-07-12,"Elia","Intervention_Weekday",240,08:49:07,"5","Sitting","Resting",NA,30,240,"Inactive"
"352",2023-07-12,"Elia","Intervention_Weekday",240,08:49:22,"5","Sitting","Resting",NA,45,0,"Inactive"
"353",2023-07-12,"Elia","Intervention_Weekday",240,08:49:37,"5","Sitting","Resting",NA,0,15,"Inactive"
"354",2023-07-12,"Elia","Intervention_Weekday",240,08:49:52,"5","Sitting","Resting",NA,15,30,"Inactive"
"355",2023-07-12,"Elia","Intervention_Weekday",240,08:50:07,"5","Sitting","Resting",NA,30,45,"Inactive"
"356",2023-07-12,"Elia","Intervention_Weekday",240,08:50:22,"5","Sitting","Resting",NA,45,60,"Inactive"
"357",2023-07-12,"Elia","Intervention_Weekday",240,08:50:37,"5","Sitting","Resting",NA,0,75,"Inactive"
"358",2023-07-12,"Elia","Intervention_Weekday",240,08:50:52,"5","Sitting","Resting",NA,15,90,"Inactive"
"359",2023-07-12,"Elia","Intervention_Weekday",240,08:51:07,"5","Sitting","Resting",NA,30,105,"Inactive"
"360",2023-07-12,"Elia","Intervention_Weekday",240,08:51:22,"5","Sitting","Resting",NA,45,120,"Inactive"
"361",2023-07-18,"Elia","Baseline_Weekday",0,09:12:15,"3","Sitting","Eating",NA,0,0,"Active"
"362",2023-07-18,"Elia","Baseline_Weekday",0,09:12:30,"3","Sitting","Pause",NA,15,0,"Inactive"
"363",2023-07-18,"Elia","Baseline_Weekday",0,09:12:45,"3","Sitting","Eating",NA,30,0,"Active"
"364",2023-07-18,"Elia","Baseline_Weekday",0,09:13:00,"3","Sitting","Eating",NA,45,0,"Active"
"365",2023-07-18,"Elia","Baseline_Weekday",0,09:13:15,"3","Sitting","Eating",NA,0,0,"Active"
"366",2023-07-18,"Elia","Baseline_Weekday",0,09:13:30,"3","Sitting","Eating",NA,15,0,"Active"
"367",2023-07-18,"Elia","Baseline_Weekday",0,09:13:45,"3","Sitting","Eating",NA,30,0,"Active"
"368",2023-07-18,"Elia","Baseline_Weekday",0,09:14:00,"4","Standing","Locomotion",NA,45,0,"Active"
"369",2023-07-18,"Elia","Baseline_Weekday",0,09:14:15,"6","Standing","Locomotion",NA,0,0,"Active"
"370",2023-07-18,"Elia","Baseline_Weekday",0,09:14:30,"6","Sitting","Drinking",NA,15,0,"Active"
"371",2023-07-18,"Elia","Baseline_Weekday",0,09:14:45,"6","Sitting","Pause",NA,30,0,"Inactive"
"372",2023-07-18,"Elia","Baseline_Weekday",0,09:15:00,"6","Sitting","Drinking",NA,45,0,"Active"
"373",2023-07-18,"Elia","Baseline_Weekday",0,09:15:15,"5","Standing","Locomotion",NA,0,0,"Active"
"374",2023-07-18,"Elia","Baseline_Weekday",0,09:15:30,"5","Sitting","Eating",NA,15,0,"Active"
"375",2023-07-18,"Elia","Baseline_Weekday",0,09:15:45,"5","Sitting","Eating",NA,30,0,"Active"
"376",2023-07-18,"Elia","Baseline_Weekday",0,09:16:00,"5","Sitting","Eating",NA,45,0,"Active"
"377",2023-07-18,"Elia","Baseline_Weekday",0,09:16:15,"5","Sitting","Eating",NA,0,0,"Active"
"378",2023-07-18,"Elia","Baseline_Weekday",0,09:16:30,"6","Sitting","Drinking",NA,15,0,"Active"
"379",2023-07-18,"Elia","Baseline_Weekday",0,09:16:45,"6","Sitting","Drinking",NA,30,0,"Active"
"380",2023-07-18,"Elia","Baseline_Weekday",0,09:17:00,"6","Sitting","Pause",NA,45,0,"Inactive"
"381",2023-07-18,"Elia","Baseline_Weekday",0,09:17:15,"2","Standing","Locomotion",NA,0,0,"Active"
"382",2023-07-18,"Elia","Baseline_Weekday",0,09:17:30,"5","Sitting","Eating",NA,15,0,"Active"
"383",2023-07-18,"Elia","Baseline_Weekday",0,09:17:45,"5","Sitting","Eating",NA,30,0,"Active"
"384",2023-07-18,"Elia","Baseline_Weekday",0,09:18:00,"5","Sitting","Eating",NA,45,0,"Active"
"385",2023-07-18,"Elia","Baseline_Weekday",0,09:18:15,"6","Standing","Locomotion",NA,0,0,"Active"
"386",2023-07-18,"Elia","Baseline_Weekday",0,09:18:30,"6","Sitting","Drinking",NA,15,0,"Active"
"387",2023-07-18,"Elia","Baseline_Weekday",0,09:18:45,"6","Sitting","Drinking",NA,30,0,"Active"
"388",2023-07-18,"Elia","Baseline_Weekday",0,09:19:00,"6","Sitting","Drinking",NA,45,0,"Active"
"389",2023-07-18,"Elia","Baseline_Weekday",0,09:19:15,"6","Sitting","Pause",NA,0,0,"Inactive"
"390",2023-07-18,"Elia","Baseline_Weekday",0,09:19:30,"4","Sitting","Resting",NA,15,0,"Inactive"
"391",2023-07-18,"Elia","Baseline_Weekday",0,09:19:45,"4","Sitting","Resting",NA,30,0,"Inactive"
"392",2023-07-18,"Elia","Baseline_Weekday",0,09:20:00,"6","Sitting","Drinking",NA,45,0,"Active"
"393",2023-07-18,"Elia","Baseline_Weekday",0,09:20:15,"6","Sitting","Drinking",NA,0,0,"Active"
"394",2023-07-18,"Elia","Baseline_Weekday",0,09:20:30,"6","Sitting","Pause",NA,15,0,"Inactive"
"395",2023-07-18,"Elia","Baseline_Weekday",0,09:20:45,"6","Sitting","Drinking",NA,30,0,"Active"
"396",2023-07-18,"Elia","Baseline_Weekday",0,09:21:00,"6","Sitting","Pause",NA,45,0,"Inactive"
"397",2023-07-18,"Elia","Baseline_Weekday",0,09:21:15,"Shelf","Out of View","Out of View",NA,0,0,"OutofView"
"398",2023-07-18,"Elia","Baseline_Weekday",0,09:21:30,"Shelf","Out of View","Out of View",NA,15,0,"OutofView"
"399",2023-07-18,"Elia","Baseline_Weekday",0,09:21:45,"Shelf","Out of View","Out of View",NA,30,0,"OutofView"
"400",2023-07-18,"Elia","Baseline_Weekday",0,09:22:00,"Shelf","Out of View","Out of View",NA,45,0,"OutofView"
"401",2023-07-18,"Elia","Baseline_Weekday",0,09:22:15,"Shelf","Out of View","Out of View",NA,0,0,"OutofView"
"402",2023-07-18,"Elia","Baseline_Weekday",0,09:22:30,"Shelf","Standing","Locomotion",NA,15,0,"Active"
"403",2023-07-18,"Elia","Baseline_Weekday",0,09:22:45,"3","Sitting","Eating",NA,30,0,"Active"
"404",2023-07-18,"Elia","Baseline_Weekday",0,09:23:00,"3","Sitting","Eating",NA,45,0,"Active"
"405",2023-07-18,"Elia","Baseline_Weekday",0,09:23:15,"3","Sitting","Eating",NA,0,0,"Active"
"406",2023-07-18,"Elia","Baseline_Weekday",0,09:23:30,"3","Sitting","Pause",NA,15,0,"Inactive"
"407",2023-07-18,"Elia","Baseline_Weekday",0,09:23:45,"3","Sitting","Eating",NA,30,0,"Active"
"408",2023-07-18,"Elia","Baseline_Weekday",0,09:24:00,"3","Sitting","Pause",NA,45,0,"Inactive"
"409",2023-07-18,"Elia","Baseline_Weekday",0,09:24:15,"3","Sitting","Pause",NA,0,0,"Inactive"
"410",2023-07-18,"Elia","Baseline_Weekday",0,09:24:30,"6","Sitting","Drinking",NA,15,0,"Active"
"411",2023-07-18,"Elia","Baseline_Weekday",0,09:24:45,"6","Sitting","Drinking",NA,30,0,"Active"
"412",2023-07-18,"Elia","Baseline_Weekday",0,09:25:00,"6","Sitting","Drinking",NA,45,0,"Active"
"413",2023-07-18,"Elia","Baseline_Weekday",0,09:25:15,"6","Sitting","Drinking",NA,0,0,"Active"
"414",2023-07-18,"Elia","Baseline_Weekday",0,09:25:30,"6","Sitting","Drinking",NA,15,0,"Active"
"415",2023-07-18,"Elia","Baseline_Weekday",0,09:25:45,"6","Sitting","Pause",NA,30,0,"Inactive"
"416",2023-07-18,"Elia","Baseline_Weekday",0,09:26:00,"2","Sitting","Resting",NA,45,0,"Inactive"
"417",2023-07-18,"Elia","Baseline_Weekday",0,09:26:15,"2","Sitting","Resting",NA,0,0,"Inactive"
"418",2023-07-18,"Elia","Baseline_Weekday",0,09:26:30,"2","Sitting","Resting",NA,15,0,"Inactive"
"419",2023-07-18,"Elia","Baseline_Weekday",0,09:26:45,"2","Sitting","Resting",NA,30,0,"Inactive"
"420",2023-07-18,"Elia","Baseline_Weekday",0,09:27:00,"2","Sitting","Resting",NA,45,0,"Inactive"
"421",2023-05-05,"Citrine","Intervention_Weekday",60,11:27:40,"6","Sitting","Resting",NA,0,0,"Inactive"
"422",2023-05-05,"Citrine","Intervention_Weekday",60,11:27:55,"Feeder","Sitting","Resting",NA,15,15,"Inactive"
"423",2023-05-05,"Citrine","Intervention_Weekday",60,11:28:10,"Feeder","Sitting","Resting",NA,30,30,"Inactive"
"424",2023-05-05,"Citrine","Intervention_Weekday",60,11:28:25,"Shelf","Sitting","Locomotion",NA,45,45,"Active"
"425",2023-05-05,"Citrine","Intervention_Weekday",60,11:28:40,"6","Standing","Eating",NA,0,60,"Active"
"426",2023-05-05,"Citrine","Intervention_Weekday",60,11:28:55,"6","Sitting","Manipulating Object","Feeder",15,0,"Active"
"427",2023-05-05,"Citrine","Intervention_Weekday",60,11:29:10,"6","Sitting","Resting",NA,30,15,"Inactive"
"428",2023-05-05,"Citrine","Intervention_Weekday",60,11:29:25,"6","Sitting","Manipulating Object","Feeder",45,30,"Active"
"429",2023-05-05,"Citrine","Intervention_Weekday",60,11:29:40,"6","Standing","Eating",NA,0,45,"Active"
"430",2023-05-05,"Citrine","Intervention_Weekday",60,11:29:55,"6","Sitting","Manipulating Object","Feeder",15,60,"Active"
"431",2023-05-05,"Citrine","Intervention_Weekday",60,11:30:10,"6","Sitting","Manipulating Object","Feeder",30,0,"Active"
"432",2023-05-05,"Citrine","Intervention_Weekday",60,11:30:25,"6","Sitting","Resting",NA,45,15,"Inactive"
"433",2023-05-05,"Citrine","Intervention_Weekday",60,11:30:40,"5","Standing","Eating",NA,0,30,"Active"
"434",2023-05-05,"Citrine","Intervention_Weekday",60,11:30:55,"6","Sitting","Resting",NA,15,45,"Inactive"
"435",2023-05-05,"Citrine","Intervention_Weekday",60,11:31:10,"6","Sitting","Manipulating Object",NA,30,60,"Active"
"436",2023-05-05,"Citrine","Intervention_Weekday",60,11:31:25,"6","Sitting","Resting",NA,45,0,"Inactive"
"437",2023-05-05,"Citrine","Intervention_Weekday",60,11:31:40,"6","Standing","Eating",NA,0,15,"Active"
"438",2023-05-05,"Citrine","Intervention_Weekday",60,11:31:55,"6","Sitting","Resting",NA,15,30,"Inactive"
"439",2023-05-05,"Citrine","Intervention_Weekday",60,11:32:10,"6","Sitting","Manipulating Object","Feeder",30,45,"Active"
"440",2023-05-05,"Citrine","Intervention_Weekday",60,11:32:25,"6","Sitting","Manipulating Object","Feeder",45,60,"Active"
"441",2023-05-05,"Citrine","Intervention_Weekday",60,11:32:40,"5","Standing","Eating",NA,0,0,"Active"
"442",2023-05-05,"Citrine","Intervention_Weekday",60,11:32:55,"6","Sitting","Resting",NA,15,15,"Inactive"
"443",2023-05-05,"Citrine","Intervention_Weekday",60,11:33:10,"6","Sitting","Resting",NA,30,30,"Inactive"
"444",2023-05-05,"Citrine","Intervention_Weekday",60,11:33:25,"6","Sitting","Resting",NA,45,45,"Inactive"
"445",2023-05-05,"Citrine","Intervention_Weekday",60,11:33:40,"6","Standing","Eating",NA,0,60,"Active"
"446",2023-05-05,"Citrine","Intervention_Weekday",60,11:33:55,"6","Sitting","Manipulating Object","Feeder",15,0,"Active"
"447",2023-05-05,"Citrine","Intervention_Weekday",60,11:34:10,"6","Sitting","Manipulating Object","Feeder",30,15,"Active"
"448",2023-05-05,"Citrine","Intervention_Weekday",60,11:34:25,"6","Sitting","Resting",NA,45,30,"Inactive"
"449",2023-05-05,"Citrine","Intervention_Weekday",60,11:34:40,"3","Standing","Locomotion",NA,0,45,"Active"
"450",2023-05-05,"Citrine","Intervention_Weekday",60,11:34:55,"3","Standing","Locomotion",NA,15,60,"Active"
"451",2023-05-05,"Citrine","Intervention_Weekday",60,11:35:10,"6","Sitting","Manipulating Object","Feeder",30,0,"Active"
"452",2023-05-05,"Citrine","Intervention_Weekday",60,11:35:25,"Feeder","Sitting","Resting",NA,45,15,"Inactive"
"453",2023-05-05,"Citrine","Intervention_Weekday",60,11:35:40,"6","Standing","Eating",NA,0,30,"Active"
"454",2023-05-05,"Citrine","Intervention_Weekday",60,11:35:55,"4","Standing","Locomotion",NA,15,45,"Active"
"455",2023-05-05,"Citrine","Intervention_Weekday",60,11:36:10,"Feeder","Sitting","Resting",NA,30,60,"Inactive"
"456",2023-05-05,"Citrine","Intervention_Weekday",60,11:36:25,"Feeder","Sitting","Resting",NA,45,0,"Inactive"
"457",2023-05-05,"Citrine","Intervention_Weekday",60,11:36:40,"5","Standing","Eating",NA,0,15,"Active"
"458",2023-05-05,"Citrine","Intervention_Weekday",60,11:36:55,"3","Standing","Locomotion",NA,15,30,"Active"
"459",2023-05-05,"Citrine","Intervention_Weekday",60,11:37:10,"Feeder","Sitting","Resting",NA,30,45,"Inactive"
"460",2023-05-05,"Citrine","Intervention_Weekday",60,11:37:25,"Feeder","Sitting","Resting",NA,45,60,"Inactive"
"461",2023-06-23,"Citrine","Intervention Weekday",300,10:04:39,"6","Standing","Locomotion",NA,0,0,"Active"
"462",2023-06-23,"Citrine","Intervention Weekday",300,10:04:54,"5","Standing","Drinking",NA,15,15,"Active"
"463",2023-06-23,"Citrine","Intervention Weekday",300,10:05:09,"5","Standing","Drinking",NA,30,30,"Active"
"464",2023-06-23,"Citrine","Intervention Weekday",300,10:05:24,"5","Standing","Drinking",NA,45,45,"Active"
"465",2023-06-23,"Citrine","Intervention Weekday",300,10:05:39,"5","Standing","Drinking",NA,0,60,"Active"
"466",2023-06-23,"Citrine","Intervention Weekday",300,10:05:54,"Feeder","Standing","Locomotion",NA,15,75,"Active"
"467",2023-06-23,"Citrine","Intervention Weekday",300,10:06:09,"Feeder","Sitting","Resting",NA,30,90,"Inactive"
"468",2023-06-23,"Citrine","Intervention Weekday",300,10:06:24,"Feeder","Sitting","Resting",NA,45,105,"Inactive"
"469",2023-06-23,"Citrine","Intervention Weekday",300,10:06:39,"Feeder","Sitting","Resting",NA,0,120,"Inactive"
"470",2023-06-23,"Citrine","Intervention Weekday",300,10:06:54,"Feeder","Sitting","Resting",NA,15,135,"Inactive"
"471",2023-06-23,"Citrine","Intervention Weekday",300,10:07:09,"Feeder","Sitting","Resting",NA,30,150,"Inactive"
"472",2023-06-23,"Citrine","Intervention Weekday",300,10:07:24,"Feeder","Sitting","Resting",NA,45,165,"Inactive"
"473",2023-06-23,"Citrine","Intervention Weekday",300,10:07:39,"Feeder","Sitting","Resting",NA,0,180,"Inactive"
"474",2023-06-23,"Citrine","Intervention Weekday",300,10:07:54,"Feeder","Standing","Rubbing","Fencing",15,195,"Active"
"475",2023-06-23,"Citrine","Intervention Weekday",300,10:08:09,"3","Standing","Locomotion","Outside Object",30,210,"Active"
"476",2023-06-23,"Citrine","Intervention Weekday",300,10:08:24,"3","Standing","Locomotion","Outside Object",45,225,"Active"
"477",2023-06-23,"Citrine","Intervention Weekday",300,10:08:39,"5","Standing","Eating",NA,0,240,"Active"
"478",2023-06-23,"Citrine","Intervention Weekday",300,10:08:54,"5","Rearing","Locomotion",NA,15,255,"Active"
"479",2023-06-23,"Citrine","Intervention Weekday",300,10:09:09,"Shelf","Standing","Locomotion",NA,30,270,"Active"
"480",2023-06-23,"Citrine","Intervention Weekday",300,10:09:24,"Shelf","Sitting","Resting",NA,45,285,"Inactive"
"481",2023-06-23,"Citrine","Intervention Weekday",300,10:09:39,"6","Standing","Pause",NA,0,300,"Inactive"
"482",2023-06-23,"Citrine","Intervention Weekday",300,10:09:54,"Shelf","Standing","Locomotion",NA,15,0,"Active"
"483",2023-06-23,"Citrine","Intervention Weekday",300,10:10:09,"Shelf","Lying Down","Resting",NA,30,15,"Inactive"
"484",2023-06-23,"Citrine","Intervention Weekday",300,10:10:24,"Shelf","Lying Down","Resting",NA,45,30,"Inactive"
"485",2023-06-23,"Citrine","Intervention Weekday",300,10:10:39,"Shelf","Standing","Locomotion",NA,0,45,"Active"
"486",2023-06-23,"Citrine","Intervention Weekday",300,10:10:54,"Shelf","Standing","Locomotion",NA,15,60,"Active"
"487",2023-06-23,"Citrine","Intervention Weekday",300,10:11:09,"Shelf","Lying Down","Resting",NA,30,75,"Inactive"
"488",2023-06-23,"Citrine","Intervention Weekday",300,10:11:24,"Shelf","Lying Down","Resting",NA,45,90,"Inactive"
"489",2023-06-23,"Citrine","Intervention Weekday",300,10:11:39,"Shelf","Lying Down","Resting",NA,0,105,"Inactive"
"490",2023-06-23,"Citrine","Intervention Weekday",300,10:11:54,"5","Rearing","Locomotion",NA,15,120,"Active"
"491",2023-06-23,"Citrine","Intervention Weekday",300,10:12:09,"5","Rearing","Locomotion",NA,30,135,"Active"
"492",2023-06-23,"Citrine","Intervention Weekday",300,10:12:24,"Shelf","Standing","Locomotion",NA,45,150,"Active"
"493",2023-06-23,"Citrine","Intervention Weekday",300,10:12:39,"Shelf","Standing","Locomotion",NA,0,165,"Active"
"494",2023-06-23,"Citrine","Intervention Weekday",300,10:12:54,"Shelf","Lying Down","Resting",NA,15,180,"Inactive"
"495",2023-06-23,"Citrine","Intervention Weekday",300,10:13:09,"Shelf","Lying Down","Resting",NA,30,195,"Inactive"
"496",2023-06-23,"Citrine","Intervention Weekday",300,10:13:24,"Shelf","Lying Down","Resting",NA,45,210,"Inactive"
"497",2023-06-23,"Citrine","Intervention Weekday",300,10:13:39,"Shelf","Lying Down","Resting",NA,0,225,"Inactive"
"498",2023-06-23,"Citrine","Intervention Weekday",300,10:13:54,"Shelf","Lying Down","Resting",NA,15,240,"Inactive"
"499",2023-06-23,"Citrine","Intervention Weekday",300,10:14:09,"Shelf","Lying Down","Resting",NA,30,255,"Inactive"
"500",2023-06-23,"Citrine","Intervention Weekday",300,10:14:24,"Shelf","Lying Down","Resting",NA,45,270,"Inactive"
"501",2023-06-23,"Citrine","Intervention Weekday",300,10:14:39,"6","Standing","Locomotion",NA,0,285,"Active"
"502",2023-06-23,"Citrine","Intervention Weekday",300,10:14:54,"Feeder","Sitting","Resting",NA,15,300,"Inactive"
"503",2023-06-23,"Citrine","Intervention Weekday",300,10:15:09,"Feeder","Sitting","Resting",NA,30,0,"Inactive"
"504",2023-06-23,"Citrine","Intervention Weekday",300,10:15:24,"Feeder","Sitting","Resting",NA,45,15,"Inactive"
"505",2023-06-23,"Citrine","Intervention Weekday",300,10:15:39,"Feeder","Sitting","Resting",NA,0,30,"Inactive"
"506",2023-06-23,"Citrine","Intervention Weekday",300,10:15:54,"Feeder","Sitting","Resting",NA,15,45,"Inactive"
"507",2023-06-23,"Citrine","Intervention Weekday",300,10:16:09,"Feeder","Sitting","Resting",NA,30,60,"Inactive"
"508",2023-06-23,"Citrine","Intervention Weekday",300,10:16:24,"Feeder","Sitting","Grooming",NA,45,75,"Active"
"509",2023-06-23,"Citrine","Intervention Weekday",300,10:16:39,"Feeder","Sitting","Resting",NA,0,90,"Inactive"
"510",2023-06-23,"Citrine","Intervention Weekday",300,10:16:54,"5","Rearing","Locomotion",NA,15,105,"Active"
"511",2023-06-23,"Citrine","Intervention Weekday",300,10:17:09,"Out of View","Out of View","Out of View",NA,30,120,"OutofView"
"512",2023-06-23,"Citrine","Intervention Weekday",300,10:17:24,"Out of View","Out of View","Out of View",NA,45,135,"OutofView"
"513",2023-06-23,"Citrine","Intervention Weekday",300,10:17:39,"5","Standing","Locomotion",NA,0,150,"Active"
"514",2023-06-23,"Citrine","Intervention Weekday",300,10:17:54,"Feeder","Sitting","Resting",NA,15,165,"Inactive"
"515",2023-06-23,"Citrine","Intervention Weekday",300,10:18:09,"Fence","Standing","Locomotion",NA,30,180,"Active"
"516",2023-06-23,"Citrine","Intervention Weekday",300,10:18:24,"Shelf","Standing","Locomotion",NA,45,195,"Active"
"517",2023-06-23,"Citrine","Intervention Weekday",300,10:18:39,"Shelf","Lying Down","Resting",NA,0,210,"Inactive"
"518",2023-06-23,"Citrine","Intervention Weekday",300,10:18:54,"Shelf","Lying Down","Resting",NA,15,225,"Inactive"
"519",2023-06-23,"Citrine","Intervention Weekday",300,10:19:09,"Shelf","Lying Down","Resting",NA,30,240,"Inactive"
"520",2023-06-23,"Citrine","Intervention Weekday",300,10:19:24,"Shelf","Lying Down","Resting",NA,45,255,"Inactive"
"521",2023-06-23,"Citrine","Intervention Weekday",300,10:19:39,"Shelf","Lying Down","Resting",NA,0,270,"Inactive"
"522",2023-06-30,"Citrine","Baseline Weekday",0,10:13:45,"Feeder","Standing","Locomotion",NA,0,0,"Active"
"523",2023-06-30,"Citrine","Baseline Weekday",0,10:14:00,"Feeder","Standing","Pause",NA,15,0,"Inactive"
"524",2023-06-30,"Citrine","Baseline Weekday",0,10:14:15,"Feeder","Sitting","Resting",NA,30,0,"Inactive"
"525",2023-06-30,"Citrine","Baseline Weekday",0,10:14:30,"Feeder","Sitting","Resting",NA,45,0,"Inactive"
"526",2023-06-30,"Citrine","Baseline Weekday",0,10:14:45,"Feeder","Sitting","Resting",NA,0,0,"Inactive"
"527",2023-06-30,"Citrine","Baseline Weekday",0,10:15:00,"4","Standing","Drinking",NA,15,0,"Active"
"528",2023-06-30,"Citrine","Baseline Weekday",0,10:15:15,"4","Standing","Drinking",NA,30,0,"Active"
"529",2023-06-30,"Citrine","Baseline Weekday",0,10:15:30,"4","Standing","Pause",NA,45,0,"Inactive"
"530",2023-06-30,"Citrine","Baseline Weekday",0,10:15:45,"4","Standing","Drinking",NA,0,0,"Active"
"531",2023-06-30,"Citrine","Baseline Weekday",0,10:16:00,"4","Standing","Drinking",NA,15,0,"Active"
"532",2023-06-30,"Citrine","Baseline Weekday",0,10:16:15,"4","Standing","Drinking",NA,30,0,"Active"
"533",2023-06-30,"Citrine","Baseline Weekday",0,10:16:30,"5","Rearing","Locomotion",NA,45,0,"Active"
"534",2023-06-30,"Citrine","Baseline Weekday",0,10:16:45,"Feeder","Standing","Locomotion",NA,0,0,"Active"
"535",2023-06-30,"Citrine","Baseline Weekday",0,10:17:00,"Out of View","Out of View","Out of View",NA,15,0,"OutofView"
"536",2023-06-30,"Citrine","Baseline Weekday",0,10:17:15,"Shelf","Standing","Locomotion",NA,30,0,"Active"
"537",2023-06-30,"Citrine","Baseline Weekday",0,10:17:30,"Out of View","Out of View","Out of View",NA,45,0,"OutofView"
"538",2023-06-30,"Citrine","Baseline Weekday",0,10:17:45,"Shelf","Sitting","Resting",NA,0,0,"Inactive"
"539",2023-06-30,"Citrine","Baseline Weekday",0,10:18:00,"Shelf","Lying Down","Resting",NA,15,0,"Inactive"
"540",2023-06-30,"Citrine","Baseline Weekday",0,10:18:15,"Shelf","Lying Down","Resting",NA,30,0,"Inactive"
"541",2023-06-30,"Citrine","Baseline Weekday",0,10:18:30,"Shelf","Lying Down","Resting",NA,45,0,"Inactive"
"542",2023-06-30,"Citrine","Baseline Weekday",0,10:18:45,"Shelf","Lying Down","Resting",NA,0,0,"Inactive"
"543",2023-06-30,"Citrine","Baseline Weekday",0,10:19:00,"Shelf","Lying Down","Resting",NA,15,0,"Inactive"
"544",2023-06-30,"Citrine","Baseline Weekday",0,10:19:15,"Shelf","Lying Down","Resting",NA,30,0,"Inactive"
"545",2023-06-30,"Citrine","Baseline Weekday",0,10:19:30,"Shelf","Lying Down","Resting",NA,45,0,"Inactive"
"546",2023-06-30,"Citrine","Baseline Weekday",0,10:19:45,"Feeder","Standing","Pause",NA,0,0,"Inactive"
"547",2023-06-30,"Citrine","Baseline Weekday",0,10:20:00,"Feeder","Sitting","Resting",NA,15,0,"Inactive"
"548",2023-06-30,"Citrine","Baseline Weekday",0,10:20:15,"Feeder","Sitting","Resting",NA,30,0,"Inactive"
"549",2023-06-30,"Citrine","Baseline Weekday",0,10:20:30,"4","Standing","Locomotion",NA,45,0,"Active"
"550",2023-06-30,"Citrine","Baseline Weekday",0,10:20:45,"1","Standing","Locomotion",NA,0,0,"Active"
"551",2023-06-30,"Citrine","Baseline Weekday",0,10:21:00,"Feeder","Standing","Locomotion",NA,15,0,"Active"
"552",2023-06-30,"Citrine","Baseline Weekday",0,10:21:15,"Fence","Standing","Locomotion",NA,30,0,"Active"
"553",2023-06-30,"Citrine","Baseline Weekday",0,10:21:30,"3","Standing","Pace",NA,45,0,"Pace"
"554",2023-06-30,"Citrine","Baseline Weekday",0,10:21:45,"2","Standing","Locomotion",NA,0,0,"Active"
"555",2023-06-30,"Citrine","Baseline Weekday",0,10:22:00,"Out of View","Out of View","Out of View",NA,15,0,"OutofView"
"556",2023-06-30,"Citrine","Baseline Weekday",0,10:22:15,"5","Rearing","Pause",NA,30,0,"Inactive"
"557",2023-06-30,"Citrine","Baseline Weekday",0,10:22:30,"Feeder","Standing","Pace",NA,45,0,"Pace"
"558",2023-06-30,"Citrine","Baseline Weekday",0,10:22:45,"5","Rearing","Pace",NA,0,0,"Pace"
"559",2023-06-30,"Citrine","Baseline Weekday",0,10:23:00,"Feeder","Sitting","Resting",NA,15,0,"Inactive"
"560",2023-06-30,"Citrine","Baseline Weekday",0,10:23:15,"Feeder","Standing","Pause",NA,30,0,"Inactive"
"561",2023-06-30,"Citrine","Baseline Weekday",0,10:23:30,"Shelf","Standing","Locomotion",NA,45,0,"Active"
"562",2023-06-30,"Citrine","Baseline Weekday",0,10:23:45,"1","Standing","Locomotion",NA,0,0,"Active"
"563",2023-06-30,"Citrine","Baseline Weekday",0,10:24:00,"2","Standing","Locomotion",NA,15,0,"Active"
"564",2023-06-30,"Citrine","Baseline Weekday",0,10:24:15,"Feeder","Sitting","Resting",NA,30,0,"Inactive"
"565",2023-06-30,"Citrine","Baseline Weekday",0,10:24:30,"Feeder","Sitting","Resting",NA,45,0,"Inactive"
"566",2023-06-30,"Citrine","Baseline Weekday",0,10:24:45,"Feeder","Sitting","Resting",NA,0,0,"Inactive"
"567",2023-06-30,"Citrine","Baseline Weekday",0,10:25:00,"Feeder","Standing","Locomotion",NA,15,0,"Active"
"568",2023-06-30,"Citrine","Baseline Weekday",0,10:25:15,"Shelf","Standing","Locomotion",NA,30,0,"Active"
"569",2023-06-30,"Citrine","Baseline Weekday",0,10:25:30,"Shelf","Sitting","Resting",NA,45,0,"Inactive"
"570",2023-06-30,"Citrine","Baseline Weekday",0,10:25:45,"Shelf","Sitting","Resting",NA,0,0,"Inactive"
"571",2023-06-30,"Citrine","Baseline Weekday",0,10:26:00,"4","Standing","Locomotion",NA,15,0,"Active"
"572",2023-06-30,"Citrine","Baseline Weekday",0,10:26:15,"Fence","Standing","Locomotion",NA,30,0,"Active"
"573",2023-06-30,"Citrine","Baseline Weekday",0,10:26:30,"5","Rearing","Pause",NA,45,0,"Inactive"
"574",2023-06-30,"Citrine","Baseline Weekday",0,10:26:45,"Feeder","Standing","Locomotion",NA,0,0,"Active"
"575",2023-06-30,"Citrine","Baseline Weekday",0,10:27:00,"Shelf","Standing","Locomotion",NA,15,0,"Active"
"576",2023-06-30,"Citrine","Baseline Weekday",0,10:27:15,"Shelf","Sitting","Resting",NA,30,0,"Inactive"
"577",2023-06-30,"Citrine","Baseline Weekday",0,10:27:30,"Shelf","Lying Down","Resting",NA,45,0,"Inactive"
"578",2023-06-30,"Citrine","Baseline Weekday",0,10:27:45,"Feeder","Standing","Pause",NA,0,0,"Inactive"
"579",2023-06-30,"Citrine","Baseline Weekday",0,10:28:00,"5","Rearing","Locomotion",NA,15,0,"Active"
"580",2023-06-30,"Citrine","Baseline Weekday",0,10:28:15,"Feeder","Standing","Pause",NA,30,0,"Inactive"
"581",2023-06-30,"Citrine","Baseline Weekday",0,10:28:30,"Feeder","Standing","Pause",NA,45,0,"Inactive"
"582",2023-06-30,"Citrine","Baseline Weekday",0,10:28:45,"Shelf","Standing","Locomotion",NA,0,0,"Active"
"583",2023-06-09,"Citrine","Intervention Weekday",240,09:21:02,"5","Standing","Drinking",NA,0,0,"Active"
"584",2023-06-09,"Citrine","Intervention Weekday",240,09:21:17,"5","Standing","Drinking",NA,15,15,"Active"
"585",2023-06-09,"Citrine","Intervention Weekday",240,09:21:32,"2","Standing","Locomotion",NA,30,30,"Active"
"586",2023-06-09,"Citrine","Intervention Weekday",240,09:21:47,"Feeder","Standing","Pause",NA,45,45,"Inactive"
"587",2023-06-09,"Citrine","Intervention Weekday",240,09:22:02,"Feeder","Sitting","Resting",NA,0,60,"Inactive"
"588",2023-06-09,"Citrine","Intervention Weekday",240,09:22:17,"Feeder","Sitting","Resting",NA,15,75,"Inactive"
"589",2023-06-09,"Citrine","Intervention Weekday",240,09:22:32,"Feeder","Sitting","Resting",NA,30,90,"Inactive"
"590",2023-06-09,"Citrine","Intervention Weekday",240,09:22:47,"Feeder","Sitting","Resting",NA,45,105,"Inactive"
"591",2023-06-09,"Citrine","Intervention Weekday",240,09:23:02,"Feeder","Sitting","Resting",NA,0,120,"Inactive"
"592",2023-06-09,"Citrine","Intervention Weekday",240,09:23:17,"Feeder","Sitting","Resting",NA,15,135,"Inactive"
"593",2023-06-09,"Citrine","Intervention Weekday",240,09:23:32,"Feeder","Sitting","Resting",NA,30,150,"Inactive"
"594",2023-06-09,"Citrine","Intervention Weekday",240,09:23:47,"Feeder","Sitting","Resting",NA,45,165,"Inactive"
"595",2023-06-09,"Citrine","Intervention Weekday",240,09:24:02,"Feeder","Sitting","Resting",NA,0,180,"Inactive"
"596",2023-06-09,"Citrine","Intervention Weekday",240,09:24:17,"Feeder","Sitting","Resting",NA,15,195,"Inactive"
"597",2023-06-09,"Citrine","Intervention Weekday",240,09:24:32,"Feeder","Sitting","Resting",NA,30,210,"Inactive"
"598",2023-06-09,"Citrine","Intervention Weekday",240,09:24:47,"Feeder","Sitting","Resting",NA,45,225,"Inactive"
"599",2023-06-09,"Citrine","Intervention Weekday",240,09:25:02,"6","Standing","Eating",NA,0,240,"Active"
"600",2023-06-09,"Citrine","Intervention Weekday",240,09:25:17,"5","Rearing","Pause",NA,15,0,"Inactive"
"601",2023-06-09,"Citrine","Intervention Weekday",240,09:25:32,"Shelf","Standing","Pause",NA,30,15,"Inactive"
"602",2023-06-09,"Citrine","Intervention Weekday",240,09:25:47,"Shelf","Sitting","Resting",NA,45,30,"Inactive"
"603",2023-06-09,"Citrine","Intervention Weekday",240,09:26:02,"Shelf","Sitting","Resting",NA,0,45,"Inactive"
"604",2023-06-09,"Citrine","Intervention Weekday",240,09:26:17,"Shelf","Sitting","Resting",NA,15,60,"Inactive"
"605",2023-06-09,"Citrine","Intervention Weekday",240,09:26:32,"Shelf","Sitting","Resting",NA,30,75,"Inactive"
"606",2023-06-09,"Citrine","Intervention Weekday",240,09:26:47,"Shelf","Sitting","Resting",NA,45,90,"Inactive"
"607",2023-06-09,"Citrine","Intervention Weekday",240,09:27:02,"Shelf","Sitting","Resting",NA,0,105,"Inactive"
"608",2023-06-09,"Citrine","Intervention Weekday",240,09:27:17,"Shelf","Sitting","Resting",NA,15,120,"Inactive"
"609",2023-06-09,"Citrine","Intervention Weekday",240,09:27:32,"Shelf","Sitting","Resting",NA,30,135,"Inactive"
"610",2023-06-09,"Citrine","Intervention Weekday",240,09:27:47,"Shelf","Sitting","Resting",NA,45,150,"Inactive"
"611",2023-06-09,"Citrine","Intervention Weekday",240,09:28:02,"Shelf","Sitting","Resting",NA,0,165,"Inactive"
"612",2023-06-09,"Citrine","Intervention Weekday",240,09:28:17,"Shelf","Sitting","Resting",NA,15,180,"Inactive"
"613",2023-06-09,"Citrine","Intervention Weekday",240,09:28:32,"Shelf","Sitting","Resting",NA,30,195,"Inactive"
"614",2023-06-09,"Citrine","Intervention Weekday",240,09:28:47,"Shelf","Sitting","Resting",NA,45,210,"Inactive"
"615",2023-06-09,"Citrine","Intervention Weekday",240,09:29:02,"6","Standing","Eating",NA,0,225,"Active"
"616",2023-06-09,"Citrine","Intervention Weekday",240,09:29:17,"Feeder","Standing","Pause",NA,15,240,"Inactive"
"617",2023-06-09,"Citrine","Intervention Weekday",240,09:29:32,"Feeder","Sitting","Grooming",NA,30,0,"Active"
"618",2023-06-09,"Citrine","Intervention Weekday",240,09:29:47,"Feeder","Sitting","Resting",NA,45,15,"Inactive"
"619",2023-06-09,"Citrine","Intervention Weekday",240,09:30:02,"Feeder","Sitting","Resting",NA,0,30,"Inactive"
"620",2023-06-09,"Citrine","Intervention Weekday",240,09:30:17,"Feeder","Sitting","Resting",NA,15,45,"Inactive"
"621",2023-06-09,"Citrine","Intervention Weekday",240,09:30:32,"Feeder","Sitting","Resting",NA,30,60,"Inactive"
"622",2023-06-09,"Citrine","Intervention Weekday",240,09:30:47,"Feeder","Sitting","Resting",NA,45,75,"Inactive"
"623",2023-06-09,"Citrine","Intervention Weekday",240,09:31:02,"Feeder","Sitting","Resting",NA,0,90,"Inactive"
"624",2023-06-09,"Citrine","Intervention Weekday",240,09:31:17,"Feeder","Sitting","Resting",NA,15,105,"Inactive"
"625",2023-06-09,"Citrine","Intervention Weekday",240,09:31:32,"Feeder","Sitting","Resting",NA,30,120,"Inactive"
"626",2023-06-09,"Citrine","Intervention Weekday",240,09:31:47,"Feeder","Sitting","Resting",NA,45,135,"Inactive"
"627",2023-06-09,"Citrine","Intervention Weekday",240,09:32:02,"Feeder","Sitting","Resting",NA,0,150,"Inactive"
"628",2023-06-09,"Citrine","Intervention Weekday",240,09:32:17,"Feeder","Sitting","Resting",NA,15,165,"Inactive"
"629",2023-06-09,"Citrine","Intervention Weekday",240,09:32:32,"Feeder","Sitting","Resting",NA,30,180,"Inactive"
"630",2023-06-09,"Citrine","Intervention Weekday",240,09:32:47,"Feeder","Sitting","Resting",NA,45,195,"Inactive"
"631",2023-06-09,"Citrine","Intervention Weekday",240,09:33:02,"6","Standing","Eating",NA,0,210,"Active"
"632",2023-06-09,"Citrine","Intervention Weekday",240,09:33:17,"5","Standing","Locomotion",NA,15,225,"Active"
"633",2023-06-09,"Citrine","Intervention Weekday",240,09:33:32,"Feeder","Standing","Pause",NA,30,240,"Inactive"
"634",2023-06-09,"Citrine","Intervention Weekday",240,09:33:47,"Feeder","Sitting","Resting",NA,45,0,"Inactive"
"635",2023-06-09,"Citrine","Intervention Weekday",240,09:34:02,"Feeder","Sitting","Grooming",NA,0,15,"Active"
"636",2023-06-09,"Citrine","Intervention Weekday",240,09:34:17,"Feeder","Sitting","Resting",NA,15,30,"Inactive"
"637",2023-06-09,"Citrine","Intervention Weekday",240,09:34:32,"Feeder","Sitting","Resting",NA,30,45,"Inactive"
"638",2023-06-09,"Citrine","Intervention Weekday",240,09:34:47,"Feeder","Sitting","Resting",NA,45,60,"Inactive"
"639",2023-06-09,"Citrine","Intervention Weekday",240,09:35:02,"Feeder","Sitting","Resting",NA,0,75,"Inactive"
"640",2023-06-09,"Citrine","Intervention Weekday",240,09:35:17,"Feeder","Sitting","Resting",NA,15,90,"Inactive"
"641",2023-06-09,"Citrine","Intervention Weekday",240,09:35:32,"Feeder","Sitting","Resting",NA,30,105,"Inactive"
"642",2023-06-09,"Citrine","Intervention Weekday",240,09:35:47,"Feeder","Sitting","Resting",NA,45,120,"Inactive"
"643",2023-06-09,"Citrine","Intervention Weekday",240,09:36:02,"Feeder","Sitting","Resting",NA,0,135,"Inactive"
"644",2023-07-15,"Citrine","Baseline Weekday",0,11:19:30,"Feeder","Sitting","Resting",NA,0,0,"Inactive"
"645",2023-07-15,"Citrine","Baseline Weekday",0,11:19:45,"Feeder","Sitting","Resting",NA,15,0,"Inactive"
"646",2023-07-15,"Citrine","Baseline Weekday",0,11:20:00,"Feeder","Sitting","Resting",NA,30,0,"Inactive"
"647",2023-07-15,"Citrine","Baseline Weekday",0,11:20:15,"Feeder","Sitting","Resting",NA,45,0,"Inactive"
"648",2023-07-15,"Citrine","Baseline Weekday",0,11:20:30,"Feeder","Sitting","Resting",NA,0,0,"Inactive"
"649",2023-07-15,"Citrine","Baseline Weekday",0,11:20:45,"Feeder","Sitting","Resting",NA,15,0,"Inactive"
"650",2023-07-15,"Citrine","Baseline Weekday",0,11:21:00,"Feeder","Sitting","Resting",NA,30,0,"Inactive"
"651",2023-07-15,"Citrine","Baseline Weekday",0,11:21:15,"Feeder","Sitting","Resting",NA,45,0,"Inactive"
"652",2023-07-15,"Citrine","Baseline Weekday",0,11:21:30,"Feeder","Sitting","Resting",NA,0,0,"Inactive"
"653",2023-07-15,"Citrine","Baseline Weekday",0,11:21:45,"Feeder","Sitting","Resting",NA,15,0,"Inactive"
"654",2023-07-15,"Citrine","Baseline Weekday",0,11:22:00,"Feeder","Sitting","Resting",NA,30,0,"Inactive"
"655",2023-07-15,"Citrine","Baseline Weekday",0,11:22:15,"Feeder","Sitting","Grooming",NA,45,0,"Active"
"656",2023-07-15,"Citrine","Baseline Weekday",0,11:22:30,"Feeder","Sitting","Grooming",NA,0,0,"Active"
"657",2023-07-15,"Citrine","Baseline Weekday",0,11:22:45,"5","Standing","Locomotion",NA,15,0,"Active"
"658",2023-07-15,"Citrine","Baseline Weekday",0,11:23:00,"5","Standing","Eating",NA,30,0,"Active"
"659",2023-07-15,"Citrine","Baseline Weekday",0,11:23:15,"5","Standing","Eating",NA,45,0,"Active"
"660",2023-07-15,"Citrine","Baseline Weekday",0,11:23:30,"5","Standing","Eating",NA,0,0,"Active"
"661",2023-07-15,"Citrine","Baseline Weekday",0,11:23:45,"1","Standing","Locomotion",NA,15,0,"Active"
"662",2023-07-15,"Citrine","Baseline Weekday",0,11:24:00,"6","Standing","Locomotion",NA,30,0,"Active"
"663",2023-07-15,"Citrine","Baseline Weekday",0,11:24:15,"Shelf","Standing","Pause",NA,45,0,"Inactive"
"664",2023-07-15,"Citrine","Baseline Weekday",0,11:24:30,"Shelf","Sitting","Resting",NA,0,0,"Inactive"
"665",2023-07-15,"Citrine","Baseline Weekday",0,11:24:45,"Shelf","Sitting","Resting",NA,15,0,"Inactive"
"666",2023-07-15,"Citrine","Baseline Weekday",0,11:25:00,"Shelf","Sitting","Resting",NA,30,0,"Inactive"
"667",2023-07-15,"Citrine","Baseline Weekday",0,11:25:15,"Shelf","Sitting","Resting",NA,45,0,"Inactive"
"668",2023-07-15,"Citrine","Baseline Weekday",0,11:25:30,"5","Standing","Locomotion",NA,0,0,"Active"
"669",2023-07-15,"Citrine","Baseline Weekday",0,11:25:45,"2","Standing","Locomotion",NA,15,0,"Active"
"670",2023-07-15,"Citrine","Baseline Weekday",0,11:26:00,"Feeder","Sitting","Grooming",NA,30,0,"Active"
"671",2023-07-15,"Citrine","Baseline Weekday",0,11:26:15,"Feeder","Sitting","Resting",NA,45,0,"Inactive"
"672",2023-07-15,"Citrine","Baseline Weekday",0,11:26:30,"Feeder","Sitting","Resting",NA,0,0,"Inactive"
"673",2023-07-15,"Citrine","Baseline Weekday",0,11:26:45,"Feeder","Sitting","Resting",NA,15,0,"Inactive"
"674",2023-07-15,"Citrine","Baseline Weekday",0,11:27:00,"Feeder","Sitting","Resting",NA,30,0,"Inactive"
"675",2023-07-15,"Citrine","Baseline Weekday",0,11:27:15,"Feeder","Sitting","Resting",NA,45,0,"Inactive"
"676",2023-07-15,"Citrine","Baseline Weekday",0,11:27:30,"Feeder","Sitting","Resting",NA,0,0,"Inactive"
"677",2023-07-15,"Citrine","Baseline Weekday",0,11:27:45,"Feeder","Sitting","Resting",NA,15,0,"Inactive"
"678",2023-07-15,"Citrine","Baseline Weekday",0,11:28:00,"Feeder","Sitting","Resting",NA,30,0,"Inactive"
"679",2023-07-15,"Citrine","Baseline Weekday",0,11:28:15,"Feeder","Sitting","Resting",NA,45,0,"Inactive"
"680",2023-07-15,"Citrine","Baseline Weekday",0,11:28:30,"5","Standing","Locomotion",NA,0,0,"Active"
"681",2023-07-15,"Citrine","Baseline Weekday",0,11:28:45,"4","Standing","Locomotion",NA,15,0,"Active"
"682",2023-07-15,"Citrine","Baseline Weekday",0,11:29:00,"Shelf","Sitting","Resting",NA,30,0,"Inactive"
"683",2023-07-15,"Citrine","Baseline Weekday",0,11:29:15,"Shelf","Sitting","Resting",NA,45,0,"Inactive"
"684",2023-07-15,"Citrine","Baseline Weekday",0,11:29:30,"Shelf","Sitting","Resting",NA,0,0,"Inactive"
"685",2023-07-15,"Citrine","Baseline Weekday",0,11:29:45,"Shelf","Sitting","Grooming",NA,15,0,"Active"
"686",2023-07-15,"Citrine","Baseline Weekday",0,11:30:00,"Shelf","Sitting","Grooming",NA,30,0,"Active"
"687",2023-07-15,"Citrine","Baseline Weekday",0,11:30:15,"Shelf","Sitting","Grooming",NA,45,0,"Active"
"688",2023-07-15,"Citrine","Baseline Weekday",0,11:30:30,"Shelf","Sitting","Resting",NA,0,0,"Inactive"
"689",2023-07-15,"Citrine","Baseline Weekday",0,11:30:45,"Shelf","Sitting","Grooming",NA,15,0,"Active"
"690",2023-07-15,"Citrine","Baseline Weekday",0,11:31:00,"Shelf","Sitting","Grooming",NA,30,0,"Active"
"691",2023-07-15,"Citrine","Baseline Weekday",0,11:31:15,"Shelf","Sitting","Grooming",NA,45,0,"Active"
"692",2023-07-15,"Citrine","Baseline Weekday",0,11:31:30,"Shelf","Sitting","Resting",NA,0,0,"Inactive"
"693",2023-07-15,"Citrine","Baseline Weekday",0,11:31:45,"Shelf","Sitting","Grooming",NA,15,0,"Active"
"694",2023-07-15,"Citrine","Baseline Weekday",0,11:32:00,"Shelf","Sitting","Resting",NA,30,0,"Inactive"
"695",2023-07-15,"Citrine","Baseline Weekday",0,11:32:15,"Shelf","Sitting","Resting",NA,45,0,"Inactive"
"696",2023-07-15,"Citrine","Baseline Weekday",0,11:32:30,"3","Standing","Locomotion",NA,0,0,"Active"
"697",2023-07-15,"Citrine","Baseline Weekday",0,11:32:45,"5","Standing","Drinking",NA,15,0,"Active"
"698",2023-07-15,"Citrine","Baseline Weekday",0,11:33:00,"5","Standing","Drinking",NA,30,0,"Active"
"699",2023-07-15,"Citrine","Baseline Weekday",0,11:33:15,"5","Standing","Drinking",NA,45,0,"Active"
"700",2023-07-15,"Citrine","Baseline Weekday",0,11:33:30,"5","Standing","Drinking",NA,0,0,"Active"
"701",2023-07-15,"Citrine","Baseline Weekday",0,11:33:45,"5","Standing","Drinking",NA,15,0,"Active"
"702",2023-07-15,"Citrine","Baseline Weekday",0,11:34:00,"5","Standing","Pause",NA,30,0,"Inactive"
"703",2023-07-15,"Citrine","Baseline Weekday",0,11:34:15,"6","Standing","Pause",NA,45,0,"Inactive"
"704",2023-07-15,"Citrine","Baseline Weekday",0,11:34:30,"Litter Box","Standing","Locomotion",NA,0,0,"Active"
"705",2023-04-28,"Citrine","Baseline_Weekday",0,11:25:45,"Shelf","Lying Down","Resting",NA,0,0,"Inactive"
"706",2023-04-28,"Citrine","Baseline_Weekday",0,11:26:00,"Shelf","Lying Down","Resting",NA,15,0,"Inactive"
"707",2023-04-28,"Citrine","Baseline_Weekday",0,11:26:15,"Shelf","Lying Down","Resting",NA,30,0,"Inactive"
"708",2023-04-28,"Citrine","Baseline_Weekday",0,11:26:30,"Shelf","Lying Down","Resting",NA,45,0,"Inactive"
"709",2023-04-28,"Citrine","Baseline_Weekday",0,11:26:45,"Shelf","Lying Down","Resting",NA,0,0,"Inactive"
"710",2023-04-28,"Citrine","Baseline_Weekday",0,11:27:00,"Shelf","Lying Down","Resting",NA,15,0,"Inactive"
"711",2023-04-28,"Citrine","Baseline_Weekday",0,11:27:15,"Shelf","Lying Down","Resting",NA,30,0,"Inactive"
"712",2023-04-28,"Citrine","Baseline_Weekday",0,11:27:30,"Shelf","Lying Down","Resting",NA,45,0,"Inactive"
"713",2023-04-28,"Citrine","Baseline_Weekday",0,11:27:45,"Shelf","Lying Down","Resting",NA,0,0,"Inactive"
"714",2023-04-28,"Citrine","Baseline_Weekday",0,11:28:00,"Shelf","Lying Down","Resting",NA,15,0,"Inactive"
"715",2023-04-28,"Citrine","Baseline_Weekday",0,11:28:15,"Shelf","Lying Down","Resting",NA,30,0,"Inactive"
"716",2023-04-28,"Citrine","Baseline_Weekday",0,11:28:30,"Shelf","Lying Down","Resting",NA,45,0,"Inactive"
"717",2023-04-28,"Citrine","Baseline_Weekday",0,11:28:45,"Shelf","Lying Down","Resting",NA,0,0,"Inactive"
"718",2023-04-28,"Citrine","Baseline_Weekday",0,11:29:00,"Shelf","Lying Down","Resting",NA,15,0,"Inactive"
"719",2023-04-28,"Citrine","Baseline_Weekday",0,11:29:15,"Shelf","Lying Down","Resting",NA,30,0,"Inactive"
"720",2023-04-28,"Citrine","Baseline_Weekday",0,11:29:30,"Shelf","Lying Down","Resting",NA,45,0,"Inactive"
"721",2023-04-28,"Citrine","Baseline_Weekday",0,11:29:45,"Shelf","Lying Down","Resting",NA,0,0,"Inactive"
"722",2023-04-28,"Citrine","Baseline_Weekday",0,11:30:00,"Shelf","Lying Down","Resting",NA,15,0,"Inactive"
"723",2023-04-28,"Citrine","Baseline_Weekday",0,11:30:15,"Shelf","Lying Down","Resting",NA,30,0,"Inactive"
"724",2023-04-28,"Citrine","Baseline_Weekday",0,11:30:30,"Shelf","Lying Down","Resting",NA,45,0,"Inactive"
"725",2023-04-28,"Citrine","Baseline_Weekday",0,11:30:45,"Shelf","Lying Down","Resting",NA,0,0,"Inactive"
"726",2023-04-28,"Citrine","Baseline_Weekday",0,11:31:00,"Shelf","Lying Down","Resting",NA,15,0,"Inactive"
"727",2023-04-28,"Citrine","Baseline_Weekday",0,11:31:15,"Shelf","Lying Down","Resting",NA,30,0,"Inactive"
"728",2023-04-28,"Citrine","Baseline_Weekday",0,11:31:30,"Shelf","Lying Down","Resting",NA,45,0,"Inactive"
"729",2023-04-28,"Citrine","Baseline_Weekday",0,11:31:45,"Shelf","Lying Down","Resting",NA,0,0,"Inactive"
"730",2023-04-28,"Citrine","Baseline_Weekday",0,11:32:00,"Shelf","Lying Down","Resting",NA,15,0,"Inactive"
"731",2023-04-28,"Citrine","Baseline_Weekday",0,11:32:15,"Shelf","Lying Down","Resting",NA,30,0,"Inactive"
"732",2023-04-28,"Citrine","Baseline_Weekday",0,11:32:30,"Shelf","Lying Down","Resting",NA,45,0,"Inactive"
"733",2023-04-28,"Citrine","Baseline_Weekday",0,11:32:45,"Shelf","Lying Down","Resting",NA,0,0,"Inactive"
"734",2023-04-28,"Citrine","Baseline_Weekday",0,11:33:00,"Shelf","Lying Down","Resting",NA,15,0,"Inactive"
"735",2023-04-28,"Citrine","Baseline_Weekday",0,11:33:15,"Shelf","Lying Down","Resting",NA,30,0,"Inactive"
"736",2023-04-28,"Citrine","Baseline_Weekday",0,11:33:30,"Shelf","Lying Down","Resting",NA,45,0,"Inactive"
"737",2023-04-28,"Citrine","Baseline_Weekday",0,11:33:45,"Shelf","Lying Down","Resting",NA,0,0,"Inactive"
"738",2023-04-28,"Citrine","Baseline_Weekday",0,11:34:00,"Shelf","Lying Down","Resting",NA,15,0,"Inactive"
"739",2023-04-28,"Citrine","Baseline_Weekday",0,11:34:15,"Shelf","Lying Down","Resting",NA,30,0,"Inactive"
"740",2023-04-28,"Citrine","Baseline_Weekday",0,11:34:30,"2","Standing","Manipulating Object","Litter Box",45,0,"Active"
"741",2023-04-28,"Citrine","Baseline_Weekday",0,11:34:45,"1","Standing","Locomotion",NA,0,0,"Active"
"742",2023-04-28,"Citrine","Baseline_Weekday",0,11:35:00,"5","Rearing","Pause",NA,15,0,"Inactive"
"743",2023-04-28,"Citrine","Baseline_Weekday",0,11:35:15,"Shelf","Out of View","Out of View",NA,30,0,"OutofView"
"744",2023-04-28,"Citrine","Baseline_Weekday",0,11:35:30,"6","Standing","Pace",NA,45,0,"Pace"
"745",2023-04-28,"Citrine","Baseline_Weekday",0,11:35:45,"1","Standing","Pace",NA,0,0,"Pace"
"746",2023-04-28,"Citrine","Baseline_Weekday",0,11:36:00,"Shelf","Standing","Pause",NA,15,0,"Inactive"
"747",2023-04-28,"Citrine","Baseline_Weekday",0,11:36:15,"6","Rearing","Pause",NA,30,0,"Inactive"
"748",2023-04-28,"Citrine","Baseline_Weekday",0,11:36:30,"Shelf","Sitting","Resting",NA,45,0,"Inactive"
"749",2023-04-28,"Citrine","Baseline_Weekday",0,11:36:45,"3","Standing","Pace",NA,0,0,"Pace"
"750",2023-04-28,"Citrine","Baseline_Weekday",0,11:37:00,"6","Rearing","Locomotion",NA,15,0,"Active"
"751",2023-04-28,"Citrine","Baseline_Weekday",0,11:37:15,"1","Rearing","Pause",NA,30,0,"Inactive"
"752",2023-04-28,"Citrine","Baseline_Weekday",0,11:37:30,"6","Rearing","Locomotion",NA,45,0,"Active"
"753",2023-04-28,"Citrine","Baseline_Weekday",0,11:37:45,"6","Rearing","Pace",NA,0,0,"Pace"
"754",2023-04-28,"Citrine","Baseline_Weekday",0,11:38:00,"Shelf","Sitting","Resting",NA,15,0,"Inactive"
"755",2023-04-28,"Citrine","Baseline_Weekday",0,11:38:15,"Shelf","Sitting","Resting",NA,30,0,"Inactive"
"756",2023-04-28,"Citrine","Baseline_Weekday",0,11:38:30,"Shelf","Sitting","Resting",NA,45,0,"Inactive"
"757",2023-04-28,"Citrine","Baseline_Weekday",0,11:38:45,"Shelf","Sitting","Resting",NA,0,0,"Inactive"
"758",2023-04-28,"Citrine","Baseline_Weekday",0,11:39:00,"Shelf","Sitting","Resting",NA,15,0,"Inactive"
"759",2023-04-28,"Citrine","Baseline_Weekday",0,11:39:15,"Shelf","Sitting","Resting",NA,30,0,"Inactive"
"760",2023-04-28,"Citrine","Baseline_Weekday",0,11:39:30,"4","Standing","Locomotion",NA,45,0,"Active"
"761",2023-04-28,"Citrine","Baseline_Weekday",0,11:39:45,"4","Standing","Pace",NA,0,0,"Pace"
"762",2023-04-28,"Citrine","Baseline_Weekday",0,11:40:00,"Shelf","Out of View","Out of View",NA,15,0,"OutofView"
"763",2023-04-28,"Citrine","Baseline_Weekday",0,11:40:15,"Shelf","Standing","Pause",NA,30,0,"Inactive"
"764",2023-04-28,"Citrine","Baseline_Weekday",0,11:40:30,"Shelf","Sitting","Resting",NA,45,0,"Inactive"
"765",2023-04-28,"Citrine","Baseline_Weekday",0,11:40:45,"Shelf","Sitting","Resting",NA,0,0,"Inactive"
"766",2023-07-12,"Citrine","Intervention Weekday",60,10:41:57,"5","Standing","Eating",NA,0,0,"Active"
"767",2023-07-12,"Citrine","Intervention Weekday",60,10:42:12,"Fence","Standing","Locomotion",NA,15,15,"Active"
"768",2023-07-12,"Citrine","Intervention Weekday",60,10:42:27,"6","Standing","Locomotion",NA,30,30,"Active"
"769",2023-07-12,"Citrine","Intervention Weekday",60,10:42:42,"2","Standing","Locomotion",NA,45,45,"Active"
"770",2023-07-12,"Citrine","Intervention Weekday",60,10:42:57,"6","Standing","Eating",NA,0,60,"Active"
"771",2023-07-12,"Citrine","Intervention Weekday",60,10:43:12,"Feeder","Standing","Pause",NA,15,0,"Inactive"
"772",2023-07-12,"Citrine","Intervention Weekday",60,10:43:27,"Shelf","Sitting","Resting",NA,30,15,"Inactive"
"773",2023-07-12,"Citrine","Intervention Weekday",60,10:43:42,"Shelf","Sitting","Resting",NA,45,30,"Inactive"
"774",2023-07-12,"Citrine","Intervention Weekday",60,10:43:57,"5","Standing","Eating",NA,0,45,"Active"
"775",2023-07-12,"Citrine","Intervention Weekday",60,10:44:12,"5","Rearing","Locomotion",NA,15,60,"Active"
"776",2023-07-12,"Citrine","Intervention Weekday",60,10:44:27,"Feeder","Sitting","Resting",NA,30,0,"Inactive"
"777",2023-07-12,"Citrine","Intervention Weekday",60,10:44:42,"Fence","Standing","Locomotion",NA,45,15,"Active"
"778",2023-07-12,"Citrine","Intervention Weekday",60,10:44:57,"5","Standing","Eating",NA,0,30,"Active"
"779",2023-07-12,"Citrine","Intervention Weekday",60,10:45:12,"Feeder","Standing","Locomotion",NA,15,45,"Active"
"780",2023-07-12,"Citrine","Intervention Weekday",60,10:45:27,"Shelf","Sitting","Resting",NA,30,60,"Inactive"
"781",2023-07-12,"Citrine","Intervention Weekday",60,10:45:42,"Shelf","Sitting","Resting",NA,45,0,"Inactive"
"782",2023-07-12,"Citrine","Intervention Weekday",60,10:45:57,"6","Standing","Eating",NA,0,15,"Active"
"783",2023-07-12,"Citrine","Intervention Weekday",60,10:46:12,"6","Standing","Eating",NA,15,30,"Active"
"784",2023-07-12,"Citrine","Intervention Weekday",60,10:46:27,"4","Standing","Locomotion",NA,30,45,"Active"
"785",2023-07-12,"Citrine","Intervention Weekday",60,10:46:42,"Fence","Standing","Locomotion",NA,45,60,"Active"
"786",2023-07-12,"Citrine","Intervention Weekday",60,10:46:57,"Shelf","Sitting","Resting",NA,0,0,"Inactive"
"787",2023-07-12,"Citrine","Intervention Weekday",60,10:47:12,"6","Standing","Eating",NA,15,15,"Active"
"788",2023-07-12,"Citrine","Intervention Weekday",60,10:47:27,"Feeder","Standing","Pause",NA,30,30,"Inactive"
"789",2023-07-12,"Citrine","Intervention Weekday",60,10:47:42,"Feeder","Standing","Pause",NA,45,45,"Inactive"
"790",2023-07-12,"Citrine","Intervention Weekday",60,10:47:57,"Feeder","Sitting","Resting",NA,0,60,"Inactive"
"791",2023-07-12,"Citrine","Intervention Weekday",60,10:48:12,"6","Standing","Eating",NA,15,0,"Active"
"792",2023-07-12,"Citrine","Intervention Weekday",60,10:48:27,"Feeder","Sitting","Resting",NA,30,15,"Inactive"
"793",2023-07-12,"Citrine","Intervention Weekday",60,10:48:42,"Feeder","Sitting","Resting",NA,45,30,"Inactive"
"794",2023-07-12,"Citrine","Intervention Weekday",60,10:48:57,"Feeder","Sitting","Resting",NA,0,45,"Inactive"
"795",2023-07-12,"Citrine","Intervention Weekday",60,10:49:12,"6","Standing","Eating",NA,15,60,"Active"
"796",2023-07-12,"Citrine","Intervention Weekday",60,10:49:27,"Shelf","Sitting","Resting",NA,30,0,"Inactive"
"797",2023-07-12,"Citrine","Intervention Weekday",60,10:49:42,"Shelf","Sitting","Resting",NA,45,15,"Inactive"
"798",2023-07-12,"Citrine","Intervention Weekday",60,10:49:57,"Shelf","Sitting","Resting",NA,0,30,"Inactive"
"799",2023-07-12,"Citrine","Intervention Weekday",60,10:50:12,"6","Standing","Pause",NA,15,45,"Inactive"
"800",2023-07-12,"Citrine","Intervention Weekday",60,10:50:27,"Shelf","Sitting","Resting",NA,30,60,"Inactive"
"801",2023-07-12,"Citrine","Intervention Weekday",60,10:50:42,"Shelf","Sitting","Resting",NA,45,0,"Inactive"
"802",2023-07-12,"Citrine","Intervention Weekday",60,10:50:57,"Shelf","Sitting","Grooming",NA,0,15,"Active"
"803",2023-07-12,"Citrine","Intervention Weekday",60,10:51:12,"6","Standing","Eating",NA,15,30,"Active"
"804",2023-07-12,"Citrine","Intervention Weekday",60,10:51:27,"4","Standing","Locomotion",NA,30,45,"Active"
"805",2023-07-12,"Citrine","Intervention Weekday",60,10:51:42,"Shelf","Sitting","Resting",NA,45,60,"Inactive"
"806",2023-07-12,"Citrine","Intervention Weekday",60,10:51:57,"Shelf","Sitting","Resting",NA,0,0,"Inactive"
"807",2023-07-12,"Citrine","Intervention Weekday",60,10:52:12,"Shelf","Sitting","Resting",NA,15,15,"Inactive"
"808",2023-07-12,"Citrine","Intervention Weekday",60,10:52:27,"5","Standing","Eating",NA,30,30,"Active"
"809",2023-07-12,"Citrine","Intervention Weekday",60,10:52:42,"Feeder","Sitting","Resting",NA,45,45,"Inactive"
"810",2023-07-12,"Citrine","Intervention Weekday",60,10:52:57,"Feeder","Sitting","Resting",NA,0,60,"Inactive"
"811",2023-07-12,"Citrine","Intervention Weekday",60,10:53:12,"1","Standing","Locomotion",NA,15,0,"Active"
"812",2023-07-12,"Citrine","Intervention Weekday",60,10:53:27,"5","Standing","Eating",NA,30,15,"Active"
"813",2023-07-12,"Citrine","Intervention Weekday",60,10:53:42,"Shelf","Sitting","Resting",NA,45,30,"Inactive"
"814",2023-07-12,"Citrine","Intervention Weekday",60,10:53:57,"Shelf","Sitting","Resting",NA,0,45,"Inactive"
"815",2023-07-12,"Citrine","Intervention Weekday",60,10:54:12,"Shelf","Sitting","Resting",NA,15,60,"Inactive"
"816",2023-07-12,"Citrine","Intervention Weekday",60,10:54:27,"5","Rearing","Locomotion",NA,30,0,"Active"
"817",2023-07-12,"Citrine","Intervention Weekday",60,10:54:42,"Feeder","Standing","Pause",NA,45,15,"Inactive"
"818",2023-07-12,"Citrine","Intervention Weekday",60,10:54:57,"Feeder","Sitting","Resting",NA,0,30,"Inactive"
"819",2023-07-12,"Citrine","Intervention Weekday",60,10:55:12,"Feeder","Sitting","Resting",NA,15,45,"Inactive"
"820",2023-07-12,"Citrine","Intervention Weekday",60,10:55:27,"6","Standing","Eating",NA,30,60,"Active"
"821",2023-07-12,"Citrine","Intervention Weekday",60,10:55:42,"Feeder","Standing","Locomotion",NA,45,0,"Active"
"822",2023-07-12,"Citrine","Intervention Weekday",60,10:55:57,"Feeder","Sitting","Resting",NA,0,15,"Inactive"
"823",2023-07-12,"Citrine","Intervention Weekday",60,10:56:12,"Feeder","Sitting","Resting",NA,15,30,"Inactive"
"824",2023-07-12,"Citrine","Intervention Weekday",60,10:56:27,"6","Standing","Eating",NA,30,45,"Active"
"825",2023-07-12,"Citrine","Intervention Weekday",60,10:56:42,"Shelf","Sitting","Resting",NA,45,60,"Inactive"
"826",2023-07-12,"Citrine","Intervention Weekday",60,10:56:57,"Shelf","Sitting","Resting",NA,0,0,"Inactive"
"827",2023-07-01,"Citrine","Baseline_Weekend",0,09:05:15,"Litter Box","Standing","Manipulating Object","Litter Box",0,0,"Active"
"828",2023-07-01,"Citrine","Baseline_Weekend",0,09:05:30,"Feeder","Sitting","Resting",NA,15,0,"Inactive"
"829",2023-07-01,"Citrine","Baseline_Weekend",0,09:05:45,"Feeder","Sitting","Resting",NA,30,0,"Inactive"
"830",2023-07-01,"Citrine","Baseline_Weekend",0,09:06:00,"Litter Box","Standing","Locomotion",NA,45,0,"Active"
"831",2023-07-01,"Citrine","Baseline_Weekend",0,09:06:15,"Feeder","Standing","Pause",NA,0,0,"Inactive"
"832",2023-07-01,"Citrine","Baseline_Weekend",0,09:06:30,"Feeder","Standing","Pause",NA,15,0,"Inactive"
"833",2023-07-01,"Citrine","Baseline_Weekend",0,09:06:45,"Fence","Standing","Locomotion",NA,30,0,"Active"
"834",2023-07-01,"Citrine","Baseline_Weekend",0,09:07:00,"Out of View","Out of View","Out of View",NA,45,0,"OutofView"
"835",2023-07-01,"Citrine","Baseline_Weekend",0,09:07:15,"Shelf","Standing","Pause",NA,0,0,"Inactive"
"836",2023-07-01,"Citrine","Baseline_Weekend",0,09:07:30,"Shelf","Lying Down","Resting",NA,15,0,"Inactive"
"837",2023-07-01,"Citrine","Baseline_Weekend",0,09:07:45,"Shelf","Lying Down","Resting",NA,30,0,"Inactive"
"838",2023-07-01,"Citrine","Baseline_Weekend",0,09:08:00,"Shelf","Lying Down","Resting",NA,45,0,"Inactive"
"839",2023-07-01,"Citrine","Baseline_Weekend",0,09:08:15,"Shelf","Lying Down","Resting",NA,0,0,"Inactive"
"840",2023-07-01,"Citrine","Baseline_Weekend",0,09:08:30,"Shelf","Lying Down","Resting",NA,15,0,"Inactive"
"841",2023-07-01,"Citrine","Baseline_Weekend",0,09:08:45,"Shelf","Lying Down","Resting",NA,30,0,"Inactive"
"842",2023-07-01,"Citrine","Baseline_Weekend",0,09:09:00,"Shelf","Lying Down","Resting",NA,45,0,"Inactive"
"843",2023-07-01,"Citrine","Baseline_Weekend",0,09:09:15,"1","Standing","Locomotion",NA,0,0,"Active"
"844",2023-07-01,"Citrine","Baseline_Weekend",0,09:09:30,"Feeder","Standing","Pause",NA,15,0,"Inactive"
"845",2023-07-01,"Citrine","Baseline_Weekend",0,09:09:45,"5","Rearing","Pause",NA,30,0,"Inactive"
"846",2023-07-01,"Citrine","Baseline_Weekend",0,09:10:00,"1","Standing","Pace",NA,45,0,"Pace"
"847",2023-07-01,"Citrine","Baseline_Weekend",0,09:10:15,"Feeder","Standing","Pace",NA,0,0,"Pace"
"848",2023-07-01,"Citrine","Baseline_Weekend",0,09:10:30,"Fence","Standing","Pause",NA,15,0,"Inactive"
"849",2023-07-01,"Citrine","Baseline_Weekend",0,09:10:45,"Fence","Standing","Manipulating Object","Fencing",30,0,"Active"
"850",2023-07-01,"Citrine","Baseline_Weekend",0,09:11:00,"1","Standing","Pace",NA,45,0,"Pace"
"851",2023-07-01,"Citrine","Baseline_Weekend",0,09:11:15,"3","Standing","Pace",NA,0,0,"Pace"
"852",2023-07-01,"Citrine","Baseline_Weekend",0,09:11:30,"1","Standing","Pace",NA,15,0,"Pace"
"853",2023-07-01,"Citrine","Baseline_Weekend",0,09:11:45,"3","Standing","Pace",NA,30,0,"Pace"
"854",2023-07-01,"Citrine","Baseline_Weekend",0,09:12:00,"3","Standing","Pace",NA,45,0,"Pace"
"855",2023-07-01,"Citrine","Baseline_Weekend",0,09:12:15,"1","Standing","Pace",NA,0,0,"Pace"
"856",2023-07-01,"Citrine","Baseline_Weekend",0,09:12:30,"3","Lying Down","Resting",NA,15,0,"Inactive"
"857",2023-07-01,"Citrine","Baseline_Weekend",0,09:12:45,"3","Lying Down","Resting",NA,30,0,"Inactive"
"858",2023-07-01,"Citrine","Baseline_Weekend",0,09:13:00,"3","Lying Down","Resting",NA,45,0,"Inactive"
"859",2023-07-01,"Citrine","Baseline_Weekend",0,09:13:15,"Fence","Standing","Pause",NA,0,0,"Inactive"
"860",2023-07-01,"Citrine","Baseline_Weekend",0,09:13:30,"Feeder","Standing","Locomotion",NA,15,0,"Active"
"861",2023-07-01,"Citrine","Baseline_Weekend",0,09:13:45,"Feeder","Sitting","Resting",NA,30,0,"Inactive"
"862",2023-07-01,"Citrine","Baseline_Weekend",0,09:14:00,"1","Standing","Locomotion",NA,45,0,"Active"
"863",2023-07-01,"Citrine","Baseline_Weekend",0,09:14:15,"Shelf","Standing","Locomotion",NA,0,0,"Active"
"864",2023-07-01,"Citrine","Baseline_Weekend",0,09:14:30,"3","Standing","Locomotion",NA,15,0,"Active"
"865",2023-07-01,"Citrine","Baseline_Weekend",0,09:14:45,"3","Lying Down","Resting",NA,30,0,"Inactive"
"866",2023-07-01,"Citrine","Baseline_Weekend",0,09:15:00,"3","Lying Down","Resting",NA,45,0,"Inactive"
"867",2023-07-01,"Citrine","Baseline_Weekend",0,09:15:15,"3","Lying Down","Resting",NA,0,0,"Inactive"
"868",2023-07-01,"Citrine","Baseline_Weekend",0,09:15:30,"3","Lying Down","Resting",NA,15,0,"Inactive"
"869",2023-07-01,"Citrine","Baseline_Weekend",0,09:15:45,"3","Lying Down","Resting",NA,30,0,"Inactive"
"870",2023-07-01,"Citrine","Baseline_Weekend",0,09:16:00,"Feeder","Sitting","Resting",NA,45,0,"Inactive"
"871",2023-07-01,"Citrine","Baseline_Weekend",0,09:16:15,"Feeder","Standing","Pause",NA,0,0,"Inactive"
"872",2023-07-01,"Citrine","Baseline_Weekend",0,09:16:30,"Feeder","Standing","Pause",NA,15,0,"Inactive"
"873",2023-07-01,"Citrine","Baseline_Weekend",0,09:16:45,"Feeder","Standing","Pause",NA,30,0,"Inactive"
"874",2023-07-01,"Citrine","Baseline_Weekend",0,09:17:00,"Feeder","Standing","Pause",NA,45,0,"Inactive"
"875",2023-07-01,"Citrine","Baseline_Weekend",0,09:17:15,"Feeder","Sitting","Resting",NA,0,0,"Inactive"
"876",2023-07-01,"Citrine","Baseline_Weekend",0,09:17:30,"Feeder","Sitting","Resting",NA,15,0,"Inactive"
"877",2023-07-01,"Citrine","Baseline_Weekend",0,09:17:45,"Feeder","Sitting","Resting",NA,30,0,"Inactive"
"878",2023-07-01,"Citrine","Baseline_Weekend",0,09:18:00,"Feeder","Sitting","Resting",NA,45,0,"Inactive"
"879",2023-07-01,"Citrine","Baseline_Weekend",0,09:18:15,"Shelf","Out of View","Out of View",NA,0,0,"OutofView"
"880",2023-07-01,"Citrine","Baseline_Weekend",0,09:18:30,"1","Standing","Locomotion",NA,15,0,"Active"
"881",2023-07-01,"Citrine","Baseline_Weekend",0,09:18:45,"Shelf","Lying Down","Resting",NA,30,0,"Inactive"
"882",2023-07-01,"Citrine","Baseline_Weekend",0,09:19:00,"Shelf","Lying Down","Resting",NA,45,0,"Inactive"
"883",2023-07-01,"Citrine","Baseline_Weekend",0,09:19:15,"Shelf","Lying Down","Resting",NA,0,0,"Inactive"
"884",2023-07-01,"Citrine","Baseline_Weekend",0,09:19:30,"Shelf","Lying Down","Resting",NA,15,0,"Inactive"
"885",2023-07-01,"Citrine","Baseline_Weekend",0,09:19:45,"Shelf","Lying Down","Resting",NA,30,0,"Inactive"
"886",2023-07-01,"Citrine","Baseline_Weekend",0,09:20:00,"Shelf","Lying Down","Resting",NA,45,0,"Inactive"
"887",2023-07-01,"Citrine","Baseline_Weekend",0,09:20:15,"Shelf","Lying Down","Resting",NA,0,0,"Inactive"
"888",2023-06-12,"Elia","Intervention_weekday",120,09:11:02,"5","Sitting","Resting",NA,0,0,"Inactive"
"889",2023-06-12,"Elia","Intervention_weekday",120,09:11:17,"5","Sitting","Resting",NA,15,15,"Inactive"
"890",2023-06-12,"Elia","Intervention_weekday",120,09:11:32,"5","Sitting","Resting",NA,30,30,"Inactive"
"891",2023-06-12,"Elia","Intervention_weekday",120,09:11:47,"5","Sitting","Resting",NA,45,45,"Inactive"
"892",2023-06-12,"Elia","Intervention_weekday",120,09:12:02,"5","Sitting","Resting",NA,0,60,"Inactive"
"893",2023-06-12,"Elia","Intervention_weekday",120,09:12:17,"5","Sitting","Resting",NA,15,75,"Inactive"
"894",2023-06-12,"Elia","Intervention_weekday",120,09:12:32,"5","Sitting","Resting",NA,30,90,"Inactive"
"895",2023-06-12,"Elia","Intervention_weekday",120,09:12:47,"5","Sitting","Resting",NA,45,105,"Inactive"
"896",2023-06-12,"Elia","Intervention_weekday",120,09:13:02,"6","Sitting","Drinking",NA,0,120,"Active"
"897",2023-06-12,"Elia","Intervention_weekday",120,09:13:17,"6","Sitting","Drinking",NA,15,0,"Active"
"898",2023-06-12,"Elia","Intervention_weekday",120,09:13:32,"6","Sitting","Grooming",NA,30,15,"Active"
"899",2023-06-12,"Elia","Intervention_weekday",120,09:13:47,"6","Sitting","Grooming",NA,45,30,"Active"
"900",2023-06-12,"Elia","Intervention_weekday",120,09:14:02,"6","Sitting","Resting",NA,0,45,"Inactive"
"901",2023-06-12,"Elia","Intervention_weekday",120,09:14:17,"6","Sitting","Resting",NA,15,60,"Inactive"
"902",2023-06-12,"Elia","Intervention_weekday",120,09:14:32,"6","Sitting","Resting",NA,30,75,"Inactive"
"903",2023-06-12,"Elia","Intervention_weekday",120,09:14:47,"6","Sitting","Resting",NA,45,90,"Inactive"
"904",2023-06-12,"Elia","Intervention_weekday",120,09:15:02,"6","Sitting","Resting",NA,0,105,"Inactive"
"905",2023-06-12,"Elia","Intervention_weekday",120,09:15:17,"6","Sitting","Resting",NA,15,120,"Inactive"
"906",2023-06-12,"Elia","Intervention_weekday",120,09:15:32,"6","Sitting","Resting",NA,30,0,"Inactive"
"907",2023-06-12,"Elia","Intervention_weekday",120,09:15:47,"6","Sitting","Resting",NA,45,15,"Inactive"
"908",2023-06-12,"Elia","Intervention_weekday",120,09:16:02,"6","Sitting","Resting",NA,0,30,"Inactive"
"909",2023-06-12,"Elia","Intervention_weekday",120,09:16:17,"6","Sitting","Resting",NA,15,45,"Inactive"
"910",2023-06-12,"Elia","Intervention_weekday",120,09:16:32,"6","Sitting","Resting",NA,30,60,"Inactive"
"911",2023-06-12,"Elia","Intervention_weekday",120,09:16:47,"6","Sitting","Resting",NA,45,75,"Inactive"
"912",2023-06-12,"Elia","Intervention_weekday",120,09:17:02,"6","Sitting","Resting",NA,0,90,"Inactive"
"913",2023-06-12,"Elia","Intervention_weekday",120,09:17:17,"6","Sitting","Resting",NA,15,105,"Inactive"
"914",2023-06-12,"Elia","Intervention_weekday",120,09:17:32,"6","Sitting","Resting",NA,30,120,"Inactive"
"915",2023-06-12,"Elia","Intervention_weekday",120,09:17:47,"6","Sitting","Resting",NA,45,0,"Inactive"
"916",2023-06-12,"Elia","Intervention_weekday",120,09:18:02,"6","Sitting","Resting",NA,0,15,"Inactive"
"917",2023-06-12,"Elia","Intervention_weekday",120,09:18:17,"6","Sitting","Resting",NA,15,30,"Inactive"
"918",2023-06-12,"Elia","Intervention_weekday",120,09:18:32,"6","Sitting","Resting",NA,30,45,"Inactive"
"919",2023-06-12,"Elia","Intervention_weekday",120,09:18:47,"6","Sitting","Resting",NA,45,60,"Inactive"
"920",2023-06-12,"Elia","Intervention_weekday",120,09:19:02,"6","Sitting","Resting",NA,0,75,"Inactive"
"921",2023-06-12,"Elia","Intervention_weekday",120,09:19:17,"6","Sitting","Resting",NA,15,90,"Inactive"
"922",2023-06-12,"Elia","Intervention_weekday",120,09:19:32,"6","Sitting","Resting",NA,30,105,"Inactive"
"923",2023-06-12,"Elia","Intervention_weekday",120,09:19:47,"6","Lying Down","Resting",NA,45,120,"Inactive"
"924",2023-06-12,"Elia","Intervention_weekday",120,09:20:02,"6","Lying Down","Resting",NA,0,0,"Inactive"
"925",2023-06-12,"Elia","Intervention_weekday",120,09:20:17,"6","Lying Down","Resting",NA,15,15,"Inactive"
"926",2023-06-12,"Elia","Intervention_weekday",120,09:20:32,"6","Lying Down","Resting",NA,30,30,"Inactive"
"927",2023-06-12,"Elia","Intervention_weekday",120,09:20:47,"6","Lying Down","Resting",NA,45,45,"Inactive"
"928",2023-06-12,"Elia","Intervention_weekday",120,09:21:02,"6","Lying Down","Resting",NA,0,60,"Inactive"
"929",2023-06-12,"Elia","Intervention_weekday",120,09:21:17,"6","Lying Down","Resting",NA,15,75,"Inactive"
"930",2023-06-12,"Elia","Intervention_weekday",120,09:21:32,"6","Lying Down","Resting",NA,30,90,"Inactive"
"931",2023-06-12,"Elia","Intervention_weekday",120,09:21:47,"6","Lying Down","Resting",NA,45,105,"Inactive"
"932",2023-06-12,"Elia","Intervention_weekday",120,09:22:02,"6","Lying Down","Resting",NA,0,120,"Inactive"
"933",2023-06-12,"Elia","Intervention_weekday",120,09:22:17,"6","Lying Down","Resting",NA,15,0,"Inactive"
"934",2023-06-12,"Elia","Intervention_weekday",120,09:22:32,"6","Lying Down","Resting",NA,30,15,"Inactive"
"935",2023-06-12,"Elia","Intervention_weekday",120,09:22:47,"6","Lying Down","Resting",NA,45,30,"Inactive"
"936",2023-06-12,"Elia","Intervention_weekday",120,09:23:02,"6","Lying Down","Resting",NA,0,45,"Inactive"
"937",2023-06-12,"Elia","Intervention_weekday",120,09:23:17,"6","Lying Down","Resting",NA,15,60,"Inactive"
"938",2023-06-12,"Elia","Intervention_weekday",120,09:23:32,"6","Lying Down","Resting",NA,30,75,"Inactive"
"939",2023-06-12,"Elia","Intervention_weekday",120,09:23:47,"6","Lying Down","Resting",NA,45,90,"Inactive"
"940",2023-06-12,"Elia","Intervention_weekday",120,09:24:02,"6","Lying Down","Resting",NA,0,105,"Inactive"
"941",2023-06-12,"Elia","Intervention_weekday",120,09:24:17,"6","Lying Down","Resting",NA,15,120,"Inactive"
"942",2023-06-12,"Elia","Intervention_weekday",120,09:24:32,"6","Lying Down","Resting",NA,30,0,"Inactive"
"943",2023-06-12,"Elia","Intervention_weekday",120,09:24:47,"6","Lying Down","Resting",NA,45,15,"Inactive"
"944",2023-06-12,"Elia","Intervention_weekday",120,09:25:02,"2","Standing","Locomotion",NA,0,30,"Active"
"945",2023-06-12,"Elia","Intervention_weekday",120,09:25:17,"1","Sitting","Resting",NA,15,45,"Inactive"
"946",2023-06-12,"Elia","Intervention_weekday",120,09:25:32,"6","Standing","Locomotion",NA,30,60,"Active"
"947",2023-06-12,"Elia","Intervention_weekday",120,09:25:47,"6","Sitting","Resting",NA,45,75,"Inactive"
"948",2023-06-12,"Elia","Intervention_weekday",120,09:26:02,"6","Sitting","Drinking",NA,0,90,"Active"
"949",2023-06-01,"Elia","Intervention_weekday",60,09:58:19,"5","Sitting","Eating",NA,0,0,"Active"
"950",2023-06-01,"Elia","Intervention_weekday",60,09:58:34,"5","Sitting","Grooming",NA,15,15,"Active"
"951",2023-06-01,"Elia","Intervention_weekday",60,09:58:49,"5","Sitting","Resting",NA,30,30,"Inactive"
"952",2023-06-01,"Elia","Intervention_weekday",60,09:59:04,"5","Sitting","Resting",NA,45,45,"Inactive"
"953",2023-06-01,"Elia","Intervention_weekday",60,09:59:19,"6","Sitting","Drinking",NA,0,60,"Active"
"954",2023-06-01,"Elia","Intervention_weekday",60,09:59:34,"1","Standing","Locomotion",NA,15,0,"Active"
"955",2023-06-01,"Elia","Intervention_weekday",60,09:59:49,"5","Sitting","Resting",NA,30,15,"Inactive"
"956",2023-06-01,"Elia","Intervention_weekday",60,10:00:04,"6","Sitting","Drinking",NA,45,30,"Active"
"957",2023-06-01,"Elia","Intervention_weekday",60,10:00:19,"6","Sitting","Drinking",NA,0,45,"Active"
"958",2023-06-01,"Elia","Intervention_weekday",60,10:00:34,"6","Sitting","Drinking",NA,15,60,"Active"
"959",2023-06-01,"Elia","Intervention_weekday",60,10:00:49,"5","Sitting","Eating",NA,30,0,"Active"
"960",2023-06-01,"Elia","Intervention_weekday",60,10:01:04,"5","Sitting","Resting",NA,45,15,"Inactive"
"961",2023-06-01,"Elia","Intervention_weekday",60,10:01:19,"5","Sitting","Resting",NA,0,30,"Inactive"
"962",2023-06-01,"Elia","Intervention_weekday",60,10:01:34,"5","Sitting","Resting",NA,15,45,"Inactive"
"963",2023-06-01,"Elia","Intervention_weekday",60,10:01:49,"5","Sitting","Resting",NA,30,60,"Inactive"
"964",2023-06-01,"Elia","Intervention_weekday",60,10:02:04,"5","Sitting","Resting",NA,45,0,"Inactive"
"965",2023-06-01,"Elia","Intervention_weekday",60,10:02:19,"5","Sitting","Resting",NA,0,15,"Inactive"
"966",2023-06-01,"Elia","Intervention_weekday",60,10:02:34,"5","Sitting","Resting",NA,15,30,"Inactive"
"967",2023-06-01,"Elia","Intervention_weekday",60,10:02:49,"5","Sitting","Resting",NA,30,45,"Inactive"
"968",2023-06-01,"Elia","Intervention_weekday",60,10:03:04,"5","Sitting","Resting",NA,45,60,"Inactive"
"969",2023-06-01,"Elia","Intervention_weekday",60,10:03:19,"5","Standing","Pause",NA,0,0,"Inactive"
"970",2023-06-01,"Elia","Intervention_weekday",60,10:03:34,"5","Sitting","Grooming",NA,15,15,"Active"
"971",2023-06-01,"Elia","Intervention_weekday",60,10:03:49,"5","Sitting","Resting",NA,30,30,"Inactive"
"972",2023-06-01,"Elia","Intervention_weekday",60,10:04:04,"5","Sitting","Resting",NA,45,45,"Inactive"
"973",2023-06-01,"Elia","Intervention_weekday",60,10:04:19,"5","Sitting","Resting",NA,0,60,"Inactive"
"974",2023-06-01,"Elia","Intervention_weekday",60,10:04:34,"5","Sitting","Resting",NA,15,0,"Inactive"
"975",2023-06-01,"Elia","Intervention_weekday",60,10:04:49,"5","Sitting","Resting",NA,30,15,"Inactive"
"976",2023-06-01,"Elia","Intervention_weekday",60,10:05:04,"5","Sitting","Resting",NA,45,30,"Inactive"
"977",2023-06-01,"Elia","Intervention_weekday",60,10:05:19,"5","Sitting","Resting",NA,0,45,"Inactive"
"978",2023-06-01,"Elia","Intervention_weekday",60,10:05:34,"5","Sitting","Resting",NA,15,60,"Inactive"
"979",2023-06-01,"Elia","Intervention_weekday",60,10:05:49,"5","Sitting","Resting",NA,30,0,"Inactive"
"980",2023-06-01,"Elia","Intervention_weekday",60,10:06:04,"5","Sitting","Resting",NA,45,15,"Inactive"
"981",2023-06-01,"Elia","Intervention_weekday",60,10:06:19,"5","Standing","Pause",NA,0,30,"Inactive"
"982",2023-06-01,"Elia","Intervention_weekday",60,10:06:34,"5","Sitting","Grooming",NA,15,45,"Active"
"983",2023-06-01,"Elia","Intervention_weekday",60,10:06:49,"5","Sitting","Resting",NA,30,60,"Inactive"
"984",2023-06-01,"Elia","Intervention_weekday",60,10:07:04,"5","Sitting","Resting",NA,45,0,"Inactive"
"985",2023-06-01,"Elia","Intervention_weekday",60,10:07:19,"5","Sitting","Resting",NA,0,15,"Inactive"
"986",2023-06-01,"Elia","Intervention_weekday",60,10:07:34,"5","Sitting","Resting",NA,15,30,"Inactive"
"987",2023-06-01,"Elia","Intervention_weekday",60,10:07:49,"5","Sitting","Resting",NA,30,45,"Inactive"
"988",2023-06-01,"Elia","Intervention_weekday",60,10:08:04,"5","Sitting","Resting",NA,45,60,"Inactive"
"989",2023-06-01,"Elia","Intervention_weekday",60,10:08:19,"5","Sitting","Resting",NA,0,0,"Inactive"
"990",2023-06-01,"Elia","Intervention_weekday",60,10:08:34,"5","Sitting","Resting",NA,15,15,"Inactive"
"991",2023-06-01,"Elia","Intervention_weekday",60,10:08:49,"5","Sitting","Resting",NA,30,30,"Inactive"
"992",2023-06-01,"Elia","Intervention_weekday",60,10:09:04,"5","Sitting","Resting",NA,45,45,"Inactive"
"993",2023-06-01,"Elia","Intervention_weekday",60,10:09:19,"5","Sitting","Resting",NA,0,60,"Inactive"
"994",2023-06-01,"Elia","Intervention_weekday",60,10:09:34,"5","Sitting","Resting",NA,15,0,"Inactive"
"995",2023-06-01,"Elia","Intervention_weekday",60,10:09:49,"5","Sitting","Resting",NA,30,15,"Inactive"
"996",2023-06-01,"Elia","Intervention_weekday",60,10:10:04,"5","Sitting","Resting",NA,45,30,"Inactive"
"997",2023-06-01,"Elia","Intervention_weekday",60,10:10:19,"5","Standing","Pause",NA,0,45,"Inactive"
"998",2023-06-01,"Elia","Intervention_weekday",60,10:10:34,"5","Sitting","Resting",NA,15,60,"Inactive"
"999",2023-06-01,"Elia","Intervention_weekday",60,10:10:49,"5","Sitting","Resting",NA,30,0,"Inactive"
"1000",2023-06-01,"Elia","Intervention_weekday",60,10:11:04,"5","Sitting","Resting",NA,45,15,"Inactive"
"1001",2023-06-01,"Elia","Intervention_weekday",60,10:11:19,"5","Sitting","Resting",NA,0,30,"Inactive"
"1002",2023-06-01,"Elia","Intervention_weekday",60,10:11:34,"5","Sitting","Resting",NA,15,45,"Inactive"
"1003",2023-06-01,"Elia","Intervention_weekday",60,10:11:49,"5","Sitting","Resting",NA,30,60,"Inactive"
"1004",2023-06-01,"Elia","Intervention_weekday",60,10:12:04,"5","Sitting","Resting",NA,45,0,"Inactive"
"1005",2023-06-01,"Elia","Intervention_weekday",60,10:12:19,"5","Sitting","Resting",NA,0,15,"Inactive"
"1006",2023-06-01,"Elia","Intervention_weekday",60,10:12:34,"5","Sitting","Resting",NA,15,30,"Inactive"
"1007",2023-06-01,"Elia","Intervention_weekday",60,10:12:49,"5","Sitting","Resting",NA,30,45,"Inactive"
"1008",2023-06-01,"Elia","Intervention_weekday",60,10:13:04,"5","Sitting","Resting",NA,45,60,"Inactive"
"1009",2023-06-01,"Elia","Intervention_weekday",60,10:13:19,"5","Sitting","Resting",NA,0,0,"Inactive"
"1010",2023-06-02,"Elia","Intervention_weekday",60,09:59:43,"5","Sitting","Pause",NA,0,0,"Inactive"
"1011",2023-06-02,"Elia","Intervention_weekday",60,09:59:58,"5","Sitting","Resting",NA,15,15,"Inactive"
"1012",2023-06-02,"Elia","Intervention_weekday",60,10:00:13,"3","Standing","Locomotion",NA,30,30,"Active"
"1013",2023-06-02,"Elia","Intervention_weekday",60,10:00:28,"5","Standing","Eating",NA,45,45,"Active"
"1014",2023-06-02,"Elia","Intervention_weekday",60,10:00:43,"5","Standing","Eating",NA,0,60,"Active"
"1015",2023-06-02,"Elia","Intervention_weekday",60,10:00:58,"3","Sitting","Pause",NA,15,0,"Inactive"
"1016",2023-06-02,"Elia","Intervention_weekday",60,10:01:13,"3","Standing","Locomotion",NA,30,15,"Active"
"1017",2023-06-02,"Elia","Intervention_weekday",60,10:01:28,"5","Standing","Eating",NA,45,30,"Active"
"1018",2023-06-02,"Elia","Intervention_weekday",60,10:01:43,"5","Sitting","Grooming",NA,0,45,"Active"
"1019",2023-06-02,"Elia","Intervention_weekday",60,10:01:58,"3","Sitting","Resting",NA,15,60,"Inactive"
"1020",2023-06-02,"Elia","Intervention_weekday",60,10:02:13,"3","Sitting","Resting",NA,30,0,"Inactive"
"1021",2023-06-02,"Elia","Intervention_weekday",60,10:02:28,"5","Sitting","Eating",NA,45,15,"Active"
"1022",2023-06-02,"Elia","Intervention_weekday",60,10:02:43,"5","Sitting","Resting",NA,0,30,"Inactive"
"1023",2023-06-02,"Elia","Intervention_weekday",60,10:02:58,"5","Sitting","Resting",NA,15,45,"Inactive"
"1024",2023-06-02,"Elia","Intervention_weekday",60,10:03:13,"5","Sitting","Resting",NA,30,60,"Inactive"
"1025",2023-06-02,"Elia","Intervention_weekday",60,10:03:28,"5","Sitting","Eating",NA,45,0,"Active"
"1026",2023-06-02,"Elia","Intervention_weekday",60,10:03:43,"5","Sitting","Eating",NA,0,15,"Active"
"1027",2023-06-02,"Elia","Intervention_weekday",60,10:03:58,"5","Sitting","Resting",NA,15,30,"Inactive"
"1028",2023-06-02,"Elia","Intervention_weekday",60,10:04:13,"5","Sitting","Resting",NA,30,45,"Inactive"
"1029",2023-06-02,"Elia","Intervention_weekday",60,10:04:28,"5","Sitting","Manipulating Object","Feeder",45,60,"Active"
"1030",2023-06-02,"Elia","Intervention_weekday",60,10:04:43,"5","Sitting","Resting",NA,0,0,"Inactive"
"1031",2023-06-02,"Elia","Intervention_weekday",60,10:04:58,"5","Sitting","Resting",NA,15,15,"Inactive"
"1032",2023-06-02,"Elia","Intervention_weekday",60,10:05:13,"5","Sitting","Resting",NA,30,30,"Inactive"
"1033",2023-06-02,"Elia","Intervention_weekday",60,10:05:28,"5","Sitting","Manipulating Object","Feeder",45,45,"Active"
"1034",2023-06-02,"Elia","Intervention_weekday",60,10:05:43,"5","Sitting","Pause",NA,0,60,"Inactive"
"1035",2023-06-02,"Elia","Intervention_weekday",60,10:05:58,"5","Sitting","Manipulating Object","Feeder",15,0,"Active"
"1036",2023-06-02,"Elia","Intervention_weekday",60,10:06:13,"5","Sitting","Resting",NA,30,15,"Inactive"
"1037",2023-06-02,"Elia","Intervention_weekday",60,10:06:28,"6","Standing","Drinking",NA,45,30,"Active"
"1038",2023-06-02,"Elia","Intervention_weekday",60,10:06:43,"5","Sitting","Eating",NA,0,45,"Active"
"1039",2023-06-02,"Elia","Intervention_weekday",60,10:06:58,"3","Standing","Locomotion",NA,15,60,"Active"
"1040",2023-06-02,"Elia","Intervention_weekday",60,10:07:13,"3","Sitting","Resting",NA,30,0,"Inactive"
"1041",2023-06-02,"Elia","Intervention_weekday",60,10:07:28,"5","Standing","Locomotion",NA,45,15,"Active"
"1042",2023-06-02,"Elia","Intervention_weekday",60,10:07:43,"5","Sitting","Eating",NA,0,30,"Active"
"1043",2023-06-02,"Elia","Intervention_weekday",60,10:07:58,"5","Sitting","Resting",NA,15,45,"Inactive"
"1044",2023-06-02,"Elia","Intervention_weekday",60,10:08:13,"5","Sitting","Resting",NA,30,60,"Inactive"
"1045",2023-06-02,"Elia","Intervention_weekday",60,10:08:28,"5","Sitting","Manipulating Object","Feeder",45,0,"Active"
"1046",2023-06-02,"Elia","Intervention_weekday",60,10:08:43,"5","Sitting","Eating",NA,0,15,"Active"
"1047",2023-06-02,"Elia","Intervention_weekday",60,10:08:58,"5","Sitting","Resting",NA,15,30,"Inactive"
"1048",2023-06-02,"Elia","Intervention_weekday",60,10:09:13,"5","Sitting","Resting",NA,30,45,"Inactive"
"1049",2023-06-02,"Elia","Intervention_weekday",60,10:09:28,"5","Sitting","Resting",NA,45,60,"Inactive"
"1050",2023-06-02,"Elia","Intervention_weekday",60,10:09:43,"5","Sitting","Eating",NA,0,0,"Active"
"1051",2023-06-02,"Elia","Intervention_weekday",60,10:09:58,"5","Sitting","Eating",NA,15,15,"Active"
"1052",2023-06-02,"Elia","Intervention_weekday",60,10:10:13,"5","Sitting","Resting",NA,30,30,"Inactive"
"1053",2023-06-02,"Elia","Intervention_weekday",60,10:10:28,"5","Sitting","Resting",NA,45,45,"Inactive"
"1054",2023-06-02,"Elia","Intervention_weekday",60,10:10:43,"5","Sitting","Eating",NA,0,60,"Active"
"1055",2023-06-02,"Elia","Intervention_weekday",60,10:10:58,"5","Sitting","Resting",NA,15,0,"Inactive"
"1056",2023-06-02,"Elia","Intervention_weekday",60,10:11:13,"5","Sitting","Resting",NA,30,15,"Inactive"
"1057",2023-06-02,"Elia","Intervention_weekday",60,10:11:28,"5","Sitting","Resting",NA,45,30,"Inactive"
"1058",2023-06-02,"Elia","Intervention_weekday",60,10:11:43,"5","Sitting","Eating",NA,0,45,"Active"
"1059",2023-06-02,"Elia","Intervention_weekday",60,10:11:58,"5","Sitting","Resting",NA,15,60,"Inactive"
"1060",2023-06-02,"Elia","Intervention_weekday",60,10:12:13,"5","Sitting","Resting",NA,30,0,"Inactive"
"1061",2023-06-02,"Elia","Intervention_weekday",60,10:12:28,"5","Sitting","Resting",NA,45,15,"Inactive"
"1062",2023-06-02,"Elia","Intervention_weekday",60,10:12:43,"5","Sitting","Eating",NA,0,30,"Active"
"1063",2023-06-02,"Elia","Intervention_weekday",60,10:12:58,"5","Sitting","Resting",NA,15,45,"Inactive"
"1064",2023-06-02,"Elia","Intervention_weekday",60,10:13:13,"5","Sitting","Resting",NA,30,60,"Inactive"
"1065",2023-06-02,"Elia","Intervention_weekday",60,10:13:28,"5","Sitting","Resting",NA,45,0,"Inactive"
"1066",2023-06-02,"Elia","Intervention_weekday",60,10:13:43,"5","Sitting","Eating",NA,0,15,"Active"
"1067",2023-06-02,"Elia","Intervention_weekday",60,10:13:58,"5","Sitting","Resting",NA,15,30,"Inactive"
"1068",2023-06-02,"Elia","Intervention_weekday",60,10:14:13,"3","Standing","Locomotion",NA,30,45,"Active"
"1069",2023-06-02,"Elia","Intervention_weekday",60,10:14:28,"3","Sitting","Resting",NA,45,60,"Inactive"
"1070",2023-06-02,"Elia","Intervention_weekday",60,10:14:43,"5","Sitting","Resting",NA,0,0,"Inactive"
"1071",2023-06-30,"Elia","Intervention_weekday",180,08:46:00,"5","Sitting","Resting",NA,0,0,"Inactive"
"1072",2023-06-30,"Elia","Intervention_weekday",180,08:46:15,"5","Sitting","Resting",NA,15,15,"Inactive"
"1073",2023-06-30,"Elia","Intervention_weekday",180,08:46:30,"5","Sitting","Resting",NA,30,30,"Inactive"
"1074",2023-06-30,"Elia","Intervention_weekday",180,08:46:45,"5","Sitting","Resting",NA,45,45,"Inactive"
"1075",2023-06-30,"Elia","Intervention_weekday",180,08:47:00,"5","Sitting","Resting",NA,0,60,"Inactive"
"1076",2023-06-30,"Elia","Intervention_weekday",180,08:47:15,"5","Sitting","Resting",NA,15,75,"Inactive"
"1077",2023-06-30,"Elia","Intervention_weekday",180,08:47:30,"5","Sitting","Resting",NA,30,90,"Inactive"
"1078",2023-06-30,"Elia","Intervention_weekday",180,08:47:45,"5","Sitting","Resting",NA,45,105,"Inactive"
"1079",2023-06-30,"Elia","Intervention_weekday",180,08:48:00,"5","Sitting","Resting",NA,0,120,"Inactive"
"1080",2023-06-30,"Elia","Intervention_weekday",180,08:48:15,"5","Sitting","Resting",NA,15,135,"Inactive"
"1081",2023-06-30,"Elia","Intervention_weekday",180,08:48:30,"5","Sitting","Resting",NA,30,150,"Inactive"
"1082",2023-06-30,"Elia","Intervention_weekday",180,08:48:45,"5","Standing","Eating",NA,45,165,"Active"
"1083",2023-06-30,"Elia","Intervention_weekday",180,08:49:00,"5","Sitting","Resting",NA,0,180,"Inactive"
"1084",2023-06-30,"Elia","Intervention_weekday",180,08:49:15,"6","Sitting","Drinking",NA,15,0,"Active"
"1085",2023-06-30,"Elia","Intervention_weekday",180,08:49:30,"Fence","Other","Locomotion","Fencing",30,15,"Active"
"1086",2023-06-30,"Elia","Intervention_weekday",180,08:49:45,"3","Standing","Locomotion",NA,45,30,"Active"
"1087",2023-06-30,"Elia","Intervention_weekday",180,08:50:00,"5","Standing","Pause",NA,0,45,"Inactive"
"1088",2023-06-30,"Elia","Intervention_weekday",180,08:50:15,"5","Sitting","Resting",NA,15,60,"Inactive"
"1089",2023-06-30,"Elia","Intervention_weekday",180,08:50:30,"5","Sitting","Resting",NA,30,75,"Inactive"
"1090",2023-06-30,"Elia","Intervention_weekday",180,08:50:45,"5","Sitting","Resting",NA,45,90,"Inactive"
"1091",2023-06-30,"Elia","Intervention_weekday",180,08:51:00,"5","Sitting","Resting",NA,0,105,"Inactive"
"1092",2023-06-30,"Elia","Intervention_weekday",180,08:51:15,"5","Sitting","Resting",NA,15,120,"Inactive"
"1093",2023-06-30,"Elia","Intervention_weekday",180,08:51:30,"5","Sitting","Resting",NA,30,135,"Inactive"
"1094",2023-06-30,"Elia","Intervention_weekday",180,08:51:45,"5","Sitting","Grooming",NA,45,150,"Active"
"1095",2023-06-30,"Elia","Intervention_weekday",180,08:52:00,"5","Sitting","Resting",NA,0,165,"Inactive"
"1096",2023-06-30,"Elia","Intervention_weekday",180,08:52:15,"5","Sitting","Resting",NA,15,180,"Inactive"
"1097",2023-06-30,"Elia","Intervention_weekday",180,08:52:30,"5","Sitting","Resting",NA,30,0,"Inactive"
"1098",2023-06-30,"Elia","Intervention_weekday",180,08:52:45,"5","Sitting","Resting",NA,45,15,"Inactive"
"1099",2023-06-30,"Elia","Intervention_weekday",180,08:53:00,"5","Sitting","Resting",NA,0,30,"Inactive"
"1100",2023-06-30,"Elia","Intervention_weekday",180,08:53:15,"5","Sitting","Resting",NA,15,45,"Inactive"
"1101",2023-06-30,"Elia","Intervention_weekday",180,08:53:30,"5","Sitting","Resting",NA,30,60,"Inactive"
"1102",2023-06-30,"Elia","Intervention_weekday",180,08:53:45,"5","Sitting","Resting",NA,45,75,"Inactive"
"1103",2023-06-30,"Elia","Intervention_weekday",180,08:54:00,"5","Sitting","Resting",NA,0,90,"Inactive"
"1104",2023-06-30,"Elia","Intervention_weekday",180,08:54:15,"5","Sitting","Resting",NA,15,105,"Inactive"
"1105",2023-06-30,"Elia","Intervention_weekday",180,08:54:30,"5","Sitting","Resting",NA,30,120,"Inactive"
"1106",2023-06-30,"Elia","Intervention_weekday",180,08:54:45,"5","Sitting","Eating",NA,45,135,"Active"
"1107",2023-06-30,"Elia","Intervention_weekday",180,08:55:00,"6","Standing","Locomotion",NA,0,150,"Active"
"1108",2023-06-30,"Elia","Intervention_weekday",180,08:55:15,"6","Sitting","Drinking",NA,15,165,"Active"
"1109",2023-06-30,"Elia","Intervention_weekday",180,08:55:30,"6","Sitting","Drinking",NA,30,180,"Active"
"1110",2023-06-30,"Elia","Intervention_weekday",180,08:55:45,"5","Sitting","Resting",NA,45,0,"Inactive"
"1111",2023-06-30,"Elia","Intervention_weekday",180,08:56:00,"5","Sitting","Resting",NA,0,15,"Inactive"
"1112",2023-06-30,"Elia","Intervention_weekday",180,08:56:15,"5","Sitting","Grooming",NA,15,30,"Active"
"1113",2023-06-30,"Elia","Intervention_weekday",180,08:56:30,"5","Sitting","Grooming",NA,30,45,"Active"
"1114",2023-06-30,"Elia","Intervention_weekday",180,08:56:45,"5","Sitting","Grooming",NA,45,60,"Active"
"1115",2023-06-30,"Elia","Intervention_weekday",180,08:57:00,"5","Sitting","Pause",NA,0,75,"Inactive"
"1116",2023-06-30,"Elia","Intervention_weekday",180,08:57:15,"3","Sitting","Grooming",NA,15,90,"Active"
"1117",2023-06-30,"Elia","Intervention_weekday",180,08:57:30,"5","Sitting","Grooming",NA,30,105,"Active"
"1118",2023-06-30,"Elia","Intervention_weekday",180,08:57:45,"5","Sitting","Resting",NA,45,120,"Inactive"
"1119",2023-06-30,"Elia","Intervention_weekday",180,08:58:00,"5","Sitting","Resting",NA,0,135,"Inactive"
"1120",2023-06-30,"Elia","Intervention_weekday",180,08:58:15,"5","Sitting","Resting",NA,15,150,"Inactive"
"1121",2023-06-30,"Elia","Intervention_weekday",180,08:58:30,"5","Sitting","Resting",NA,30,165,"Inactive"
"1122",2023-06-30,"Elia","Intervention_weekday",180,08:58:45,"5","Sitting","Resting",NA,45,180,"Inactive"
"1123",2023-06-30,"Elia","Intervention_weekday",180,08:59:00,"5","Sitting","Resting",NA,0,0,"Inactive"
"1124",2023-06-30,"Elia","Intervention_weekday",180,08:59:15,"5","Sitting","Resting",NA,15,15,"Inactive"
"1125",2023-06-30,"Elia","Intervention_weekday",180,08:59:30,"5","Sitting","Resting",NA,30,30,"Inactive"
"1126",2023-06-30,"Elia","Intervention_weekday",180,08:59:45,"5","Sitting","Resting",NA,45,45,"Inactive"
"1127",2023-06-30,"Elia","Intervention_weekday",180,09:00:00,"2","Sitting","Resting",NA,0,60,"Inactive"
"1128",2023-06-30,"Elia","Intervention_weekday",180,09:00:15,"6","Sitting","Drinking",NA,15,75,"Active"
"1129",2023-06-30,"Elia","Intervention_weekday",180,09:00:30,"6","Sitting","Drinking",NA,30,90,"Active"
"1130",2023-06-30,"Elia","Intervention_weekday",180,09:00:45,"6","Sitting","Drinking",NA,45,105,"Active"
"1131",2023-06-30,"Elia","Intervention_weekday",180,09:01:00,"5","Sitting","Eating",NA,0,120,"Active"
"1132",2023-07-16,"Elia","Baseline Weekday",0,10:20:50,"6","Sitting","Resting",NA,0,0,"Inactive"
"1133",2023-07-16,"Elia","Baseline Weekday",0,10:21:05,"1","Sitting","Pause",NA,15,0,"Inactive"
"1134",2023-07-16,"Elia","Baseline Weekday",0,10:21:20,"1","Sitting","Resting",NA,30,0,"Inactive"
"1135",2023-07-16,"Elia","Baseline Weekday",0,10:21:35,"6","Sitting","Resting",NA,45,0,"Inactive"
"1136",2023-07-16,"Elia","Baseline Weekday",0,10:21:50,"6","Sitting","Resting",NA,0,0,"Inactive"
"1137",2023-07-16,"Elia","Baseline Weekday",0,10:22:05,"6","Sitting","Resting",NA,15,0,"Inactive"
"1138",2023-07-16,"Elia","Baseline Weekday",0,10:22:20,"6","Sitting","Resting",NA,30,0,"Inactive"
"1139",2023-07-16,"Elia","Baseline Weekday",0,10:22:35,"6","Sitting","Resting",NA,45,0,"Inactive"
"1140",2023-07-16,"Elia","Baseline Weekday",0,10:22:50,"5","Sitting","Resting",NA,0,0,"Inactive"
"1141",2023-07-16,"Elia","Baseline Weekday",0,10:23:05,"5","Sitting","Eating",NA,15,0,"Active"
"1142",2023-07-16,"Elia","Baseline Weekday",0,10:23:20,"5","Sitting","Eating",NA,30,0,"Active"
"1143",2023-07-16,"Elia","Baseline Weekday",0,10:23:35,"5","Sitting","Eating",NA,45,0,"Active"
"1144",2023-07-16,"Elia","Baseline Weekday",0,10:23:50,"6","Sitting","Drinking",NA,0,0,"Active"
"1145",2023-07-16,"Elia","Baseline Weekday",0,10:24:05,"6","Sitting","Drinking",NA,15,0,"Active"
"1146",2023-07-16,"Elia","Baseline Weekday",0,10:24:20,"6","Sitting","Drinking",NA,30,0,"Active"
"1147",2023-07-16,"Elia","Baseline Weekday",0,10:24:35,"6","Sitting","Drinking",NA,45,0,"Active"
"1148",2023-07-16,"Elia","Baseline Weekday",0,10:24:50,"4","Standing","Locomotion",NA,0,0,"Active"
"1149",2023-07-16,"Elia","Baseline Weekday",0,10:25:05,"1","Sitting","Resting",NA,15,0,"Inactive"
"1150",2023-07-16,"Elia","Baseline Weekday",0,10:25:20,"6","Standing","Pause",NA,30,0,"Inactive"
"1151",2023-07-16,"Elia","Baseline Weekday",0,10:25:35,"6","Sitting","Drinking",NA,45,0,"Active"
"1152",2023-07-16,"Elia","Baseline Weekday",0,10:25:50,"6","Sitting","Drinking",NA,0,0,"Active"
"1153",2023-07-16,"Elia","Baseline Weekday",0,10:26:05,"6","Sitting","Drinking",NA,15,0,"Active"
"1154",2023-07-16,"Elia","Baseline Weekday",0,10:26:20,"4","Standing","Locomotion",NA,30,0,"Active"
"1155",2023-07-16,"Elia","Baseline Weekday",0,10:26:35,"1","Sitting","Pause",NA,45,0,"Inactive"
"1156",2023-07-16,"Elia","Baseline Weekday",0,10:26:50,"1","Sitting","Resting",NA,0,0,"Inactive"
"1157",2023-07-16,"Elia","Baseline Weekday",0,10:27:05,"1","Sitting","Resting",NA,15,0,"Inactive"
"1158",2023-07-16,"Elia","Baseline Weekday",0,10:27:20,"1","Sitting","Resting",NA,30,0,"Inactive"
"1159",2023-07-16,"Elia","Baseline Weekday",0,10:27:35,"1","Sitting","Resting",NA,45,0,"Inactive"
"1160",2023-07-16,"Elia","Baseline Weekday",0,10:27:50,"1","Sitting","Resting",NA,0,0,"Inactive"
"1161",2023-07-16,"Elia","Baseline Weekday",0,10:28:05,"1","Sitting","Resting",NA,15,0,"Inactive"
"1162",2023-07-16,"Elia","Baseline Weekday",0,10:28:20,"1","Sitting","Resting",NA,30,0,"Inactive"
"1163",2023-07-16,"Elia","Baseline Weekday",0,10:28:35,"1","Sitting","Resting",NA,45,0,"Inactive"
"1164",2023-07-16,"Elia","Baseline Weekday",0,10:28:50,"1","Sitting","Resting",NA,0,0,"Inactive"
"1165",2023-07-16,"Elia","Baseline Weekday",0,10:29:05,"1","Sitting","Resting",NA,15,0,"Inactive"
"1166",2023-07-16,"Elia","Baseline Weekday",0,10:29:20,"1","Sitting","Resting",NA,30,0,"Inactive"
"1167",2023-07-16,"Elia","Baseline Weekday",0,10:29:35,"1","Sitting","Resting",NA,45,0,"Inactive"
"1168",2023-07-16,"Elia","Baseline Weekday",0,10:29:50,"1","Sitting","Resting",NA,0,0,"Inactive"
"1169",2023-07-16,"Elia","Baseline Weekday",0,10:30:05,"1","Sitting","Resting",NA,15,0,"Inactive"
"1170",2023-07-16,"Elia","Baseline Weekday",0,10:30:20,"1","Sitting","Resting",NA,30,0,"Inactive"
"1171",2023-07-16,"Elia","Baseline Weekday",0,10:30:35,"1","Lying Down","Resting",NA,45,0,"Inactive"
"1172",2023-07-16,"Elia","Baseline Weekday",0,10:30:50,"1","Lying Down","Resting",NA,0,0,"Inactive"
"1173",2023-07-16,"Elia","Baseline Weekday",0,10:31:05,"1","Lying Down","Resting",NA,15,0,"Inactive"
"1174",2023-07-16,"Elia","Baseline Weekday",0,10:31:20,"1","Lying Down","Resting",NA,30,0,"Inactive"
"1175",2023-07-16,"Elia","Baseline Weekday",0,10:31:35,"1","Lying Down","Resting",NA,45,0,"Inactive"
"1176",2023-07-16,"Elia","Baseline Weekday",0,10:31:50,"1","Lying Down","Resting",NA,0,0,"Inactive"
"1177",2023-07-16,"Elia","Baseline Weekday",0,10:32:05,"1","Lying Down","Resting",NA,15,0,"Inactive"
"1178",2023-07-16,"Elia","Baseline Weekday",0,10:32:20,"1","Lying Down","Resting",NA,30,0,"Inactive"
"1179",2023-07-16,"Elia","Baseline Weekday",0,10:32:35,"1","Lying Down","Resting",NA,45,0,"Inactive"
"1180",2023-07-16,"Elia","Baseline Weekday",0,10:32:50,"1","Lying Down","Resting",NA,0,0,"Inactive"
"1181",2023-07-16,"Elia","Baseline Weekday",0,10:33:05,"1","Lying Down","Resting",NA,15,0,"Inactive"
"1182",2023-07-16,"Elia","Baseline Weekday",0,10:33:20,"1","Lying Down","Resting",NA,30,0,"Inactive"
"1183",2023-07-16,"Elia","Baseline Weekday",0,10:33:35,"1","Lying Down","Resting",NA,45,0,"Inactive"
"1184",2023-07-16,"Elia","Baseline Weekday",0,10:33:50,"1","Lying Down","Resting",NA,0,0,"Inactive"
"1185",2023-07-16,"Elia","Baseline Weekday",0,10:34:05,"1","Lying Down","Resting",NA,15,0,"Inactive"
"1186",2023-07-16,"Elia","Baseline Weekday",0,10:34:20,"1","Lying Down","Resting",NA,30,0,"Inactive"
"1187",2023-07-16,"Elia","Baseline Weekday",0,10:34:35,"1","Lying Down","Resting",NA,45,0,"Inactive"
"1188",2023-07-16,"Elia","Baseline Weekday",0,10:34:50,"1","Lying Down","Resting",NA,0,0,"Inactive"
"1189",2023-07-16,"Elia","Baseline Weekday",0,10:35:05,"1","Lying Down","Resting",NA,15,0,"Inactive"
"1190",2023-07-16,"Elia","Baseline Weekday",0,10:35:20,"1","Lying Down","Resting",NA,30,0,"Inactive"
"1191",2023-07-16,"Elia","Baseline Weekday",0,10:35:35,"1","Lying Down","Resting",NA,45,0,"Inactive"
"1192",2023-07-16,"Elia","Baseline Weekday",0,10:35:50,"1","Lying Down","Resting",NA,0,0,"Inactive"
"1193",2023-07-25,"Elia","Intervention Weekday",300,09:10:58,"5","Sitting","Eating",NA,0,0,"Active"
"1194",2023-07-25,"Elia","Intervention Weekday",300,09:11:13,"6","Standing","Locomotion",NA,15,15,"Active"
"1195",2023-07-25,"Elia","Intervention Weekday",300,09:11:28,"6","Standing","Drinking",NA,30,30,"Active"
"1196",2023-07-25,"Elia","Intervention Weekday",300,09:11:43,"5","Standing","Locomotion",NA,45,45,"Active"
"1197",2023-07-25,"Elia","Intervention Weekday",300,09:11:58,"5","Sitting","Grooming",NA,0,60,"Active"
"1198",2023-07-25,"Elia","Intervention Weekday",300,09:12:13,"6","Standing","Locomotion",NA,15,75,"Active"
"1199",2023-07-25,"Elia","Intervention Weekday",300,09:12:28,"6","Standing","Locomotion",NA,30,90,"Active"
"1200",2023-07-25,"Elia","Intervention Weekday",300,09:12:43,"5","Standing","Rubbing","Fencing",45,105,"Active"
"1201",2023-07-25,"Elia","Intervention Weekday",300,09:12:58,"5","Standing","Locomotion",NA,0,120,"Active"
"1202",2023-07-25,"Elia","Intervention Weekday",300,09:13:13,"5","Standing","Locomotion",NA,15,135,"Active"
"1203",2023-07-25,"Elia","Intervention Weekday",300,09:13:28,"6","Sitting","Pause",NA,30,150,"Inactive"
"1204",2023-07-25,"Elia","Intervention Weekday",300,09:13:43,"5","Standing","Locomotion",NA,45,165,"Active"
"1205",2023-07-25,"Elia","Intervention Weekday",300,09:13:58,"6","Sitting","Drinking",NA,0,180,"Active"
"1206",2023-07-25,"Elia","Intervention Weekday",300,09:14:13,"5","Sitting","Resting",NA,15,195,"Inactive"
"1207",2023-07-25,"Elia","Intervention Weekday",300,09:14:28,"5","Sitting","Resting",NA,30,210,"Inactive"
"1208",2023-07-25,"Elia","Intervention Weekday",300,09:14:43,"6","Standing","Locomotion",NA,45,225,"Active"
"1209",2023-07-25,"Elia","Intervention Weekday",300,09:14:58,"5","Standing","Locomotion",NA,0,240,"Active"
"1210",2023-07-25,"Elia","Intervention Weekday",300,09:15:13,"4","Standing","Locomotion",NA,15,255,"Active"
"1211",2023-07-25,"Elia","Intervention Weekday",300,09:15:28,"5","Standing","Locomotion",NA,30,270,"Active"
"1212",2023-07-25,"Elia","Intervention Weekday",300,09:15:43,"5","Standing","Locomotion",NA,45,285,"Active"
"1213",2023-07-25,"Elia","Intervention Weekday",300,09:15:58,"5","Sitting","Eating",NA,0,300,"Active"
"1214",2023-07-25,"Elia","Intervention Weekday",300,09:16:13,"6","Standing","Locomotion",NA,15,0,"Active"
"1215",2023-07-25,"Elia","Intervention Weekday",300,09:16:28,"6","Standing","Locomotion",NA,30,15,"Active"
"1216",2023-07-25,"Elia","Intervention Weekday",300,09:16:43,"5","Sitting","Resting",NA,45,30,"Inactive"
"1217",2023-07-25,"Elia","Intervention Weekday",300,09:16:58,"5","Sitting","Resting",NA,0,45,"Inactive"
"1218",2023-07-25,"Elia","Intervention Weekday",300,09:17:13,"6","Sitting","Drinking",NA,15,60,"Active"
"1219",2023-07-25,"Elia","Intervention Weekday",300,09:17:28,"6","Sitting","Drinking",NA,30,75,"Active"
"1220",2023-07-25,"Elia","Intervention Weekday",300,09:17:43,"6","Sitting","Drinking",NA,45,90,"Active"
"1221",2023-07-25,"Elia","Intervention Weekday",300,09:17:58,"6","Sitting","Drinking",NA,0,105,"Active"
"1222",2023-07-25,"Elia","Intervention Weekday",300,09:18:13,"6","Sitting","Drinking",NA,15,120,"Active"
"1223",2023-07-25,"Elia","Intervention Weekday",300,09:18:28,"4","Sitting","Grooming",NA,30,135,"Active"
"1224",2023-07-25,"Elia","Intervention Weekday",300,09:18:43,"4","Sitting","Resting",NA,45,150,"Inactive"
"1225",2023-07-25,"Elia","Intervention Weekday",300,09:18:58,"5","Sitting","Resting",NA,0,165,"Inactive"
"1226",2023-07-25,"Elia","Intervention Weekday",300,09:19:13,"1","Rearing","Locomotion",NA,15,180,"Active"
"1227",2023-07-25,"Elia","Intervention Weekday",300,09:19:28,"6","Sitting","Drinking",NA,30,195,"Active"
"1228",2023-07-25,"Elia","Intervention Weekday",300,09:19:43,"6","Sitting","Drinking",NA,45,210,"Active"
"1229",2023-07-25,"Elia","Intervention Weekday",300,09:19:58,"5","Standing","Locomotion",NA,0,225,"Active"
"1230",2023-07-25,"Elia","Intervention Weekday",300,09:20:13,"6","Sitting","Resting",NA,15,240,"Inactive"
"1231",2023-07-25,"Elia","Intervention Weekday",300,09:20:28,"6","Sitting","Resting",NA,30,255,"Inactive"
"1232",2023-07-25,"Elia","Intervention Weekday",300,09:20:43,"6","Sitting","Resting",NA,45,270,"Inactive"
"1233",2023-07-25,"Elia","Intervention Weekday",300,09:20:58,"5","Standing","Eating",NA,0,285,"Active"
"1234",2023-07-25,"Elia","Intervention Weekday",300,09:21:13,"5","Sitting","Resting",NA,15,300,"Inactive"
"1235",2023-07-25,"Elia","Intervention Weekday",300,09:21:28,"5","Sitting","Resting",NA,30,0,"Inactive"
"1236",2023-07-25,"Elia","Intervention Weekday",300,09:21:43,"5","Sitting","Resting",NA,45,15,"Inactive"
"1237",2023-07-25,"Elia","Intervention Weekday",300,09:21:58,"5","Sitting","Resting",NA,0,30,"Inactive"
"1238",2023-07-25,"Elia","Intervention Weekday",300,09:22:13,"6","Standing","Locomotion",NA,15,45,"Active"
"1239",2023-07-25,"Elia","Intervention Weekday",300,09:22:28,"6","Sitting","Resting",NA,30,60,"Inactive"
"1240",2023-07-25,"Elia","Intervention Weekday",300,09:22:43,"6","Sitting","Resting",NA,45,75,"Inactive"
"1241",2023-07-25,"Elia","Intervention Weekday",300,09:22:58,"5","Standing","Locomotion",NA,0,90,"Active"
"1242",2023-07-25,"Elia","Intervention Weekday",300,09:23:13,"6","Sitting","Resting",NA,15,105,"Inactive"
"1243",2023-07-25,"Elia","Intervention Weekday",300,09:23:28,"6","Sitting","Resting",NA,30,120,"Inactive"
"1244",2023-07-25,"Elia","Intervention Weekday",300,09:23:43,"6","Sitting","Resting",NA,45,135,"Inactive"
"1245",2023-07-25,"Elia","Intervention Weekday",300,09:23:58,"6","Sitting","Resting",NA,0,150,"Inactive"
"1246",2023-07-25,"Elia","Intervention Weekday",300,09:24:13,"6","Sitting","Resting",NA,15,165,"Inactive"
"1247",2023-07-25,"Elia","Intervention Weekday",300,09:24:28,"6","Standing","Pause",NA,30,180,"Inactive"
"1248",2023-07-25,"Elia","Intervention Weekday",300,09:24:43,"6","Sitting","Resting",NA,45,195,"Inactive"
"1249",2023-07-25,"Elia","Intervention Weekday",300,09:24:58,"5","Sitting","Resting",NA,0,210,"Inactive"
"1250",2023-07-25,"Elia","Intervention Weekday",300,09:25:13,"5","Sitting","Resting",NA,15,225,"Inactive"
"1251",2023-07-25,"Elia","Intervention Weekday",300,09:25:28,"6","Sitting","Drinking",NA,30,240,"Active"
"1252",2023-07-25,"Elia","Intervention Weekday",300,09:25:43,"6","Sitting","Drinking",NA,45,255,"Active"
"1253",2023-07-25,"Elia","Intervention Weekday",300,09:25:58,"6","Standing","Locomotion",NA,0,270,"Active"
"1254",2023-09-21,"Bernie","Baseline Weekday",0,10:07:15,"Feeder","Sitting","Resting",NA,0,0,"Inactive"
"1255",2023-09-21,"Bernie","Baseline Weekday",0,10:07:30,"Feeder","Sitting","Resting",NA,15,0,"Inactive"
"1256",2023-09-21,"Bernie","Baseline Weekday",0,10:07:45,"Feeder","Sitting","Resting",NA,30,0,"Inactive"
"1257",2023-09-21,"Bernie","Baseline Weekday",0,10:08:00,"Feeder","Sitting","Resting",NA,45,0,"Inactive"
"1258",2023-09-21,"Bernie","Baseline Weekday",0,10:08:15,"Feeder","Sitting","Resting",NA,0,0,"Inactive"
"1259",2023-09-21,"Bernie","Baseline Weekday",0,10:08:30,"Feeder","Sitting","Resting",NA,15,0,"Inactive"
"1260",2023-09-21,"Bernie","Baseline Weekday",0,10:08:45,"Feeder","Sitting","Resting",NA,30,0,"Inactive"
"1261",2023-09-21,"Bernie","Baseline Weekday",0,10:09:00,"Feeder","Sitting","Resting",NA,45,0,"Inactive"
"1262",2023-09-21,"Bernie","Baseline Weekday",0,10:09:15,"Feeder","Sitting","Resting",NA,0,0,"Inactive"
"1263",2023-09-21,"Bernie","Baseline Weekday",0,10:09:30,"Feeder","Sitting","Resting",NA,15,0,"Inactive"
"1264",2023-09-21,"Bernie","Baseline Weekday",0,10:09:45,"Feeder","Sitting","Resting",NA,30,0,"Inactive"
"1265",2023-09-21,"Bernie","Baseline Weekday",0,10:10:00,"Feeder","Sitting","Resting",NA,45,0,"Inactive"
"1266",2023-09-21,"Bernie","Baseline Weekday",0,10:10:15,"Feeder","Sitting","Resting",NA,0,0,"Inactive"
"1267",2023-09-21,"Bernie","Baseline Weekday",0,10:10:30,"Feeder","Sitting","Resting",NA,15,0,"Inactive"
"1268",2023-09-21,"Bernie","Baseline Weekday",0,10:10:45,"Feeder","Sitting","Resting",NA,30,0,"Inactive"
"1269",2023-09-21,"Bernie","Baseline Weekday",0,10:11:00,"3","Standing","Locomotion",NA,45,0,"Active"
"1270",2023-09-21,"Bernie","Baseline Weekday",0,10:11:15,"Feeder","Standing","Pause",NA,0,0,"Inactive"
"1271",2023-09-21,"Bernie","Baseline Weekday",0,10:11:30,"Feeder","Sitting","Resting",NA,15,0,"Inactive"
"1272",2023-09-21,"Bernie","Baseline Weekday",0,10:11:45,"Feeder","Sitting","Resting",NA,30,0,"Inactive"
"1273",2023-09-21,"Bernie","Baseline Weekday",0,10:12:00,"3","Sitting","Drinking",NA,45,0,"Active"
"1274",2023-09-21,"Bernie","Baseline Weekday",0,10:12:15,"3","Sitting","Drinking",NA,0,0,"Active"
"1275",2023-09-21,"Bernie","Baseline Weekday",0,10:12:30,"3","Sitting","Pause",NA,15,0,"Inactive"
"1276",2023-09-21,"Bernie","Baseline Weekday",0,10:12:45,"3","Standing","Locomotion",NA,30,0,"Active"
"1277",2023-09-21,"Bernie","Baseline Weekday",0,10:13:00,"Feeder","Sitting","Resting",NA,45,0,"Inactive"
"1278",2023-09-21,"Bernie","Baseline Weekday",0,10:13:15,"Feeder","Sitting","Resting",NA,0,0,"Inactive"
"1279",2023-09-21,"Bernie","Baseline Weekday",0,10:13:30,"Feeder","Sitting","Resting",NA,15,0,"Inactive"
"1280",2023-09-21,"Bernie","Baseline Weekday",0,10:13:45,"Feeder","Sitting","Resting",NA,30,0,"Inactive"
"1281",2023-09-21,"Bernie","Baseline Weekday",0,10:14:00,"Feeder","Sitting","Resting",NA,45,0,"Inactive"
"1282",2023-09-21,"Bernie","Baseline Weekday",0,10:14:15,"Feeder","Sitting","Resting",NA,0,0,"Inactive"
"1283",2023-09-21,"Bernie","Baseline Weekday",0,10:14:30,"Feeder","Sitting","Resting",NA,15,0,"Inactive"
"1284",2023-09-21,"Bernie","Baseline Weekday",0,10:14:45,"Feeder","Sitting","Resting",NA,30,0,"Inactive"
"1285",2023-09-21,"Bernie","Baseline Weekday",0,10:15:00,"Feeder","Sitting","Resting",NA,45,0,"Inactive"
"1286",2023-09-21,"Bernie","Baseline Weekday",0,10:15:15,"Feeder","Sitting","Resting",NA,0,0,"Inactive"
"1287",2023-09-21,"Bernie","Baseline Weekday",0,10:15:30,"Feeder","Sitting","Resting",NA,15,0,"Inactive"
"1288",2023-09-21,"Bernie","Baseline Weekday",0,10:15:45,"Feeder","Sitting","Resting",NA,30,0,"Inactive"
"1289",2023-09-21,"Bernie","Baseline Weekday",0,10:16:00,"Feeder","Sitting","Resting",NA,45,0,"Inactive"
"1290",2023-09-21,"Bernie","Baseline Weekday",0,10:16:15,"Feeder","Sitting","Resting",NA,0,0,"Inactive"
"1291",2023-09-21,"Bernie","Baseline Weekday",0,10:16:30,"Feeder","Sitting","Resting",NA,15,0,"Inactive"
"1292",2023-09-21,"Bernie","Baseline Weekday",0,10:16:45,"Feeder","Sitting","Resting",NA,30,0,"Inactive"
"1293",2023-09-21,"Bernie","Baseline Weekday",0,10:17:00,"Feeder","Sitting","Resting",NA,45,0,"Inactive"
"1294",2023-09-21,"Bernie","Baseline Weekday",0,10:17:15,"Feeder","Sitting","Resting",NA,0,0,"Inactive"
"1295",2023-09-21,"Bernie","Baseline Weekday",0,10:17:30,"Feeder","Sitting","Resting",NA,15,0,"Inactive"
"1296",2023-09-21,"Bernie","Baseline Weekday",0,10:17:45,"Feeder","Sitting","Resting",NA,30,0,"Inactive"
"1297",2023-09-21,"Bernie","Baseline Weekday",0,10:18:00,"Feeder","Sitting","Resting",NA,45,0,"Inactive"
"1298",2023-09-21,"Bernie","Baseline Weekday",0,10:18:15,"Feeder","Sitting","Resting",NA,0,0,"Inactive"
"1299",2023-09-21,"Bernie","Baseline Weekday",0,10:18:30,"Feeder","Sitting","Resting",NA,15,0,"Inactive"
"1300",2023-09-21,"Bernie","Baseline Weekday",0,10:18:45,"Feeder","Sitting","Resting",NA,30,0,"Inactive"
"1301",2023-09-21,"Bernie","Baseline Weekday",0,10:19:00,"Feeder","Sitting","Resting",NA,45,0,"Inactive"
"1302",2023-09-21,"Bernie","Baseline Weekday",0,10:19:15,"Feeder","Sitting","Resting",NA,0,0,"Inactive"
"1303",2023-09-21,"Bernie","Baseline Weekday",0,10:19:30,"Feeder","Sitting","Resting",NA,15,0,"Inactive"
"1304",2023-09-21,"Bernie","Baseline Weekday",0,10:19:45,"Feeder","Sitting","Resting",NA,30,0,"Inactive"
"1305",2023-09-21,"Bernie","Baseline Weekday",0,10:20:00,"Feeder","Sitting","Resting",NA,45,0,"Inactive"
"1306",2023-09-21,"Bernie","Baseline Weekday",0,10:20:15,"Feeder","Sitting","Resting",NA,0,0,"Inactive"
"1307",2023-09-21,"Bernie","Baseline Weekday",0,10:20:30,"Feeder","Sitting","Resting",NA,15,0,"Inactive"
"1308",2023-09-21,"Bernie","Baseline Weekday",0,10:20:45,"2","Rearing","Locomotion",NA,30,0,"Active"
"1309",2023-09-21,"Bernie","Baseline Weekday",0,10:21:00,"Shelf","Sitting","Resting",NA,45,0,"Inactive"
"1310",2023-09-21,"Bernie","Baseline Weekday",0,10:21:15,"Shelf","Lying Down","Resting",NA,0,0,"Inactive"
"1311",2023-09-21,"Bernie","Baseline Weekday",0,10:21:30,"Shelf","Lying Down","Resting",NA,15,0,"Inactive"
"1312",2023-09-21,"Bernie","Baseline Weekday",0,10:21:45,"Shelf","Lying Down","Resting",NA,30,0,"Inactive"
"1313",2023-09-21,"Bernie","Baseline Weekday",0,10:22:00,"Shelf","Lying Down","Resting",NA,45,0,"Inactive"
"1314",2023-09-21,"Bernie","Baseline Weekday",0,10:22:15,"Shelf","Lying Down","Resting",NA,0,0,"Inactive"
"1315",2023-09-28,"Bernie","Baseline Weekday",0,11:12:15,"Shelf","Lying Down","Resting",NA,0,0,"Inactive"
"1316",2023-09-28,"Bernie","Baseline Weekday",0,11:12:30,"Shelf","Lying Down","Resting",NA,15,0,"Inactive"
"1317",2023-09-28,"Bernie","Baseline Weekday",0,11:12:45,"Shelf","Lying Down","Resting",NA,30,0,"Inactive"
"1318",2023-09-28,"Bernie","Baseline Weekday",0,11:13:00,"Shelf","Lying Down","Resting",NA,45,0,"Inactive"
"1319",2023-09-28,"Bernie","Baseline Weekday",0,11:13:15,"Shelf","Lying Down","Resting",NA,0,0,"Inactive"
"1320",2023-09-28,"Bernie","Baseline Weekday",0,11:13:30,"Shelf","Lying Down","Resting",NA,15,0,"Inactive"
"1321",2023-09-28,"Bernie","Baseline Weekday",0,11:13:45,"Shelf","Lying Down","Resting",NA,30,0,"Inactive"
"1322",2023-09-28,"Bernie","Baseline Weekday",0,11:14:00,"Shelf","Lying Down","Resting",NA,45,0,"Inactive"
"1323",2023-09-28,"Bernie","Baseline Weekday",0,11:14:15,"3","Standing","Eating",NA,0,0,"Active"
"1324",2023-09-28,"Bernie","Baseline Weekday",0,11:14:30,"3","Sitting","Eating",NA,15,0,"Active"
"1325",2023-09-28,"Bernie","Baseline Weekday",0,11:14:45,"3","Sitting","Eating",NA,30,0,"Active"
"1326",2023-09-28,"Bernie","Baseline Weekday",0,11:15:00,"3","Sitting","Eating",NA,45,0,"Active"
"1327",2023-09-28,"Bernie","Baseline Weekday",0,11:15:15,"3","Sitting","Eating",NA,0,0,"Active"
"1328",2023-09-28,"Bernie","Baseline Weekday",0,11:15:30,"4","Standing","Locomotion",NA,15,0,"Active"
"1329",2023-09-28,"Bernie","Baseline Weekday",0,11:15:45,"4","Standing","Drinking",NA,30,0,"Active"
"1330",2023-09-28,"Bernie","Baseline Weekday",0,11:16:00,"4","Sitting","Pause",NA,45,0,"Inactive"
"1331",2023-09-28,"Bernie","Baseline Weekday",0,11:16:15,"4","Sitting","Drinking",NA,0,0,"Active"
"1332",2023-09-28,"Bernie","Baseline Weekday",0,11:16:30,"4","Sitting","Drinking",NA,15,0,"Active"
"1333",2023-09-28,"Bernie","Baseline Weekday",0,11:16:45,"4","Standing","Locomotion",NA,30,0,"Active"
"1334",2023-09-28,"Bernie","Baseline Weekday",0,11:17:00,"3","Standing","Locomotion",NA,45,0,"Active"
"1335",2023-09-28,"Bernie","Baseline Weekday",0,11:17:15,"6","Standing","Locomotion",NA,0,0,"Active"
"1336",2023-09-28,"Bernie","Baseline Weekday",0,11:17:30,"Shelf","Standing","Locomotion",NA,15,0,"Active"
"1337",2023-09-28,"Bernie","Baseline Weekday",0,11:17:45,"Shelf","Sitting","Resting",NA,30,0,"Inactive"
"1338",2023-09-28,"Bernie","Baseline Weekday",0,11:18:00,"Shelf","Sitting","Grooming",NA,45,0,"Active"
"1339",2023-09-28,"Bernie","Baseline Weekday",0,11:18:15,"Shelf","Sitting","Resting",NA,0,0,"Inactive"
"1340",2023-09-28,"Bernie","Baseline Weekday",0,11:18:30,"Shelf","Sitting","Resting",NA,15,0,"Inactive"
"1341",2023-09-28,"Bernie","Baseline Weekday",0,11:18:45,"Shelf","Sitting","Resting",NA,30,0,"Inactive"
"1342",2023-09-28,"Bernie","Baseline Weekday",0,11:19:00,"Shelf","Sitting","Resting",NA,45,0,"Inactive"
"1343",2023-09-28,"Bernie","Baseline Weekday",0,11:19:15,"Shelf","Sitting","Resting",NA,0,0,"Inactive"
"1344",2023-09-28,"Bernie","Baseline Weekday",0,11:19:30,"Shelf","Sitting","Resting",NA,15,0,"Inactive"
"1345",2023-09-28,"Bernie","Baseline Weekday",0,11:19:45,"Shelf","Sitting","Resting",NA,30,0,"Inactive"
"1346",2023-09-28,"Bernie","Baseline Weekday",0,11:20:00,"Shelf","Sitting","Resting",NA,45,0,"Inactive"
"1347",2023-09-28,"Bernie","Baseline Weekday",0,11:20:15,"Shelf","Sitting","Resting",NA,0,0,"Inactive"
"1348",2023-09-28,"Bernie","Baseline Weekday",0,11:20:30,"Shelf","Sitting","Resting",NA,15,0,"Inactive"
"1349",2023-09-28,"Bernie","Baseline Weekday",0,11:20:45,"Shelf","Sitting","Resting",NA,30,0,"Inactive"
"1350",2023-09-28,"Bernie","Baseline Weekday",0,11:21:00,"Shelf","Sitting","Grooming",NA,45,0,"Active"
"1351",2023-09-28,"Bernie","Baseline Weekday",0,11:21:15,"Shelf","Sitting","Resting",NA,0,0,"Inactive"
"1352",2023-09-28,"Bernie","Baseline Weekday",0,11:21:30,"Shelf","Sitting","Resting",NA,15,0,"Inactive"
"1353",2023-09-28,"Bernie","Baseline Weekday",0,11:21:45,"Shelf","Sitting","Resting",NA,30,0,"Inactive"
"1354",2023-09-28,"Bernie","Baseline Weekday",0,11:22:00,"Shelf","Sitting","Resting",NA,45,0,"Inactive"
"1355",2023-09-28,"Bernie","Baseline Weekday",0,11:22:15,"Shelf","Sitting","Resting",NA,0,0,"Inactive"
"1356",2023-09-28,"Bernie","Baseline Weekday",0,11:22:30,"Shelf","Sitting","Grooming",NA,15,0,"Active"
"1357",2023-09-28,"Bernie","Baseline Weekday",0,11:22:45,"Shelf","Sitting","Grooming",NA,30,0,"Active"
"1358",2023-09-28,"Bernie","Baseline Weekday",0,11:23:00,"Shelf","Sitting","Grooming",NA,45,0,"Active"
"1359",2023-09-28,"Bernie","Baseline Weekday",0,11:23:15,"Shelf","Sitting","Grooming",NA,0,0,"Active"
"1360",2023-09-28,"Bernie","Baseline Weekday",0,11:23:30,"Shelf","Sitting","Grooming",NA,15,0,"Active"
"1361",2023-09-28,"Bernie","Baseline Weekday",0,11:23:45,"Shelf","Sitting","Resting",NA,30,0,"Inactive"
"1362",2023-09-28,"Bernie","Baseline Weekday",0,11:24:00,"Shelf","Sitting","Resting",NA,45,0,"Inactive"
"1363",2023-09-28,"Bernie","Baseline Weekday",0,11:24:15,"Shelf","Sitting","Resting",NA,0,0,"Inactive"
"1364",2023-09-28,"Bernie","Baseline Weekday",0,11:24:30,"Shelf","Sitting","Resting",NA,15,0,"Inactive"
"1365",2023-09-28,"Bernie","Baseline Weekday",0,11:24:45,"Shelf","Sitting","Resting",NA,30,0,"Inactive"
"1366",2023-09-28,"Bernie","Baseline Weekday",0,11:25:00,"Shelf","Sitting","Resting",NA,45,0,"Inactive"
"1367",2023-09-28,"Bernie","Baseline Weekday",0,11:25:15,"Shelf","Sitting","Resting",NA,0,0,"Inactive"
"1368",2023-09-28,"Bernie","Baseline Weekday",0,11:25:30,"Shelf","Sitting","Resting",NA,15,0,"Inactive"
"1369",2023-09-28,"Bernie","Baseline Weekday",0,11:25:45,"Shelf","Sitting","Resting",NA,30,0,"Inactive"
"1370",2023-09-28,"Bernie","Baseline Weekday",0,11:26:00,"Shelf","Sitting","Resting",NA,45,0,"Inactive"
"1371",2023-09-28,"Bernie","Baseline Weekday",0,11:26:15,"Shelf","Lying Down","Resting",NA,0,0,"Inactive"
"1372",2023-09-28,"Bernie","Baseline Weekday",0,11:26:30,"Shelf","Lying Down","Resting",NA,15,0,"Inactive"
"1373",2023-09-28,"Bernie","Baseline Weekday",0,11:26:45,"Shelf","Lying Down","Resting",NA,30,0,"Inactive"
"1374",2023-09-28,"Bernie","Baseline Weekday",0,11:27:00,"Shelf","Lying Down","Resting",NA,45,0,"Inactive"
"1375",2023-09-28,"Bernie","Baseline Weekday",0,11:27:15,"Shelf","Lying Down","Resting",NA,0,0,"Inactive"
"1376",2023-10-12,"Bernie","Baseline Weekday",0,09:39:39,"2","Standing","Locomotion",NA,0,0,"Active"
"1377",2023-10-12,"Bernie","Baseline Weekday",0,09:39:54,"5","Standing","Locomotion",NA,15,0,"Active"
"1378",2023-10-12,"Bernie","Baseline Weekday",0,09:40:09,"5","Standing","Locomotion",NA,30,0,"Active"
"1379",2023-10-12,"Bernie","Baseline Weekday",0,09:40:24,"Shelf","Standing","Resting",NA,45,0,"Inactive"
"1380",2023-10-12,"Bernie","Baseline Weekday",0,09:40:39,"3","Standing","Locomotion",NA,0,0,"Active"
"1381",2023-10-12,"Bernie","Baseline Weekday",0,09:40:54,"1","Standing","Locomotion",NA,15,0,"Active"
"1382",2023-10-12,"Bernie","Baseline Weekday",0,09:41:09,"1","Standing","Locomotion",NA,30,0,"Active"
"1383",2023-10-12,"Bernie","Baseline Weekday",0,09:41:24,"Fence","Other","Locomotion","Fencing",45,0,"Active"
"1384",2023-10-12,"Bernie","Baseline Weekday",0,09:41:39,"2","Standing","Locomotion",NA,0,0,"Active"
"1385",2023-10-12,"Bernie","Baseline Weekday",0,09:41:54,"Fence","Other","Locomotion",NA,15,0,"Active"
"1386",2023-10-12,"Bernie","Baseline Weekday",0,09:42:09,"Fence","Other","Locomotion",NA,30,0,"Active"
"1387",2023-10-12,"Bernie","Baseline Weekday",0,09:42:24,"Fence","Other","Locomotion",NA,45,0,"Active"
"1388",2023-10-12,"Bernie","Baseline Weekday",0,09:42:39,"6","Rearing","Locomotion","Fencing",0,0,"Active"
"1389",2023-10-12,"Bernie","Baseline Weekday",0,09:42:54,"Fence","Other","Locomotion","Fencing",15,0,"Active"
"1390",2023-10-12,"Bernie","Baseline Weekday",0,09:43:09,"6","Standing","Locomotion",NA,30,0,"Active"
"1391",2023-10-12,"Bernie","Baseline Weekday",0,09:43:24,"2","Standing","Drinking",NA,45,0,"Active"
"1392",2023-10-12,"Bernie","Baseline Weekday",0,09:43:39,"2","Standing","Drinking",NA,0,0,"Active"
"1393",2023-10-12,"Bernie","Baseline Weekday",0,09:43:54,"2","Standing","Drinking",NA,15,0,"Active"
"1394",2023-10-12,"Bernie","Baseline Weekday",0,09:44:09,"6","Standing","Locomotion",NA,30,0,"Active"
"1395",2023-10-12,"Bernie","Baseline Weekday",0,09:44:24,"5","Standing","Locomotion",NA,45,0,"Active"
"1396",2023-10-12,"Bernie","Baseline Weekday",0,09:44:39,"2","Standing","Locomotion",NA,0,0,"Active"
"1397",2023-10-12,"Bernie","Baseline Weekday",0,09:44:54,"5","Rearing","Locomotion","Fencing",15,0,"Active"
"1398",2023-10-12,"Bernie","Baseline Weekday",0,09:45:09,"Fence","Standing","Locomotion","Fencing",30,0,"Active"
"1399",2023-10-12,"Bernie","Baseline Weekday",0,09:45:24,"Fence","Standing","Locomotion","Fencing",45,0,"Active"
"1400",2023-10-12,"Bernie","Baseline Weekday",0,09:45:39,"5","Rearing","Locomotion","Fencing",0,0,"Active"
"1401",2023-10-12,"Bernie","Baseline Weekday",0,09:45:54,"Shelf","Standing","Locomotion",NA,15,0,"Active"
"1402",2023-10-12,"Bernie","Baseline Weekday",0,09:46:09,"Shelf","Sitting","Resting",NA,30,0,"Inactive"
"1403",2023-10-12,"Bernie","Baseline Weekday",0,09:46:24,"6","Standing","Locomotion",NA,45,0,"Active"
"1404",2023-10-12,"Bernie","Baseline Weekday",0,09:46:39,"5","Rearing","Locomotion",NA,0,0,"Active"
"1405",2023-10-12,"Bernie","Baseline Weekday",0,09:46:54,"Shelf","Standing","Locomotion",NA,15,0,"Active"
"1406",2023-10-12,"Bernie","Baseline Weekday",0,09:47:09,"Shelf","Sitting","Resting",NA,30,0,"Inactive"
"1407",2023-10-12,"Bernie","Baseline Weekday",0,09:47:24,"2","Standing","Drinking",NA,45,0,"Active"
"1408",2023-10-12,"Bernie","Baseline Weekday",0,09:47:39,"2","Standing","Drinking",NA,0,0,"Active"
"1409",2023-10-12,"Bernie","Baseline Weekday",0,09:47:54,"2","Standing","Drinking",NA,15,0,"Active"
"1410",2023-10-12,"Bernie","Baseline Weekday",0,09:48:09,"5","Standing","Locomotion",NA,30,0,"Active"
"1411",2023-10-12,"Bernie","Baseline Weekday",0,09:48:24,"Shelf","Lying Down","Resting",NA,45,0,"Inactive"
"1412",2023-10-12,"Bernie","Baseline Weekday",0,09:48:39,"Shelf","Lying Down","Resting",NA,0,0,"Inactive"
"1413",2023-10-12,"Bernie","Baseline Weekday",0,09:48:54,"Shelf","Lying Down","Resting",NA,15,0,"Inactive"
"1414",2023-10-12,"Bernie","Baseline Weekday",0,09:49:09,"Shelf","Lying Down","Resting",NA,30,0,"Inactive"
"1415",2023-10-12,"Bernie","Baseline Weekday",0,09:49:24,"Shelf","Lying Down","Resting",NA,45,0,"Inactive"
"1416",2023-10-12,"Bernie","Baseline Weekday",0,09:49:39,"Shelf","Lying Down","Resting",NA,0,0,"Inactive"
"1417",2023-10-12,"Bernie","Baseline Weekday",0,09:49:54,"Shelf","Lying Down","Resting",NA,15,0,"Inactive"
"1418",2023-10-12,"Bernie","Baseline Weekday",0,09:50:09,"Shelf","Lying Down","Resting",NA,30,0,"Inactive"
"1419",2023-10-12,"Bernie","Baseline Weekday",0,09:50:24,"Shelf","Lying Down","Resting",NA,45,0,"Inactive"
"1420",2023-10-12,"Bernie","Baseline Weekday",0,09:50:39,"Shelf","Lying Down","Resting",NA,0,0,"Inactive"
"1421",2023-10-12,"Bernie","Baseline Weekday",0,09:50:54,"Shelf","Lying Down","Resting",NA,15,0,"Inactive"
"1422",2023-10-12,"Bernie","Baseline Weekday",0,09:51:09,"Shelf","Lying Down","Resting",NA,30,0,"Inactive"
"1423",2023-10-12,"Bernie","Baseline Weekday",0,09:51:24,"Shelf","Lying Down","Resting",NA,45,0,"Inactive"
"1424",2023-10-12,"Bernie","Baseline Weekday",0,09:51:39,"Shelf","Lying Down","Resting",NA,0,0,"Inactive"
"1425",2023-10-12,"Bernie","Baseline Weekday",0,09:51:54,"Shelf","Lying Down","Resting",NA,15,0,"Inactive"
"1426",2023-10-12,"Bernie","Baseline Weekday",0,09:52:09,"Shelf","Lying Down","Resting",NA,30,0,"Inactive"
"1427",2023-10-12,"Bernie","Baseline Weekday",0,09:52:24,"Shelf","Lying Down","Resting",NA,45,0,"Inactive"
"1428",2023-10-12,"Bernie","Baseline Weekday",0,09:52:39,"Shelf","Lying Down","Resting",NA,0,0,"Inactive"
"1429",2023-10-12,"Bernie","Baseline Weekday",0,09:52:54,"Shelf","Lying Down","Resting",NA,15,0,"Inactive"
"1430",2023-10-12,"Bernie","Baseline Weekday",0,09:53:09,"Shelf","Lying Down","Resting",NA,30,0,"Inactive"
"1431",2023-10-12,"Bernie","Baseline Weekday",0,09:53:24,"Shelf","Lying Down","Resting",NA,45,0,"Inactive"
"1432",2023-10-12,"Bernie","Baseline Weekday",0,09:53:39,"4","Standing","Eating",NA,0,0,"Active"
"1433",2023-10-12,"Bernie","Baseline Weekday",0,09:53:54,"4","Standing","Eating",NA,15,0,"Active"
"1434",2023-10-12,"Bernie","Baseline Weekday",0,09:54:09,"4","Standing","Eating",NA,30,0,"Active"
"1435",2023-10-17,"Bernie","Intervention Weekday",120,10:37:16,"6","Sitting","Eating",NA,0,0,"Active"
"1436",2023-10-17,"Bernie","Intervention Weekday",120,10:37:31,"6","Sitting","Eating",NA,15,15,"Active"
"1437",2023-10-17,"Bernie","Intervention Weekday",120,10:37:46,"5","Sitting","Eating",NA,30,30,"Active"
"1438",2023-10-17,"Bernie","Intervention Weekday",120,10:38:01,"6","Sitting","Eating",NA,45,45,"Active"
"1439",2023-10-17,"Bernie","Intervention Weekday",120,10:38:16,"5","Standing","Eating",NA,0,60,"Active"
"1440",2023-10-17,"Bernie","Intervention Weekday",120,10:38:31,"5","Standing","Eating",NA,15,75,"Active"
"1441",2023-10-17,"Bernie","Intervention Weekday",120,10:38:46,"5","Standing","Eating",NA,30,90,"Active"
"1442",2023-10-17,"Bernie","Intervention Weekday",120,10:39:01,"Out of View","Out of View","Out of View",NA,45,105,"OutofView"
"1443",2023-10-17,"Bernie","Intervention Weekday",120,10:39:16,"6","Sitting","Eating",NA,0,120,"Active"
"1444",2023-10-17,"Bernie","Intervention Weekday",120,10:39:31,"5","Standing","Locomotion",NA,15,0,"Active"
"1445",2023-10-17,"Bernie","Intervention Weekday",120,10:39:46,"Shelf","Standing","Locomotion",NA,30,15,"Active"
"1446",2023-10-17,"Bernie","Intervention Weekday",120,10:40:01,"Shelf","Sitting","Resting",NA,45,30,"Inactive"
"1447",2023-10-17,"Bernie","Intervention Weekday",120,10:40:16,"Shelf","Lying Down","Resting",NA,0,45,"Inactive"
"1448",2023-10-17,"Bernie","Intervention Weekday",120,10:40:31,"Shelf","Lying Down","Resting",NA,15,60,"Inactive"
"1449",2023-10-17,"Bernie","Intervention Weekday",120,10:40:46,"Shelf","Lying Down","Resting",NA,30,75,"Inactive"
"1450",2023-10-17,"Bernie","Intervention Weekday",120,10:41:01,"Shelf","Lying Down","Resting",NA,45,90,"Inactive"
"1451",2023-10-17,"Bernie","Intervention Weekday",120,10:41:16,"6","Standing","Eating",NA,0,105,"Active"
"1452",2023-10-17,"Bernie","Intervention Weekday",120,10:41:31,"6","Sitting","Eating",NA,15,120,"Active"
"1453",2023-10-17,"Bernie","Intervention Weekday",120,10:41:46,"5","Sitting","Eating",NA,30,0,"Active"
"1454",2023-10-17,"Bernie","Intervention Weekday",120,10:42:01,"6","Sitting","Eating",NA,45,15,"Active"
"1455",2023-10-17,"Bernie","Intervention Weekday",120,10:42:16,"3","Standing","Locomotion",NA,0,30,"Active"
"1456",2023-10-17,"Bernie","Intervention Weekday",120,10:42:31,"Shelf","Out of View","Locomotion",NA,15,45,"Active"
"1457",2023-10-17,"Bernie","Intervention Weekday",120,10:42:46,"Shelf","Out of View","Locomotion",NA,30,60,"Active"
"1458",2023-10-17,"Bernie","Intervention Weekday",120,10:43:01,"Shelf","Lying Down","Locomotion",NA,45,75,"Active"
"1459",2023-10-17,"Bernie","Intervention Weekday",120,10:43:16,"6","Sitting","Eating",NA,0,90,"Active"
"1460",2023-10-17,"Bernie","Intervention Weekday",120,10:43:31,"5","Standing","Locomotion",NA,15,105,"Active"
"1461",2023-10-17,"Bernie","Intervention Weekday",120,10:43:46,"6","Standing","Locomotion",NA,30,120,"Active"
"1462",2023-10-17,"Bernie","Intervention Weekday",120,10:44:01,"Shelf","Out of View","Pause",NA,45,0,"Inactive"
"1463",2023-10-17,"Bernie","Intervention Weekday",120,10:44:16,"Shelf","Lying Down","Resting",NA,0,15,"Inactive"
"1464",2023-10-17,"Bernie","Intervention Weekday",120,10:44:31,"Shelf","Lying Down","Resting",NA,15,30,"Inactive"
"1465",2023-10-17,"Bernie","Intervention Weekday",120,10:44:46,"Shelf","Lying Down","Resting",NA,30,45,"Inactive"
"1466",2023-10-17,"Bernie","Intervention Weekday",120,10:45:01,"Shelf","Lying Down","Resting",NA,45,60,"Inactive"
"1467",2023-10-17,"Bernie","Intervention Weekday",120,10:45:16,"6","Sitting","Eating",NA,0,75,"Active"
"1468",2023-10-17,"Bernie","Intervention Weekday",120,10:45:31,"5","Sitting","Eating",NA,15,90,"Active"
"1469",2023-10-17,"Bernie","Intervention Weekday",120,10:45:46,"3","Standing","Locomotion",NA,30,105,"Active"
"1470",2023-10-17,"Bernie","Intervention Weekday",120,10:46:01,"Shelf","Out of View","Pause",NA,45,120,"Inactive"
"1471",2023-10-17,"Bernie","Intervention Weekday",120,10:46:16,"Shelf","Lying Down","Resting",NA,0,0,"Inactive"
"1472",2023-10-17,"Bernie","Intervention Weekday",120,10:46:31,"Shelf","Lying Down","Resting",NA,15,15,"Inactive"
"1473",2023-10-17,"Bernie","Intervention Weekday",120,10:46:46,"Shelf","Lying Down","Resting",NA,30,30,"Inactive"
"1474",2023-10-17,"Bernie","Intervention Weekday",120,10:47:01,"Shelf","Lying Down","Resting",NA,45,45,"Inactive"
"1475",2023-10-17,"Bernie","Intervention Weekday",120,10:47:16,"6","Sitting","Eating",NA,0,60,"Active"
"1476",2023-10-17,"Bernie","Intervention Weekday",120,10:47:31,"5","Sitting","Pause",NA,15,75,"Inactive"
"1477",2023-10-17,"Bernie","Intervention Weekday",120,10:47:46,"5","Standing","Locomotion","Water Bowl",30,90,"Active"
"1478",2023-10-17,"Bernie","Intervention Weekday",120,10:48:01,"4","Standing","Locomotion",NA,45,105,"Active"
"1479",2023-10-17,"Bernie","Intervention Weekday",120,10:48:16,"6","Standing","Locomotion","Feeder",0,120,"Active"
"1480",2023-10-17,"Bernie","Intervention Weekday",120,10:48:31,"Fence","Standing","Locomotion",NA,15,0,"Active"
"1481",2023-10-17,"Bernie","Intervention Weekday",120,10:48:46,"6","Standing","Locomotion",NA,30,15,"Active"
"1482",2023-10-17,"Bernie","Intervention Weekday",120,10:49:01,"5","Rearing","Locomotion","Fencing",45,30,"Active"
"1483",2023-10-17,"Bernie","Intervention Weekday",120,10:49:16,"6","Sitting","Eating",NA,0,45,"Active"
"1484",2023-10-17,"Bernie","Intervention Weekday",120,10:49:31,"5","Rearing","Locomotion","Fencing",15,60,"Active"
"1485",2023-10-17,"Bernie","Intervention Weekday",120,10:49:46,"5","Standing","Locomotion",NA,30,75,"Active"
"1486",2023-10-17,"Bernie","Intervention Weekday",120,10:50:01,"Shelf","Standing","Pause",NA,45,90,"Inactive"
"1487",2023-10-17,"Bernie","Intervention Weekday",120,10:50:16,"Shelf","Standing","Pause",NA,0,105,"Inactive"
"1488",2023-10-17,"Bernie","Intervention Weekday",120,10:50:31,"Shelf","Lying Down","Resting",NA,15,120,"Inactive"
"1489",2023-10-17,"Bernie","Intervention Weekday",120,10:50:46,"Shelf","Lying Down","Resting",NA,30,0,"Inactive"
"1490",2023-10-17,"Bernie","Intervention Weekday",120,10:51:01,"Shelf","Lying Down","Resting",NA,45,15,"Inactive"
"1491",2023-10-17,"Bernie","Intervention Weekday",120,10:51:16,"Shelf","Lying Down","Resting",NA,0,30,"Inactive"
"1492",2023-10-17,"Bernie","Intervention Weekday",120,10:51:31,"Shelf","Lying Down","Resting",NA,15,45,"Inactive"
"1493",2023-10-17,"Bernie","Intervention Weekday",120,10:51:46,"Shelf","Lying Down","Resting",NA,30,60,"Inactive"
"1494",2023-10-19,"Bernie","Intervention Weekday",120,08:54:02,"6","Sitting","Eating",NA,0,0,"Active"
"1495",2023-10-19,"Bernie","Intervention Weekday",120,08:54:17,"5","Rearing","Locomotion","Outside Object",15,15,"Active"
"1496",2023-10-19,"Bernie","Intervention Weekday",120,08:54:32,"6","Standing","Locomotion",NA,30,30,"Active"
"1497",2023-10-19,"Bernie","Intervention Weekday",120,08:54:47,"6","Standing","Locomotion",NA,45,45,"Active"
"1498",2023-10-19,"Bernie","Intervention Weekday",120,08:55:02,"5","Rearing","Locomotion","Outside Object",0,60,"Active"
"1499",2023-10-19,"Bernie","Intervention Weekday",120,08:55:17,"2","Standing","Locomotion",NA,15,75,"Active"
"1500",2023-10-19,"Bernie","Intervention Weekday",120,08:55:32,"2","Standing","Locomotion",NA,30,90,"Active"
"1501",2023-10-19,"Bernie","Intervention Weekday",120,08:55:47,"6","Standing","Locomotion",NA,45,105,"Active"
"1502",2023-10-19,"Bernie","Intervention Weekday",120,08:56:02,"6","Standing","Locomotion",NA,0,120,"Active"
"1503",2023-10-19,"Bernie","Intervention Weekday",120,08:56:17,"6","Standing","Eating",NA,15,0,"Active"
"1504",2023-10-19,"Bernie","Intervention Weekday",120,08:56:32,"6","Standing","Eating",NA,30,15,"Active"
"1505",2023-10-19,"Bernie","Intervention Weekday",120,08:56:47,"5","Standing","Eating",NA,45,30,"Active"
"1506",2023-10-19,"Bernie","Intervention Weekday",120,08:57:02,"5","Rearing","Locomotion","Outside Object",0,45,"Active"
"1507",2023-10-19,"Bernie","Intervention Weekday",120,08:57:17,"5","Standing","Locomotion",NA,15,60,"Active"
"1508",2023-10-19,"Bernie","Intervention Weekday",120,08:57:32,"Shelf","Standing","Locomotion",NA,30,75,"Active"
"1509",2023-10-19,"Bernie","Intervention Weekday",120,08:57:47,"Fence","Other","Locomotion","Outside Object",45,90,"Active"
"1510",2023-10-19,"Bernie","Intervention Weekday",120,08:58:02,"Fence","Other","Locomotion","Outside Object",0,105,"Active"
"1511",2023-10-19,"Bernie","Intervention Weekday",120,08:58:17,"1","Standing","Locomotion",NA,15,120,"Active"
"1512",2023-10-19,"Bernie","Intervention Weekday",120,08:58:32,"5","Rearing","Locomotion",NA,30,0,"Active"
"1513",2023-10-19,"Bernie","Intervention Weekday",120,08:58:47,"6","Sitting","Eating",NA,45,15,"Active"
"1514",2023-10-19,"Bernie","Intervention Weekday",120,08:59:02,"6","Sitting","Pause",NA,0,30,"Inactive"
"1515",2023-10-19,"Bernie","Intervention Weekday",120,08:59:17,"1","Standing","Locomotion",NA,15,45,"Active"
"1516",2023-10-19,"Bernie","Intervention Weekday",120,08:59:32,"6","Sitting","Pause",NA,30,60,"Inactive"
"1517",2023-10-19,"Bernie","Intervention Weekday",120,08:59:47,"6","Sitting","Eating",NA,45,75,"Active"
"1518",2023-10-19,"Bernie","Intervention Weekday",120,09:00:02,"5","Standing","Pace",NA,0,90,"Pace"
"1519",2023-10-19,"Bernie","Intervention Weekday",120,09:00:17,"Shelf","Lying Down","Resting",NA,15,105,"Inactive"
"1520",2023-10-19,"Bernie","Intervention Weekday",120,09:00:32,"6","Sitting","Eating",NA,30,120,"Active"
"1521",2023-10-19,"Bernie","Intervention Weekday",120,09:00:47,"6","Sitting","Pause",NA,45,0,"Inactive"
"1522",2023-10-19,"Bernie","Intervention Weekday",120,09:01:02,"6","Sitting","Pause",NA,0,15,"Inactive"
"1523",2023-10-19,"Bernie","Intervention Weekday",120,09:01:17,"Shelf","Lying Down","Resting",NA,15,30,"Inactive"
"1524",2023-10-19,"Bernie","Intervention Weekday",120,09:01:32,"Shelf","Lying Down","Resting",NA,30,45,"Inactive"
"1525",2023-10-19,"Bernie","Intervention Weekday",120,09:01:47,"Shelf","Lying Down","Resting",NA,45,60,"Inactive"
"1526",2023-10-19,"Bernie","Intervention Weekday",120,09:02:02,"Shelf","Lying Down","Resting",NA,0,75,"Inactive"
"1527",2023-10-19,"Bernie","Intervention Weekday",120,09:02:17,"Shelf","Lying Down","Resting",NA,15,90,"Inactive"
"1528",2023-10-19,"Bernie","Intervention Weekday",120,09:02:32,"6","Sitting","Eating",NA,30,105,"Active"
"1529",2023-10-19,"Bernie","Intervention Weekday",120,09:02:47,"3","Standing","Locomotion",NA,45,120,"Active"
"1530",2023-10-19,"Bernie","Intervention Weekday",120,09:03:02,"6","Sitting","Eating",NA,0,0,"Active"
"1531",2023-10-19,"Bernie","Intervention Weekday",120,09:03:17,"6","Sitting","Eating",NA,15,15,"Active"
"1532",2023-10-19,"Bernie","Intervention Weekday",120,09:03:32,"Out of View","Out of View","Out of View",NA,30,30,"OutofView"
"1533",2023-10-19,"Bernie","Intervention Weekday",120,09:03:47,"Shelf","Lying Down","Resting",NA,45,45,"Inactive"
"1534",2023-10-19,"Bernie","Intervention Weekday",120,09:04:02,"Shelf","Lying Down","Resting",NA,0,60,"Inactive"
"1535",2023-10-19,"Bernie","Intervention Weekday",120,09:04:17,"Shelf","Lying Down","Resting",NA,15,75,"Inactive"
"1536",2023-10-19,"Bernie","Intervention Weekday",120,09:04:32,"6","Sitting","Eating",NA,30,90,"Active"
"1537",2023-10-19,"Bernie","Intervention Weekday",120,09:04:47,"6","Sitting","Eating",NA,45,105,"Active"
"1538",2023-10-19,"Bernie","Intervention Weekday",120,09:05:02,"6","Sitting","Manipulating Object","Feeder",0,120,"Active"
"1539",2023-10-19,"Bernie","Intervention Weekday",120,09:05:17,"6","Standing","Locomotion",NA,15,0,"Active"
"1540",2023-10-19,"Bernie","Intervention Weekday",120,09:05:32,"Shelf","Out of View","Out of View",NA,30,15,"OutofView"
"1541",2023-10-19,"Bernie","Intervention Weekday",120,09:05:47,"Shelf","Lying Down","Resting",NA,45,30,"Inactive"
"1542",2023-10-19,"Bernie","Intervention Weekday",120,09:06:02,"Shelf","Lying Down","Resting",NA,0,45,"Inactive"
"1543",2023-10-19,"Bernie","Intervention Weekday",120,09:06:17,"Out of View","Out of View","Out of View",NA,15,60,"OutofView"
"1544",2023-10-19,"Bernie","Intervention Weekday",120,09:06:32,"6","Standing","Locomotion",NA,30,75,"Active"
"1545",2023-10-19,"Bernie","Intervention Weekday",120,09:06:47,"2","Sitting","Grooming",NA,45,90,"Active"
"1546",2023-10-19,"Bernie","Intervention Weekday",120,09:07:02,"2","Sitting","Grooming",NA,0,105,"Active"
"1547",2023-10-19,"Bernie","Intervention Weekday",120,09:07:17,"2","Sitting","Grooming",NA,15,120,"Active"
"1548",2023-10-19,"Bernie","Intervention Weekday",120,09:07:32,"6","Sitting","Resting",NA,30,0,"Inactive"
"1549",2023-10-19,"Bernie","Intervention Weekday",120,09:07:47,"3","Standing","Locomotion",NA,45,15,"Active"
"1550",2023-10-19,"Bernie","Intervention Weekday",120,09:08:02,"3","Standing","Locomotion",NA,0,30,"Active"
"1551",2023-10-19,"Bernie","Intervention Weekday",120,09:08:17,"5","Standing","Locomotion",NA,15,45,"Active"
"1552",2023-10-19,"Bernie","Intervention Weekday",120,09:08:32,"6","Sitting","Eating",NA,30,60,"Active"
"1553",2023-10-27,"Bernie","Baseline Weekday",0,09:05:36,"5","Rearing","Locomotion",NA,0,0,"Active"
"1554",2023-10-27,"Bernie","Baseline Weekday",0,09:05:51,"5","Rearing","Locomotion",NA,15,0,"Active"
"1555",2023-10-27,"Bernie","Baseline Weekday",0,09:06:06,"6","Standing","Pause",NA,30,0,"Inactive"
"1556",2023-10-27,"Bernie","Baseline Weekday",0,09:06:21,"6","Standing","Locomotion",NA,45,0,"Active"
"1557",2023-10-27,"Bernie","Baseline Weekday",0,09:06:36,"Shelf","Lying Down","Resting",NA,0,0,"Inactive"
"1558",2023-10-27,"Bernie","Baseline Weekday",0,09:06:51,"Shelf","Lying Down","Resting",NA,15,0,"Inactive"
"1559",2023-10-27,"Bernie","Baseline Weekday",0,09:07:06,"Shelf","Lying Down","Resting",NA,30,0,"Inactive"
"1560",2023-10-27,"Bernie","Baseline Weekday",0,09:07:21,"Shelf","Lying Down","Resting",NA,45,0,"Inactive"
"1561",2023-10-27,"Bernie","Baseline Weekday",0,09:07:36,"Shelf","Lying Down","Resting",NA,0,0,"Inactive"
"1562",2023-10-27,"Bernie","Baseline Weekday",0,09:07:51,"Shelf","Lying Down","Resting",NA,15,0,"Inactive"
"1563",2023-10-27,"Bernie","Baseline Weekday",0,09:08:06,"Shelf","Lying Down","Resting",NA,30,0,"Inactive"
"1564",2023-10-27,"Bernie","Baseline Weekday",0,09:08:21,"6","Standing","Eating",NA,45,0,"Active"
"1565",2023-10-27,"Bernie","Baseline Weekday",0,09:08:36,"6","Standing","Eating",NA,0,0,"Active"
"1566",2023-10-27,"Bernie","Baseline Weekday",0,09:08:51,"6","Standing","Eating",NA,15,0,"Active"
"1567",2023-10-27,"Bernie","Baseline Weekday",0,09:09:06,"6","Standing","Eating",NA,30,0,"Active"
"1568",2023-10-27,"Bernie","Baseline Weekday",0,09:09:21,"6","Standing","Eating",NA,45,0,"Active"
"1569",2023-10-27,"Bernie","Baseline Weekday",0,09:09:36,"6","Standing","Eating",NA,0,0,"Active"
"1570",2023-10-27,"Bernie","Baseline Weekday",0,09:09:51,"5","Standing","Locomotion",NA,15,0,"Active"
"1571",2023-10-27,"Bernie","Baseline Weekday",0,09:10:06,"4","Standing","Pause",NA,30,0,"Inactive"
"1572",2023-10-27,"Bernie","Baseline Weekday",0,09:10:21,"Shelf","Lying Down","Resting",NA,45,0,"Inactive"
"1573",2023-10-27,"Bernie","Baseline Weekday",0,09:10:36,"Shelf","Lying Down","Resting",NA,0,0,"Inactive"
"1574",2023-10-27,"Bernie","Baseline Weekday",0,09:10:51,"Shelf","Lying Down","Resting",NA,15,0,"Inactive"
"1575",2023-10-27,"Bernie","Baseline Weekday",0,09:11:06,"Shelf","Lying Down","Resting",NA,30,0,"Inactive"
"1576",2023-10-27,"Bernie","Baseline Weekday",0,09:11:21,"Shelf","Lying Down","Resting",NA,45,0,"Inactive"
"1577",2023-10-27,"Bernie","Baseline Weekday",0,09:11:36,"Shelf","Lying Down","Resting",NA,0,0,"Inactive"
"1578",2023-10-27,"Bernie","Baseline Weekday",0,09:11:51,"Shelf","Lying Down","Resting",NA,15,0,"Inactive"
"1579",2023-10-27,"Bernie","Baseline Weekday",0,09:12:06,"6","Standing","Pause",NA,30,0,"Inactive"
"1580",2023-10-27,"Bernie","Baseline Weekday",0,09:12:21,"6","Sitting","Eating",NA,45,0,"Active"
"1581",2023-10-27,"Bernie","Baseline Weekday",0,09:12:36,"6","Sitting","Eating",NA,0,0,"Active"
"1582",2023-10-27,"Bernie","Baseline Weekday",0,09:12:51,"6","Sitting","Eating",NA,15,0,"Active"
"1583",2023-10-27,"Bernie","Baseline Weekday",0,09:13:06,"4","Lying Down","Resting",NA,30,0,"Inactive"
"1584",2023-10-27,"Bernie","Baseline Weekday",0,09:13:21,"4","Lying Down","Resting",NA,45,0,"Inactive"
"1585",2023-10-27,"Bernie","Baseline Weekday",0,09:13:36,"4","Lying Down","Resting",NA,0,0,"Inactive"
"1586",2023-10-27,"Bernie","Baseline Weekday",0,09:13:51,"4","Lying Down","Resting",NA,15,0,"Inactive"
"1587",2023-10-27,"Bernie","Baseline Weekday",0,09:14:06,"4","Lying Down","Resting",NA,30,0,"Inactive"
"1588",2023-10-27,"Bernie","Baseline Weekday",0,09:14:21,"4","Lying Down","Resting",NA,45,0,"Inactive"
"1589",2023-10-27,"Bernie","Baseline Weekday",0,09:14:36,"4","Lying Down","Resting",NA,0,0,"Inactive"
"1590",2023-10-27,"Bernie","Baseline Weekday",0,09:14:51,"4","Lying Down","Resting",NA,15,0,"Inactive"
"1591",2023-10-27,"Bernie","Baseline Weekday",0,09:15:06,"4","Lying Down","Resting",NA,30,0,"Inactive"
"1592",2023-10-27,"Bernie","Baseline Weekday",0,09:15:21,"4","Lying Down","Resting",NA,45,0,"Inactive"
"1593",2023-10-27,"Bernie","Baseline Weekday",0,09:15:36,"4","Lying Down","Resting",NA,0,0,"Inactive"
"1594",2023-10-27,"Bernie","Baseline Weekday",0,09:15:51,"4","Lying Down","Resting",NA,15,0,"Inactive"
"1595",2023-10-27,"Bernie","Baseline Weekday",0,09:16:06,"4","Lying Down","Resting",NA,30,0,"Inactive"
"1596",2023-10-27,"Bernie","Baseline Weekday",0,09:16:21,"4","Lying Down","Resting",NA,45,0,"Inactive"
"1597",2023-10-27,"Bernie","Baseline Weekday",0,09:16:36,"4","Lying Down","Resting",NA,0,0,"Inactive"
"1598",2023-10-27,"Bernie","Baseline Weekday",0,09:16:51,"4","Lying Down","Resting",NA,15,0,"Inactive"
"1599",2023-10-27,"Bernie","Baseline Weekday",0,09:17:06,"4","Lying Down","Resting",NA,30,0,"Inactive"
"1600",2023-10-27,"Bernie","Baseline Weekday",0,09:17:21,"6","Standing","Eating",NA,45,0,"Active"
"1601",2023-10-27,"Bernie","Baseline Weekday",0,09:17:36,"Out of View","Out of View","Out of View",NA,0,0,"OutofView"
"1602",2023-10-27,"Bernie","Baseline Weekday",0,09:17:51,"Shelf","Out of View","Out of View",NA,15,0,"OutofView"
"1603",2023-10-27,"Bernie","Baseline Weekday",0,09:18:06,"Shelf","Out of View","Resting",NA,30,0,"Inactive"
"1604",2023-10-27,"Bernie","Baseline Weekday",0,09:18:21,"Shelf","Out of View","Resting",NA,45,0,"Inactive"
"1605",2023-10-27,"Bernie","Baseline Weekday",0,09:18:36,"Shelf","Out of View","Resting",NA,0,0,"Inactive"
"1606",2023-10-27,"Bernie","Baseline Weekday",0,09:18:51,"Shelf","Out of View","Resting",NA,15,0,"Inactive"
"1607",2023-10-27,"Bernie","Baseline Weekday",0,09:19:06,"Shelf","Out of View","Resting",NA,30,0,"Inactive"
"1608",2023-10-27,"Bernie","Baseline Weekday",0,09:19:21,"Shelf","Out of View","Resting",NA,45,0,"Inactive"
"1609",2023-10-27,"Bernie","Baseline Weekday",0,09:19:36,"5","Rearing","Locomotion",NA,0,0,"Active"
"1610",2023-10-27,"Bernie","Baseline Weekday",0,09:19:51,"Fence","Other","Locomotion",NA,15,0,"Active"
"1611",2023-10-27,"Bernie","Baseline Weekday",0,09:20:06,"3","Standing","Locomotion",NA,30,0,"Active"
"1612",2023-10-31,"Bernie","Intervention Weekday",180,08:52:33,"6","Sitting","Eating",NA,0,0,"Active"
"1613",2023-10-31,"Bernie","Intervention Weekday",180,08:52:48,"6","Sitting","Eating",NA,15,15,"Active"
"1614",2023-10-31,"Bernie","Intervention Weekday",180,08:53:03,"6","Sitting","Eating",NA,30,30,"Active"
"1615",2023-10-31,"Bernie","Intervention Weekday",180,08:53:18,"6","Sitting","Eating",NA,45,45,"Active"
"1616",2023-10-31,"Bernie","Intervention Weekday",180,08:53:33,"5","Rearing","Locomotion",NA,0,60,"Active"
"1617",2023-10-31,"Bernie","Intervention Weekday",180,08:53:48,"6","Sitting","Eating",NA,15,75,"Active"
"1618",2023-10-31,"Bernie","Intervention Weekday",180,08:54:03,"6","Sitting","Eating",NA,30,90,"Active"
"1619",2023-10-31,"Bernie","Intervention Weekday",180,08:54:18,"6","Sitting","Eating",NA,45,105,"Active"
"1620",2023-10-31,"Bernie","Intervention Weekday",180,08:54:33,"5","Rearing","Locomotion",NA,0,120,"Active"
"1621",2023-10-31,"Bernie","Intervention Weekday",180,08:54:48,"5","Sitting","Eating",NA,15,135,"Active"
"1622",2023-10-31,"Bernie","Intervention Weekday",180,08:55:03,"5","Sitting","Grooming",NA,30,150,"Active"
"1623",2023-10-31,"Bernie","Intervention Weekday",180,08:55:18,"5","Rearing","Locomotion",NA,45,165,"Active"
"1624",2023-10-31,"Bernie","Intervention Weekday",180,08:55:33,"4","Standing","Locomotion",NA,0,180,"Active"
"1625",2023-10-31,"Bernie","Intervention Weekday",180,08:55:48,"6","Sitting","Drinking",NA,15,0,"Active"
"1626",2023-10-31,"Bernie","Intervention Weekday",180,08:56:03,"6","Sitting","Drinking",NA,30,15,"Active"
"1627",2023-10-31,"Bernie","Intervention Weekday",180,08:56:18,"5","Rearing","Locomotion",NA,45,30,"Active"
"1628",2023-10-31,"Bernie","Intervention Weekday",180,08:56:33,"Shelf","Sitting","Resting",NA,0,45,"Inactive"
"1629",2023-10-31,"Bernie","Intervention Weekday",180,08:56:48,"6","Standing","Eating",NA,15,60,"Active"
"1630",2023-10-31,"Bernie","Intervention Weekday",180,08:57:03,"6","Standing","Eating",NA,30,75,"Active"
"1631",2023-10-31,"Bernie","Intervention Weekday",180,08:57:18,"6","Standing","Eating",NA,45,90,"Active"
"1632",2023-10-31,"Bernie","Intervention Weekday",180,08:57:33,"6","Rearing","Locomotion",NA,0,105,"Active"
"1633",2023-10-31,"Bernie","Intervention Weekday",180,08:57:48,"Shelf","Other","Locomotion",NA,15,120,"Active"
"1634",2023-10-31,"Bernie","Intervention Weekday",180,08:58:03,"Shelf","Sitting","Resting",NA,30,135,"Inactive"
"1635",2023-10-31,"Bernie","Intervention Weekday",180,08:58:18,"Shelf","Sitting","Resting",NA,45,150,"Inactive"
"1636",2023-10-31,"Bernie","Intervention Weekday",180,08:58:33,"Shelf","Sitting","Resting",NA,0,165,"Inactive"
"1637",2023-10-31,"Bernie","Intervention Weekday",180,08:58:48,"Shelf","Sitting","Resting",NA,15,180,"Inactive"
"1638",2023-10-31,"Bernie","Intervention Weekday",180,08:59:03,"Shelf","Sitting","Resting",NA,30,0,"Inactive"
"1639",2023-10-31,"Bernie","Intervention Weekday",180,08:59:18,"Feeder","Standing","Locomotion",NA,45,15,"Active"
"1640",2023-10-31,"Bernie","Intervention Weekday",180,08:59:33,"Fence","Standing","Locomotion",NA,0,30,"Active"
"1641",2023-10-31,"Bernie","Intervention Weekday",180,08:59:48,"6","Sitting","Eating",NA,15,45,"Active"
"1642",2023-10-31,"Bernie","Intervention Weekday",180,09:00:03,"6","Sitting","Eating",NA,30,60,"Active"
"1643",2023-10-31,"Bernie","Intervention Weekday",180,09:00:18,"6","Sitting","Pause",NA,45,75,"Inactive"
"1644",2023-10-31,"Bernie","Intervention Weekday",180,09:00:33,"5","Rearing","Locomotion",NA,0,90,"Active"
"1645",2023-10-31,"Bernie","Intervention Weekday",180,09:00:48,"6","Standing","Drinking",NA,15,105,"Active"
"1646",2023-10-31,"Bernie","Intervention Weekday",180,09:01:03,"6","Standing","Drinking",NA,30,120,"Active"
"1647",2023-10-31,"Bernie","Intervention Weekday",180,09:01:18,"6","Standing","Drinking",NA,45,135,"Active"
"1648",2023-10-31,"Bernie","Intervention Weekday",180,09:01:33,"6","Standing","Locomotion",NA,0,150,"Active"
"1649",2023-10-31,"Bernie","Intervention Weekday",180,09:01:48,"2","Out of View","Out of View",NA,15,165,"OutofView"
"1650",2023-10-31,"Bernie","Intervention Weekday",180,09:02:03,"2","Out of View","Out of View",NA,30,180,"OutofView"
"1651",2023-10-31,"Bernie","Intervention Weekday",180,09:02:18,"6","Standing","Locomotion",NA,45,0,"Active"
"1652",2023-10-31,"Bernie","Intervention Weekday",180,09:02:33,"Fence","Standing","Pause",NA,0,15,"Inactive"
"1653",2023-10-31,"Bernie","Intervention Weekday",180,09:02:48,"6","Standing","Locomotion",NA,15,30,"Active"
"1654",2023-10-31,"Bernie","Intervention Weekday",180,09:03:03,"6","Sitting","Eating",NA,30,45,"Active"
"1655",2023-10-31,"Bernie","Intervention Weekday",180,09:03:18,"5","Rearing","Locomotion",NA,45,60,"Active"
"1656",2023-10-31,"Bernie","Intervention Weekday",180,09:03:33,"3","Standing","Locomotion",NA,0,75,"Active"
"1657",2023-10-31,"Bernie","Intervention Weekday",180,09:03:48,"6","Standing","Locomotion",NA,15,90,"Active"
"1658",2023-10-31,"Bernie","Intervention Weekday",180,09:04:03,"Fence","Standing","Pause",NA,30,105,"Inactive"
"1659",2023-10-31,"Bernie","Intervention Weekday",180,09:04:18,"Fence","Standing","Pause",NA,45,120,"Inactive"
"1660",2023-10-31,"Bernie","Intervention Weekday",180,09:04:33,"Shelf","Lying Down","Resting",NA,0,135,"Inactive"
"1661",2023-10-31,"Bernie","Intervention Weekday",180,09:04:48,"Shelf","Lying Down","Resting",NA,15,150,"Inactive"
"1662",2023-10-31,"Bernie","Intervention Weekday",180,09:05:03,"Shelf","Lying Down","Resting",NA,30,165,"Inactive"
"1663",2023-10-31,"Bernie","Intervention Weekday",180,09:05:18,"Shelf","Lying Down","Resting",NA,45,180,"Inactive"
"1664",2023-10-31,"Bernie","Intervention Weekday",180,09:05:33,"Shelf","Lying Down","Resting",NA,0,0,"Inactive"
"1665",2023-10-31,"Bernie","Intervention Weekday",180,09:05:48,"Shelf","Lying Down","Resting",NA,15,15,"Inactive"
"1666",2023-10-31,"Bernie","Intervention Weekday",180,09:06:03,"Shelf","Lying Down","Resting",NA,30,30,"Inactive"
"1667",2023-10-31,"Bernie","Intervention Weekday",180,09:06:18,"Shelf","Lying Down","Resting",NA,45,45,"Inactive"
"1668",2023-10-31,"Bernie","Intervention Weekday",180,09:06:33,"Shelf","Lying Down","Resting",NA,0,60,"Inactive"
"1669",2023-10-31,"Bernie","Intervention Weekday",180,09:06:48,"Shelf","Lying Down","Resting",NA,15,75,"Inactive"
"1670",2023-10-31,"Bernie","Intervention Weekday",180,09:07:03,"Shelf","Lying Down","Resting",NA,30,90,"Inactive"
"1671",2023-11-03,"Bernie","Intervention Weekday",180,09:21:35,"Shelf","Lying Down","Resting",NA,0,0,"Inactive"
"1672",2023-11-03,"Bernie","Intervention Weekday",180,09:21:50,"Shelf","Lying Down","Resting",NA,15,15,"Inactive"
"1673",2023-11-03,"Bernie","Intervention Weekday",180,09:22:05,"5","Sitting","Eating",NA,30,30,"Active"
"1674",2023-11-03,"Bernie","Intervention Weekday",180,09:22:20,"5","Sitting","Eating",NA,45,45,"Active"
"1675",2023-11-03,"Bernie","Intervention Weekday",180,09:22:35,"5","Sitting","Eating",NA,0,60,"Active"
"1676",2023-11-03,"Bernie","Intervention Weekday",180,09:22:50,"6","Standing","Locomotion",NA,15,75,"Active"
"1677",2023-11-03,"Bernie","Intervention Weekday",180,09:23:05,"Fence","Standing","Locomotion",NA,30,90,"Active"
"1678",2023-11-03,"Bernie","Intervention Weekday",180,09:23:20,"5","Sitting","Drinking",NA,45,105,"Active"
"1679",2023-11-03,"Bernie","Intervention Weekday",180,09:23:35,"5","Sitting","Pause",NA,0,120,"Inactive"
"1680",2023-11-03,"Bernie","Intervention Weekday",180,09:23:50,"5","Sitting","Drinking",NA,15,135,"Active"
"1681",2023-11-03,"Bernie","Intervention Weekday",180,09:24:05,"5","Sitting","Drinking",NA,30,150,"Active"
"1682",2023-11-03,"Bernie","Intervention Weekday",180,09:24:20,"5","Sitting","Drinking",NA,45,165,"Active"
"1683",2023-11-03,"Bernie","Intervention Weekday",180,09:24:35,"3","Standing","Locomotion",NA,0,180,"Active"
"1684",2023-11-03,"Bernie","Intervention Weekday",180,09:24:50,"Shelf","Out of View","Out of View",NA,15,0,"OutofView"
"1685",2023-11-03,"Bernie","Intervention Weekday",180,09:25:05,"Shelf","Out of View","Out of View",NA,30,15,"OutofView"
"1686",2023-11-03,"Bernie","Intervention Weekday",180,09:25:20,"Shelf","Lying Down","Resting",NA,45,30,"Inactive"
"1687",2023-11-03,"Bernie","Intervention Weekday",180,09:25:35,"5","Standing","Locomotion",NA,0,45,"Active"
"1688",2023-11-03,"Bernie","Intervention Weekday",180,09:25:50,"5","Sitting","Eating",NA,15,60,"Active"
"1689",2023-11-03,"Bernie","Intervention Weekday",180,09:26:05,"5","Sitting","Eating",NA,30,75,"Active"
"1690",2023-11-03,"Bernie","Intervention Weekday",180,09:26:20,"5","Sitting","Eating",NA,45,90,"Active"
"1691",2023-11-03,"Bernie","Intervention Weekday",180,09:26:35,"5","Sitting","Eating",NA,0,105,"Active"
"1692",2023-11-03,"Bernie","Intervention Weekday",180,09:26:50,"3","Standing","Locomotion",NA,15,120,"Active"
"1693",2023-11-03,"Bernie","Intervention Weekday",180,09:27:05,"1","Out of View","Out of View",NA,30,135,"OutofView"
"1694",2023-11-03,"Bernie","Intervention Weekday",180,09:27:20,"5","Standing","Pause",NA,45,150,"Inactive"
"1695",2023-11-03,"Bernie","Intervention Weekday",180,09:27:35,"5","Rearing","Pause",NA,0,165,"Inactive"
"1696",2023-11-03,"Bernie","Intervention Weekday",180,09:27:50,"3","Standing","Locomotion",NA,15,180,"Active"
"1697",2023-11-03,"Bernie","Intervention Weekday",180,09:28:05,"6","Standing","Locomotion",NA,30,0,"Active"
"1698",2023-11-03,"Bernie","Intervention Weekday",180,09:28:20,"Shelf","Out of View","Out of View",NA,45,15,"OutofView"
"1699",2023-11-03,"Bernie","Intervention Weekday",180,09:28:35,"Shelf","Lying Down","Resting",NA,0,30,"Inactive"
"1700",2023-11-03,"Bernie","Intervention Weekday",180,09:28:50,"Shelf","Lying Down","Resting",NA,15,45,"Inactive"
"1701",2023-11-03,"Bernie","Intervention Weekday",180,09:29:05,"Shelf","Lying Down","Resting",NA,30,60,"Inactive"
"1702",2023-11-03,"Bernie","Intervention Weekday",180,09:29:20,"Shelf","Lying Down","Resting",NA,45,75,"Inactive"
"1703",2023-11-03,"Bernie","Intervention Weekday",180,09:29:35,"Shelf","Lying Down","Resting",NA,0,90,"Inactive"
"1704",2023-11-03,"Bernie","Intervention Weekday",180,09:29:50,"6","Standing","Locomotion",NA,15,105,"Active"
"1705",2023-11-03,"Bernie","Intervention Weekday",180,09:30:05,"Fence","Standing","Locomotion",NA,30,120,"Active"
"1706",2023-11-03,"Bernie","Intervention Weekday",180,09:30:20,"5","Standing","Locomotion",NA,45,135,"Active"
"1707",2023-11-03,"Bernie","Intervention Weekday",180,09:30:35,"5","Standing","Locomotion",NA,0,150,"Active"
"1708",2023-11-03,"Bernie","Intervention Weekday",180,09:30:50,"5","Standing","Locomotion",NA,15,165,"Active"
"1709",2023-11-03,"Bernie","Intervention Weekday",180,09:31:05,"1","Out of View","Out of View",NA,30,180,"OutofView"
"1710",2023-11-03,"Bernie","Intervention Weekday",180,09:31:20,"Shelf","Lying Down","Resting",NA,45,0,"Inactive"
"1711",2023-11-03,"Bernie","Intervention Weekday",180,09:31:35,"Shelf","Lying Down","Resting",NA,0,15,"Inactive"
"1712",2023-11-03,"Bernie","Intervention Weekday",180,09:31:50,"Shelf","Lying Down","Resting",NA,15,30,"Inactive"
"1713",2023-11-03,"Bernie","Intervention Weekday",180,09:32:05,"Shelf","Lying Down","Resting",NA,30,45,"Inactive"
"1714",2023-11-03,"Bernie","Intervention Weekday",180,09:32:20,"Shelf","Lying Down","Resting",NA,45,60,"Inactive"
"1715",2023-11-03,"Bernie","Intervention Weekday",180,09:32:35,"Shelf","Lying Down","Resting",NA,0,75,"Inactive"
"1716",2023-11-03,"Bernie","Intervention Weekday",180,09:32:50,"Shelf","Lying Down","Resting",NA,15,90,"Inactive"
"1717",2023-11-03,"Bernie","Intervention Weekday",180,09:33:05,"Shelf","Lying Down","Resting",NA,30,105,"Inactive"
"1718",2023-11-03,"Bernie","Intervention Weekday",180,09:33:20,"Shelf","Lying Down","Resting",NA,45,120,"Inactive"
"1719",2023-11-03,"Bernie","Intervention Weekday",180,09:33:35,"Shelf","Lying Down","Resting",NA,0,135,"Inactive"
"1720",2023-11-03,"Bernie","Intervention Weekday",180,09:33:50,"5","Standing","Locomotion",NA,15,150,"Active"
"1721",2023-11-03,"Bernie","Intervention Weekday",180,09:34:05,"Fence","Standing","Pause",NA,30,165,"Inactive"
"1722",2023-11-03,"Bernie","Intervention Weekday",180,09:34:20,"1","Standing","Locomotion",NA,45,180,"Active"
"1723",2023-11-03,"Bernie","Intervention Weekday",180,09:34:35,"Shelf","Standing","Pause",NA,0,0,"Inactive"
"1724",2023-11-03,"Bernie","Intervention Weekday",180,09:34:50,"Shelf","Sitting","Resting",NA,15,15,"Inactive"
"1725",2023-11-03,"Bernie","Intervention Weekday",180,09:35:05,"Shelf","Sitting","Resting",NA,30,30,"Inactive"
"1726",2023-11-03,"Bernie","Intervention Weekday",180,09:35:20,"Shelf","Sitting","Resting",NA,45,45,"Inactive"
"1727",2023-11-03,"Bernie","Intervention Weekday",180,09:35:35,"Shelf","Sitting","Resting",NA,0,60,"Inactive"
"1728",2023-11-03,"Bernie","Intervention Weekday",180,09:35:50,"Shelf","Sitting","Resting",NA,15,75,"Inactive"
"1729",2023-11-03,"Bernie","Intervention Weekday",180,09:36:05,"Shelf","Sitting","Resting",NA,30,90,"Inactive"
"1730",2023-11-05,"Bernie","Baseline Weekday",0,10:41:23,"5","Sitting","Resting",NA,0,0,"Inactive"
"1731",2023-11-05,"Bernie","Baseline Weekday",0,10:41:38,"6","Sitting","Resting",NA,15,0,"Inactive"
"1732",2023-11-05,"Bernie","Baseline Weekday",0,10:41:53,"6","Sitting","Drinking",NA,30,0,"Active"
"1733",2023-11-05,"Bernie","Baseline Weekday",0,10:42:08,"6","Sitting","Drinking",NA,45,0,"Active"
"1734",2023-11-05,"Bernie","Baseline Weekday",0,10:42:23,"6","Standing","Locomotion",NA,0,0,"Active"
"1735",2023-11-05,"Bernie","Baseline Weekday",0,10:42:38,"6","Rearing","Pause",NA,15,0,"Inactive"
"1736",2023-11-05,"Bernie","Baseline Weekday",0,10:42:53,"1","Standing","Locomotion",NA,30,0,"Active"
"1737",2023-11-05,"Bernie","Baseline Weekday",0,10:43:08,"Shelf","Sitting","Resting",NA,45,0,"Inactive"
"1738",2023-11-05,"Bernie","Baseline Weekday",0,10:43:23,"Shelf","Sitting","Resting",NA,0,0,"Inactive"
"1739",2023-11-05,"Bernie","Baseline Weekday",0,10:43:38,"Shelf","Sitting","Resting",NA,15,0,"Inactive"
"1740",2023-11-05,"Bernie","Baseline Weekday",0,10:43:53,"6","Rearing","Locomotion",NA,30,0,"Active"
"1741",2023-11-05,"Bernie","Baseline Weekday",0,10:44:08,"6","Rearing","Locomotion",NA,45,0,"Active"
"1742",2023-11-05,"Bernie","Baseline Weekday",0,10:44:23,"4","Standing","Locomotion",NA,0,0,"Active"
"1743",2023-11-05,"Bernie","Baseline Weekday",0,10:44:38,"6","Rearing","Locomotion",NA,15,0,"Active"
"1744",2023-11-05,"Bernie","Baseline Weekday",0,10:44:53,"Out of View","Out of View","Out of View",NA,30,0,"OutofView"
"1745",2023-11-05,"Bernie","Baseline Weekday",0,10:45:08,"Shelf","Sitting","Pause",NA,45,0,"Inactive"
"1746",2023-11-05,"Bernie","Baseline Weekday",0,10:45:23,"Fence","Standing","Pause",NA,0,0,"Inactive"
"1747",2023-11-05,"Bernie","Baseline Weekday",0,10:45:38,"4","Standing","Locomotion",NA,15,0,"Active"
"1748",2023-11-05,"Bernie","Baseline Weekday",0,10:45:53,"6","Standing","Drinking",NA,30,0,"Active"
"1749",2023-11-05,"Bernie","Baseline Weekday",0,10:46:08,"6","Standing","Drinking",NA,45,0,"Active"
"1750",2023-11-05,"Bernie","Baseline Weekday",0,10:46:23,"5","Rearing","Pause",NA,0,0,"Inactive"
"1751",2023-11-05,"Bernie","Baseline Weekday",0,10:46:38,"6","Rearing","Locomotion",NA,15,0,"Active"
"1752",2023-11-05,"Bernie","Baseline Weekday",0,10:46:53,"3","Standing","Locomotion",NA,30,0,"Active"
"1753",2023-11-05,"Bernie","Baseline Weekday",0,10:47:08,"3","Standing","Pace",NA,45,0,"Pace"
"1754",2023-11-05,"Bernie","Baseline Weekday",0,10:47:23,"6","Rearing","Pace",NA,0,0,"Pace"
"1755",2023-11-05,"Bernie","Baseline Weekday",0,10:47:38,"6","Standing","Locomotion",NA,15,0,"Active"
"1756",2023-11-05,"Bernie","Baseline Weekday",0,10:47:53,"6","Standing","Drinking",NA,30,0,"Active"
"1757",2023-11-05,"Bernie","Baseline Weekday",0,10:48:08,"6","Standing","Drinking",NA,45,0,"Active"
"1758",2023-11-05,"Bernie","Baseline Weekday",0,10:48:23,"6","Standing","Drinking",NA,0,0,"Active"
"1759",2023-11-05,"Bernie","Baseline Weekday",0,10:48:38,"6","Standing","Pause",NA,15,0,"Inactive"
"1760",2023-11-05,"Bernie","Baseline Weekday",0,10:48:53,"1","Standing","Locomotion",NA,30,0,"Active"
"1761",2023-11-05,"Bernie","Baseline Weekday",0,10:49:08,"6","Standing","Locomotion",NA,45,0,"Active"
"1762",2023-11-05,"Bernie","Baseline Weekday",0,10:49:23,"Shelf","Standing","Locomotion",NA,0,0,"Active"
"1763",2023-11-05,"Bernie","Baseline Weekday",0,10:49:38,"Shelf","Out of View","Resting",NA,15,0,"Inactive"
"1764",2023-11-05,"Bernie","Baseline Weekday",0,10:49:53,"Shelf","Out of View","Resting",NA,30,0,"Inactive"
"1765",2023-11-05,"Bernie","Baseline Weekday",0,10:50:08,"6","Standing","Locomotion",NA,45,0,"Active"
"1766",2023-11-05,"Bernie","Baseline Weekday",0,10:50:23,"6","Standing","Drinking",NA,0,0,"Active"
"1767",2023-11-05,"Bernie","Baseline Weekday",0,10:50:38,"4","Out of View","Drinking",NA,15,0,"Active"
"1768",2023-11-05,"Bernie","Baseline Weekday",0,10:50:53,"4","Out of View","Drinking",NA,30,0,"Active"
"1769",2023-11-05,"Bernie","Baseline Weekday",0,10:51:08,"4","Out of View","Drinking",NA,45,0,"Active"
"1770",2023-11-05,"Bernie","Baseline Weekday",0,10:51:23,"4","Out of View","Drinking",NA,0,0,"Active"
"1771",2023-11-05,"Bernie","Baseline Weekday",0,10:51:38,"6","Standing","Locomotion",NA,15,0,"Active"
"1772",2023-11-05,"Bernie","Baseline Weekday",0,10:51:53,"3","Standing","Manipulating Object","Puzzle Toys",30,0,"Active"
"1773",2023-11-05,"Bernie","Baseline Weekday",0,10:52:08,"4","Standing","Out of View",NA,45,0,"OutofView"
"1774",2023-11-05,"Bernie","Baseline Weekday",0,10:52:23,"4","Out of View","Out of View",NA,0,0,"OutofView"
"1775",2023-11-05,"Bernie","Baseline Weekday",0,10:52:38,"4","Out of View","Out of View",NA,15,0,"OutofView"
"1776",2023-11-05,"Bernie","Baseline Weekday",0,10:52:53,"6","Standing","Locomotion",NA,30,0,"Active"
"1777",2023-11-05,"Bernie","Baseline Weekday",0,10:53:08,"6","Rearing","Pause",NA,45,0,"Inactive"
"1778",2023-11-05,"Bernie","Baseline Weekday",0,10:53:23,"4","Sitting","Drinking",NA,0,0,"Active"
"1779",2023-11-05,"Bernie","Baseline Weekday",0,10:53:38,"4","Sitting","Drinking",NA,15,0,"Active"
"1780",2023-11-05,"Bernie","Baseline Weekday",0,10:53:53,"5","Rearing","Locomotion",NA,30,0,"Active"
"1781",2023-11-05,"Bernie","Baseline Weekday",0,10:54:08,"Fence","Standing","Locomotion",NA,45,0,"Active"
"1782",2023-11-05,"Bernie","Baseline Weekday",0,10:54:23,"1","Standing","Locomotion",NA,0,0,"Active"
"1783",2023-11-05,"Bernie","Baseline Weekday",0,10:54:38,"5","Standing","Locomotion",NA,15,0,"Active"
"1784",2023-11-05,"Bernie","Baseline Weekday",0,10:54:53,"4","Standing","Locomotion",NA,30,0,"Active"
"1785",2023-11-05,"Bernie","Baseline Weekday",0,10:55:08,"Fence","Standing","Pause",NA,45,0,"Inactive"
"1786",2023-11-05,"Bernie","Baseline Weekday",0,10:55:23,"4","Out of View","Drinking",NA,0,0,"Active"
"1787",2023-11-05,"Bernie","Baseline Weekday",0,10:55:38,"4","Out of View","Drinking",NA,15,0,"Active"
"1788",2023-11-05,"Bernie","Baseline Weekday",0,10:55:53,"4","Out of View","Drinking",NA,30,0,"Active"
"1789",2023-11-05,"Bernie","Baseline Weekday",0,10:41:23,"5","Sitting","Grooming",NA,45,0,"Active"
"1790",2023-11-05,"Bernie","Baseline Weekday",0,10:41:38,"6","Sitting","Resting",NA,0,0,"Inactive"
"1791",2023-11-05,"Bernie","Baseline Weekday",0,10:41:53,"6","Sitting","Drinking",NA,15,0,"Active"
"1792",2023-11-05,"Bernie","Baseline Weekday",0,10:42:08,"6","Sitting","Drinking",NA,30,0,"Active"
"1793",2023-11-05,"Bernie","Baseline Weekday",0,10:42:23,"6","Standing","Locomotion",NA,45,0,"Active"
"1794",2023-11-05,"Bernie","Baseline Weekday",0,10:42:38,"6","Rearing","Pause",NA,0,0,"Inactive"
"1795",2023-11-05,"Bernie","Baseline Weekday",0,10:42:53,"1","Standing","Locomotion",NA,15,0,"Active"
"1796",2023-11-05,"Bernie","Baseline Weekday",0,10:43:08,"Shelf","Sitting","Resting",NA,30,0,"Inactive"
"1797",2023-11-05,"Bernie","Baseline Weekday",0,10:43:23,"Shelf","Sitting","Resting",NA,45,0,"Inactive"
"1798",2023-11-05,"Bernie","Baseline Weekday",0,10:43:38,"Shelf","Sitting","Resting",NA,0,0,"Inactive"
"1799",2023-11-05,"Bernie","Baseline Weekday",0,10:43:53,"6","Rearing","Pause",NA,15,0,"Inactive"
"1800",2023-11-05,"Bernie","Baseline Weekday",0,10:44:08,"6","Rearing","Locomotion",NA,30,0,"Active"
"1801",2023-11-05,"Bernie","Baseline Weekday",0,10:44:23,"2","Standing","Locomotion",NA,45,0,"Active"
"1802",2023-11-05,"Bernie","Baseline Weekday",0,10:44:38,"6","Rearing","Pause",NA,0,0,"Inactive"
"1803",2023-11-05,"Bernie","Baseline Weekday",0,10:44:53,"Out of View","Out of View","Out of View",NA,15,0,"OutofView"
"1804",2023-11-05,"Bernie","Baseline Weekday",0,10:45:08,"Shelf","Sitting","Resting",NA,30,0,"Inactive"
"1805",2023-11-05,"Bernie","Baseline Weekday",0,10:45:23,"Fence","Standing","Pause",NA,45,0,"Inactive"
"1806",2023-11-05,"Bernie","Baseline Weekday",0,10:45:38,"2","Standing","Locomotion",NA,0,0,"Active"
"1807",2023-11-05,"Bernie","Baseline Weekday",0,10:45:53,"6","Standing","Drinking",NA,15,0,"Active"
"1808",2023-11-05,"Bernie","Baseline Weekday",0,10:46:08,"6","Standing","Drinking",NA,30,0,"Active"
"1809",2023-11-05,"Bernie","Baseline Weekday",0,10:46:23,"5","Rearing","Pause",NA,45,0,"Inactive"
"1810",2023-11-05,"Bernie","Baseline Weekday",0,10:46:38,"6","Standing","Locomotion",NA,0,0,"Active"
"1811",2023-11-05,"Bernie","Baseline Weekday",0,10:46:53,"3","Standing","Locomotion",NA,15,0,"Active"
"1812",2023-11-05,"Bernie","Baseline Weekday",0,10:47:08,"4","Standing","Locomotion",NA,30,0,"Active"
"1813",2023-11-05,"Bernie","Baseline Weekday",0,10:47:23,"6","Rearing","Locomotion",NA,45,0,"Active"
"1814",2023-11-05,"Bernie","Baseline Weekday",0,10:47:38,"4","Standing","Locomotion",NA,0,0,"Active"
"1815",2023-11-05,"Bernie","Baseline Weekday",0,10:47:53,"6","Standing","Drinking",NA,15,0,"Active"
"1816",2023-11-05,"Bernie","Baseline Weekday",0,10:48:08,"6","Standing","Drinking",NA,30,0,"Active"
"1817",2023-11-05,"Bernie","Baseline Weekday",0,10:48:23,"6","Standing","Drinking",NA,45,0,"Active"
"1818",2023-11-05,"Bernie","Baseline Weekday",0,10:48:38,"6","Standing","Pause",NA,0,0,"Inactive"
"1819",2023-11-05,"Bernie","Baseline Weekday",0,10:48:53,"1","Standing","Locomotion",NA,15,0,"Active"
"1820",2023-11-05,"Bernie","Baseline Weekday",0,10:49:08,"6","Standing","Locomotion",NA,30,0,"Active"
"1821",2023-11-05,"Bernie","Baseline Weekday",0,10:49:23,"Shelf","Out of View","Out of View",NA,45,0,"OutofView"
"1822",2023-11-05,"Bernie","Baseline Weekday",0,10:49:38,"Shelf","Sitting","Resting",NA,0,0,"Inactive"
"1823",2023-11-05,"Bernie","Baseline Weekday",0,10:49:53,"Shelf","Sitting","Resting",NA,15,0,"Inactive"
"1824",2023-11-05,"Bernie","Baseline Weekday",0,10:50:08,"Shelf","Sitting","Resting",NA,30,0,"Inactive"
"1825",2023-11-05,"Bernie","Baseline Weekday",0,10:50:23,"Shelf","Sitting","Resting",NA,45,0,"Inactive"
"1826",2023-11-05,"Bernie","Baseline Weekday",0,10:50:38,"Shelf","Sitting","Resting",NA,0,0,"Inactive"
"1827",2023-11-05,"Bernie","Baseline Weekday",0,10:50:53,"Shelf","Sitting","Resting",NA,15,0,"Inactive"
"1828",2023-11-05,"Bernie","Baseline Weekday",0,10:51:08,"6","Sitting","Drinking",NA,30,0,"Active"
"1829",2023-11-05,"Bernie","Baseline Weekday",0,10:51:23,"4","Sitting","Drinking",NA,45,0,"Active"
"1830",2023-11-05,"Bernie","Baseline Weekday",0,10:51:38,"4","Sitting","Drinking",NA,0,0,"Active"
"1831",2023-11-05,"Bernie","Baseline Weekday",0,10:51:53,"4","Sitting","Drinking",NA,15,0,"Active"
"1832",2023-11-05,"Bernie","Baseline Weekday",0,10:52:08,"4","Sitting","Drinking",NA,30,0,"Active"
"1833",2023-11-05,"Bernie","Baseline Weekday",0,10:52:23,"4","Sitting","Drinking",NA,45,0,"Active"
"1834",2023-11-05,"Bernie","Baseline Weekday",0,10:52:38,"6","Standing","Locomotion",NA,0,0,"Active"
"1835",2023-11-05,"Bernie","Baseline Weekday",0,10:52:53,"3","Standing","Locomotion","Puzzle Toys",15,0,"Active"
"1836",2023-11-05,"Bernie","Baseline Weekday",0,10:53:08,"4","Standing","Out of View",NA,30,0,"OutofView"
"1837",2023-11-05,"Bernie","Baseline Weekday",0,10:53:23,"4","Out of View","Out of View",NA,45,0,"OutofView"
"1838",2023-11-05,"Bernie","Baseline Weekday",0,10:53:38,"4","Out of View","Out of View",NA,0,0,"OutofView"
"1839",2023-11-05,"Bernie","Baseline Weekday",0,10:53:53,"5","Standing","Locomotion",NA,15,0,"Active"
"1840",2023-11-05,"Bernie","Baseline Weekday",0,10:54:08,"6","Rearing","Pause",NA,30,0,"Inactive"
"1841",2023-11-05,"Bernie","Baseline Weekday",0,10:54:23,"4","Sitting","Drinking",NA,45,0,"Active"
"1842",2023-11-05,"Bernie","Baseline Weekday",0,10:54:38,"4","Sitting","Drinking",NA,0,0,"Active"
"1843",2023-11-05,"Bernie","Baseline Weekday",0,10:54:53,"5","Rearing","Pause",NA,15,0,"Inactive"
"1844",2023-11-05,"Bernie","Baseline Weekday",0,10:55:08,"6","Standing","Locomotion",NA,30,0,"Active"
"1845",2023-11-05,"Bernie","Baseline Weekday",0,10:55:23,"1","Standing","Locomotion",NA,45,0,"Active"
"1846",2023-11-05,"Bernie","Baseline Weekday",0,10:55:38,"5","Standing","Locomotion",NA,0,0,"Active"
"1847",2023-11-05,"Bernie","Baseline Weekday",0,10:55:53,"4","Standing","Locomotion",NA,15,0,"Active"
"1848",2023-11-11,"Bernie","Baseline Weekday",0,10:23:55,"5","Rearing","Locomotion",NA,0,0,"Active"
"1849",2023-11-11,"Bernie","Baseline Weekday",0,10:24:10,"5","Standing","Pause",NA,15,0,"Inactive"
"1850",2023-11-11,"Bernie","Baseline Weekday",0,10:24:25,"6","Sitting","Pause",NA,30,0,"Inactive"
"1851",2023-11-11,"Bernie","Baseline Weekday",0,10:24:40,"6","Sitting","Eating",NA,45,0,"Active"
"1852",2023-11-11,"Bernie","Baseline Weekday",0,10:24:55,"6","Sitting","Pause",NA,0,0,"Inactive"
"1853",2023-11-11,"Bernie","Baseline Weekday",0,10:25:10,"6","Sitting","Resting",NA,15,0,"Inactive"
"1854",2023-11-11,"Bernie","Baseline Weekday",0,10:25:25,"5","Sitting","Resting",NA,30,0,"Inactive"
"1855",2023-11-11,"Bernie","Baseline Weekday",0,10:25:40,"5","Sitting","Pause",NA,45,0,"Inactive"
"1856",2023-11-11,"Bernie","Baseline Weekday",0,10:25:55,"5","Sitting","Drinking",NA,0,0,"Active"
"1857",2023-11-11,"Bernie","Baseline Weekday",0,10:26:10,"5","Sitting","Drinking",NA,15,0,"Active"
"1858",2023-11-11,"Bernie","Baseline Weekday",0,10:26:25,"5","Sitting","Pause",NA,30,0,"Inactive"
"1859",2023-11-11,"Bernie","Baseline Weekday",0,10:26:40,"5","Sitting","Pause",NA,45,0,"Inactive"
"1860",2023-11-11,"Bernie","Baseline Weekday",0,10:26:55,"1","Standing","Locomotion",NA,0,0,"Active"
"1861",2023-11-11,"Bernie","Baseline Weekday",0,10:27:10,"5","Out of View","Drinking",NA,15,0,"Active"
"1862",2023-11-11,"Bernie","Baseline Weekday",0,10:27:25,"5","Rearing","Pause",NA,30,0,"Inactive"
"1863",2023-11-11,"Bernie","Baseline Weekday",0,10:27:40,"4","Standing","Locomotion",NA,45,0,"Active"
"1864",2023-11-11,"Bernie","Baseline Weekday",0,10:27:55,"6","Sitting","Eating",NA,0,0,"Active"
"1865",2023-11-11,"Bernie","Baseline Weekday",0,10:28:10,"6","Sitting","Pause",NA,15,0,"Inactive"
"1866",2023-11-11,"Bernie","Baseline Weekday",0,10:28:25,"3","Standing","Locomotion",NA,30,0,"Active"
"1867",2023-11-11,"Bernie","Baseline Weekday",0,10:28:40,"6","Sitting","Eating",NA,45,0,"Active"
"1868",2023-11-11,"Bernie","Baseline Weekday",0,10:28:55,"6","Sitting","Eating",NA,0,0,"Active"
"1869",2023-11-11,"Bernie","Baseline Weekday",0,10:29:10,"6","Sitting","Eating",NA,15,0,"Active"
"1870",2023-11-11,"Bernie","Baseline Weekday",0,10:29:25,"5","Standing","Locomotion",NA,30,0,"Active"
"1871",2023-11-11,"Bernie","Baseline Weekday",0,10:29:40,"6","Standing","Locomotion",NA,45,0,"Active"
"1872",2023-11-11,"Bernie","Baseline Weekday",0,10:29:55,"Shelf","Sitting","Resting",NA,0,0,"Inactive"
"1873",2023-11-11,"Bernie","Baseline Weekday",0,10:30:10,"Shelf","Sitting","Resting",NA,15,0,"Inactive"
"1874",2023-11-11,"Bernie","Baseline Weekday",0,10:30:25,"Shelf","Sitting","Resting",NA,30,0,"Inactive"
"1875",2023-11-11,"Bernie","Baseline Weekday",0,10:30:40,"Shelf","Sitting","Resting",NA,45,0,"Inactive"
"1876",2023-11-11,"Bernie","Baseline Weekday",0,10:30:55,"5","Sitting","Drinking",NA,0,0,"Active"
"1877",2023-11-11,"Bernie","Baseline Weekday",0,10:31:10,"5","Sitting","Drinking",NA,15,0,"Active"
"1878",2023-11-11,"Bernie","Baseline Weekday",0,10:31:25,"5","Standing","Locomotion",NA,30,0,"Active"
"1879",2023-11-11,"Bernie","Baseline Weekday",0,10:31:40,"5","Rearing","Pause",NA,45,0,"Inactive"
"1880",2023-11-11,"Bernie","Baseline Weekday",0,10:31:55,"Fence","Standing","Pause",NA,0,0,"Inactive"
"1881",2023-11-11,"Bernie","Baseline Weekday",0,10:32:10,"5","Standing","Locomotion",NA,15,0,"Active"
"1882",2023-11-11,"Bernie","Baseline Weekday",0,10:32:25,"5","Standing","Locomotion",NA,30,0,"Active"
"1883",2023-11-11,"Bernie","Baseline Weekday",0,10:32:40,"2","Standing","Locomotion",NA,45,0,"Active"
"1884",2023-11-11,"Bernie","Baseline Weekday",0,10:32:55,"Shelf","Sitting","Resting",NA,0,0,"Inactive"
"1885",2023-11-11,"Bernie","Baseline Weekday",0,10:33:10,"3","Standing","Locomotion",NA,15,0,"Active"
"1886",2023-11-11,"Bernie","Baseline Weekday",0,10:33:25,"Fence","Standing","Pause",NA,30,0,"Inactive"
"1887",2023-11-11,"Bernie","Baseline Weekday",0,10:33:40,"3","Standing","Locomotion",NA,45,0,"Active"
"1888",2023-11-11,"Bernie","Baseline Weekday",0,10:33:55,"Out of View","Out of View","Out of View",NA,0,0,"OutofView"
"1889",2023-11-11,"Bernie","Baseline Weekday",0,10:34:10,"Out of View","Out of View","Out of View",NA,15,0,"OutofView"
"1890",2023-11-11,"Bernie","Baseline Weekday",0,10:34:25,"Out of View","Out of View","Out of View",NA,30,0,"OutofView"
"1891",2023-11-11,"Bernie","Baseline Weekday",0,10:34:40,"Out of View","Out of View","Out of View",NA,45,0,"OutofView"
"1892",2023-11-11,"Bernie","Baseline Weekday",0,10:34:55,"5","Out of View","Drinking",NA,0,0,"Active"
"1893",2023-11-11,"Bernie","Baseline Weekday",0,10:35:10,"5","Out of View","Drinking",NA,15,0,"Active"
"1894",2023-11-11,"Bernie","Baseline Weekday",0,10:35:25,"5","Out of View","Drinking",NA,30,0,"Active"
"1895",2023-11-11,"Bernie","Baseline Weekday",0,10:35:40,"5","Out of View","Drinking",NA,45,0,"Active"
"1896",2023-11-11,"Bernie","Baseline Weekday",0,10:35:55,"6","Sitting","Eating",NA,0,0,"Active"
"1897",2023-11-11,"Bernie","Baseline Weekday",0,10:36:10,"6","Sitting","Eating",NA,15,0,"Active"
"1898",2023-11-11,"Bernie","Baseline Weekday",0,10:36:25,"6","Sitting","Pause",NA,30,0,"Inactive"
"1899",2023-11-11,"Bernie","Baseline Weekday",0,10:36:40,"6","Sitting","Pause",NA,45,0,"Inactive"
"1900",2023-11-11,"Bernie","Baseline Weekday",0,10:36:55,"6","Sitting","Eating",NA,0,0,"Active"
"1901",2023-11-11,"Bernie","Baseline Weekday",0,10:37:10,"6","Sitting","Eating",NA,15,0,"Active"
"1902",2023-11-11,"Bernie","Baseline Weekday",0,10:37:25,"6","Standing","Locomotion",NA,30,0,"Active"
"1903",2023-11-11,"Bernie","Baseline Weekday",0,10:37:40,"5","Rearing","Pause",NA,45,0,"Inactive"
"1904",2023-11-11,"Bernie","Baseline Weekday",0,10:37:55,"3","Out of View","Drinking",NA,0,0,"Active"
"1905",2023-11-11,"Bernie","Baseline Weekday",0,10:38:10,"3","Out of View","Drinking",NA,15,0,"Active"
"1906",2023-11-11,"Bernie","Baseline Weekday",0,10:38:25,"3","Out of View","Drinking",NA,30,0,"Active"
"1907",2023-11-14,"Bernie","Intervention Weekday",240,10:03:17,"6","Sitting","Eating",NA,0,0,"Active"
"1908",2023-11-14,"Bernie","Intervention Weekday",240,10:03:32,"6","Sitting","Eating",NA,15,15,"Active"
"1909",2023-11-14,"Bernie","Intervention Weekday",240,10:03:47,"6","Sitting","Eating",NA,30,30,"Active"
"1910",2023-11-14,"Bernie","Intervention Weekday",240,10:04:02,"6","Sitting","Manipulating Object","Feeder",45,45,"Active"
"1911",2023-11-14,"Bernie","Intervention Weekday",240,10:04:17,"3","Standing","Locomotion",NA,0,60,"Active"
"1912",2023-11-14,"Bernie","Intervention Weekday",240,10:04:32,"Shelf","Sitting","Resting",NA,15,75,"Inactive"
"1913",2023-11-14,"Bernie","Intervention Weekday",240,10:04:47,"Shelf","Sitting","Resting",NA,30,90,"Inactive"
"1914",2023-11-14,"Bernie","Intervention Weekday",240,10:05:02,"Shelf","Sitting","Resting",NA,45,105,"Inactive"
"1915",2023-11-14,"Bernie","Intervention Weekday",240,10:05:17,"Shelf","Sitting","Resting",NA,0,120,"Inactive"
"1916",2023-11-14,"Bernie","Intervention Weekday",240,10:05:32,"4","Standing","Locomotion",NA,15,135,"Active"
"1917",2023-11-14,"Bernie","Intervention Weekday",240,10:05:47,"Shelf","Sitting","Resting",NA,30,150,"Inactive"
"1918",2023-11-14,"Bernie","Intervention Weekday",240,10:06:02,"Shelf","Sitting","Resting",NA,45,165,"Inactive"
"1919",2023-11-14,"Bernie","Intervention Weekday",240,10:06:17,"Shelf","Lying Down","Resting",NA,0,180,"Inactive"
"1920",2023-11-14,"Bernie","Intervention Weekday",240,10:06:32,"Shelf","Lying Down","Resting",NA,15,195,"Inactive"
"1921",2023-11-14,"Bernie","Intervention Weekday",240,10:06:47,"Shelf","Lying Down","Resting",NA,30,210,"Inactive"
"1922",2023-11-14,"Bernie","Intervention Weekday",240,10:07:02,"Shelf","Lying Down","Resting",NA,45,225,"Inactive"
"1923",2023-11-14,"Bernie","Intervention Weekday",240,10:07:17,"6","Sitting","Eating",NA,0,240,"Active"
"1924",2023-11-14,"Bernie","Intervention Weekday",240,10:07:32,"1","Standing","Locomotion",NA,15,0,"Active"
"1925",2023-11-14,"Bernie","Intervention Weekday",240,10:07:47,"3","Standing","Locomotion",NA,30,15,"Active"
"1926",2023-11-14,"Bernie","Intervention Weekday",240,10:08:02,"6","Standing","Locomotion",NA,45,30,"Active"
"1927",2023-11-14,"Bernie","Intervention Weekday",240,10:08:17,"4","Standing","Locomotion",NA,0,45,"Active"
"1928",2023-11-14,"Bernie","Intervention Weekday",240,10:08:32,"Shelf","Lying Down","Resting",NA,15,60,"Inactive"
"1929",2023-11-14,"Bernie","Intervention Weekday",240,10:08:47,"Shelf","Lying Down","Resting",NA,30,75,"Inactive"
"1930",2023-11-14,"Bernie","Intervention Weekday",240,10:09:02,"Shelf","Lying Down","Resting",NA,45,90,"Inactive"
"1931",2023-11-14,"Bernie","Intervention Weekday",240,10:09:17,"Shelf","Lying Down","Resting",NA,0,105,"Inactive"
"1932",2023-11-14,"Bernie","Intervention Weekday",240,10:09:32,"Shelf","Lying Down","Resting",NA,15,120,"Inactive"
"1933",2023-11-14,"Bernie","Intervention Weekday",240,10:09:47,"Shelf","Lying Down","Resting",NA,30,135,"Inactive"
"1934",2023-11-14,"Bernie","Intervention Weekday",240,10:10:02,"Shelf","Lying Down","Resting",NA,45,150,"Inactive"
"1935",2023-11-14,"Bernie","Intervention Weekday",240,10:10:17,"Shelf","Lying Down","Resting",NA,0,165,"Inactive"
"1936",2023-11-14,"Bernie","Intervention Weekday",240,10:10:32,"Shelf","Lying Down","Resting",NA,15,180,"Inactive"
"1937",2023-11-14,"Bernie","Intervention Weekday",240,10:10:47,"Shelf","Lying Down","Resting",NA,30,195,"Inactive"
"1938",2023-11-14,"Bernie","Intervention Weekday",240,10:11:02,"Shelf","Lying Down","Resting",NA,45,210,"Inactive"
"1939",2023-11-14,"Bernie","Intervention Weekday",240,10:11:17,"6","Sitting","Eating",NA,0,225,"Active"
"1940",2023-11-14,"Bernie","Intervention Weekday",240,10:11:32,"6","Sitting","Eating",NA,15,240,"Active"
"1941",2023-11-14,"Bernie","Intervention Weekday",240,10:11:47,"6","Sitting","Eating",NA,30,0,"Active"
"1942",2023-11-14,"Bernie","Intervention Weekday",240,10:12:02,"6","Sitting","Eating",NA,45,15,"Active"
"1943",2023-11-14,"Bernie","Intervention Weekday",240,10:12:17,"6","Sitting","Eating",NA,0,30,"Active"
"1944",2023-11-14,"Bernie","Intervention Weekday",240,10:12:32,"4","Standing","Drinking",NA,15,45,"Active"
"1945",2023-11-14,"Bernie","Intervention Weekday",240,10:12:47,"4","Sitting","Drinking",NA,30,60,"Active"
"1946",2023-11-14,"Bernie","Intervention Weekday",240,10:13:02,"4","Sitting","Drinking",NA,45,75,"Active"
"1947",2023-11-14,"Bernie","Intervention Weekday",240,10:13:17,"4","Sitting","Drinking",NA,0,90,"Active"
"1948",2023-11-14,"Bernie","Intervention Weekday",240,10:13:32,"5","Standing","Locomotion",NA,15,105,"Active"
"1949",2023-11-14,"Bernie","Intervention Weekday",240,10:13:47,"Fence","Standing","Locomotion",NA,30,120,"Active"
"1950",2023-11-14,"Bernie","Intervention Weekday",240,10:14:02,"4","Standing","Locomotion",NA,45,135,"Active"
"1951",2023-11-14,"Bernie","Intervention Weekday",240,10:14:17,"Shelf","Out of View","Out of View",NA,0,150,"OutofView"
"1952",2023-11-14,"Bernie","Intervention Weekday",240,10:14:32,"Shelf","Sitting","Resting",NA,15,165,"Inactive"
"1953",2023-11-14,"Bernie","Intervention Weekday",240,10:14:47,"6","Standing","Locomotion",NA,30,180,"Active"
"1954",2023-11-14,"Bernie","Intervention Weekday",240,10:15:02,"5","Rearing","Locomotion",NA,45,195,"Active"
"1955",2023-11-14,"Bernie","Intervention Weekday",240,10:15:17,"6","Sitting","Eating",NA,0,210,"Active"
"1956",2023-11-14,"Bernie","Intervention Weekday",240,10:15:32,"6","Sitting","Eating",NA,15,225,"Active"
"1957",2023-11-14,"Bernie","Intervention Weekday",240,10:15:47,"6","Standing","Locomotion",NA,30,240,"Active"
"1958",2023-11-14,"Bernie","Intervention Weekday",240,10:16:02,"Shelf","Sitting","Resting",NA,45,0,"Inactive"
"1959",2023-11-14,"Bernie","Intervention Weekday",240,10:16:17,"Shelf","Sitting","Resting",NA,0,15,"Inactive"
"1960",2023-11-14,"Bernie","Intervention Weekday",240,10:16:32,"Shelf","Lying Down","Resting",NA,15,30,"Inactive"
"1961",2023-11-14,"Bernie","Intervention Weekday",240,10:16:47,"Shelf","Lying Down","Resting",NA,30,45,"Inactive"
"1962",2023-11-14,"Bernie","Intervention Weekday",240,10:17:02,"Shelf","Lying Down","Resting",NA,45,60,"Inactive"
"1963",2023-11-14,"Bernie","Intervention Weekday",240,10:17:17,"Shelf","Lying Down","Resting",NA,0,75,"Inactive"
"1964",2023-11-14,"Bernie","Intervention Weekday",240,10:17:32,"Shelf","Lying Down","Resting",NA,15,90,"Inactive"
"1965",2023-11-14,"Bernie","Intervention Weekday",240,10:17:47,"Shelf","Lying Down","Resting",NA,30,105,"Inactive"
"1966",2023-11-16,"Bernie","Intervention Weekday",240,09:53:38,"Shelf","Lying Down","Resting",NA,0,0,"Inactive"
"1967",2023-11-16,"Bernie","Intervention Weekday",240,09:53:53,"Shelf","Lying Down","Resting",NA,15,15,"Inactive"
"1968",2023-11-16,"Bernie","Intervention Weekday",240,09:54:08,"Shelf","Lying Down","Resting",NA,30,30,"Inactive"
"1969",2023-11-16,"Bernie","Intervention Weekday",240,09:54:23,"Shelf","Lying Down","Resting",NA,45,45,"Inactive"
"1970",2023-11-16,"Bernie","Intervention Weekday",240,09:54:38,"6","Standing","Locomotion",NA,0,60,"Active"
"1971",2023-11-16,"Bernie","Intervention Weekday",240,09:54:53,"6","Rearing","Locomotion",NA,15,75,"Active"
"1972",2023-11-16,"Bernie","Intervention Weekday",240,09:55:08,"6","Rearing","Locomotion",NA,30,90,"Active"
"1973",2023-11-16,"Bernie","Intervention Weekday",240,09:55:23,"4","Standing","Locomotion",NA,45,105,"Active"
"1974",2023-11-16,"Bernie","Intervention Weekday",240,09:55:38,"6","Standing","Locomotion",NA,0,120,"Active"
"1975",2023-11-16,"Bernie","Intervention Weekday",240,09:55:53,"Fence","Standing","Pause",NA,15,135,"Inactive"
"1976",2023-11-16,"Bernie","Intervention Weekday",240,09:56:08,"4","Standing","Locomotion",NA,30,150,"Active"
"1977",2023-11-16,"Bernie","Intervention Weekday",240,09:56:23,"6","Rearing","Locomotion",NA,45,165,"Active"
"1978",2023-11-16,"Bernie","Intervention Weekday",240,09:56:38,"6","Rearing","Locomotion",NA,0,180,"Active"
"1979",2023-11-16,"Bernie","Intervention Weekday",240,09:56:53,"Fence","Standing","Locomotion",NA,15,195,"Active"
"1980",2023-11-16,"Bernie","Intervention Weekday",240,09:57:08,"6","Standing","Locomotion",NA,30,210,"Active"
"1981",2023-11-16,"Bernie","Intervention Weekday",240,09:57:23,"Shelf","Sitting","Resting",NA,45,225,"Inactive"
"1982",2023-11-16,"Bernie","Intervention Weekday",240,09:57:38,"6","Standing","Locomotion",NA,0,240,"Active"
"1983",2023-11-16,"Bernie","Intervention Weekday",240,09:57:53,"1","Standing","Locomotion",NA,15,0,"Active"
"1984",2023-11-16,"Bernie","Intervention Weekday",240,09:58:08,"Shelf","Out of View","Out of View",NA,30,15,"OutofView"
"1985",2023-11-16,"Bernie","Intervention Weekday",240,09:58:23,"Fence","Standing","Locomotion",NA,45,30,"Active"
"1986",2023-11-16,"Bernie","Intervention Weekday",240,09:58:38,"5","Rearing","Locomotion",NA,0,45,"Active"
"1987",2023-11-16,"Bernie","Intervention Weekday",240,09:58:53,"5","Rearing","Locomotion",NA,15,60,"Active"
"1988",2023-11-16,"Bernie","Intervention Weekday",240,09:59:08,"2","Standing","Locomotion",NA,30,75,"Active"
"1989",2023-11-16,"Bernie","Intervention Weekday",240,09:59:23,"Shelf","Sitting","Resting",NA,45,90,"Inactive"
"1990",2023-11-16,"Bernie","Intervention Weekday",240,09:59:38,"6","Rearing","Pause",NA,0,105,"Inactive"
"1991",2023-11-16,"Bernie","Intervention Weekday",240,09:59:53,"6","Standing","Locomotion",NA,15,120,"Active"
"1992",2023-11-16,"Bernie","Intervention Weekday",240,10:00:08,"6","Rearing","Locomotion",NA,30,135,"Active"
"1993",2023-11-16,"Bernie","Intervention Weekday",240,10:00:23,"Shelf","Sitting","Resting",NA,45,150,"Inactive"
"1994",2023-11-16,"Bernie","Intervention Weekday",240,10:00:38,"Shelf","Sitting","Resting",NA,0,165,"Inactive"
"1995",2023-11-16,"Bernie","Intervention Weekday",240,10:00:53,"Fence","Standing","Locomotion",NA,15,180,"Active"
"1996",2023-11-16,"Bernie","Intervention Weekday",240,10:01:08,"Fence","Standing","Locomotion",NA,30,195,"Active"
"1997",2023-11-16,"Bernie","Intervention Weekday",240,10:01:23,"Shelf","Standing","Locomotion",NA,45,210,"Active"
"1998",2023-11-16,"Bernie","Intervention Weekday",240,10:01:38,"Shelf","Sitting","Resting",NA,0,225,"Inactive"
"1999",2023-11-16,"Bernie","Intervention Weekday",240,10:01:53,"Shelf","Sitting","Resting",NA,15,240,"Inactive"
"2000",2023-11-16,"Bernie","Intervention Weekday",240,10:02:08,"Shelf","Lying Down","Resting",NA,30,0,"Inactive"
"2001",2023-11-16,"Bernie","Intervention Weekday",240,10:02:23,"Shelf","Lying Down","Resting",NA,45,15,"Inactive"
"2002",2023-11-16,"Bernie","Intervention Weekday",240,10:02:38,"Shelf","Lying Down","Resting",NA,0,30,"Inactive"
"2003",2023-11-16,"Bernie","Intervention Weekday",240,10:02:53,"Shelf","Lying Down","Resting",NA,15,45,"Inactive"
"2004",2023-11-16,"Bernie","Intervention Weekday",240,10:03:08,"Shelf","Lying Down","Resting",NA,30,60,"Inactive"
"2005",2023-11-16,"Bernie","Intervention Weekday",240,10:03:23,"Shelf","Out of View","Out of View",NA,45,75,"OutofView"
"2006",2023-11-16,"Bernie","Intervention Weekday",240,10:03:38,"Shelf","Sitting","Resting",NA,0,90,"Inactive"
"2007",2023-11-16,"Bernie","Intervention Weekday",240,10:03:53,"Shelf","Sitting","Resting",NA,15,105,"Inactive"
"2008",2023-11-16,"Bernie","Intervention Weekday",240,10:04:08,"6","Rearing","Pause",NA,30,120,"Inactive"
"2009",2023-11-16,"Bernie","Intervention Weekday",240,10:04:23,"Fence","Standing","Pause",NA,45,135,"Inactive"
"2010",2023-11-16,"Bernie","Intervention Weekday",240,10:04:38,"6","Sitting","Eating",NA,0,150,"Active"
"2011",2023-11-16,"Bernie","Intervention Weekday",240,10:04:53,"6","Sitting","Eating",NA,15,165,"Active"
"2012",2023-11-16,"Bernie","Intervention Weekday",240,10:05:08,"6","Sitting","Eating",NA,30,180,"Active"
"2013",2023-11-16,"Bernie","Intervention Weekday",240,10:05:23,"6","Sitting","Eating",NA,45,195,"Active"
"2014",2023-11-16,"Bernie","Intervention Weekday",240,10:05:38,"6","Sitting","Eating",NA,0,210,"Active"
"2015",2023-11-16,"Bernie","Intervention Weekday",240,10:05:53,"6","Sitting","Eating",NA,15,225,"Active"
"2016",2023-11-16,"Bernie","Intervention Weekday",240,10:06:08,"6","Sitting","Eating",NA,30,240,"Active"
"2017",2023-11-16,"Bernie","Intervention Weekday",240,10:06:23,"6","Sitting","Pause",NA,45,0,"Inactive"
"2018",2023-11-16,"Bernie","Intervention Weekday",240,10:06:38,"Fence","Standing","Locomotion",NA,0,15,"Active"
"2019",2023-11-16,"Bernie","Intervention Weekday",240,10:06:53,"6","Standing","Locomotion",NA,15,30,"Active"
"2020",2023-11-16,"Bernie","Intervention Weekday",240,10:07:08,"6","Sitting","Drinking",NA,30,45,"Active"
"2021",2023-11-16,"Bernie","Intervention Weekday",240,10:07:23,"Fence","Standing","Pause",NA,45,60,"Inactive"
"2022",2023-11-16,"Bernie","Intervention Weekday",240,10:07:38,"6","Sitting","Drinking",NA,0,75,"Active"
"2023",2023-11-16,"Bernie","Intervention Weekday",240,10:07:53,"6","Rearing","Locomotion",NA,15,90,"Active"
"2024",2023-11-16,"Bernie","Intervention Weekday",240,10:08:08,"6","Standing","Locomotion",NA,30,105,"Active"
"2025",2023-11-22,"Bernie","Baseline Weekday",0,11:27:06,"4","Sitting","Drinking",NA,0,0,"Active"
"2026",2023-11-22,"Bernie","Baseline Weekday",0,11:27:21,"4","Sitting","Pause",NA,15,0,"Inactive"
"2027",2023-11-22,"Bernie","Baseline Weekday",0,11:27:36,"4","Sitting","Drinking",NA,30,0,"Active"
"2028",2023-11-22,"Bernie","Baseline Weekday",0,11:27:51,"4","Sitting","Drinking",NA,45,0,"Active"
"2029",2023-11-22,"Bernie","Baseline Weekday",0,11:28:06,"4","Sitting","Drinking",NA,0,0,"Active"
"2030",2023-11-22,"Bernie","Baseline Weekday",0,11:28:21,"4","Sitting","Pause",NA,15,0,"Inactive"
"2031",2023-11-22,"Bernie","Baseline Weekday",0,11:28:36,"Out of View","Out of View","Out of View",NA,30,0,"OutofView"
"2032",2023-11-22,"Bernie","Baseline Weekday",0,11:28:51,"Out of View","Out of View","Out of View",NA,45,0,"OutofView"
"2033",2023-11-22,"Bernie","Baseline Weekday",0,11:29:06,"Shelf","Sitting","Resting",NA,0,0,"Inactive"
"2034",2023-11-22,"Bernie","Baseline Weekday",0,11:29:21,"Shelf","Sitting","Resting",NA,15,0,"Inactive"
"2035",2023-11-22,"Bernie","Baseline Weekday",0,11:29:36,"Shelf","Sitting","Resting",NA,30,0,"Inactive"
"2036",2023-11-22,"Bernie","Baseline Weekday",0,11:29:51,"Shelf","Sitting","Resting",NA,45,0,"Inactive"
"2037",2023-11-22,"Bernie","Baseline Weekday",0,11:30:06,"Out of View","Out of View","Out of View",NA,0,0,"OutofView"
"2038",2023-11-22,"Bernie","Baseline Weekday",0,11:30:21,"Out of View","Out of View","Out of View",NA,15,0,"OutofView"
"2039",2023-11-22,"Bernie","Baseline Weekday",0,11:30:36,"Out of View","Out of View","Out of View",NA,30,0,"OutofView"
"2040",2023-11-22,"Bernie","Baseline Weekday",0,11:30:51,"Out of View","Out of View","Out of View",NA,45,0,"OutofView"
"2041",2023-11-22,"Bernie","Baseline Weekday",0,11:31:06,"Out of View","Out of View","Out of View",NA,0,0,"OutofView"
"2042",2023-11-22,"Bernie","Baseline Weekday",0,11:31:21,"Out of View","Out of View","Out of View",NA,15,0,"OutofView"
"2043",2023-11-22,"Bernie","Baseline Weekday",0,11:31:36,"Out of View","Out of View","Out of View",NA,30,0,"OutofView"
"2044",2023-11-22,"Bernie","Baseline Weekday",0,11:31:51,"Out of View","Out of View","Out of View",NA,45,0,"OutofView"
"2045",2023-11-22,"Bernie","Baseline Weekday",0,11:32:06,"Out of View","Out of View","Out of View",NA,0,0,"OutofView"
"2046",2023-11-22,"Bernie","Baseline Weekday",0,11:32:21,"Out of View","Out of View","Out of View",NA,15,0,"OutofView"
"2047",2023-11-22,"Bernie","Baseline Weekday",0,11:32:36,"Out of View","Out of View","Out of View",NA,30,0,"OutofView"
"2048",2023-11-22,"Bernie","Baseline Weekday",0,11:32:51,"Out of View","Out of View","Out of View",NA,45,0,"OutofView"
"2049",2023-11-22,"Bernie","Baseline Weekday",0,11:33:06,"Out of View","Out of View","Out of View",NA,0,0,"OutofView"
"2050",2023-11-22,"Bernie","Baseline Weekday",0,11:33:21,"Out of View","Out of View","Out of View",NA,15,0,"OutofView"
"2051",2023-11-22,"Bernie","Baseline Weekday",0,11:33:36,"Out of View","Out of View","Out of View",NA,30,0,"OutofView"
"2052",2023-11-22,"Bernie","Baseline Weekday",0,11:33:51,"Out of View","Out of View","Out of View",NA,45,0,"OutofView"
"2053",2023-11-22,"Bernie","Baseline Weekday",0,11:34:06,"Out of View","Out of View","Out of View",NA,0,0,"OutofView"
"2054",2023-11-22,"Bernie","Baseline Weekday",0,11:34:21,"Out of View","Out of View","Out of View",NA,15,0,"OutofView"
"2055",2023-11-22,"Bernie","Baseline Weekday",0,11:34:36,"Out of View","Out of View","Out of View",NA,30,0,"OutofView"
"2056",2023-11-22,"Bernie","Baseline Weekday",0,11:34:51,"Out of View","Out of View","Out of View",NA,45,0,"OutofView"
"2057",2023-11-22,"Bernie","Baseline Weekday",0,11:35:06,"Out of View","Out of View","Out of View",NA,0,0,"OutofView"
"2058",2023-11-22,"Bernie","Baseline Weekday",0,11:35:21,"Out of View","Out of View","Out of View",NA,15,0,"OutofView"
"2059",2023-11-22,"Bernie","Baseline Weekday",0,11:35:36,"Out of View","Out of View","Out of View",NA,30,0,"OutofView"
"2060",2023-11-22,"Bernie","Baseline Weekday",0,11:35:51,"Out of View","Out of View","Out of View",NA,45,0,"OutofView"
"2061",2023-11-22,"Bernie","Baseline Weekday",0,11:36:06,"Out of View","Out of View","Out of View",NA,0,0,"OutofView"
"2062",2023-11-22,"Bernie","Baseline Weekday",0,11:36:21,"Out of View","Out of View","Out of View",NA,15,0,"OutofView"
"2063",2023-11-22,"Bernie","Baseline Weekday",0,11:36:36,"Out of View","Out of View","Out of View",NA,30,0,"OutofView"
"2064",2023-11-22,"Bernie","Baseline Weekday",0,11:36:51,"Out of View","Out of View","Out of View",NA,45,0,"OutofView"
"2065",2023-11-22,"Bernie","Baseline Weekday",0,11:37:06,"Out of View","Out of View","Out of View",NA,0,0,"OutofView"
"2066",2023-11-22,"Bernie","Baseline Weekday",0,11:37:21,"Out of View","Out of View","Out of View",NA,15,0,"OutofView"
"2067",2023-11-22,"Bernie","Baseline Weekday",0,11:37:36,"Out of View","Out of View","Out of View",NA,30,0,"OutofView"
"2068",2023-11-22,"Bernie","Baseline Weekday",0,11:37:51,"Out of View","Out of View","Out of View",NA,45,0,"OutofView"
"2069",2023-11-22,"Bernie","Baseline Weekday",0,11:38:06,"Out of View","Out of View","Out of View",NA,0,0,"OutofView"
"2070",2023-11-22,"Bernie","Baseline Weekday",0,11:38:21,"Out of View","Out of View","Out of View",NA,15,0,"OutofView"
"2071",2023-11-22,"Bernie","Baseline Weekday",0,11:38:36,"Out of View","Out of View","Out of View",NA,30,0,"OutofView"
"2072",2023-11-22,"Bernie","Baseline Weekday",0,11:38:51,"Out of View","Out of View","Out of View",NA,45,0,"OutofView"
"2073",2023-11-22,"Bernie","Baseline Weekday",0,11:39:06,"Out of View","Out of View","Out of View",NA,0,0,"OutofView"
"2074",2023-11-22,"Bernie","Baseline Weekday",0,11:39:21,"Out of View","Out of View","Out of View",NA,15,0,"OutofView"
"2075",2023-11-22,"Bernie","Baseline Weekday",0,11:39:36,"Out of View","Out of View","Out of View",NA,30,0,"OutofView"
"2076",2023-11-22,"Bernie","Baseline Weekday",0,11:39:51,"Out of View","Out of View","Out of View",NA,45,0,"OutofView"
"2077",2023-11-22,"Bernie","Baseline Weekday",0,11:40:06,"Out of View","Out of View","Out of View",NA,0,0,"OutofView"
"2078",2023-11-22,"Bernie","Baseline Weekday",0,11:40:21,"Out of View","Out of View","Out of View",NA,15,0,"OutofView"
"2079",2023-11-22,"Bernie","Baseline Weekday",0,11:40:36,"Out of View","Out of View","Out of View",NA,30,0,"OutofView"
"2080",2023-11-22,"Bernie","Baseline Weekday",0,11:40:51,"Out of View","Out of View","Out of View",NA,45,0,"OutofView"
"2081",2023-11-22,"Bernie","Baseline Weekday",0,11:41:06,"Out of View","Out of View","Out of View",NA,0,0,"OutofView"
"2082",2023-11-22,"Bernie","Baseline Weekday",0,11:41:21,"Out of View","Out of View","Out of View",NA,15,0,"OutofView"
"2083",2023-11-22,"Bernie","Baseline Weekday",0,11:41:36,"Out of View","Out of View","Out of View",NA,30,0,"OutofView"
"2084",2023-11-25,"Bernie","Baseline Weekend",0,11:09:46,"6","Sitting","Eating",NA,0,0,"Active"
"2085",2023-11-25,"Bernie","Baseline Weekend",0,11:10:01,"6","Sitting","Eating",NA,15,0,"Active"
"2086",2023-11-25,"Bernie","Baseline Weekend",0,11:10:16,"6","Sitting","Eating",NA,30,0,"Active"
"2087",2023-11-25,"Bernie","Baseline Weekend",0,11:10:31,"5","Rearing","Pause",NA,45,0,"Inactive"
"2088",2023-11-25,"Bernie","Baseline Weekend",0,11:10:46,"5","Rearing","Pause",NA,0,0,"Inactive"
"2089",2023-11-25,"Bernie","Baseline Weekend",0,11:11:01,"6","Sitting","Eating",NA,15,0,"Active"
"2090",2023-11-25,"Bernie","Baseline Weekend",0,11:11:16,"6","Sitting","Eating",NA,30,0,"Active"
"2091",2023-11-25,"Bernie","Baseline Weekend",0,11:11:31,"6","Sitting","Eating",NA,45,0,"Active"
"2092",2023-11-25,"Bernie","Baseline Weekend",0,11:11:46,"6","Sitting","Eating",NA,0,0,"Active"
"2093",2023-11-25,"Bernie","Baseline Weekend",0,11:12:01,"6","Sitting","Eating",NA,15,0,"Active"
"2094",2023-11-25,"Bernie","Baseline Weekend",0,11:12:16,"6","Standing","Locomotion",NA,30,0,"Active"
"2095",2023-11-25,"Bernie","Baseline Weekend",0,11:12:31,"5","Sitting","Resting",NA,45,0,"Inactive"
"2096",2023-11-25,"Bernie","Baseline Weekend",0,11:12:46,"5","Sitting","Resting",NA,0,0,"Inactive"
"2097",2023-11-25,"Bernie","Baseline Weekend",0,11:13:01,"5","Sitting","Drinking",NA,15,0,"Active"
"2098",2023-11-25,"Bernie","Baseline Weekend",0,11:13:16,"5","Sitting","Drinking",NA,30,0,"Active"
"2099",2023-11-25,"Bernie","Baseline Weekend",0,11:13:31,"5","Sitting","Pause",NA,45,0,"Inactive"
"2100",2023-11-25,"Bernie","Baseline Weekend",0,11:13:46,"5","Sitting","Drinking",NA,0,0,"Active"
"2101",2023-11-25,"Bernie","Baseline Weekend",0,11:14:01,"5","Sitting","Drinking",NA,15,0,"Active"
"2102",2023-11-25,"Bernie","Baseline Weekend",0,11:14:16,"5","Rearing","Pause",NA,30,0,"Inactive"
"2103",2023-11-25,"Bernie","Baseline Weekend",0,11:14:31,"6","Standing","Locomotion",NA,45,0,"Active"
"2104",2023-11-25,"Bernie","Baseline Weekend",0,11:14:46,"4","Standing","Locomotion",NA,0,0,"Active"
"2105",2023-11-25,"Bernie","Baseline Weekend",0,11:15:01,"6","Sitting","Eating",NA,15,0,"Active"
"2106",2023-11-25,"Bernie","Baseline Weekend",0,11:15:16,"6","Sitting","Eating",NA,30,0,"Active"
"2107",2023-11-25,"Bernie","Baseline Weekend",0,11:15:31,"6","Sitting","Eating",NA,45,0,"Active"
"2108",2023-11-25,"Bernie","Baseline Weekend",0,11:15:46,"6","Sitting","Eating",NA,0,0,"Active"
"2109",2023-11-25,"Bernie","Baseline Weekend",0,11:16:01,"6","Sitting","Eating",NA,15,0,"Active"
"2110",2023-11-25,"Bernie","Baseline Weekend",0,11:16:16,"6","Sitting","Eating",NA,30,0,"Active"
"2111",2023-11-25,"Bernie","Baseline Weekend",0,11:16:31,"6","Sitting","Eating",NA,45,0,"Active"
"2112",2023-11-25,"Bernie","Baseline Weekend",0,11:16:46,"6","Sitting","Eating",NA,0,0,"Active"
"2113",2023-11-25,"Bernie","Baseline Weekend",0,11:17:01,"6","Sitting","Pause",NA,15,0,"Inactive"
"2114",2023-11-25,"Bernie","Baseline Weekend",0,11:17:16,"5","Sitting","Drinking",NA,30,0,"Active"
"2115",2023-11-25,"Bernie","Baseline Weekend",0,11:17:31,"5","Sitting","Drinking",NA,45,0,"Active"
"2116",2023-11-25,"Bernie","Baseline Weekend",0,11:17:46,"5","Sitting","Drinking",NA,0,0,"Active"
"2117",2023-11-25,"Bernie","Baseline Weekend",0,11:18:01,"5","Sitting","Drinking",NA,15,0,"Active"
"2118",2023-11-25,"Bernie","Baseline Weekend",0,11:18:16,"5","Sitting","Pause",NA,30,0,"Inactive"
"2119",2023-11-25,"Bernie","Baseline Weekend",0,11:18:31,"5","Sitting","Pause",NA,45,0,"Inactive"
"2120",2023-11-25,"Bernie","Baseline Weekend",0,11:18:46,"5","Sitting","Pause",NA,0,0,"Inactive"
"2121",2023-11-25,"Bernie","Baseline Weekend",0,11:19:01,"5","Sitting","Drinking",NA,15,0,"Active"
"2122",2023-11-25,"Bernie","Baseline Weekend",0,11:19:16,"5","Sitting","Pause",NA,30,0,"Inactive"
"2123",2023-11-25,"Bernie","Baseline Weekend",0,11:19:31,"5","Sitting","Pause",NA,45,0,"Inactive"
"2124",2023-11-25,"Bernie","Baseline Weekend",0,11:19:46,"5","Sitting","Pause",NA,0,0,"Inactive"
"2125",2023-11-25,"Bernie","Baseline Weekend",0,11:20:01,"6","Sitting","Eating",NA,15,0,"Active"
"2126",2023-11-25,"Bernie","Baseline Weekend",0,11:20:16,"6","Sitting","Eating",NA,30,0,"Active"
"2127",2023-11-25,"Bernie","Baseline Weekend",0,11:20:31,"6","Sitting","Eating",NA,45,0,"Active"
"2128",2023-11-25,"Bernie","Baseline Weekend",0,11:20:46,"6","Sitting","Eating",NA,0,0,"Active"
"2129",2023-11-25,"Bernie","Baseline Weekend",0,11:21:01,"6","Sitting","Pause",NA,15,0,"Inactive"
"2130",2023-11-25,"Bernie","Baseline Weekend",0,11:21:16,"5","Sitting","Pause",NA,30,0,"Inactive"
"2131",2023-11-25,"Bernie","Baseline Weekend",0,11:21:31,"5","Sitting","Pause",NA,45,0,"Inactive"
"2132",2023-11-25,"Bernie","Baseline Weekend",0,11:21:46,"5","Standing","Locomotion",NA,0,0,"Active"
"2133",2023-11-25,"Bernie","Baseline Weekend",0,11:22:01,"5","Standing","Locomotion",NA,15,0,"Active"
"2134",2023-11-25,"Bernie","Baseline Weekend",0,11:22:16,"5","Sitting","Resting",NA,30,0,"Inactive"
"2135",2023-11-25,"Bernie","Baseline Weekend",0,11:22:31,"5","Sitting","Drinking",NA,45,0,"Active"
"2136",2023-11-25,"Bernie","Baseline Weekend",0,11:22:46,"5","Sitting","Drinking",NA,0,0,"Active"
"2137",2023-11-25,"Bernie","Baseline Weekend",0,11:23:01,"5","Rearing","Pause",NA,15,0,"Inactive"
"2138",2023-11-25,"Bernie","Baseline Weekend",0,11:23:16,"6","Standing","Locomotion",NA,30,0,"Active"
"2139",2023-11-25,"Bernie","Baseline Weekend",0,11:23:31,"4","Standing","Locomotion",NA,45,0,"Active"
"2140",2023-11-25,"Bernie","Baseline Weekend",0,11:23:46,"5","Sitting","Drinking",NA,0,0,"Active"
"2141",2023-11-25,"Bernie","Baseline Weekend",0,11:24:01,"5","Sitting","Drinking",NA,15,0,"Active"
"2142",2023-11-25,"Bernie","Baseline Weekend",0,11:24:16,"5","Sitting","Drinking",NA,30,0,"Active"
"2143",2023-11-29,"Bernie","Intervention Weekday",300,09:05:26,"6","Sitting","Eating",NA,0,0,"Active"
"2144",2023-11-29,"Bernie","Intervention Weekday",300,09:05:41,"3","Standing","Locomotion",NA,15,15,"Active"
"2145",2023-11-29,"Bernie","Intervention Weekday",300,09:05:56,"6","Rearing","Pause",NA,30,30,"Inactive"
"2146",2023-11-29,"Bernie","Intervention Weekday",300,09:06:11,"6","Rearing","Pause",NA,45,45,"Inactive"
"2147",2023-11-29,"Bernie","Intervention Weekday",300,09:06:26,"6","Rearing","Pause",NA,0,60,"Inactive"
"2148",2023-11-29,"Bernie","Intervention Weekday",300,09:06:41,"Fence","Rearing","Pause",NA,15,75,"Inactive"
"2149",2023-11-29,"Bernie","Intervention Weekday",300,09:06:56,"6","Rearing","Pause",NA,30,90,"Inactive"
"2150",2023-11-29,"Bernie","Intervention Weekday",300,09:07:11,"Fence","Rearing","Pause",NA,45,105,"Inactive"
"2151",2023-11-29,"Bernie","Intervention Weekday",300,09:07:26,"6","Standing","Locomotion",NA,0,120,"Active"
"2152",2023-11-29,"Bernie","Intervention Weekday",300,09:07:41,"6","Rearing","Pause",NA,15,135,"Inactive"
"2153",2023-11-29,"Bernie","Intervention Weekday",300,09:07:56,"5","Standing","Locomotion",NA,30,150,"Active"
"2154",2023-11-29,"Bernie","Intervention Weekday",300,09:08:11,"3","Standing","Locomotion",NA,45,165,"Active"
"2155",2023-11-29,"Bernie","Intervention Weekday",300,09:08:26,"Out of View","Out of View","Out of View",NA,0,180,"OutofView"
"2156",2023-11-29,"Bernie","Intervention Weekday",300,09:08:41,"Shelf","Lying Down","Resting",NA,15,195,"Inactive"
"2157",2023-11-29,"Bernie","Intervention Weekday",300,09:08:56,"Shelf","Lying Down","Resting",NA,30,210,"Inactive"
"2158",2023-11-29,"Bernie","Intervention Weekday",300,09:09:11,"6","Rearing","Pause",NA,45,225,"Inactive"
"2159",2023-11-29,"Bernie","Intervention Weekday",300,09:09:26,"4","Standing","Drinking","Water Bowl",0,240,"Active"
"2160",2023-11-29,"Bernie","Intervention Weekday",300,09:09:41,"4","Sitting","Drinking",NA,15,255,"Active"
"2161",2023-11-29,"Bernie","Intervention Weekday",300,09:09:56,"4","Sitting","Drinking",NA,30,270,"Active"
"2162",2023-11-29,"Bernie","Intervention Weekday",300,09:10:11,"6","Rearing","Locomotion",NA,45,285,"Active"
"2163",2023-11-29,"Bernie","Intervention Weekday",300,09:10:26,"3","Standing","Locomotion",NA,0,300,"Active"
"2164",2023-11-29,"Bernie","Intervention Weekday",300,09:10:41,"4","Standing","Drinking",NA,15,0,"Active"
"2165",2023-11-29,"Bernie","Intervention Weekday",300,09:10:56,"6","Sitting","Eating",NA,30,15,"Active"
"2166",2023-11-29,"Bernie","Intervention Weekday",300,09:11:11,"6","Sitting","Eating",NA,45,30,"Active"
"2167",2023-11-29,"Bernie","Intervention Weekday",300,09:11:26,"6","Sitting","Eating",NA,0,45,"Active"
"2168",2023-11-29,"Bernie","Intervention Weekday",300,09:11:41,"6","Sitting","Eating",NA,15,60,"Active"
"2169",2023-11-29,"Bernie","Intervention Weekday",300,09:11:56,"6","Sitting","Pause",NA,30,75,"Inactive"
"2170",2023-11-29,"Bernie","Intervention Weekday",300,09:12:11,"5","Standing","Locomotion",NA,45,90,"Active"
"2171",2023-11-29,"Bernie","Intervention Weekday",300,09:12:26,"6","Sitting","Eating",NA,0,105,"Active"
"2172",2023-11-29,"Bernie","Intervention Weekday",300,09:12:41,"6","Sitting","Eating",NA,15,120,"Active"
"2173",2023-11-29,"Bernie","Intervention Weekday",300,09:12:56,"6","Rearing","Pause",NA,30,135,"Inactive"
"2174",2023-11-29,"Bernie","Intervention Weekday",300,09:13:11,"6","Rearing","Pause",NA,45,150,"Inactive"
"2175",2023-11-29,"Bernie","Intervention Weekday",300,09:13:26,"4","Standing","Drinking",NA,0,165,"Active"
"2176",2023-11-29,"Bernie","Intervention Weekday",300,09:13:41,"6","Rearing","Pause",NA,15,180,"Inactive"
"2177",2023-11-29,"Bernie","Intervention Weekday",300,09:13:56,"6","Standing","Locomotion",NA,30,195,"Active"
"2178",2023-11-29,"Bernie","Intervention Weekday",300,09:14:11,"5","Rearing","Pause",NA,45,210,"Inactive"
"2179",2023-11-29,"Bernie","Intervention Weekday",300,09:14:26,"Fence","Standing","Pause",NA,0,225,"Inactive"
"2180",2023-11-29,"Bernie","Intervention Weekday",300,09:14:41,"6","Rearing","Pause",NA,15,240,"Inactive"
"2181",2023-11-29,"Bernie","Intervention Weekday",300,09:14:56,"2","Standing","Locomotion",NA,30,255,"Active"
"2182",2023-11-29,"Bernie","Intervention Weekday",300,09:15:11,"6","Rearing","Pause",NA,45,270,"Inactive"
"2183",2023-11-29,"Bernie","Intervention Weekday",300,09:15:26,"6","Rearing","Pause",NA,0,285,"Inactive"
"2184",2023-11-29,"Bernie","Intervention Weekday",300,09:15:41,"3","Standing","Locomotion",NA,15,300,"Active"
"2185",2023-11-29,"Bernie","Intervention Weekday",300,09:15:56,"1","Standing","Locomotion",NA,30,0,"Active"
"2186",2023-11-29,"Bernie","Intervention Weekday",300,09:16:11,"Fence","Standing","Pause",NA,45,15,"Inactive"
"2187",2023-11-29,"Bernie","Intervention Weekday",300,09:16:26,"Shelf","Out of View","Out of View",NA,0,30,"OutofView"
"2188",2023-11-29,"Bernie","Intervention Weekday",300,09:16:41,"Fence","Standing","Pause",NA,15,45,"Inactive"
"2189",2023-11-29,"Bernie","Intervention Weekday",300,09:16:56,"2","Standing","Locomotion",NA,30,60,"Active"
"2190",2023-11-29,"Bernie","Intervention Weekday",300,09:17:11,"6","Rearing","Pause",NA,45,75,"Inactive"
"2191",2023-11-29,"Bernie","Intervention Weekday",300,09:17:26,"6","Rearing","Locomotion",NA,0,90,"Active"
"2192",2023-11-29,"Bernie","Intervention Weekday",300,09:17:41,"Shelf","Lying Down","Resting",NA,15,105,"Inactive"
"2193",2023-11-29,"Bernie","Intervention Weekday",300,09:17:56,"Shelf","Lying Down","Resting",NA,30,120,"Inactive"
"2194",2023-11-29,"Bernie","Intervention Weekday",300,09:18:11,"Shelf","Lying Down","Resting",NA,45,135,"Inactive"
"2195",2023-11-29,"Bernie","Intervention Weekday",300,09:18:26,"Shelf","Lying Down","Resting",NA,0,150,"Inactive"
"2196",2023-11-29,"Bernie","Intervention Weekday",300,09:18:41,"6","Rearing","Pause",NA,15,165,"Inactive"
"2197",2023-11-29,"Bernie","Intervention Weekday",300,09:18:56,"4","Sitting","Drinking",NA,30,180,"Active"
"2198",2023-11-29,"Bernie","Intervention Weekday",300,09:19:11,"4","Sitting","Drinking",NA,45,195,"Active"
"2199",2023-11-29,"Bernie","Intervention Weekday",300,09:19:26,"6","Rearing","Pause",NA,0,210,"Inactive"
"2200",2023-11-29,"Bernie","Intervention Weekday",300,09:19:41,"6","Rearing","Pause",NA,15,225,"Inactive"
"2201",2023-11-29,"Bernie","Intervention Weekday",300,09:19:56,"4","Sitting","Drinking",NA,30,240,"Active"
"2202",2023-12-01,"Bernie","Intervention Weekday",300,10:13:35,"5","Sitting","Eating",NA,0,0,"Active"
"2203",2023-12-01,"Bernie","Intervention Weekday",300,10:13:50,"6","Rearing","Pause",NA,15,15,"Inactive"
"2204",2023-12-01,"Bernie","Intervention Weekday",300,10:14:05,"6","Rearing","Pause",NA,30,30,"Inactive"
"2205",2023-12-01,"Bernie","Intervention Weekday",300,10:14:20,"Fence","Standing","Locomotion",NA,45,45,"Active"
"2206",2023-12-01,"Bernie","Intervention Weekday",300,10:14:35,"Shelf","Sitting","Resting",NA,0,60,"Inactive"
"2207",2023-12-01,"Bernie","Intervention Weekday",300,10:14:50,"Shelf","Sitting","Resting",NA,15,75,"Inactive"
"2208",2023-12-01,"Bernie","Intervention Weekday",300,10:15:05,"6","Rearing","Locomotion",NA,30,90,"Active"
"2209",2023-12-01,"Bernie","Intervention Weekday",300,10:15:20,"Fence","Standing","Pause",NA,45,105,"Inactive"
"2210",2023-12-01,"Bernie","Intervention Weekday",300,10:15:35,"Shelf","Sitting","Resting",NA,0,120,"Inactive"
"2211",2023-12-01,"Bernie","Intervention Weekday",300,10:15:50,"Shelf","Lying Down","Resting",NA,15,135,"Inactive"
"2212",2023-12-01,"Bernie","Intervention Weekday",300,10:16:05,"Shelf","Lying Down","Resting",NA,30,150,"Inactive"
"2213",2023-12-01,"Bernie","Intervention Weekday",300,10:16:20,"Shelf","Lying Down","Resting",NA,45,165,"Inactive"
"2214",2023-12-01,"Bernie","Intervention Weekday",300,10:16:35,"Shelf","Lying Down","Resting",NA,0,180,"Inactive"
"2215",2023-12-01,"Bernie","Intervention Weekday",300,10:16:50,"Shelf","Lying Down","Resting",NA,15,195,"Inactive"
"2216",2023-12-01,"Bernie","Intervention Weekday",300,10:17:05,"Shelf","Lying Down","Resting",NA,30,210,"Inactive"
"2217",2023-12-01,"Bernie","Intervention Weekday",300,10:17:20,"6","Standing","Locomotion",NA,45,225,"Active"
"2218",2023-12-01,"Bernie","Intervention Weekday",300,10:17:35,"5","Rearing","Pause",NA,0,240,"Inactive"
"2219",2023-12-01,"Bernie","Intervention Weekday",300,10:17:50,"4","Standing","Locomotion",NA,15,255,"Active"
"2220",2023-12-01,"Bernie","Intervention Weekday",300,10:18:05,"Out of View","Out of View","Out of View",NA,30,270,"OutofView"
"2221",2023-12-01,"Bernie","Intervention Weekday",300,10:18:20,"Out of View","Out of View","Out of View",NA,45,285,"OutofView"
"2222",2023-12-01,"Bernie","Intervention Weekday",300,10:18:35,"5","Sitting","Eating",NA,0,300,"Active"
"2223",2023-12-01,"Bernie","Intervention Weekday",300,10:18:50,"5","Standing","Locomotion",NA,15,0,"Active"
"2224",2023-12-01,"Bernie","Intervention Weekday",300,10:19:05,"4","Sitting","Drinking",NA,30,15,"Active"
"2225",2023-12-01,"Bernie","Intervention Weekday",300,10:19:20,"4","Sitting","Drinking",NA,45,30,"Active"
"2226",2023-12-01,"Bernie","Intervention Weekday",300,10:19:35,"4","Sitting","Drinking",NA,0,45,"Active"
"2227",2023-12-01,"Bernie","Intervention Weekday",300,10:19:50,"6","Rearing","Pause",NA,15,60,"Inactive"
"2228",2023-12-01,"Bernie","Intervention Weekday",300,10:20:05,"4","Standing","Locomotion",NA,30,75,"Active"
"2229",2023-12-01,"Bernie","Intervention Weekday",300,10:20:20,"6","Standing","Grooming",NA,45,90,"Active"
"2230",2023-12-01,"Bernie","Intervention Weekday",300,10:20:35,"6","Sitting","Eating",NA,0,105,"Active"
"2231",2023-12-01,"Bernie","Intervention Weekday",300,10:20:50,"6","Sitting","Grooming",NA,15,120,"Active"
"2232",2023-12-01,"Bernie","Intervention Weekday",300,10:21:05,"6","Sitting","Grooming",NA,30,135,"Active"
"2233",2023-12-01,"Bernie","Intervention Weekday",300,10:21:20,"6","Sitting","Grooming",NA,45,150,"Active"
"2234",2023-12-01,"Bernie","Intervention Weekday",300,10:21:35,"6","Sitting","Resting",NA,0,165,"Inactive"
"2235",2023-12-01,"Bernie","Intervention Weekday",300,10:21:50,"6","Rearing","Pause",NA,15,180,"Inactive"
"2236",2023-12-01,"Bernie","Intervention Weekday",300,10:22:05,"Shelf","Out of View","Out of View",NA,30,195,"OutofView"
"2237",2023-12-01,"Bernie","Intervention Weekday",300,10:22:20,"Shelf","Lying Down","Resting",NA,45,210,"Inactive"
"2238",2023-12-01,"Bernie","Intervention Weekday",300,10:22:35,"Shelf","Lying Down","Resting",NA,0,225,"Inactive"
"2239",2023-12-01,"Bernie","Intervention Weekday",300,10:22:50,"Shelf","Lying Down","Resting",NA,15,240,"Inactive"
"2240",2023-12-01,"Bernie","Intervention Weekday",300,10:23:05,"6","Rearing","Locomotion",NA,30,255,"Active"
"2241",2023-12-01,"Bernie","Intervention Weekday",300,10:23:20,"4","Standing","Locomotion",NA,45,270,"Active"
"2242",2023-12-01,"Bernie","Intervention Weekday",300,10:23:35,"6","Sitting","Eating",NA,0,285,"Active"
"2243",2023-12-01,"Bernie","Intervention Weekday",300,10:23:50,"6","Sitting","Eating",NA,15,300,"Active"
"2244",2023-12-01,"Bernie","Intervention Weekday",300,10:24:05,"6","Sitting","Eating",NA,30,0,"Active"
"2245",2023-12-01,"Bernie","Intervention Weekday",300,10:24:20,"6","Sitting","Eating",NA,45,15,"Active"
"2246",2023-12-01,"Bernie","Intervention Weekday",300,10:24:35,"4","Sitting","Drinking",NA,0,30,"Active"
"2247",2023-12-01,"Bernie","Intervention Weekday",300,10:24:50,"4","Sitting","Drinking",NA,15,45,"Active"
"2248",2023-12-01,"Bernie","Intervention Weekday",300,10:25:05,"4","Sitting","Drinking",NA,30,60,"Active"
"2249",2023-12-01,"Bernie","Intervention Weekday",300,10:25:20,"4","Sitting","Drinking",NA,45,75,"Active"
"2250",2023-12-01,"Bernie","Intervention Weekday",300,10:25:35,"4","Standing","Locomotion",NA,0,90,"Active"
"2251",2023-12-01,"Bernie","Intervention Weekday",300,10:25:50,"Fence","Standing","Pause",NA,15,105,"Inactive"
"2252",2023-12-01,"Bernie","Intervention Weekday",300,10:26:05,"Shelf","Out of View","Out of View",NA,30,120,"OutofView"
"2253",2023-12-01,"Bernie","Intervention Weekday",300,10:26:20,"Shelf","Lying Down","Resting",NA,45,135,"Inactive"
"2254",2023-12-01,"Bernie","Intervention Weekday",300,10:26:35,"Shelf","Lying Down","Resting",NA,0,150,"Inactive"
"2255",2023-12-01,"Bernie","Intervention Weekday",300,10:26:50,"Shelf","Lying Down","Resting",NA,15,165,"Inactive"
"2256",2023-12-01,"Bernie","Intervention Weekday",300,10:27:05,"Shelf","Lying Down","Resting",NA,30,180,"Inactive"
"2257",2023-12-01,"Bernie","Intervention Weekday",300,10:27:20,"Shelf","Lying Down","Resting",NA,45,195,"Inactive"
"2258",2023-12-01,"Bernie","Intervention Weekday",300,10:27:35,"Shelf","Lying Down","Resting",NA,0,210,"Inactive"
"2259",2023-12-01,"Bernie","Intervention Weekday",300,10:27:50,"Shelf","Lying Down","Resting",NA,15,225,"Inactive"
"2260",2023-12-01,"Bernie","Intervention Weekday",300,10:28:05,"Shelf","Lying Down","Resting",NA,30,240,"Inactive"
"2261",2023-12-07,"Elia","Baseline Weekday",0,10:21:19,"5","Sitting","Eating",NA,0,0,"Active"
"2262",2023-12-07,"Elia","Baseline Weekday",0,10:21:34,"5","Sitting","Eating",NA,15,0,"Active"
"2263",2023-12-07,"Elia","Baseline Weekday",0,10:21:49,"1","Rearing","Locomotion",NA,30,0,"Active"
"2264",2023-12-07,"Elia","Baseline Weekday",0,10:22:04,"1","Out of View","Out of View",NA,45,0,"OutofView"
"2265",2023-12-07,"Elia","Baseline Weekday",0,10:22:19,"1","Out of View","Out of View",NA,0,0,"OutofView"
"2266",2023-12-07,"Elia","Baseline Weekday",0,10:22:34,"1","Sitting","Resting",NA,15,0,"Inactive"
"2267",2023-12-07,"Elia","Baseline Weekday",0,10:22:49,"1","Out of View","Out of View",NA,30,0,"OutofView"
"2268",2023-12-07,"Elia","Baseline Weekday",0,10:23:04,"1","Sitting","Resting",NA,45,0,"Inactive"
"2269",2023-12-07,"Elia","Baseline Weekday",0,10:23:19,"1","Sitting","Resting",NA,0,0,"Inactive"
"2270",2023-12-07,"Elia","Baseline Weekday",0,10:23:34,"3","Sitting","Eating",NA,15,0,"Active"
"2271",2023-12-07,"Elia","Baseline Weekday",0,10:23:49,"3","Sitting","Eating",NA,30,0,"Active"
"2272",2023-12-07,"Elia","Baseline Weekday",0,10:24:04,"3","Sitting","Eating",NA,45,0,"Active"
"2273",2023-12-07,"Elia","Baseline Weekday",0,10:24:19,"6","Standing","Locomotion",NA,0,0,"Active"
"2274",2023-12-07,"Elia","Baseline Weekday",0,10:24:34,"6","Standing","Locomotion",NA,15,0,"Active"
"2275",2023-12-07,"Elia","Baseline Weekday",0,10:24:49,"6","Standing","Drinking",NA,30,0,"Active"
"2276",2023-12-07,"Elia","Baseline Weekday",0,10:25:04,"6","Standing","Drinking",NA,45,0,"Active"
"2277",2023-12-07,"Elia","Baseline Weekday",0,10:25:19,"6","Standing","Drinking",NA,0,0,"Active"
"2278",2023-12-07,"Elia","Baseline Weekday",0,10:25:34,"6","Standing","Locomotion",NA,15,0,"Active"
"2279",2023-12-07,"Elia","Baseline Weekday",0,10:25:49,"1","Sitting","Resting",NA,30,0,"Inactive"
"2280",2023-12-07,"Elia","Baseline Weekday",0,10:26:04,"1","Sitting","Resting",NA,45,0,"Inactive"
"2281",2023-12-07,"Elia","Baseline Weekday",0,10:26:19,"1","Sitting","Resting",NA,0,0,"Inactive"
"2282",2023-12-07,"Elia","Baseline Weekday",0,10:26:34,"1","Sitting","Resting",NA,15,0,"Inactive"
"2283",2023-12-07,"Elia","Baseline Weekday",0,10:26:49,"1","Lying Down","Resting",NA,30,0,"Inactive"
"2284",2023-12-07,"Elia","Baseline Weekday",0,10:27:04,"1","Lying Down","Resting",NA,45,0,"Inactive"
"2285",2023-12-07,"Elia","Baseline Weekday",0,10:27:19,"1","Lying Down","Resting",NA,0,0,"Inactive"
"2286",2023-12-07,"Elia","Baseline Weekday",0,10:27:34,"1","Lying Down","Resting",NA,15,0,"Inactive"
"2287",2023-12-07,"Elia","Baseline Weekday",0,10:27:49,"1","Lying Down","Resting",NA,30,0,"Inactive"
"2288",2023-12-07,"Elia","Baseline Weekday",0,10:28:04,"1","Lying Down","Resting",NA,45,0,"Inactive"
"2289",2023-12-07,"Elia","Baseline Weekday",0,10:28:19,"1","Lying Down","Resting",NA,0,0,"Inactive"
"2290",2023-12-07,"Elia","Baseline Weekday",0,10:28:34,"1","Lying Down","Resting",NA,15,0,"Inactive"
"2291",2023-12-07,"Elia","Baseline Weekday",0,10:28:49,"1","Lying Down","Resting",NA,30,0,"Inactive"
"2292",2023-12-07,"Elia","Baseline Weekday",0,10:29:04,"1","Lying Down","Resting",NA,45,0,"Inactive"
"2293",2023-12-07,"Elia","Baseline Weekday",0,10:29:19,"1","Lying Down","Resting",NA,0,0,"Inactive"
"2294",2023-12-07,"Elia","Baseline Weekday",0,10:29:34,"1","Lying Down","Resting",NA,15,0,"Inactive"
"2295",2023-12-07,"Elia","Baseline Weekday",0,10:29:49,"1","Lying Down","Resting",NA,30,0,"Inactive"
"2296",2023-12-07,"Elia","Baseline Weekday",0,10:30:04,"1","Lying Down","Resting",NA,45,0,"Inactive"
"2297",2023-12-07,"Elia","Baseline Weekday",0,10:30:19,"1","Lying Down","Resting",NA,0,0,"Inactive"
"2298",2023-12-07,"Elia","Baseline Weekday",0,10:30:34,"1","Lying Down","Resting",NA,15,0,"Inactive"
"2299",2023-12-07,"Elia","Baseline Weekday",0,10:30:49,"1","Lying Down","Resting",NA,30,0,"Inactive"
"2300",2023-12-07,"Elia","Baseline Weekday",0,10:31:04,"1","Lying Down","Resting",NA,45,0,"Inactive"
"2301",2023-12-07,"Elia","Baseline Weekday",0,10:31:19,"1","Lying Down","Resting",NA,0,0,"Inactive"
"2302",2023-12-07,"Elia","Baseline Weekday",0,10:31:34,"1","Lying Down","Resting",NA,15,0,"Inactive"
"2303",2023-12-07,"Elia","Baseline Weekday",0,10:31:49,"6","Standing","Locomotion",NA,30,0,"Active"
"2304",2023-12-07,"Elia","Baseline Weekday",0,10:32:04,"6","Standing","Locomotion",NA,45,0,"Active"
"2305",2023-12-07,"Elia","Baseline Weekday",0,10:32:19,"6","Standing","Pause",NA,0,0,"Inactive"
"2306",2023-12-07,"Elia","Baseline Weekday",0,10:32:34,"6","Standing","Pause",NA,15,0,"Inactive"
"2307",2023-12-07,"Elia","Baseline Weekday",0,10:32:49,"1","Sitting","Grooming",NA,30,0,"Active"
"2308",2023-12-07,"Elia","Baseline Weekday",0,10:33:04,"1","Sitting","Grooming",NA,45,0,"Active"
"2309",2023-12-07,"Elia","Baseline Weekday",0,10:33:19,"1","Lying Down","Resting",NA,0,0,"Inactive"
"2310",2023-12-07,"Elia","Baseline Weekday",0,10:33:34,"1","Lying Down","Resting",NA,15,0,"Inactive"
"2311",2023-12-07,"Elia","Baseline Weekday",0,10:33:49,"1","Lying Down","Resting",NA,30,0,"Inactive"
"2312",2023-12-07,"Elia","Baseline Weekday",0,10:34:04,"1","Lying Down","Resting",NA,45,0,"Inactive"
"2313",2023-12-07,"Elia","Baseline Weekday",0,10:34:19,"1","Lying Down","Resting",NA,0,0,"Inactive"
"2314",2023-12-07,"Elia","Baseline Weekday",0,10:34:34,"1","Lying Down","Resting",NA,15,0,"Inactive"
"2315",2023-12-07,"Elia","Baseline Weekday",0,10:34:49,"1","Lying Down","Resting",NA,30,0,"Inactive"
"2316",2023-12-07,"Elia","Baseline Weekday",0,10:35:04,"1","Lying Down","Resting",NA,45,0,"Inactive"
"2317",2023-12-07,"Elia","Baseline Weekday",0,10:35:19,"1","Lying Down","Resting",NA,0,0,"Inactive"
"2318",2023-12-07,"Elia","Baseline Weekday",0,10:35:34,"1","Lying Down","Resting",NA,15,0,"Inactive"
"2319",2023-12-07,"Elia","Baseline Weekday",0,10:35:49,"1","Lying Down","Resting",NA,30,0,"Inactive"
"2320",2023-07-06,"Minerva","Baseline Weekday",0,10:21:00,"5","Sitting","Resting",NA,0,0,"Inactive"
"2321",2023-07-06,"Minerva","Baseline Weekday",0,10:21:15,"5","Sitting","Resting",NA,15,0,"Inactive"
"2322",2023-07-06,"Minerva","Baseline Weekday",0,10:21:30,"5","Sitting","Resting",NA,30,0,"Inactive"
"2323",2023-07-06,"Minerva","Baseline Weekday",0,10:21:45,"1","Out of View","Out of View",NA,45,0,"OutofView"
"2324",2023-07-06,"Minerva","Baseline Weekday",0,10:22:00,"1","Sitting","Resting",NA,0,0,"Inactive"
"2325",2023-07-06,"Minerva","Baseline Weekday",0,10:22:15,"1","Sitting","Resting",NA,15,0,"Inactive"
"2326",2023-07-06,"Minerva","Baseline Weekday",0,10:22:30,"1","Sitting","Resting",NA,30,0,"Inactive"
"2327",2023-07-06,"Minerva","Baseline Weekday",0,10:22:45,"1","Sitting","Resting",NA,45,0,"Inactive"
"2328",2023-07-06,"Minerva","Baseline Weekday",0,10:23:00,"1","Sitting","Resting",NA,0,0,"Inactive"
"2329",2023-07-06,"Minerva","Baseline Weekday",0,10:23:15,"1","Sitting","Resting",NA,15,0,"Inactive"
"2330",2023-07-06,"Minerva","Baseline Weekday",0,10:23:30,"1","Sitting","Resting",NA,30,0,"Inactive"
"2331",2023-07-06,"Minerva","Baseline Weekday",0,10:23:45,"1","Sitting","Resting",NA,45,0,"Inactive"
"2332",2023-07-06,"Minerva","Baseline Weekday",0,10:24:00,"1","Lying Down","Resting",NA,0,0,"Inactive"
"2333",2023-07-06,"Minerva","Baseline Weekday",0,10:24:15,"1","Lying Down","Resting",NA,15,0,"Inactive"
"2334",2023-07-06,"Minerva","Baseline Weekday",0,10:24:30,"1","Lying Down","Resting",NA,30,0,"Inactive"
"2335",2023-07-06,"Minerva","Baseline Weekday",0,10:24:45,"1","Lying Down","Resting",NA,45,0,"Inactive"
"2336",2023-07-06,"Minerva","Baseline Weekday",0,10:25:00,"1","Lying Down","Resting",NA,0,0,"Inactive"
"2337",2023-07-06,"Minerva","Baseline Weekday",0,10:25:15,"1","Lying Down","Resting",NA,15,0,"Inactive"
"2338",2023-07-06,"Minerva","Baseline Weekday",0,10:25:30,"5","Sitting","Resting",NA,30,0,"Inactive"
"2339",2023-07-06,"Minerva","Baseline Weekday",0,10:25:45,"5","Sitting","Resting",NA,45,0,"Inactive"
"2340",2023-07-06,"Minerva","Baseline Weekday",0,10:26:00,"5","Sitting","Resting",NA,0,0,"Inactive"
"2341",2023-07-06,"Minerva","Baseline Weekday",0,10:26:15,"5","Sitting","Resting",NA,15,0,"Inactive"
"2342",2023-07-06,"Minerva","Baseline Weekday",0,10:26:30,"5","Sitting","Resting",NA,30,0,"Inactive"
"2343",2023-07-06,"Minerva","Baseline Weekday",0,10:26:45,"6","Sitting","Drinking",NA,45,0,"Active"
"2344",2023-07-06,"Minerva","Baseline Weekday",0,10:27:00,"6","Sitting","Drinking",NA,0,0,"Active"
"2345",2023-07-06,"Minerva","Baseline Weekday",0,10:27:15,"6","Sitting","Pause",NA,15,0,"Inactive"
"2346",2023-07-06,"Minerva","Baseline Weekday",0,10:27:30,"5","Sitting","Resting",NA,30,0,"Inactive"
"2347",2023-07-06,"Minerva","Baseline Weekday",0,10:27:45,"5","Sitting","Resting",NA,45,0,"Inactive"
"2348",2023-07-06,"Minerva","Baseline Weekday",0,10:28:00,"5","Sitting","Resting",NA,0,0,"Inactive"
"2349",2023-07-06,"Minerva","Baseline Weekday",0,10:28:15,"5","Sitting","Resting",NA,15,0,"Inactive"
"2350",2023-07-06,"Minerva","Baseline Weekday",0,10:28:30,"6","Sitting","Resting",NA,30,0,"Inactive"
"2351",2023-07-06,"Minerva","Baseline Weekday",0,10:28:45,"6","Sitting","Resting",NA,45,0,"Inactive"
"2352",2023-07-06,"Minerva","Baseline Weekday",0,10:29:00,"6","Sitting","Resting",NA,0,0,"Inactive"
"2353",2023-07-06,"Minerva","Baseline Weekday",0,10:29:15,"6","Sitting","Resting",NA,15,0,"Inactive"
"2354",2023-07-06,"Minerva","Baseline Weekday",0,10:29:30,"6","Sitting","Resting",NA,30,0,"Inactive"
"2355",2023-07-06,"Minerva","Baseline Weekday",0,10:29:45,"6","Sitting","Resting",NA,45,0,"Inactive"
"2356",2023-07-06,"Minerva","Baseline Weekday",0,10:30:00,"6","Sitting","Resting",NA,0,0,"Inactive"
"2357",2023-07-06,"Minerva","Baseline Weekday",0,10:30:15,"6","Sitting","Resting",NA,15,0,"Inactive"
"2358",2023-07-06,"Minerva","Baseline Weekday",0,10:30:30,"6","Sitting","Resting",NA,30,0,"Inactive"
"2359",2023-07-06,"Minerva","Baseline Weekday",0,10:30:45,"6","Sitting","Resting",NA,45,0,"Inactive"
"2360",2023-07-06,"Minerva","Baseline Weekday",0,10:31:00,"6","Sitting","Resting",NA,0,0,"Inactive"
"2361",2023-07-06,"Minerva","Baseline Weekday",0,10:31:15,"6","Sitting","Resting",NA,15,0,"Inactive"
"2362",2023-07-06,"Minerva","Baseline Weekday",0,10:31:30,"6","Sitting","Resting",NA,30,0,"Inactive"
"2363",2023-07-06,"Minerva","Baseline Weekday",0,10:31:45,"6","Sitting","Resting",NA,45,0,"Inactive"
"2364",2023-07-06,"Minerva","Baseline Weekday",0,10:32:00,"3","Standing","Locomotion",NA,0,0,"Active"
"2365",2023-07-06,"Minerva","Baseline Weekday",0,10:32:15,"5","Standing","Pause",NA,15,0,"Inactive"
"2366",2023-07-06,"Minerva","Baseline Weekday",0,10:32:30,"6","Sitting","Drinking",NA,30,0,"Active"
"2367",2023-07-06,"Minerva","Baseline Weekday",0,10:32:45,"6","Sitting","Drinking",NA,45,0,"Active"
"2368",2023-07-06,"Minerva","Baseline Weekday",0,10:33:00,"6","Sitting","Drinking",NA,0,0,"Active"
"2369",2023-07-06,"Minerva","Baseline Weekday",0,10:33:15,"6","Sitting","Resting",NA,15,0,"Inactive"
"2370",2023-07-06,"Minerva","Baseline Weekday",0,10:33:30,"6","Sitting","Resting",NA,30,0,"Inactive"
"2371",2023-07-06,"Minerva","Baseline Weekday",0,10:33:45,"6","Sitting","Resting",NA,45,0,"Inactive"
"2372",2023-07-06,"Minerva","Baseline Weekday",0,10:34:00,"6","Sitting","Resting",NA,0,0,"Inactive"
"2373",2023-07-06,"Minerva","Baseline Weekday",0,10:34:15,"5","Sitting","Resting",NA,15,0,"Inactive"
"2374",2023-07-06,"Minerva","Baseline Weekday",0,10:34:30,"5","Sitting","Resting",NA,30,0,"Inactive"
"2375",2023-07-06,"Minerva","Baseline Weekday",0,10:34:45,"5","Sitting","Resting",NA,45,0,"Inactive"
"2376",2023-07-06,"Minerva","Baseline Weekday",0,10:35:00,"5","Sitting","Resting",NA,0,0,"Inactive"
"2377",2023-07-06,"Minerva","Baseline Weekday",0,10:35:15,"5","Sitting","Resting",NA,15,0,"Inactive"
"2378",2023-07-06,"Minerva","Baseline Weekday",0,10:35:30,"5","Sitting","Resting",NA,30,0,"Inactive"
"2379",2023-07-17,"Minerva","Baseline Weekday",0,11:45:51,"1","Sitting","Resting",NA,0,0,"Inactive"
"2380",2023-07-17,"Minerva","Baseline Weekday",0,11:46:06,"1","Sitting","Resting",NA,15,0,"Inactive"
"2381",2023-07-17,"Minerva","Baseline Weekday",0,11:46:21,"1","Sitting","Resting",NA,30,0,"Inactive"
"2382",2023-07-17,"Minerva","Baseline Weekday",0,11:46:36,"1","Sitting","Resting",NA,45,0,"Inactive"
"2383",2023-07-17,"Minerva","Baseline Weekday",0,11:46:51,"1","Sitting","Resting",NA,0,0,"Inactive"
"2384",2023-07-17,"Minerva","Baseline Weekday",0,11:47:06,"1","Sitting","Resting",NA,15,0,"Inactive"
"2385",2023-07-17,"Minerva","Baseline Weekday",0,11:47:21,"1","Sitting","Resting",NA,30,0,"Inactive"
"2386",2023-07-17,"Minerva","Baseline Weekday",0,11:47:36,"1","Sitting","Resting",NA,45,0,"Inactive"
"2387",2023-07-17,"Minerva","Baseline Weekday",0,11:47:51,"1","Sitting","Grooming",NA,0,0,"Active"
"2388",2023-07-17,"Minerva","Baseline Weekday",0,11:48:06,"1","Sitting","Resting",NA,15,0,"Inactive"
"2389",2023-07-17,"Minerva","Baseline Weekday",0,11:48:21,"1","Sitting","Resting",NA,30,0,"Inactive"
"2390",2023-07-17,"Minerva","Baseline Weekday",0,11:48:36,"1","Lying Down","Resting",NA,45,0,"Inactive"
"2391",2023-07-17,"Minerva","Baseline Weekday",0,11:48:51,"1","Lying Down","Resting",NA,0,0,"Inactive"
"2392",2023-07-17,"Minerva","Baseline Weekday",0,11:49:06,"1","Lying Down","Resting",NA,15,0,"Inactive"
"2393",2023-07-17,"Minerva","Baseline Weekday",0,11:49:21,"1","Lying Down","Resting",NA,30,0,"Inactive"
"2394",2023-07-17,"Minerva","Baseline Weekday",0,11:49:36,"1","Lying Down","Resting",NA,45,0,"Inactive"
"2395",2023-07-17,"Minerva","Baseline Weekday",0,11:49:51,"1","Lying Down","Resting",NA,0,0,"Inactive"
"2396",2023-07-17,"Minerva","Baseline Weekday",0,11:50:06,"1","Lying Down","Resting",NA,15,0,"Inactive"
"2397",2023-07-17,"Minerva","Baseline Weekday",0,11:50:21,"1","Lying Down","Resting",NA,30,0,"Inactive"
"2398",2023-07-17,"Minerva","Baseline Weekday",0,11:50:36,"1","Lying Down","Resting",NA,45,0,"Inactive"
"2399",2023-07-17,"Minerva","Baseline Weekday",0,11:50:51,"1","Lying Down","Resting",NA,0,0,"Inactive"
"2400",2023-07-17,"Minerva","Baseline Weekday",0,11:51:06,"1","Lying Down","Resting",NA,15,0,"Inactive"
"2401",2023-07-17,"Minerva","Baseline Weekday",0,11:51:21,"1","Lying Down","Resting",NA,30,0,"Inactive"
"2402",2023-07-17,"Minerva","Baseline Weekday",0,11:51:36,"1","Lying Down","Resting",NA,45,0,"Inactive"
"2403",2023-07-17,"Minerva","Baseline Weekday",0,11:51:51,"1","Lying Down","Resting",NA,0,0,"Inactive"
"2404",2023-07-17,"Minerva","Baseline Weekday",0,11:52:06,"1","Lying Down","Resting",NA,15,0,"Inactive"
"2405",2023-07-17,"Minerva","Baseline Weekday",0,11:52:21,"1","Lying Down","Resting",NA,30,0,"Inactive"
"2406",2023-07-17,"Minerva","Baseline Weekday",0,11:52:36,"1","Lying Down","Resting",NA,45,0,"Inactive"
"2407",2023-07-17,"Minerva","Baseline Weekday",0,11:52:51,"1","Lying Down","Resting",NA,0,0,"Inactive"
"2408",2023-07-17,"Minerva","Baseline Weekday",0,11:53:06,"1","Lying Down","Resting",NA,15,0,"Inactive"
"2409",2023-07-17,"Minerva","Baseline Weekday",0,11:53:21,"1","Lying Down","Resting",NA,30,0,"Inactive"
"2410",2023-07-17,"Minerva","Baseline Weekday",0,11:53:36,"1","Lying Down","Resting",NA,45,0,"Inactive"
"2411",2023-07-17,"Minerva","Baseline Weekday",0,11:53:51,"1","Lying Down","Resting",NA,0,0,"Inactive"
"2412",2023-07-17,"Minerva","Baseline Weekday",0,11:54:06,"1","Lying Down","Resting",NA,15,0,"Inactive"
"2413",2023-07-17,"Minerva","Baseline Weekday",0,11:54:21,"1","Lying Down","Resting",NA,30,0,"Inactive"
"2414",2023-07-17,"Minerva","Baseline Weekday",0,11:54:36,"1","Lying Down","Resting",NA,45,0,"Inactive"
"2415",2023-07-17,"Minerva","Baseline Weekday",0,11:54:51,"1","Lying Down","Resting",NA,0,0,"Inactive"
"2416",2023-07-17,"Minerva","Baseline Weekday",0,11:55:06,"1","Lying Down","Resting",NA,15,0,"Inactive"
"2417",2023-07-17,"Minerva","Baseline Weekday",0,11:55:21,"1","Lying Down","Resting",NA,30,0,"Inactive"
"2418",2023-07-17,"Minerva","Baseline Weekday",0,11:55:36,"1","Lying Down","Resting",NA,45,0,"Inactive"
"2419",2023-07-17,"Minerva","Baseline Weekday",0,11:55:51,"1","Lying Down","Resting",NA,0,0,"Inactive"
"2420",2023-07-17,"Minerva","Baseline Weekday",0,11:56:06,"1","Lying Down","Resting",NA,15,0,"Inactive"
"2421",2023-07-17,"Minerva","Baseline Weekday",0,11:56:21,"1","Lying Down","Resting",NA,30,0,"Inactive"
"2422",2023-07-17,"Minerva","Baseline Weekday",0,11:56:36,"1","Lying Down","Resting",NA,45,0,"Inactive"
"2423",2023-07-17,"Minerva","Baseline Weekday",0,11:56:51,"1","Lying Down","Resting",NA,0,0,"Inactive"
"2424",2023-07-17,"Minerva","Baseline Weekday",0,11:57:06,"1","Lying Down","Resting",NA,15,0,"Inactive"
"2425",2023-07-17,"Minerva","Baseline Weekday",0,11:57:21,"1","Lying Down","Resting",NA,30,0,"Inactive"
"2426",2023-07-17,"Minerva","Baseline Weekday",0,11:57:36,"1","Lying Down","Resting",NA,45,0,"Inactive"
"2427",2023-07-17,"Minerva","Baseline Weekday",0,11:57:51,"1","Lying Down","Resting",NA,0,0,"Inactive"
"2428",2023-07-17,"Minerva","Baseline Weekday",0,11:58:06,"1","Lying Down","Resting",NA,15,0,"Inactive"
"2429",2023-07-17,"Minerva","Baseline Weekday",0,11:58:21,"1","Lying Down","Resting",NA,30,0,"Inactive"
"2430",2023-07-17,"Minerva","Baseline Weekday",0,11:58:36,"1","Lying Down","Resting",NA,45,0,"Inactive"
"2431",2023-07-17,"Minerva","Baseline Weekday",0,11:58:51,"1","Lying Down","Resting",NA,0,0,"Inactive"
"2432",2023-07-17,"Minerva","Baseline Weekday",0,11:59:06,"1","Lying Down","Resting",NA,15,0,"Inactive"
"2433",2023-07-17,"Minerva","Baseline Weekday",0,11:59:21,"1","Lying Down","Resting",NA,30,0,"Inactive"
"2434",2023-07-17,"Minerva","Baseline Weekday",0,11:59:36,"1","Lying Down","Resting",NA,45,0,"Inactive"
"2435",2023-07-17,"Minerva","Baseline Weekday",0,11:59:51,"1","Lying Down","Resting",NA,0,0,"Inactive"
"2436",2023-07-17,"Minerva","Baseline Weekday",0,12:00:06,"1","Lying Down","Resting",NA,15,0,"Inactive"
"2437",2023-07-17,"Minerva","Baseline Weekday",0,12:00:21,"1","Lying Down","Resting",NA,30,0,"Inactive"
"2438",2023-07-13,"Minerva","Intervention Weekday",60,09:46:44,"5","Sitting","Resting",NA,0,0,"Inactive"
"2439",2023-07-13,"Minerva","Intervention Weekday",60,09:46:59,"5","Sitting","Resting",NA,15,15,"Inactive"
"2440",2023-07-13,"Minerva","Intervention Weekday",60,09:47:14,"5","Sitting","Resting",NA,30,30,"Inactive"
"2441",2023-07-13,"Minerva","Intervention Weekday",60,09:47:29,"5","Sitting","Resting",NA,45,45,"Inactive"
"2442",2023-07-13,"Minerva","Intervention Weekday",60,09:47:44,"5","Sitting","Resting",NA,0,60,"Inactive"
"2443",2023-07-13,"Minerva","Intervention Weekday",60,09:47:59,"5","Sitting","Resting",NA,15,0,"Inactive"
"2444",2023-07-13,"Minerva","Intervention Weekday",60,09:48:14,"5","Sitting","Resting",NA,30,15,"Inactive"
"2445",2023-07-13,"Minerva","Intervention Weekday",60,09:48:29,"5","Sitting","Resting",NA,45,30,"Inactive"
"2446",2023-07-13,"Minerva","Intervention Weekday",60,09:48:44,"5","Sitting","Resting",NA,0,45,"Inactive"
"2447",2023-07-13,"Minerva","Intervention Weekday",60,09:48:59,"5","Sitting","Resting",NA,15,60,"Inactive"
"2448",2023-07-13,"Minerva","Intervention Weekday",60,09:49:14,"5","Sitting","Resting",NA,30,0,"Inactive"
"2449",2023-07-13,"Minerva","Intervention Weekday",60,09:49:29,"5","Sitting","Resting",NA,45,15,"Inactive"
"2450",2023-07-13,"Minerva","Intervention Weekday",60,09:49:44,"5","Sitting","Resting",NA,0,30,"Inactive"
"2451",2023-07-13,"Minerva","Intervention Weekday",60,09:49:59,"5","Sitting","Resting",NA,15,45,"Inactive"
"2452",2023-07-13,"Minerva","Intervention Weekday",60,09:50:14,"6","Sitting","Pause",NA,30,60,"Inactive"
"2453",2023-07-13,"Minerva","Intervention Weekday",60,09:50:29,"6","Sitting","Drinking",NA,45,0,"Active"
"2454",2023-07-13,"Minerva","Intervention Weekday",60,09:50:44,"6","Sitting","Drinking",NA,0,15,"Active"
"2455",2023-07-13,"Minerva","Intervention Weekday",60,09:50:59,"6","Sitting","Drinking",NA,15,30,"Active"
"2456",2023-07-13,"Minerva","Intervention Weekday",60,09:51:14,"5","Standing","Locomotion",NA,30,45,"Active"
"2457",2023-07-13,"Minerva","Intervention Weekday",60,09:51:29,"5","Sitting","Resting",NA,45,60,"Inactive"
"2458",2023-07-13,"Minerva","Intervention Weekday",60,09:51:44,"5","Sitting","Resting",NA,0,0,"Inactive"
"2459",2023-07-13,"Minerva","Intervention Weekday",60,09:51:59,"5","Sitting","Resting",NA,15,15,"Inactive"
"2460",2023-07-13,"Minerva","Intervention Weekday",60,09:52:14,"5","Sitting","Resting",NA,30,30,"Inactive"
"2461",2023-07-13,"Minerva","Intervention Weekday",60,09:52:29,"5","Sitting","Resting",NA,45,45,"Inactive"
"2462",2023-07-13,"Minerva","Intervention Weekday",60,09:52:44,"5","Sitting","Resting",NA,0,60,"Inactive"
"2463",2023-07-13,"Minerva","Intervention Weekday",60,09:52:59,"5","Sitting","Resting",NA,15,0,"Inactive"
"2464",2023-07-13,"Minerva","Intervention Weekday",60,09:53:14,"5","Sitting","Resting",NA,30,15,"Inactive"
"2465",2023-07-13,"Minerva","Intervention Weekday",60,09:53:29,"5","Sitting","Resting",NA,45,30,"Inactive"
"2466",2023-07-13,"Minerva","Intervention Weekday",60,09:53:44,"5","Sitting","Resting",NA,0,45,"Inactive"
"2467",2023-07-13,"Minerva","Intervention Weekday",60,09:53:59,"5","Sitting","Resting",NA,15,60,"Inactive"
"2468",2023-07-13,"Minerva","Intervention Weekday",60,09:54:14,"5","Sitting","Resting",NA,30,0,"Inactive"
"2469",2023-07-13,"Minerva","Intervention Weekday",60,09:54:29,"5","Sitting","Resting",NA,45,15,"Inactive"
"2470",2023-07-13,"Minerva","Intervention Weekday",60,09:54:44,"5","Sitting","Resting",NA,0,30,"Inactive"
"2471",2023-07-13,"Minerva","Intervention Weekday",60,09:54:59,"5","Sitting","Resting",NA,15,45,"Inactive"
"2472",2023-07-13,"Minerva","Intervention Weekday",60,09:55:14,"5","Sitting","Manipulating Object","Fencing",30,60,"Active"
"2473",2023-07-13,"Minerva","Intervention Weekday",60,09:55:29,"5","Sitting","Manipulating Object","Fencing",45,0,"Active"
"2474",2023-07-13,"Minerva","Intervention Weekday",60,09:55:44,"5","Sitting","Resting",NA,0,15,"Inactive"
"2475",2023-07-13,"Minerva","Intervention Weekday",60,09:55:59,"5","Sitting","Resting",NA,15,30,"Inactive"
"2476",2023-07-13,"Minerva","Intervention Weekday",60,09:56:14,"5","Sitting","Resting",NA,30,45,"Inactive"
"2477",2023-07-13,"Minerva","Intervention Weekday",60,09:56:29,"5","Sitting","Resting",NA,45,60,"Inactive"
"2478",2023-07-13,"Minerva","Intervention Weekday",60,09:56:44,"4","Sitting","Resting",NA,0,0,"Inactive"
"2479",2023-07-13,"Minerva","Intervention Weekday",60,09:56:59,"4","Sitting","Resting",NA,15,15,"Inactive"
"2480",2023-07-13,"Minerva","Intervention Weekday",60,09:57:14,"4","Sitting","Resting",NA,30,30,"Inactive"
"2481",2023-07-13,"Minerva","Intervention Weekday",60,09:57:29,"5","Sitting","Resting",NA,45,45,"Inactive"
"2482",2023-07-13,"Minerva","Intervention Weekday",60,09:57:44,"5","Sitting","Resting",NA,0,60,"Inactive"
"2483",2023-07-13,"Minerva","Intervention Weekday",60,09:57:59,"5","Sitting","Resting",NA,15,0,"Inactive"
"2484",2023-07-13,"Minerva","Intervention Weekday",60,09:58:14,"5","Sitting","Resting",NA,30,15,"Inactive"
"2485",2023-07-13,"Minerva","Intervention Weekday",60,09:58:29,"5","Sitting","Resting",NA,45,30,"Inactive"
"2486",2023-07-13,"Minerva","Intervention Weekday",60,09:58:44,"5","Sitting","Resting",NA,0,45,"Inactive"
"2487",2023-07-13,"Minerva","Intervention Weekday",60,09:58:59,"5","Sitting","Resting",NA,15,60,"Inactive"
"2488",2023-07-13,"Minerva","Intervention Weekday",60,09:59:14,"5","Sitting","Resting",NA,30,0,"Inactive"
"2489",2023-07-13,"Minerva","Intervention Weekday",60,09:59:29,"5","Sitting","Resting",NA,45,15,"Inactive"
"2490",2023-07-13,"Minerva","Intervention Weekday",60,09:59:44,"5","Sitting","Resting",NA,0,30,"Inactive"
"2491",2023-07-13,"Minerva","Intervention Weekday",60,09:59:59,"5","Sitting","Resting",NA,15,45,"Inactive"
"2492",2023-07-13,"Minerva","Intervention Weekday",60,10:00:14,"5","Sitting","Resting",NA,30,60,"Inactive"
"2493",2023-07-13,"Minerva","Intervention Weekday",60,10:00:29,"5","Lying Down","Resting",NA,45,0,"Inactive"
"2494",2023-07-13,"Minerva","Intervention Weekday",60,10:00:44,"5","Lying Down","Resting",NA,0,15,"Inactive"
"2495",2023-07-13,"Minerva","Intervention Weekday",60,10:00:59,"5","Lying Down","Resting",NA,15,30,"Inactive"
"2496",2023-07-13,"Minerva","Intervention Weekday",60,10:01:14,"5","Lying Down","Resting",NA,30,45,"Inactive"
"2497",2023-07-14,"Minerva","Intervention Weekday",60,09:02:04,"5","Sitting","Eating",NA,0,0,"Active"
"2498",2023-07-14,"Minerva","Intervention Weekday",60,09:02:19,"5","Sitting","Eating",NA,15,15,"Active"
"2499",2023-07-14,"Minerva","Intervention Weekday",60,09:02:34,"5","Sitting","Resting",NA,30,30,"Inactive"
"2500",2023-07-14,"Minerva","Intervention Weekday",60,09:02:49,"5","Sitting","Resting",NA,45,45,"Inactive"
"2501",2023-07-14,"Minerva","Intervention Weekday",60,09:03:04,"5","Sitting","Resting",NA,0,60,"Inactive"
"2502",2023-07-14,"Minerva","Intervention Weekday",60,09:03:19,"5","Sitting","Eating",NA,15,0,"Active"
"2503",2023-07-14,"Minerva","Intervention Weekday",60,09:03:34,"5","Sitting","Resting",NA,30,15,"Inactive"
"2504",2023-07-14,"Minerva","Intervention Weekday",60,09:03:49,"5","Sitting","Resting",NA,45,30,"Inactive"
"2505",2023-07-14,"Minerva","Intervention Weekday",60,09:04:04,"5","Sitting","Resting",NA,0,45,"Inactive"
"2506",2023-07-14,"Minerva","Intervention Weekday",60,09:04:19,"5","Sitting","Eating",NA,15,60,"Active"
"2507",2023-07-14,"Minerva","Intervention Weekday",60,09:04:34,"5","Sitting","Resting",NA,30,0,"Inactive"
"2508",2023-07-14,"Minerva","Intervention Weekday",60,09:04:49,"5","Sitting","Resting",NA,45,15,"Inactive"
"2509",2023-07-14,"Minerva","Intervention Weekday",60,09:05:04,"5","Sitting","Resting",NA,0,30,"Inactive"
"2510",2023-07-14,"Minerva","Intervention Weekday",60,09:05:19,"5","Sitting","Pause",NA,15,45,"Inactive"
"2511",2023-07-14,"Minerva","Intervention Weekday",60,09:05:34,"5","Sitting","Resting",NA,30,60,"Inactive"
"2512",2023-07-14,"Minerva","Intervention Weekday",60,09:05:49,"5","Standing","Locomotion",NA,45,0,"Active"
"2513",2023-07-14,"Minerva","Intervention Weekday",60,09:06:04,"5","Sitting","Resting",NA,0,15,"Inactive"
"2514",2023-07-14,"Minerva","Intervention Weekday",60,09:06:19,"5","Standing","Locomotion",NA,15,30,"Active"
"2515",2023-07-14,"Minerva","Intervention Weekday",60,09:06:34,"5","Sitting","Resting",NA,30,45,"Inactive"
"2516",2023-07-14,"Minerva","Intervention Weekday",60,09:06:49,"5","Sitting","Resting",NA,45,60,"Inactive"
"2517",2023-07-14,"Minerva","Intervention Weekday",60,09:07:04,"5","Sitting","Resting",NA,0,0,"Inactive"
"2518",2023-07-14,"Minerva","Intervention Weekday",60,09:07:19,"5","Sitting","Eating",NA,15,15,"Active"
"2519",2023-07-14,"Minerva","Intervention Weekday",60,09:07:34,"5","Sitting","Resting",NA,30,30,"Inactive"
"2520",2023-07-14,"Minerva","Intervention Weekday",60,09:07:49,"5","Sitting","Resting",NA,45,45,"Inactive"
"2521",2023-07-14,"Minerva","Intervention Weekday",60,09:08:04,"5","Sitting","Resting",NA,0,60,"Inactive"
"2522",2023-07-14,"Minerva","Intervention Weekday",60,09:08:19,"5","Sitting","Eating",NA,15,0,"Active"
"2523",2023-07-14,"Minerva","Intervention Weekday",60,09:08:34,"5","Sitting","Pause",NA,30,15,"Inactive"
"2524",2023-07-14,"Minerva","Intervention Weekday",60,09:08:49,"5","Standing","Locomotion",NA,45,30,"Active"
"2525",2023-07-14,"Minerva","Intervention Weekday",60,09:09:04,"5","Sitting","Resting",NA,0,45,"Inactive"
"2526",2023-07-14,"Minerva","Intervention Weekday",60,09:09:19,"5","Sitting","Eating",NA,15,60,"Active"
"2527",2023-07-14,"Minerva","Intervention Weekday",60,09:09:34,"5","Sitting","Resting",NA,30,0,"Inactive"
"2528",2023-07-14,"Minerva","Intervention Weekday",60,09:09:49,"5","Sitting","Resting",NA,45,15,"Inactive"
"2529",2023-07-14,"Minerva","Intervention Weekday",60,09:10:04,"5","Standing","Locomotion",NA,0,30,"Active"
"2530",2023-07-14,"Minerva","Intervention Weekday",60,09:10:19,"5","Sitting","Eating",NA,15,45,"Active"
"2531",2023-07-14,"Minerva","Intervention Weekday",60,09:10:34,"5","Sitting","Resting",NA,30,60,"Inactive"
"2532",2023-07-14,"Minerva","Intervention Weekday",60,09:10:49,"5","Sitting","Resting",NA,45,0,"Inactive"
"2533",2023-07-14,"Minerva","Intervention Weekday",60,09:11:04,"5","Sitting","Resting",NA,0,15,"Inactive"
"2534",2023-07-14,"Minerva","Intervention Weekday",60,09:11:19,"5","Sitting","Eating",NA,15,30,"Active"
"2535",2023-07-14,"Minerva","Intervention Weekday",60,09:11:34,"5","Sitting","Manipulating Object","Feeder",30,45,"Active"
"2536",2023-07-14,"Minerva","Intervention Weekday",60,09:11:49,"5","Sitting","Resting",NA,45,60,"Inactive"
"2537",2023-07-14,"Minerva","Intervention Weekday",60,09:12:04,"5","Sitting","Resting",NA,0,0,"Inactive"
"2538",2023-07-14,"Minerva","Intervention Weekday",60,09:12:19,"5","Sitting","Eating",NA,15,15,"Active"
"2539",2023-07-14,"Minerva","Intervention Weekday",60,09:12:34,"5","Sitting","Resting",NA,30,30,"Inactive"
"2540",2023-07-14,"Minerva","Intervention Weekday",60,09:12:49,"5","Sitting","Resting",NA,45,45,"Inactive"
"2541",2023-07-14,"Minerva","Intervention Weekday",60,09:13:04,"5","Sitting","Resting",NA,0,60,"Inactive"
"2542",2023-07-14,"Minerva","Intervention Weekday",60,09:13:19,"5","Sitting","Eating",NA,15,0,"Active"
"2543",2023-07-14,"Minerva","Intervention Weekday",60,09:13:34,"5","Sitting","Resting",NA,30,15,"Inactive"
"2544",2023-07-14,"Minerva","Intervention Weekday",60,09:13:49,"5","Sitting","Resting",NA,45,30,"Inactive"
"2545",2023-07-14,"Minerva","Intervention Weekday",60,09:14:04,"5","Sitting","Resting",NA,0,45,"Inactive"
"2546",2023-07-14,"Minerva","Intervention Weekday",60,09:14:19,"5","Sitting","Eating",NA,15,60,"Active"
"2547",2023-07-14,"Minerva","Intervention Weekday",60,09:14:34,"5","Sitting","Eating",NA,30,0,"Active"
"2548",2023-07-14,"Minerva","Intervention Weekday",60,09:14:49,"5","Sitting","Resting",NA,45,15,"Inactive"
"2549",2023-07-14,"Minerva","Intervention Weekday",60,09:15:04,"5","Sitting","Resting",NA,0,30,"Inactive"
"2550",2023-07-14,"Minerva","Intervention Weekday",60,09:15:19,"5","Sitting","Resting",NA,15,45,"Inactive"
"2551",2023-07-14,"Minerva","Intervention Weekday",60,09:15:34,"5","Sitting","Eating",NA,30,60,"Active"
"2552",2023-07-14,"Minerva","Intervention Weekday",60,09:15:49,"5","Sitting","Resting",NA,45,0,"Inactive"
"2553",2023-07-14,"Minerva","Intervention Weekday",60,09:16:04,"5","Sitting","Resting",NA,0,15,"Inactive"
"2554",2023-07-14,"Minerva","Intervention Weekday",60,09:16:19,"5","Sitting","Resting",NA,15,30,"Inactive"
"2555",2023-07-14,"Minerva","Intervention Weekday",60,09:16:34,"5","Sitting","Eating",NA,30,45,"Active"
"2556",2023-07-04,"Minerva","Baseline Weekday",0,10:03:22,"6","Sitting","Resting",NA,0,0,"Inactive"
"2557",2023-07-04,"Minerva","Baseline Weekday",0,10:03:37,"6","Sitting","Resting",NA,15,0,"Inactive"
"2558",2023-07-04,"Minerva","Baseline Weekday",0,10:03:52,"6","Sitting","Resting",NA,30,0,"Inactive"
"2559",2023-07-04,"Minerva","Baseline Weekday",0,10:04:07,"6","Sitting","Resting",NA,45,0,"Inactive"
"2560",2023-07-04,"Minerva","Baseline Weekday",0,10:04:22,"5","Sitting","Eating",NA,0,0,"Active"
"2561",2023-07-04,"Minerva","Baseline Weekday",0,10:04:37,"5","Sitting","Eating",NA,15,0,"Active"
"2562",2023-07-04,"Minerva","Baseline Weekday",0,10:04:52,"5","Sitting","Eating",NA,30,0,"Active"
"2563",2023-07-04,"Minerva","Baseline Weekday",0,10:05:07,"6","Sitting","Pause",NA,45,0,"Inactive"
"2564",2023-07-04,"Minerva","Baseline Weekday",0,10:05:22,"6","Sitting","Drinking",NA,0,0,"Active"
"2565",2023-07-04,"Minerva","Baseline Weekday",0,10:05:37,"6","Sitting","Pause",NA,15,0,"Inactive"
"2566",2023-07-04,"Minerva","Baseline Weekday",0,10:05:52,"6","Sitting","Resting",NA,30,0,"Inactive"
"2567",2023-07-04,"Minerva","Baseline Weekday",0,10:06:07,"4","Standing","Locomotion",NA,45,0,"Active"
"2568",2023-07-04,"Minerva","Baseline Weekday",0,10:06:22,"6","Sitting","Resting",NA,0,0,"Inactive"
"2569",2023-07-04,"Minerva","Baseline Weekday",0,10:06:37,"6","Sitting","Resting",NA,15,0,"Inactive"
"2570",2023-07-04,"Minerva","Baseline Weekday",0,10:06:52,"1","Sitting","Resting",NA,30,0,"Inactive"
"2571",2023-07-04,"Minerva","Baseline Weekday",0,10:07:07,"1","Sitting","Resting",NA,45,0,"Inactive"
"2572",2023-07-04,"Minerva","Baseline Weekday",0,10:07:22,"1","Sitting","Resting",NA,0,0,"Inactive"
"2573",2023-07-04,"Minerva","Baseline Weekday",0,10:07:37,"1","Lying Down","Resting",NA,15,0,"Inactive"
"2574",2023-07-04,"Minerva","Baseline Weekday",0,10:07:52,"1","Lying Down","Resting",NA,30,0,"Inactive"
"2575",2023-07-04,"Minerva","Baseline Weekday",0,10:08:07,"1","Lying Down","Resting",NA,45,0,"Inactive"
"2576",2023-07-04,"Minerva","Baseline Weekday",0,10:08:22,"1","Lying Down","Resting",NA,0,0,"Inactive"
"2577",2023-07-04,"Minerva","Baseline Weekday",0,10:08:37,"6","Sitting","Resting",NA,15,0,"Inactive"
"2578",2023-07-04,"Minerva","Baseline Weekday",0,10:08:52,"6","Sitting","Resting",NA,30,0,"Inactive"
"2579",2023-07-04,"Minerva","Baseline Weekday",0,10:09:07,"6","Sitting","Resting",NA,45,0,"Inactive"
"2580",2023-07-04,"Minerva","Baseline Weekday",0,10:09:22,"6","Sitting","Resting",NA,0,0,"Inactive"
"2581",2023-07-04,"Minerva","Baseline Weekday",0,10:09:37,"5","Sitting","Resting",NA,15,0,"Inactive"
"2582",2023-07-04,"Minerva","Baseline Weekday",0,10:09:52,"5","Sitting","Resting",NA,30,0,"Inactive"
"2583",2023-07-04,"Minerva","Baseline Weekday",0,10:10:07,"5","Sitting","Resting",NA,45,0,"Inactive"
"2584",2023-07-04,"Minerva","Baseline Weekday",0,10:10:22,"5","Sitting","Resting",NA,0,0,"Inactive"
"2585",2023-07-04,"Minerva","Baseline Weekday",0,10:10:37,"5","Sitting","Resting",NA,15,0,"Inactive"
"2586",2023-07-04,"Minerva","Baseline Weekday",0,10:10:52,"5","Sitting","Resting",NA,30,0,"Inactive"
"2587",2023-07-04,"Minerva","Baseline Weekday",0,10:11:07,"5","Lying Down","Resting",NA,45,0,"Inactive"
"2588",2023-07-04,"Minerva","Baseline Weekday",0,10:11:22,"5","Lying Down","Resting",NA,0,0,"Inactive"
"2589",2023-07-04,"Minerva","Baseline Weekday",0,10:11:37,"5","Lying Down","Resting",NA,15,0,"Inactive"
"2590",2023-07-04,"Minerva","Baseline Weekday",0,10:11:52,"5","Lying Down","Resting",NA,30,0,"Inactive"
"2591",2023-07-04,"Minerva","Baseline Weekday",0,10:12:07,"5","Lying Down","Resting",NA,45,0,"Inactive"
"2592",2023-07-04,"Minerva","Baseline Weekday",0,10:12:22,"5","Lying Down","Resting",NA,0,0,"Inactive"
"2593",2023-07-04,"Minerva","Baseline Weekday",0,10:12:37,"5","Lying Down","Resting",NA,15,0,"Inactive"
"2594",2023-07-04,"Minerva","Baseline Weekday",0,10:12:52,"5","Lying Down","Resting",NA,30,0,"Inactive"
"2595",2023-07-04,"Minerva","Baseline Weekday",0,10:13:07,"5","Lying Down","Resting",NA,45,0,"Inactive"
"2596",2023-07-04,"Minerva","Baseline Weekday",0,10:13:22,"5","Lying Down","Resting",NA,0,0,"Inactive"
"2597",2023-07-04,"Minerva","Baseline Weekday",0,10:13:37,"5","Lying Down","Resting",NA,15,0,"Inactive"
"2598",2023-07-04,"Minerva","Baseline Weekday",0,10:13:52,"5","Lying Down","Resting",NA,30,0,"Inactive"
"2599",2023-07-04,"Minerva","Baseline Weekday",0,10:14:07,"5","Lying Down","Resting",NA,45,0,"Inactive"
"2600",2023-07-04,"Minerva","Baseline Weekday",0,10:14:22,"5","Lying Down","Resting",NA,0,0,"Inactive"
"2601",2023-07-04,"Minerva","Baseline Weekday",0,10:14:37,"5","Lying Down","Resting",NA,15,0,"Inactive"
"2602",2023-07-04,"Minerva","Baseline Weekday",0,10:14:52,"5","Lying Down","Resting",NA,30,0,"Inactive"
"2603",2023-07-04,"Minerva","Baseline Weekday",0,10:15:07,"5","Lying Down","Resting",NA,45,0,"Inactive"
"2604",2023-07-04,"Minerva","Baseline Weekday",0,10:15:22,"5","Sitting","Pause",NA,0,0,"Inactive"
"2605",2023-07-04,"Minerva","Baseline Weekday",0,10:15:37,"5","Sitting","Pause",NA,15,0,"Inactive"
"2606",2023-07-04,"Minerva","Baseline Weekday",0,10:15:52,"6","Sitting","Drinking",NA,30,0,"Active"
"2607",2023-07-04,"Minerva","Baseline Weekday",0,10:16:07,"6","Sitting","Drinking",NA,45,0,"Active"
"2608",2023-07-04,"Minerva","Baseline Weekday",0,10:16:22,"6","Sitting","Drinking",NA,0,0,"Active"
"2609",2023-07-04,"Minerva","Baseline Weekday",0,10:16:37,"6","Standing","Locomotion",NA,15,0,"Active"
"2610",2023-07-04,"Minerva","Baseline Weekday",0,10:16:52,"6","Sitting","Resting",NA,30,0,"Inactive"
"2611",2023-07-04,"Minerva","Baseline Weekday",0,10:17:07,"6","Sitting","Resting",NA,45,0,"Inactive"
"2612",2023-07-04,"Minerva","Baseline Weekday",0,10:17:22,"5","Lying Down","Resting",NA,0,0,"Inactive"
"2613",2023-07-04,"Minerva","Baseline Weekday",0,10:17:37,"5","Lying Down","Resting",NA,15,0,"Inactive"
"2614",2023-07-04,"Minerva","Baseline Weekday",0,10:17:52,"5","Lying Down","Resting",NA,30,0,"Inactive"
"2615",2023-07-22,"Minerva","Baseline Weekday",0,10:29:53,"4","Lying Down","Resting",NA,0,0,"Inactive"
"2616",2023-07-22,"Minerva","Baseline Weekday",0,10:30:08,"4","Lying Down","Resting",NA,15,0,"Inactive"
"2617",2023-07-22,"Minerva","Baseline Weekday",0,10:30:23,"4","Lying Down","Resting",NA,30,0,"Inactive"
"2618",2023-07-22,"Minerva","Baseline Weekday",0,10:30:38,"4","Lying Down","Resting",NA,45,0,"Inactive"
"2619",2023-07-22,"Minerva","Baseline Weekday",0,10:30:53,"4","Lying Down","Resting",NA,0,0,"Inactive"
"2620",2023-07-22,"Minerva","Baseline Weekday",0,10:31:08,"4","Lying Down","Resting",NA,15,0,"Inactive"
"2621",2023-07-22,"Minerva","Baseline Weekday",0,10:31:23,"4","Lying Down","Resting",NA,30,0,"Inactive"
"2622",2023-07-22,"Minerva","Baseline Weekday",0,10:31:38,"4","Lying Down","Resting",NA,45,0,"Inactive"
"2623",2023-07-22,"Minerva","Baseline Weekday",0,10:31:53,"4","Lying Down","Resting",NA,0,0,"Inactive"
"2624",2023-07-22,"Minerva","Baseline Weekday",0,10:32:08,"4","Lying Down","Resting",NA,15,0,"Inactive"
"2625",2023-07-22,"Minerva","Baseline Weekday",0,10:32:23,"4","Lying Down","Resting",NA,30,0,"Inactive"
"2626",2023-07-22,"Minerva","Baseline Weekday",0,10:32:38,"6","Lying Down","Drinking",NA,45,0,"Active"
"2627",2023-07-22,"Minerva","Baseline Weekday",0,10:32:53,"6","Lying Down","Drinking",NA,0,0,"Active"
"2628",2023-07-22,"Minerva","Baseline Weekday",0,10:33:08,"6","Sitting","Resting",NA,15,0,"Inactive"
"2629",2023-07-22,"Minerva","Baseline Weekday",0,10:33:23,"6","Sitting","Resting",NA,30,0,"Inactive"
"2630",2023-07-22,"Minerva","Baseline Weekday",0,10:33:38,"6","Standing","Pause",NA,45,0,"Inactive"
"2631",2023-07-22,"Minerva","Baseline Weekday",0,10:33:53,"Out of View","Out of View","Out of View",NA,0,0,"OutofView"
"2632",2023-07-22,"Minerva","Baseline Weekday",0,10:34:08,"5","Standing","Locomotion",NA,15,0,"Active"
"2633",2023-07-22,"Minerva","Baseline Weekday",0,10:34:23,"5","Sitting","Resting",NA,30,0,"Inactive"
"2634",2023-07-22,"Minerva","Baseline Weekday",0,10:34:38,"Out of View","Out of View","Out of View",NA,45,0,"OutofView"
"2635",2023-07-22,"Minerva","Baseline Weekday",0,10:34:53,"6","Sitting","Grooming",NA,0,0,"Active"
"2636",2023-07-22,"Minerva","Baseline Weekday",0,10:35:08,"6","Sitting","Resting",NA,15,0,"Inactive"
"2637",2023-07-22,"Minerva","Baseline Weekday",0,10:35:23,"6","Sitting","Resting",NA,30,0,"Inactive"
"2638",2023-07-22,"Minerva","Baseline Weekday",0,10:35:38,"6","Standing","Locomotion",NA,45,0,"Active"
"2639",2023-07-22,"Minerva","Baseline Weekday",0,10:35:53,"5","Sitting","Resting",NA,0,0,"Inactive"
"2640",2023-07-22,"Minerva","Baseline Weekday",0,10:36:08,"4","Lying Down","Resting",NA,15,0,"Inactive"
"2641",2023-07-22,"Minerva","Baseline Weekday",0,10:36:23,"4","Lying Down","Resting",NA,30,0,"Inactive"
"2642",2023-07-22,"Minerva","Baseline Weekday",0,10:36:38,"4","Lying Down","Resting",NA,45,0,"Inactive"
"2643",2023-07-22,"Minerva","Baseline Weekday",0,10:36:53,"4","Lying Down","Resting",NA,0,0,"Inactive"
"2644",2023-07-22,"Minerva","Baseline Weekday",0,10:37:08,"4","Lying Down","Resting",NA,15,0,"Inactive"
"2645",2023-07-22,"Minerva","Baseline Weekday",0,10:37:23,"4","Lying Down","Resting",NA,30,0,"Inactive"
"2646",2023-07-22,"Minerva","Baseline Weekday",0,10:37:38,"4","Lying Down","Resting",NA,45,0,"Inactive"
"2647",2023-07-22,"Minerva","Baseline Weekday",0,10:37:53,"4","Lying Down","Resting",NA,0,0,"Inactive"
"2648",2023-07-22,"Minerva","Baseline Weekday",0,10:38:08,"4","Lying Down","Resting",NA,15,0,"Inactive"
"2649",2023-07-22,"Minerva","Baseline Weekday",0,10:38:23,"4","Lying Down","Resting",NA,30,0,"Inactive"
"2650",2023-07-22,"Minerva","Baseline Weekday",0,10:38:38,"6","Sitting","Drinking",NA,45,0,"Active"
"2651",2023-07-22,"Minerva","Baseline Weekday",0,10:38:53,"6","Sitting","Drinking",NA,0,0,"Active"
"2652",2023-07-22,"Minerva","Baseline Weekday",0,10:39:08,"6","Sitting","Resting",NA,15,0,"Inactive"
"2653",2023-07-22,"Minerva","Baseline Weekday",0,10:39:23,"5","Sitting","Resting",NA,30,0,"Inactive"
"2654",2023-07-22,"Minerva","Baseline Weekday",0,10:39:38,"5","Sitting","Resting",NA,45,0,"Inactive"
"2655",2023-07-22,"Minerva","Baseline Weekday",0,10:39:53,"5","Sitting","Resting",NA,0,0,"Inactive"
"2656",2023-07-22,"Minerva","Baseline Weekday",0,10:40:08,"5","Sitting","Resting",NA,15,0,"Inactive"
"2657",2023-07-22,"Minerva","Baseline Weekday",0,10:40:23,"5","Sitting","Resting",NA,30,0,"Inactive"
"2658",2023-07-22,"Minerva","Baseline Weekday",0,10:40:38,"5","Sitting","Pause",NA,45,0,"Inactive"
"2659",2023-07-22,"Minerva","Baseline Weekday",0,10:40:53,"6","Standing","Locomotion",NA,0,0,"Active"
"2660",2023-07-22,"Minerva","Baseline Weekday",0,10:41:08,"6","Standing","Locomotion",NA,15,0,"Active"
"2661",2023-07-22,"Minerva","Baseline Weekday",0,10:41:23,"Fence","Other","Locomotion",NA,30,0,"Active"
"2662",2023-07-22,"Minerva","Baseline Weekday",0,10:41:38,"6","Standing","Locomotion",NA,45,0,"Active"
"2663",2023-07-22,"Minerva","Baseline Weekday",0,10:41:53,"6","Sitting","Resting",NA,0,0,"Inactive"
"2664",2023-07-22,"Minerva","Baseline Weekday",0,10:42:08,"6","Sitting","Resting",NA,15,0,"Inactive"
"2665",2023-07-22,"Minerva","Baseline Weekday",0,10:42:23,"6","Sitting","Resting",NA,30,0,"Inactive"
"2666",2023-07-22,"Minerva","Baseline Weekday",0,10:42:38,"6","Sitting","Resting",NA,45,0,"Inactive"
"2667",2023-07-22,"Minerva","Baseline Weekday",0,10:42:53,"6","Sitting","Resting",NA,0,0,"Inactive"
"2668",2023-07-22,"Minerva","Baseline Weekday",0,10:43:08,"6","Sitting","Resting",NA,15,0,"Inactive"
"2669",2023-07-22,"Minerva","Baseline Weekday",0,10:43:23,"6","Sitting","Resting",NA,30,0,"Inactive"
"2670",2023-07-22,"Minerva","Baseline Weekday",0,10:43:38,"6","Sitting","Resting",NA,45,0,"Inactive"
"2671",2023-07-22,"Minerva","Baseline Weekday",0,10:43:53,"5","Standing","Locomotion",NA,0,0,"Active"
"2672",2023-07-22,"Minerva","Baseline Weekday",0,10:44:08,"5","Standing","Locomotion",NA,15,0,"Active"
"2673",2023-07-22,"Minerva","Baseline Weekday",0,10:44:23,"5","Sitting","Resting",NA,30,0,"Inactive"
"2674",2023-05-05,"Citrine","Intervention_Weekday",60,11:27:40,"6","Sitting","Resting",NA,0,0,"Inactive"
"2675",2023-05-05,"Citrine","Intervention_Weekday",60,11:27:55,"Feeder","Sitting","Resting",NA,15,15,"Inactive"
"2676",2023-05-05,"Citrine","Intervention_Weekday",60,11:28:10,"Feeder","Sitting","Resting",NA,30,30,"Inactive"
"2677",2023-05-05,"Citrine","Intervention_Weekday",60,11:28:25,"Shelf","Sitting","Locomotion",NA,45,45,"Active"
"2678",2023-05-05,"Citrine","Intervention_Weekday",60,11:28:40,"6","Standing","Eating",NA,0,60,"Active"
"2679",2023-05-05,"Citrine","Intervention_Weekday",60,11:28:55,"6","Sitting","Manipulating Object","Feeder",15,0,"Active"
"2680",2023-05-05,"Citrine","Intervention_Weekday",60,11:29:10,"6","Sitting","Resting",NA,30,15,"Inactive"
"2681",2023-05-05,"Citrine","Intervention_Weekday",60,11:29:25,"6","Sitting","Manipulating Object","Feeder",45,30,"Active"
"2682",2023-05-05,"Citrine","Intervention_Weekday",60,11:29:40,"6","Standing","Eating",NA,0,45,"Active"
"2683",2023-05-05,"Citrine","Intervention_Weekday",60,11:29:55,"6","Sitting","Manipulating Object","Feeder",15,60,"Active"
"2684",2023-05-05,"Citrine","Intervention_Weekday",60,11:30:10,"6","Sitting","Manipulating Object","Feeder",30,0,"Active"
"2685",2023-05-05,"Citrine","Intervention_Weekday",60,11:30:25,"6","Sitting","Resting",NA,45,15,"Inactive"
"2686",2023-05-05,"Citrine","Intervention_Weekday",60,11:30:40,"5","Standing","Eating",NA,0,30,"Active"
"2687",2023-05-05,"Citrine","Intervention_Weekday",60,11:30:55,"6","Sitting","Resting",NA,15,45,"Inactive"
"2688",2023-05-05,"Citrine","Intervention_Weekday",60,11:31:10,"6","Sitting","Manipulating Object",NA,30,60,"Active"
"2689",2023-05-05,"Citrine","Intervention_Weekday",60,11:31:25,"6","Sitting","Resting",NA,45,0,"Inactive"
"2690",2023-05-05,"Citrine","Intervention_Weekday",60,11:31:40,"6","Standing","Eating",NA,0,15,"Active"
"2691",2023-05-05,"Citrine","Intervention_Weekday",60,11:31:55,"6","Sitting","Resting",NA,15,30,"Inactive"
"2692",2023-05-05,"Citrine","Intervention_Weekday",60,11:32:10,"6","Sitting","Manipulating Object","Feeder",30,45,"Active"
"2693",2023-05-05,"Citrine","Intervention_Weekday",60,11:32:25,"6","Sitting","Manipulating Object","Feeder",45,60,"Active"
"2694",2023-05-05,"Citrine","Intervention_Weekday",60,11:32:40,"5","Standing","Eating",NA,0,0,"Active"
"2695",2023-05-05,"Citrine","Intervention_Weekday",60,11:32:55,"6","Sitting","Resting",NA,15,15,"Inactive"
"2696",2023-05-05,"Citrine","Intervention_Weekday",60,11:33:10,"6","Sitting","Resting",NA,30,30,"Inactive"
"2697",2023-05-05,"Citrine","Intervention_Weekday",60,11:33:25,"6","Sitting","Resting",NA,45,45,"Inactive"
"2698",2023-05-05,"Citrine","Intervention_Weekday",60,11:33:40,"6","Standing","Eating",NA,0,60,"Active"
"2699",2023-05-05,"Citrine","Intervention_Weekday",60,11:33:55,"6","Sitting","Manipulating Object","Feeder",15,0,"Active"
"2700",2023-05-05,"Citrine","Intervention_Weekday",60,11:34:10,"6","Sitting","Manipulating Object","Feeder",30,15,"Active"
"2701",2023-05-05,"Citrine","Intervention_Weekday",60,11:34:25,"6","Sitting","Resting",NA,45,30,"Inactive"
"2702",2023-05-05,"Citrine","Intervention_Weekday",60,11:34:40,"3","Standing","Locomotion",NA,0,45,"Active"
"2703",2023-05-05,"Citrine","Intervention_Weekday",60,11:34:55,"3","Standing","Locomotion",NA,15,60,"Active"
"2704",2023-05-05,"Citrine","Intervention_Weekday",60,11:35:10,"6","Sitting","Manipulating Object","Feeder",30,0,"Active"
"2705",2023-05-05,"Citrine","Intervention_Weekday",60,11:35:25,"Feeder","Sitting","Resting",NA,45,15,"Inactive"
"2706",2023-05-05,"Citrine","Intervention_Weekday",60,11:35:40,"6","Standing","Eating",NA,0,30,"Active"
"2707",2023-05-05,"Citrine","Intervention_Weekday",60,11:35:55,"4","Standing","Locomotion",NA,15,45,"Active"
"2708",2023-05-05,"Citrine","Intervention_Weekday",60,11:36:10,"Feeder","Sitting","Resting",NA,30,60,"Inactive"
"2709",2023-05-05,"Citrine","Intervention_Weekday",60,11:36:25,"Feeder","Sitting","Resting",NA,45,0,"Inactive"
"2710",2023-05-05,"Citrine","Intervention_Weekday",60,11:36:40,"5","Standing","Eating",NA,0,15,"Active"
"2711",2023-05-05,"Citrine","Intervention_Weekday",60,11:36:55,"3","Standing","Locomotion",NA,15,30,"Active"
"2712",2023-05-05,"Citrine","Intervention_Weekday",60,11:37:10,"Feeder","Sitting","Resting",NA,30,45,"Inactive"
"2713",2023-05-05,"Citrine","Intervention_Weekday",60,11:37:25,"Feeder","Sitting","Resting",NA,45,60,"Inactive"
"2714",2023-06-23,"Citrine","Intervention Weekday",300,10:04:39,"6","Standing","Locomotion",NA,15,285,"Active"
"2715",2023-06-23,"Citrine","Intervention Weekday",300,10:04:54,"5","Standing","Drinking",NA,30,300,"Active"
"2716",2023-06-23,"Citrine","Intervention Weekday",300,10:05:09,"5","Standing","Drinking",NA,45,0,"Active"
"2717",2023-06-23,"Citrine","Intervention Weekday",300,10:05:24,"5","Standing","Drinking",NA,0,15,"Active"
"2718",2023-06-23,"Citrine","Intervention Weekday",300,10:05:39,"5","Standing","Drinking",NA,15,30,"Active"
"2719",2023-06-23,"Citrine","Intervention Weekday",300,10:05:54,"Feeder","Standing","Locomotion",NA,30,45,"Active"
"2720",2023-06-23,"Citrine","Intervention Weekday",300,10:06:09,"Feeder","Sitting","Resting",NA,45,60,"Inactive"
"2721",2023-06-23,"Citrine","Intervention Weekday",300,10:06:24,"Feeder","Sitting","Resting",NA,0,75,"Inactive"
"2722",2023-06-23,"Citrine","Intervention Weekday",300,10:06:39,"Feeder","Sitting","Resting",NA,15,90,"Inactive"
"2723",2023-06-23,"Citrine","Intervention Weekday",300,10:06:54,"Feeder","Sitting","Resting",NA,30,105,"Inactive"
"2724",2023-06-23,"Citrine","Intervention Weekday",300,10:07:09,"Feeder","Sitting","Resting",NA,45,120,"Inactive"
"2725",2023-06-23,"Citrine","Intervention Weekday",300,10:07:24,"Feeder","Sitting","Resting",NA,0,135,"Inactive"
"2726",2023-06-23,"Citrine","Intervention Weekday",300,10:07:39,"Feeder","Sitting","Resting",NA,15,150,"Inactive"
"2727",2023-06-23,"Citrine","Intervention Weekday",300,10:07:54,"Feeder","Standing","Rubbing","Fencing",30,165,"Active"
"2728",2023-06-23,"Citrine","Intervention Weekday",300,10:08:09,"3","Standing","Locomotion","Outside Object",45,180,"Active"
"2729",2023-06-23,"Citrine","Intervention Weekday",300,10:08:24,"3","Standing","Locomotion","Outside Object",0,195,"Active"
"2730",2023-06-23,"Citrine","Intervention Weekday",300,10:08:39,"5","Standing","Eating",NA,15,210,"Active"
"2731",2023-06-23,"Citrine","Intervention Weekday",300,10:08:54,"5","Rearing","Locomotion",NA,30,225,"Active"
"2732",2023-06-23,"Citrine","Intervention Weekday",300,10:09:09,"Shelf","Standing","Locomotion",NA,45,240,"Active"
"2733",2023-06-23,"Citrine","Intervention Weekday",300,10:09:24,"Shelf","Sitting","Resting",NA,0,255,"Inactive"
"2734",2023-06-23,"Citrine","Intervention Weekday",300,10:09:39,"6","Standing","Pause",NA,15,270,"Inactive"
"2735",2023-06-23,"Citrine","Intervention Weekday",300,10:09:54,"Shelf","Standing","Locomotion",NA,30,285,"Active"
"2736",2023-06-23,"Citrine","Intervention Weekday",300,10:10:09,"Shelf","Lying Down","Resting",NA,45,300,"Inactive"
"2737",2023-06-23,"Citrine","Intervention Weekday",300,10:10:24,"Shelf","Lying Down","Resting",NA,0,0,"Inactive"
"2738",2023-06-23,"Citrine","Intervention Weekday",300,10:10:39,"Shelf","Standing","Locomotion",NA,15,15,"Active"
"2739",2023-06-23,"Citrine","Intervention Weekday",300,10:10:54,"Shelf","Standing","Locomotion",NA,30,30,"Active"
"2740",2023-06-23,"Citrine","Intervention Weekday",300,10:11:09,"Shelf","Lying Down","Resting",NA,45,45,"Inactive"
"2741",2023-06-23,"Citrine","Intervention Weekday",300,10:11:24,"Shelf","Lying Down","Resting",NA,0,60,"Inactive"
"2742",2023-06-23,"Citrine","Intervention Weekday",300,10:11:39,"Shelf","Lying Down","Resting",NA,15,75,"Inactive"
"2743",2023-06-23,"Citrine","Intervention Weekday",300,10:11:54,"5","Rearing","Locomotion",NA,30,90,"Active"
"2744",2023-06-23,"Citrine","Intervention Weekday",300,10:12:09,"5","Rearing","Locomotion",NA,45,105,"Active"
"2745",2023-06-23,"Citrine","Intervention Weekday",300,10:12:24,"Shelf","Standing","Locomotion",NA,0,120,"Active"
"2746",2023-06-23,"Citrine","Intervention Weekday",300,10:12:39,"Shelf","Standing","Locomotion",NA,15,135,"Active"
"2747",2023-06-23,"Citrine","Intervention Weekday",300,10:12:54,"Shelf","Lying Down","Resting",NA,30,150,"Inactive"
"2748",2023-06-23,"Citrine","Intervention Weekday",300,10:13:09,"Shelf","Lying Down","Resting",NA,45,165,"Inactive"
"2749",2023-06-23,"Citrine","Intervention Weekday",300,10:13:24,"Shelf","Lying Down","Resting",NA,0,180,"Inactive"
"2750",2023-06-23,"Citrine","Intervention Weekday",300,10:13:39,"Shelf","Lying Down","Resting",NA,15,195,"Inactive"
"2751",2023-06-23,"Citrine","Intervention Weekday",300,10:13:54,"Shelf","Lying Down","Resting",NA,30,210,"Inactive"
"2752",2023-06-23,"Citrine","Intervention Weekday",300,10:14:09,"Shelf","Lying Down","Resting",NA,45,225,"Inactive"
"2753",2023-06-23,"Citrine","Intervention Weekday",300,10:14:24,"Shelf","Lying Down","Resting",NA,0,240,"Inactive"
"2754",2023-06-23,"Citrine","Intervention Weekday",300,10:14:39,"6","Standing","Locomotion",NA,15,255,"Active"
"2755",2023-06-23,"Citrine","Intervention Weekday",300,10:14:54,"Feeder","Sitting","Resting",NA,30,270,"Inactive"
"2756",2023-06-23,"Citrine","Intervention Weekday",300,10:15:09,"Feeder","Sitting","Resting",NA,45,285,"Inactive"
"2757",2023-06-23,"Citrine","Intervention Weekday",300,10:15:24,"Feeder","Sitting","Resting",NA,0,300,"Inactive"
"2758",2023-06-23,"Citrine","Intervention Weekday",300,10:15:39,"Feeder","Sitting","Resting",NA,15,0,"Inactive"
"2759",2023-06-23,"Citrine","Intervention Weekday",300,10:15:54,"Feeder","Sitting","Resting",NA,30,15,"Inactive"
"2760",2023-06-23,"Citrine","Intervention Weekday",300,10:16:09,"Feeder","Sitting","Resting",NA,45,30,"Inactive"
"2761",2023-06-23,"Citrine","Intervention Weekday",300,10:16:24,"Feeder","Sitting","Grooming",NA,0,45,"Active"
"2762",2023-06-23,"Citrine","Intervention Weekday",300,10:16:39,"Feeder","Sitting","Resting",NA,15,60,"Inactive"
"2763",2023-06-23,"Citrine","Intervention Weekday",300,10:16:54,"5","Rearing","Locomotion",NA,30,75,"Active"
"2764",2023-06-23,"Citrine","Intervention Weekday",300,10:17:09,"Out of View","Out of View","Out of View",NA,45,90,"OutofView"
"2765",2023-06-23,"Citrine","Intervention Weekday",300,10:17:24,"Out of View","Out of View","Out of View",NA,0,105,"OutofView"
"2766",2023-06-23,"Citrine","Intervention Weekday",300,10:17:39,"5","Standing","Locomotion",NA,15,120,"Active"
"2767",2023-06-23,"Citrine","Intervention Weekday",300,10:17:54,"Feeder","Sitting","Resting",NA,30,135,"Inactive"
"2768",2023-06-23,"Citrine","Intervention Weekday",300,10:18:09,"Fence","Standing","Locomotion",NA,45,150,"Active"
"2769",2023-06-23,"Citrine","Intervention Weekday",300,10:18:24,"Shelf","Standing","Locomotion",NA,0,165,"Active"
"2770",2023-06-23,"Citrine","Intervention Weekday",300,10:18:39,"Shelf","Lying Down","Resting",NA,15,180,"Inactive"
"2771",2023-06-23,"Citrine","Intervention Weekday",300,10:18:54,"Shelf","Lying Down","Resting",NA,30,195,"Inactive"
"2772",2023-06-23,"Citrine","Intervention Weekday",300,10:19:09,"Shelf","Lying Down","Resting",NA,45,210,"Inactive"
"2773",2023-06-23,"Citrine","Intervention Weekday",300,10:19:24,"Shelf","Lying Down","Resting",NA,0,225,"Inactive"
"2774",2023-06-23,"Citrine","Intervention Weekday",300,10:19:39,"Shelf","Lying Down","Resting",NA,15,240,"Inactive"
"2775",2023-06-30,"Citrine","Baseline Weekday",0,10:13:45,"Feeder","Standing","Locomotion",NA,15,0,"Active"
"2776",2023-06-30,"Citrine","Baseline Weekday",0,10:14:00,"Feeder","Standing","Pause",NA,30,0,"Inactive"
"2777",2023-06-30,"Citrine","Baseline Weekday",0,10:14:15,"Feeder","Sitting","Resting",NA,45,0,"Inactive"
"2778",2023-06-30,"Citrine","Baseline Weekday",0,10:14:30,"Feeder","Sitting","Resting",NA,0,0,"Inactive"
"2779",2023-06-30,"Citrine","Baseline Weekday",0,10:14:45,"Feeder","Sitting","Resting",NA,15,0,"Inactive"
"2780",2023-06-30,"Citrine","Baseline Weekday",0,10:15:00,"4","Standing","Drinking",NA,30,0,"Active"
"2781",2023-06-30,"Citrine","Baseline Weekday",0,10:15:15,"4","Standing","Drinking",NA,45,0,"Active"
"2782",2023-06-30,"Citrine","Baseline Weekday",0,10:15:30,"4","Standing","Pause",NA,0,0,"Inactive"
"2783",2023-06-30,"Citrine","Baseline Weekday",0,10:15:45,"4","Standing","Drinking",NA,15,0,"Active"
"2784",2023-06-30,"Citrine","Baseline Weekday",0,10:16:00,"4","Standing","Drinking",NA,30,0,"Active"
"2785",2023-06-30,"Citrine","Baseline Weekday",0,10:16:15,"4","Standing","Drinking",NA,45,0,"Active"
"2786",2023-06-30,"Citrine","Baseline Weekday",0,10:16:30,"5","Rearing","Locomotion",NA,0,0,"Active"
"2787",2023-06-30,"Citrine","Baseline Weekday",0,10:16:45,"Feeder","Standing","Locomotion",NA,15,0,"Active"
"2788",2023-06-30,"Citrine","Baseline Weekday",0,10:17:00,"Out of View","Out of View","Out of View",NA,30,0,"OutofView"
"2789",2023-06-30,"Citrine","Baseline Weekday",0,10:17:15,"Shelf","Standing","Locomotion",NA,45,0,"Active"
"2790",2023-06-30,"Citrine","Baseline Weekday",0,10:17:30,"Out of View","Out of View","Out of View",NA,0,0,"OutofView"
"2791",2023-06-30,"Citrine","Baseline Weekday",0,10:17:45,"Shelf","Sitting","Resting",NA,15,0,"Inactive"
"2792",2023-06-30,"Citrine","Baseline Weekday",0,10:18:00,"Shelf","Lying Down","Resting",NA,30,0,"Inactive"
"2793",2023-06-30,"Citrine","Baseline Weekday",0,10:18:15,"Shelf","Lying Down","Resting",NA,45,0,"Inactive"
"2794",2023-06-30,"Citrine","Baseline Weekday",0,10:18:30,"Shelf","Lying Down","Resting",NA,0,0,"Inactive"
"2795",2023-06-30,"Citrine","Baseline Weekday",0,10:18:45,"Shelf","Lying Down","Resting",NA,15,0,"Inactive"
"2796",2023-06-30,"Citrine","Baseline Weekday",0,10:19:00,"Shelf","Lying Down","Resting",NA,30,0,"Inactive"
"2797",2023-06-30,"Citrine","Baseline Weekday",0,10:19:15,"Shelf","Lying Down","Resting",NA,45,0,"Inactive"
"2798",2023-06-30,"Citrine","Baseline Weekday",0,10:19:30,"Shelf","Lying Down","Resting",NA,0,0,"Inactive"
"2799",2023-06-30,"Citrine","Baseline Weekday",0,10:19:45,"Feeder","Standing","Pause",NA,15,0,"Inactive"
"2800",2023-06-30,"Citrine","Baseline Weekday",0,10:20:00,"Feeder","Sitting","Resting",NA,30,0,"Inactive"
"2801",2023-06-30,"Citrine","Baseline Weekday",0,10:20:15,"Feeder","Sitting","Resting",NA,45,0,"Inactive"
"2802",2023-06-30,"Citrine","Baseline Weekday",0,10:20:30,"4","Standing","Locomotion",NA,0,0,"Active"
"2803",2023-06-30,"Citrine","Baseline Weekday",0,10:20:45,"1","Standing","Locomotion",NA,15,0,"Active"
"2804",2023-06-30,"Citrine","Baseline Weekday",0,10:21:00,"Feeder","Standing","Locomotion",NA,30,0,"Active"
"2805",2023-06-30,"Citrine","Baseline Weekday",0,10:21:15,"Fence","Standing","Locomotion",NA,45,0,"Active"
"2806",2023-06-30,"Citrine","Baseline Weekday",0,10:21:30,"3","Standing","Pace",NA,0,0,"Pace"
"2807",2023-06-30,"Citrine","Baseline Weekday",0,10:21:45,"2","Standing","Locomotion",NA,15,0,"Active"
"2808",2023-06-30,"Citrine","Baseline Weekday",0,10:22:00,"Out of View","Out of View","Out of View",NA,30,0,"OutofView"
"2809",2023-06-30,"Citrine","Baseline Weekday",0,10:22:15,"5","Rearing","Pause",NA,45,0,"Inactive"
"2810",2023-06-30,"Citrine","Baseline Weekday",0,10:22:30,"Feeder","Standing","Pace",NA,0,0,"Pace"
"2811",2023-06-30,"Citrine","Baseline Weekday",0,10:22:45,"5","Rearing","Pace",NA,15,0,"Pace"
"2812",2023-06-30,"Citrine","Baseline Weekday",0,10:23:00,"Feeder","Sitting","Resting",NA,30,0,"Inactive"
"2813",2023-06-30,"Citrine","Baseline Weekday",0,10:23:15,"Feeder","Standing","Pause",NA,45,0,"Inactive"
"2814",2023-06-30,"Citrine","Baseline Weekday",0,10:23:30,"Shelf","Standing","Locomotion",NA,0,0,"Active"
"2815",2023-06-30,"Citrine","Baseline Weekday",0,10:23:45,"1","Standing","Locomotion",NA,15,0,"Active"
"2816",2023-06-30,"Citrine","Baseline Weekday",0,10:24:00,"2","Standing","Locomotion",NA,30,0,"Active"
"2817",2023-06-30,"Citrine","Baseline Weekday",0,10:24:15,"Feeder","Sitting","Resting",NA,45,0,"Inactive"
"2818",2023-06-30,"Citrine","Baseline Weekday",0,10:24:30,"Feeder","Sitting","Resting",NA,0,0,"Inactive"
"2819",2023-06-30,"Citrine","Baseline Weekday",0,10:24:45,"Feeder","Sitting","Resting",NA,15,0,"Inactive"
"2820",2023-06-30,"Citrine","Baseline Weekday",0,10:25:00,"Feeder","Standing","Locomotion",NA,30,0,"Active"
"2821",2023-06-30,"Citrine","Baseline Weekday",0,10:25:15,"Shelf","Standing","Locomotion",NA,45,0,"Active"
"2822",2023-06-30,"Citrine","Baseline Weekday",0,10:25:30,"Shelf","Sitting","Resting",NA,0,0,"Inactive"
"2823",2023-06-30,"Citrine","Baseline Weekday",0,10:25:45,"Shelf","Sitting","Resting",NA,15,0,"Inactive"
"2824",2023-06-30,"Citrine","Baseline Weekday",0,10:26:00,"4","Standing","Locomotion",NA,30,0,"Active"
"2825",2023-06-30,"Citrine","Baseline Weekday",0,10:26:15,"Fence","Standing","Locomotion",NA,45,0,"Active"
"2826",2023-06-30,"Citrine","Baseline Weekday",0,10:26:30,"5","Rearing","Pause",NA,0,0,"Inactive"
"2827",2023-06-30,"Citrine","Baseline Weekday",0,10:26:45,"Feeder","Standing","Locomotion",NA,15,0,"Active"
"2828",2023-06-30,"Citrine","Baseline Weekday",0,10:27:00,"Shelf","Standing","Locomotion",NA,30,0,"Active"
"2829",2023-06-30,"Citrine","Baseline Weekday",0,10:27:15,"Shelf","Sitting","Resting",NA,45,0,"Inactive"
"2830",2023-06-30,"Citrine","Baseline Weekday",0,10:27:30,"Shelf","Lying Down","Resting",NA,0,0,"Inactive"
"2831",2023-06-30,"Citrine","Baseline Weekday",0,10:27:45,"Feeder","Standing","Pause",NA,15,0,"Inactive"
"2832",2023-06-30,"Citrine","Baseline Weekday",0,10:28:00,"5","Rearing","Locomotion",NA,30,0,"Active"
"2833",2023-06-30,"Citrine","Baseline Weekday",0,10:28:15,"Feeder","Standing","Pause",NA,45,0,"Inactive"
"2834",2023-06-30,"Citrine","Baseline Weekday",0,10:28:30,"Feeder","Standing","Pause",NA,0,0,"Inactive"
"2835",2023-06-30,"Citrine","Baseline Weekday",0,10:28:45,"Shelf","Standing","Locomotion",NA,15,0,"Active"
"2836",2023-06-09,"Citrine","Intervention Weekday",240,09:21:02,"5","Standing","Drinking",NA,15,150,"Active"
"2837",2023-06-09,"Citrine","Intervention Weekday",240,09:21:17,"5","Standing","Drinking",NA,30,165,"Active"
"2838",2023-06-09,"Citrine","Intervention Weekday",240,09:21:32,"2","Standing","Locomotion",NA,45,180,"Active"
"2839",2023-06-09,"Citrine","Intervention Weekday",240,09:21:47,"Feeder","Standing","Pause",NA,0,195,"Inactive"
"2840",2023-06-09,"Citrine","Intervention Weekday",240,09:22:02,"Feeder","Sitting","Resting",NA,15,210,"Inactive"
"2841",2023-06-09,"Citrine","Intervention Weekday",240,09:22:17,"Feeder","Sitting","Resting",NA,30,225,"Inactive"
"2842",2023-06-09,"Citrine","Intervention Weekday",240,09:22:32,"Feeder","Sitting","Resting",NA,45,240,"Inactive"
"2843",2023-06-09,"Citrine","Intervention Weekday",240,09:22:47,"Feeder","Sitting","Resting",NA,0,0,"Inactive"
"2844",2023-06-09,"Citrine","Intervention Weekday",240,09:23:02,"Feeder","Sitting","Resting",NA,15,15,"Inactive"
"2845",2023-06-09,"Citrine","Intervention Weekday",240,09:23:17,"Feeder","Sitting","Resting",NA,30,30,"Inactive"
"2846",2023-06-09,"Citrine","Intervention Weekday",240,09:23:32,"Feeder","Sitting","Resting",NA,45,45,"Inactive"
"2847",2023-06-09,"Citrine","Intervention Weekday",240,09:23:47,"Feeder","Sitting","Resting",NA,0,60,"Inactive"
"2848",2023-06-09,"Citrine","Intervention Weekday",240,09:24:02,"Feeder","Sitting","Resting",NA,15,75,"Inactive"
"2849",2023-06-09,"Citrine","Intervention Weekday",240,09:24:17,"Feeder","Sitting","Resting",NA,30,90,"Inactive"
"2850",2023-06-09,"Citrine","Intervention Weekday",240,09:24:32,"Feeder","Sitting","Resting",NA,45,105,"Inactive"
"2851",2023-06-09,"Citrine","Intervention Weekday",240,09:24:47,"Feeder","Sitting","Resting",NA,0,120,"Inactive"
"2852",2023-06-09,"Citrine","Intervention Weekday",240,09:25:02,"6","Standing","Eating",NA,15,135,"Active"
"2853",2023-06-09,"Citrine","Intervention Weekday",240,09:25:17,"5","Rearing","Pause",NA,30,150,"Inactive"
"2854",2023-06-09,"Citrine","Intervention Weekday",240,09:25:32,"Shelf","Standing","Pause",NA,45,165,"Inactive"
"2855",2023-06-09,"Citrine","Intervention Weekday",240,09:25:47,"Shelf","Sitting","Resting",NA,0,180,"Inactive"
"2856",2023-06-09,"Citrine","Intervention Weekday",240,09:26:02,"Shelf","Sitting","Resting",NA,15,195,"Inactive"
"2857",2023-06-09,"Citrine","Intervention Weekday",240,09:26:17,"Shelf","Sitting","Resting",NA,30,210,"Inactive"
"2858",2023-06-09,"Citrine","Intervention Weekday",240,09:26:32,"Shelf","Sitting","Resting",NA,45,225,"Inactive"
"2859",2023-06-09,"Citrine","Intervention Weekday",240,09:26:47,"Shelf","Sitting","Resting",NA,0,240,"Inactive"
"2860",2023-06-09,"Citrine","Intervention Weekday",240,09:27:02,"Shelf","Sitting","Resting",NA,15,0,"Inactive"
"2861",2023-06-09,"Citrine","Intervention Weekday",240,09:27:17,"Shelf","Sitting","Resting",NA,30,15,"Inactive"
"2862",2023-06-09,"Citrine","Intervention Weekday",240,09:27:32,"Shelf","Sitting","Resting",NA,45,30,"Inactive"
"2863",2023-06-09,"Citrine","Intervention Weekday",240,09:27:47,"Shelf","Sitting","Resting",NA,0,45,"Inactive"
"2864",2023-06-09,"Citrine","Intervention Weekday",240,09:28:02,"Shelf","Sitting","Resting",NA,15,60,"Inactive"
"2865",2023-06-09,"Citrine","Intervention Weekday",240,09:28:17,"Shelf","Sitting","Resting",NA,30,75,"Inactive"
"2866",2023-06-09,"Citrine","Intervention Weekday",240,09:28:32,"Shelf","Sitting","Resting",NA,45,90,"Inactive"
"2867",2023-06-09,"Citrine","Intervention Weekday",240,09:28:47,"Shelf","Sitting","Resting",NA,0,105,"Inactive"
"2868",2023-06-09,"Citrine","Intervention Weekday",240,09:29:02,"6","Standing","Eating",NA,15,120,"Active"
"2869",2023-06-09,"Citrine","Intervention Weekday",240,09:29:17,"Feeder","Standing","Pause",NA,30,135,"Inactive"
"2870",2023-06-09,"Citrine","Intervention Weekday",240,09:29:32,"Feeder","Sitting","Grooming",NA,45,150,"Active"
"2871",2023-06-09,"Citrine","Intervention Weekday",240,09:29:47,"Feeder","Sitting","Resting",NA,0,165,"Inactive"
"2872",2023-06-09,"Citrine","Intervention Weekday",240,09:30:02,"Feeder","Sitting","Resting",NA,15,180,"Inactive"
"2873",2023-06-09,"Citrine","Intervention Weekday",240,09:30:17,"Feeder","Sitting","Resting",NA,30,195,"Inactive"
"2874",2023-06-09,"Citrine","Intervention Weekday",240,09:30:32,"Feeder","Sitting","Resting",NA,45,210,"Inactive"
"2875",2023-06-09,"Citrine","Intervention Weekday",240,09:30:47,"Feeder","Sitting","Resting",NA,0,225,"Inactive"
"2876",2023-06-09,"Citrine","Intervention Weekday",240,09:31:02,"Feeder","Sitting","Resting",NA,15,240,"Inactive"
"2877",2023-06-09,"Citrine","Intervention Weekday",240,09:31:17,"Feeder","Sitting","Resting",NA,30,0,"Inactive"
"2878",2023-06-09,"Citrine","Intervention Weekday",240,09:31:32,"Feeder","Sitting","Resting",NA,45,15,"Inactive"
"2879",2023-06-09,"Citrine","Intervention Weekday",240,09:31:47,"Feeder","Sitting","Resting",NA,0,30,"Inactive"
"2880",2023-06-09,"Citrine","Intervention Weekday",240,09:32:02,"Feeder","Sitting","Resting",NA,15,45,"Inactive"
"2881",2023-06-09,"Citrine","Intervention Weekday",240,09:32:17,"Feeder","Sitting","Resting",NA,30,60,"Inactive"
"2882",2023-06-09,"Citrine","Intervention Weekday",240,09:32:32,"Feeder","Sitting","Resting",NA,45,75,"Inactive"
"2883",2023-06-09,"Citrine","Intervention Weekday",240,09:32:47,"Feeder","Sitting","Resting",NA,0,90,"Inactive"
"2884",2023-06-09,"Citrine","Intervention Weekday",240,09:33:02,"6","Standing","Eating",NA,15,105,"Active"
"2885",2023-06-09,"Citrine","Intervention Weekday",240,09:33:17,"5","Standing","Locomotion",NA,30,120,"Active"
"2886",2023-06-09,"Citrine","Intervention Weekday",240,09:33:32,"Feeder","Standing","Pause",NA,45,135,"Inactive"
"2887",2023-06-09,"Citrine","Intervention Weekday",240,09:33:47,"Feeder","Sitting","Resting",NA,0,150,"Inactive"
"2888",2023-06-09,"Citrine","Intervention Weekday",240,09:34:02,"Feeder","Sitting","Grooming",NA,15,165,"Active"
"2889",2023-06-09,"Citrine","Intervention Weekday",240,09:34:17,"Feeder","Sitting","Resting",NA,30,180,"Inactive"
"2890",2023-06-09,"Citrine","Intervention Weekday",240,09:34:32,"Feeder","Sitting","Resting",NA,45,195,"Inactive"
"2891",2023-06-09,"Citrine","Intervention Weekday",240,09:34:47,"Feeder","Sitting","Resting",NA,0,210,"Inactive"
"2892",2023-06-09,"Citrine","Intervention Weekday",240,09:35:02,"Feeder","Sitting","Resting",NA,15,225,"Inactive"
"2893",2023-06-09,"Citrine","Intervention Weekday",240,09:35:17,"Feeder","Sitting","Resting",NA,30,240,"Inactive"
"2894",2023-06-09,"Citrine","Intervention Weekday",240,09:35:32,"Feeder","Sitting","Resting",NA,45,0,"Inactive"
"2895",2023-06-09,"Citrine","Intervention Weekday",240,09:35:47,"Feeder","Sitting","Resting",NA,0,15,"Inactive"
"2896",2023-06-09,"Citrine","Intervention Weekday",240,09:36:02,"Feeder","Sitting","Resting",NA,15,30,"Inactive"
"2897",2023-07-15,"Citrine","Baseline Weekday",0,11:19:30,"Feeder","Sitting","Resting",NA,15,0,"Inactive"
"2898",2023-07-15,"Citrine","Baseline Weekday",0,11:19:45,"Feeder","Sitting","Resting",NA,30,0,"Inactive"
"2899",2023-07-15,"Citrine","Baseline Weekday",0,11:20:00,"Feeder","Sitting","Resting",NA,45,0,"Inactive"
"2900",2023-07-15,"Citrine","Baseline Weekday",0,11:20:15,"Feeder","Sitting","Resting",NA,0,0,"Inactive"
"2901",2023-07-15,"Citrine","Baseline Weekday",0,11:20:30,"Feeder","Sitting","Resting",NA,15,0,"Inactive"
"2902",2023-07-15,"Citrine","Baseline Weekday",0,11:20:45,"Feeder","Sitting","Resting",NA,30,0,"Inactive"
"2903",2023-07-15,"Citrine","Baseline Weekday",0,11:21:00,"Feeder","Sitting","Resting",NA,45,0,"Inactive"
"2904",2023-07-15,"Citrine","Baseline Weekday",0,11:21:15,"Feeder","Sitting","Resting",NA,0,0,"Inactive"
"2905",2023-07-15,"Citrine","Baseline Weekday",0,11:21:30,"Feeder","Sitting","Resting",NA,15,0,"Inactive"
"2906",2023-07-15,"Citrine","Baseline Weekday",0,11:21:45,"Feeder","Sitting","Resting",NA,30,0,"Inactive"
"2907",2023-07-15,"Citrine","Baseline Weekday",0,11:22:00,"Feeder","Sitting","Resting",NA,45,0,"Inactive"
"2908",2023-07-15,"Citrine","Baseline Weekday",0,11:22:15,"Feeder","Sitting","Grooming",NA,0,0,"Active"
"2909",2023-07-15,"Citrine","Baseline Weekday",0,11:22:30,"Feeder","Sitting","Grooming",NA,15,0,"Active"
"2910",2023-07-15,"Citrine","Baseline Weekday",0,11:22:45,"5","Standing","Locomotion",NA,30,0,"Active"
"2911",2023-07-15,"Citrine","Baseline Weekday",0,11:23:00,"5","Standing","Eating",NA,45,0,"Active"
"2912",2023-07-15,"Citrine","Baseline Weekday",0,11:23:15,"5","Standing","Eating",NA,0,0,"Active"
"2913",2023-07-15,"Citrine","Baseline Weekday",0,11:23:30,"5","Standing","Eating",NA,15,0,"Active"
"2914",2023-07-15,"Citrine","Baseline Weekday",0,11:23:45,"1","Standing","Locomotion",NA,30,0,"Active"
"2915",2023-07-15,"Citrine","Baseline Weekday",0,11:24:00,"6","Standing","Locomotion",NA,45,0,"Active"
"2916",2023-07-15,"Citrine","Baseline Weekday",0,11:24:15,"Shelf","Standing","Pause",NA,0,0,"Inactive"
"2917",2023-07-15,"Citrine","Baseline Weekday",0,11:24:30,"Shelf","Sitting","Resting",NA,15,0,"Inactive"
"2918",2023-07-15,"Citrine","Baseline Weekday",0,11:24:45,"Shelf","Sitting","Resting",NA,30,0,"Inactive"
"2919",2023-07-15,"Citrine","Baseline Weekday",0,11:25:00,"Shelf","Sitting","Resting",NA,45,0,"Inactive"
"2920",2023-07-15,"Citrine","Baseline Weekday",0,11:25:15,"Shelf","Sitting","Resting",NA,0,0,"Inactive"
"2921",2023-07-15,"Citrine","Baseline Weekday",0,11:25:30,"5","Standing","Locomotion",NA,15,0,"Active"
"2922",2023-07-15,"Citrine","Baseline Weekday",0,11:25:45,"2","Standing","Locomotion",NA,30,0,"Active"
"2923",2023-07-15,"Citrine","Baseline Weekday",0,11:26:00,"Feeder","Sitting","Grooming",NA,45,0,"Active"
"2924",2023-07-15,"Citrine","Baseline Weekday",0,11:26:15,"Feeder","Sitting","Resting",NA,0,0,"Inactive"
"2925",2023-07-15,"Citrine","Baseline Weekday",0,11:26:30,"Feeder","Sitting","Resting",NA,15,0,"Inactive"
"2926",2023-07-15,"Citrine","Baseline Weekday",0,11:26:45,"Feeder","Sitting","Resting",NA,30,0,"Inactive"
"2927",2023-07-15,"Citrine","Baseline Weekday",0,11:27:00,"Feeder","Sitting","Resting",NA,45,0,"Inactive"
"2928",2023-07-15,"Citrine","Baseline Weekday",0,11:27:15,"Feeder","Sitting","Resting",NA,0,0,"Inactive"
"2929",2023-07-15,"Citrine","Baseline Weekday",0,11:27:30,"Feeder","Sitting","Resting",NA,15,0,"Inactive"
"2930",2023-07-15,"Citrine","Baseline Weekday",0,11:27:45,"Feeder","Sitting","Resting",NA,30,0,"Inactive"
"2931",2023-07-15,"Citrine","Baseline Weekday",0,11:28:00,"Feeder","Sitting","Resting",NA,45,0,"Inactive"
"2932",2023-07-15,"Citrine","Baseline Weekday",0,11:28:15,"Feeder","Sitting","Resting",NA,0,0,"Inactive"
"2933",2023-07-15,"Citrine","Baseline Weekday",0,11:28:30,"5","Standing","Locomotion",NA,15,0,"Active"
"2934",2023-07-15,"Citrine","Baseline Weekday",0,11:28:45,"4","Standing","Locomotion",NA,30,0,"Active"
"2935",2023-07-15,"Citrine","Baseline Weekday",0,11:29:00,"Shelf","Sitting","Resting",NA,45,0,"Inactive"
"2936",2023-07-15,"Citrine","Baseline Weekday",0,11:29:15,"Shelf","Sitting","Resting",NA,0,0,"Inactive"
"2937",2023-07-15,"Citrine","Baseline Weekday",0,11:29:30,"Shelf","Sitting","Resting",NA,15,0,"Inactive"
"2938",2023-07-15,"Citrine","Baseline Weekday",0,11:29:45,"Shelf","Sitting","Grooming",NA,30,0,"Active"
"2939",2023-07-15,"Citrine","Baseline Weekday",0,11:30:00,"Shelf","Sitting","Grooming",NA,45,0,"Active"
"2940",2023-07-15,"Citrine","Baseline Weekday",0,11:30:15,"Shelf","Sitting","Grooming",NA,0,0,"Active"
"2941",2023-07-15,"Citrine","Baseline Weekday",0,11:30:30,"Shelf","Sitting","Resting",NA,15,0,"Inactive"
"2942",2023-07-15,"Citrine","Baseline Weekday",0,11:30:45,"Shelf","Sitting","Grooming",NA,30,0,"Active"
"2943",2023-07-15,"Citrine","Baseline Weekday",0,11:31:00,"Shelf","Sitting","Grooming",NA,45,0,"Active"
"2944",2023-07-15,"Citrine","Baseline Weekday",0,11:31:15,"Shelf","Sitting","Grooming",NA,0,0,"Active"
"2945",2023-07-15,"Citrine","Baseline Weekday",0,11:31:30,"Shelf","Sitting","Resting",NA,15,0,"Inactive"
"2946",2023-07-15,"Citrine","Baseline Weekday",0,11:31:45,"Shelf","Sitting","Grooming",NA,30,0,"Active"
"2947",2023-07-15,"Citrine","Baseline Weekday",0,11:32:00,"Shelf","Sitting","Resting",NA,45,0,"Inactive"
"2948",2023-07-15,"Citrine","Baseline Weekday",0,11:32:15,"Shelf","Sitting","Resting",NA,0,0,"Inactive"
"2949",2023-07-15,"Citrine","Baseline Weekday",0,11:32:30,"3","Standing","Locomotion",NA,15,0,"Active"
"2950",2023-07-15,"Citrine","Baseline Weekday",0,11:32:45,"5","Standing","Drinking",NA,30,0,"Active"
"2951",2023-07-15,"Citrine","Baseline Weekday",0,11:33:00,"5","Standing","Drinking",NA,45,0,"Active"
"2952",2023-07-15,"Citrine","Baseline Weekday",0,11:33:15,"5","Standing","Drinking",NA,0,0,"Active"
"2953",2023-07-15,"Citrine","Baseline Weekday",0,11:33:30,"5","Standing","Drinking",NA,15,0,"Active"
"2954",2023-07-15,"Citrine","Baseline Weekday",0,11:33:45,"5","Standing","Drinking",NA,30,0,"Active"
"2955",2023-07-15,"Citrine","Baseline Weekday",0,11:34:00,"5","Standing","Pause",NA,45,0,"Inactive"
"2956",2023-07-15,"Citrine","Baseline Weekday",0,11:34:15,"6","Standing","Pause",NA,0,0,"Inactive"
"2957",2023-07-15,"Citrine","Baseline Weekday",0,11:34:30,"Litter Box","Standing","Locomotion",NA,15,0,"Active"
"2958",2023-04-28,"Citrine","Baseline_Weekday",0,11:25:45,"Shelf","Lying Down","Resting",NA,15,0,"Inactive"
"2959",2023-04-28,"Citrine","Baseline_Weekday",0,11:26:00,"Shelf","Lying Down","Resting",NA,30,0,"Inactive"
"2960",2023-04-28,"Citrine","Baseline_Weekday",0,11:26:15,"Shelf","Lying Down","Resting",NA,45,0,"Inactive"
"2961",2023-04-28,"Citrine","Baseline_Weekday",0,11:26:30,"Shelf","Lying Down","Resting",NA,0,0,"Inactive"
"2962",2023-04-28,"Citrine","Baseline_Weekday",0,11:26:45,"Shelf","Lying Down","Resting",NA,15,0,"Inactive"
"2963",2023-04-28,"Citrine","Baseline_Weekday",0,11:27:00,"Shelf","Lying Down","Resting",NA,30,0,"Inactive"
"2964",2023-04-28,"Citrine","Baseline_Weekday",0,11:27:15,"Shelf","Lying Down","Resting",NA,45,0,"Inactive"
"2965",2023-04-28,"Citrine","Baseline_Weekday",0,11:27:30,"Shelf","Lying Down","Resting",NA,0,0,"Inactive"
"2966",2023-04-28,"Citrine","Baseline_Weekday",0,11:27:45,"Shelf","Lying Down","Resting",NA,15,0,"Inactive"
"2967",2023-04-28,"Citrine","Baseline_Weekday",0,11:28:00,"Shelf","Lying Down","Resting",NA,30,0,"Inactive"
"2968",2023-04-28,"Citrine","Baseline_Weekday",0,11:28:15,"Shelf","Lying Down","Resting",NA,45,0,"Inactive"
"2969",2023-04-28,"Citrine","Baseline_Weekday",0,11:28:30,"Shelf","Lying Down","Resting",NA,0,0,"Inactive"
"2970",2023-04-28,"Citrine","Baseline_Weekday",0,11:28:45,"Shelf","Lying Down","Resting",NA,15,0,"Inactive"
"2971",2023-04-28,"Citrine","Baseline_Weekday",0,11:29:00,"Shelf","Lying Down","Resting",NA,30,0,"Inactive"
"2972",2023-04-28,"Citrine","Baseline_Weekday",0,11:29:15,"Shelf","Lying Down","Resting",NA,45,0,"Inactive"
"2973",2023-04-28,"Citrine","Baseline_Weekday",0,11:29:30,"Shelf","Lying Down","Resting",NA,0,0,"Inactive"
"2974",2023-04-28,"Citrine","Baseline_Weekday",0,11:29:45,"Shelf","Lying Down","Resting",NA,15,0,"Inactive"
"2975",2023-04-28,"Citrine","Baseline_Weekday",0,11:30:00,"Shelf","Lying Down","Resting",NA,30,0,"Inactive"
"2976",2023-04-28,"Citrine","Baseline_Weekday",0,11:30:15,"Shelf","Lying Down","Resting",NA,45,0,"Inactive"
"2977",2023-04-28,"Citrine","Baseline_Weekday",0,11:30:30,"Shelf","Lying Down","Resting",NA,0,0,"Inactive"
"2978",2023-04-28,"Citrine","Baseline_Weekday",0,11:30:45,"Shelf","Lying Down","Resting",NA,15,0,"Inactive"
"2979",2023-04-28,"Citrine","Baseline_Weekday",0,11:31:00,"Shelf","Lying Down","Resting",NA,30,0,"Inactive"
"2980",2023-04-28,"Citrine","Baseline_Weekday",0,11:31:15,"Shelf","Lying Down","Resting",NA,45,0,"Inactive"
"2981",2023-04-28,"Citrine","Baseline_Weekday",0,11:31:30,"Shelf","Lying Down","Resting",NA,0,0,"Inactive"
"2982",2023-04-28,"Citrine","Baseline_Weekday",0,11:31:45,"Shelf","Lying Down","Resting",NA,15,0,"Inactive"
"2983",2023-04-28,"Citrine","Baseline_Weekday",0,11:32:00,"Shelf","Lying Down","Resting",NA,30,0,"Inactive"
"2984",2023-04-28,"Citrine","Baseline_Weekday",0,11:32:15,"Shelf","Lying Down","Resting",NA,45,0,"Inactive"
"2985",2023-04-28,"Citrine","Baseline_Weekday",0,11:32:30,"Shelf","Lying Down","Resting",NA,0,0,"Inactive"
"2986",2023-04-28,"Citrine","Baseline_Weekday",0,11:32:45,"Shelf","Lying Down","Resting",NA,15,0,"Inactive"
"2987",2023-04-28,"Citrine","Baseline_Weekday",0,11:33:00,"Shelf","Lying Down","Resting",NA,30,0,"Inactive"
"2988",2023-04-28,"Citrine","Baseline_Weekday",0,11:33:15,"Shelf","Lying Down","Resting",NA,45,0,"Inactive"
"2989",2023-04-28,"Citrine","Baseline_Weekday",0,11:33:30,"Shelf","Lying Down","Resting",NA,0,0,"Inactive"
"2990",2023-04-28,"Citrine","Baseline_Weekday",0,11:33:45,"Shelf","Lying Down","Resting",NA,15,0,"Inactive"
"2991",2023-04-28,"Citrine","Baseline_Weekday",0,11:34:00,"Shelf","Lying Down","Resting",NA,30,0,"Inactive"
"2992",2023-04-28,"Citrine","Baseline_Weekday",0,11:34:15,"Shelf","Lying Down","Resting",NA,45,0,"Inactive"
"2993",2023-04-28,"Citrine","Baseline_Weekday",0,11:34:30,"2","Standing","Manipulating Object","Litter Box",0,0,"Active"
"2994",2023-04-28,"Citrine","Baseline_Weekday",0,11:34:45,"1","Standing","Locomotion",NA,15,0,"Active"
"2995",2023-04-28,"Citrine","Baseline_Weekday",0,11:35:00,"5","Rearing","Pause",NA,30,0,"Inactive"
"2996",2023-04-28,"Citrine","Baseline_Weekday",0,11:35:15,"Shelf","Out of View","Out of View",NA,45,0,"OutofView"
"2997",2023-04-28,"Citrine","Baseline_Weekday",0,11:35:30,"6","Standing","Pace",NA,0,0,"Pace"
"2998",2023-04-28,"Citrine","Baseline_Weekday",0,11:35:45,"1","Standing","Pace",NA,15,0,"Pace"
"2999",2023-04-28,"Citrine","Baseline_Weekday",0,11:36:00,"Shelf","Standing","Pause",NA,30,0,"Inactive"
"3000",2023-04-28,"Citrine","Baseline_Weekday",0,11:36:15,"6","Rearing","Pause",NA,45,0,"Inactive"
"3001",2023-04-28,"Citrine","Baseline_Weekday",0,11:36:30,"Shelf","Sitting","Resting",NA,0,0,"Inactive"
"3002",2023-04-28,"Citrine","Baseline_Weekday",0,11:36:45,"3","Standing","Pace",NA,15,0,"Pace"
"3003",2023-04-28,"Citrine","Baseline_Weekday",0,11:37:00,"6","Rearing","Locomotion",NA,30,0,"Active"
"3004",2023-04-28,"Citrine","Baseline_Weekday",0,11:37:15,"1","Rearing","Pause",NA,45,0,"Inactive"
"3005",2023-04-28,"Citrine","Baseline_Weekday",0,11:37:30,"6","Rearing","Locomotion",NA,0,0,"Active"
"3006",2023-04-28,"Citrine","Baseline_Weekday",0,11:37:45,"6","Rearing","Pace",NA,15,0,"Pace"
"3007",2023-04-28,"Citrine","Baseline_Weekday",0,11:38:00,"Shelf","Sitting","Resting",NA,30,0,"Inactive"
"3008",2023-04-28,"Citrine","Baseline_Weekday",0,11:38:15,"Shelf","Sitting","Resting",NA,45,0,"Inactive"
"3009",2023-04-28,"Citrine","Baseline_Weekday",0,11:38:30,"Shelf","Sitting","Resting",NA,0,0,"Inactive"
"3010",2023-04-28,"Citrine","Baseline_Weekday",0,11:38:45,"Shelf","Sitting","Resting",NA,15,0,"Inactive"
"3011",2023-04-28,"Citrine","Baseline_Weekday",0,11:39:00,"Shelf","Sitting","Resting",NA,30,0,"Inactive"
"3012",2023-04-28,"Citrine","Baseline_Weekday",0,11:39:15,"Shelf","Sitting","Resting",NA,45,0,"Inactive"
"3013",2023-04-28,"Citrine","Baseline_Weekday",0,11:39:30,"4","Standing","Locomotion",NA,0,0,"Active"
"3014",2023-04-28,"Citrine","Baseline_Weekday",0,11:39:45,"4","Standing","Pace",NA,15,0,"Pace"
"3015",2023-04-28,"Citrine","Baseline_Weekday",0,11:40:00,"Shelf","Out of View","Out of View",NA,30,0,"OutofView"
"3016",2023-04-28,"Citrine","Baseline_Weekday",0,11:40:15,"Shelf","Standing","Pause",NA,45,0,"Inactive"
"3017",2023-04-28,"Citrine","Baseline_Weekday",0,11:40:30,"Shelf","Sitting","Resting",NA,0,0,"Inactive"
"3018",2023-04-28,"Citrine","Baseline_Weekday",0,11:40:45,"Shelf","Sitting","Resting",NA,15,0,"Inactive"
"3019",2023-07-12,"Citrine","Intervention Weekday",60,10:41:57,"5","Standing","Eating",NA,15,15,"Active"
"3020",2023-07-12,"Citrine","Intervention Weekday",60,10:42:12,"Fence","Standing","Locomotion",NA,30,30,"Active"
"3021",2023-07-12,"Citrine","Intervention Weekday",60,10:42:27,"6","Standing","Locomotion",NA,45,45,"Active"
"3022",2023-07-12,"Citrine","Intervention Weekday",60,10:42:42,"2","Standing","Locomotion",NA,0,60,"Active"
"3023",2023-07-12,"Citrine","Intervention Weekday",60,10:42:57,"6","Standing","Eating",NA,15,0,"Active"
"3024",2023-07-12,"Citrine","Intervention Weekday",60,10:43:12,"Feeder","Standing","Pause",NA,30,15,"Inactive"
"3025",2023-07-12,"Citrine","Intervention Weekday",60,10:43:27,"Shelf","Sitting","Resting",NA,45,30,"Inactive"
"3026",2023-07-12,"Citrine","Intervention Weekday",60,10:43:42,"Shelf","Sitting","Resting",NA,0,45,"Inactive"
"3027",2023-07-12,"Citrine","Intervention Weekday",60,10:43:57,"5","Standing","Eating",NA,15,60,"Active"
"3028",2023-07-12,"Citrine","Intervention Weekday",60,10:44:12,"5","Rearing","Locomotion",NA,30,0,"Active"
"3029",2023-07-12,"Citrine","Intervention Weekday",60,10:44:27,"Feeder","Sitting","Resting",NA,45,15,"Inactive"
"3030",2023-07-12,"Citrine","Intervention Weekday",60,10:44:42,"Fence","Standing","Locomotion",NA,0,30,"Active"
"3031",2023-07-12,"Citrine","Intervention Weekday",60,10:44:57,"5","Standing","Eating",NA,15,45,"Active"
"3032",2023-07-12,"Citrine","Intervention Weekday",60,10:45:12,"Feeder","Standing","Locomotion",NA,30,60,"Active"
"3033",2023-07-12,"Citrine","Intervention Weekday",60,10:45:27,"Shelf","Sitting","Resting",NA,45,0,"Inactive"
"3034",2023-07-12,"Citrine","Intervention Weekday",60,10:45:42,"Shelf","Sitting","Resting",NA,0,15,"Inactive"
"3035",2023-07-12,"Citrine","Intervention Weekday",60,10:45:57,"6","Standing","Eating",NA,15,30,"Active"
"3036",2023-07-12,"Citrine","Intervention Weekday",60,10:46:12,"6","Standing","Eating",NA,30,45,"Active"
"3037",2023-07-12,"Citrine","Intervention Weekday",60,10:46:27,"4","Standing","Locomotion",NA,45,60,"Active"
"3038",2023-07-12,"Citrine","Intervention Weekday",60,10:46:42,"Fence","Standing","Locomotion",NA,0,0,"Active"
"3039",2023-07-12,"Citrine","Intervention Weekday",60,10:46:57,"Shelf","Sitting","Resting",NA,15,15,"Inactive"
"3040",2023-07-12,"Citrine","Intervention Weekday",60,10:47:12,"6","Standing","Eating",NA,30,30,"Active"
"3041",2023-07-12,"Citrine","Intervention Weekday",60,10:47:27,"Feeder","Standing","Pause",NA,45,45,"Inactive"
"3042",2023-07-12,"Citrine","Intervention Weekday",60,10:47:42,"Feeder","Standing","Pause",NA,0,60,"Inactive"
"3043",2023-07-12,"Citrine","Intervention Weekday",60,10:47:57,"Feeder","Sitting","Resting",NA,15,0,"Inactive"
"3044",2023-07-12,"Citrine","Intervention Weekday",60,10:48:12,"6","Standing","Eating",NA,30,15,"Active"
"3045",2023-07-12,"Citrine","Intervention Weekday",60,10:48:27,"Feeder","Sitting","Resting",NA,45,30,"Inactive"
"3046",2023-07-12,"Citrine","Intervention Weekday",60,10:48:42,"Feeder","Sitting","Resting",NA,0,45,"Inactive"
"3047",2023-07-12,"Citrine","Intervention Weekday",60,10:48:57,"Feeder","Sitting","Resting",NA,15,60,"Inactive"
"3048",2023-07-12,"Citrine","Intervention Weekday",60,10:49:12,"6","Standing","Eating",NA,30,0,"Active"
"3049",2023-07-12,"Citrine","Intervention Weekday",60,10:49:27,"Shelf","Sitting","Resting",NA,45,15,"Inactive"
"3050",2023-07-12,"Citrine","Intervention Weekday",60,10:49:42,"Shelf","Sitting","Resting",NA,0,30,"Inactive"
"3051",2023-07-12,"Citrine","Intervention Weekday",60,10:49:57,"Shelf","Sitting","Resting",NA,15,45,"Inactive"
"3052",2023-07-12,"Citrine","Intervention Weekday",60,10:50:12,"6","Standing","Pause",NA,30,60,"Inactive"
"3053",2023-07-12,"Citrine","Intervention Weekday",60,10:50:27,"Shelf","Sitting","Resting",NA,45,0,"Inactive"
"3054",2023-07-12,"Citrine","Intervention Weekday",60,10:50:42,"Shelf","Sitting","Resting",NA,0,15,"Inactive"
"3055",2023-07-12,"Citrine","Intervention Weekday",60,10:50:57,"Shelf","Sitting","Grooming",NA,15,30,"Active"
"3056",2023-07-12,"Citrine","Intervention Weekday",60,10:51:12,"6","Standing","Eating",NA,30,45,"Active"
"3057",2023-07-12,"Citrine","Intervention Weekday",60,10:51:27,"4","Standing","Locomotion",NA,45,60,"Active"
"3058",2023-07-12,"Citrine","Intervention Weekday",60,10:51:42,"Shelf","Sitting","Resting",NA,0,0,"Inactive"
"3059",2023-07-12,"Citrine","Intervention Weekday",60,10:51:57,"Shelf","Sitting","Resting",NA,15,15,"Inactive"
"3060",2023-07-12,"Citrine","Intervention Weekday",60,10:52:12,"Shelf","Sitting","Resting",NA,30,30,"Inactive"
"3061",2023-07-12,"Citrine","Intervention Weekday",60,10:52:27,"5","Standing","Eating",NA,45,45,"Active"
"3062",2023-07-12,"Citrine","Intervention Weekday",60,10:52:42,"Feeder","Sitting","Resting",NA,0,60,"Inactive"
"3063",2023-07-12,"Citrine","Intervention Weekday",60,10:52:57,"Feeder","Sitting","Resting",NA,15,0,"Inactive"
"3064",2023-07-12,"Citrine","Intervention Weekday",60,10:53:12,"1","Standing","Locomotion",NA,30,15,"Active"
"3065",2023-07-12,"Citrine","Intervention Weekday",60,10:53:27,"5","Standing","Eating",NA,45,30,"Active"
"3066",2023-07-12,"Citrine","Intervention Weekday",60,10:53:42,"Shelf","Sitting","Resting",NA,0,45,"Inactive"
"3067",2023-07-12,"Citrine","Intervention Weekday",60,10:53:57,"Shelf","Sitting","Resting",NA,15,60,"Inactive"
"3068",2023-07-12,"Citrine","Intervention Weekday",60,10:54:12,"Shelf","Sitting","Resting",NA,30,0,"Inactive"
"3069",2023-07-12,"Citrine","Intervention Weekday",60,10:54:27,"5","Rearing","Locomotion",NA,45,15,"Active"
"3070",2023-07-12,"Citrine","Intervention Weekday",60,10:54:42,"Feeder","Standing","Pause",NA,0,30,"Inactive"
"3071",2023-07-12,"Citrine","Intervention Weekday",60,10:54:57,"Feeder","Sitting","Resting",NA,15,45,"Inactive"
"3072",2023-07-12,"Citrine","Intervention Weekday",60,10:55:12,"Feeder","Sitting","Resting",NA,30,60,"Inactive"
"3073",2023-07-12,"Citrine","Intervention Weekday",60,10:55:27,"6","Standing","Eating",NA,45,0,"Active"
"3074",2023-07-12,"Citrine","Intervention Weekday",60,10:55:42,"Feeder","Standing","Locomotion",NA,0,15,"Active"
"3075",2023-07-12,"Citrine","Intervention Weekday",60,10:55:57,"Feeder","Sitting","Resting",NA,15,30,"Inactive"
"3076",2023-07-12,"Citrine","Intervention Weekday",60,10:56:12,"Feeder","Sitting","Resting",NA,30,45,"Inactive"
"3077",2023-07-12,"Citrine","Intervention Weekday",60,10:56:27,"6","Standing","Eating",NA,45,60,"Active"
"3078",2023-07-12,"Citrine","Intervention Weekday",60,10:56:42,"Shelf","Sitting","Resting",NA,0,0,"Inactive"
"3079",2023-07-12,"Citrine","Intervention Weekday",60,10:56:57,"Shelf","Sitting","Resting",NA,15,15,"Inactive"
"3080",2023-07-01,"Citrine","Baseline_Weekend",0,09:05:15,"Litter Box","Standing","Manipulating Object","Litter Box",15,0,"Active"
"3081",2023-07-01,"Citrine","Baseline_Weekend",0,09:05:30,"Feeder","Sitting","Resting",NA,30,0,"Inactive"
"3082",2023-07-01,"Citrine","Baseline_Weekend",0,09:05:45,"Feeder","Sitting","Resting",NA,45,0,"Inactive"
"3083",2023-07-01,"Citrine","Baseline_Weekend",0,09:06:00,"Litter Box","Standing","Locomotion",NA,0,0,"Active"
"3084",2023-07-01,"Citrine","Baseline_Weekend",0,09:06:15,"Feeder","Standing","Pause",NA,15,0,"Inactive"
"3085",2023-07-01,"Citrine","Baseline_Weekend",0,09:06:30,"Feeder","Standing","Pause",NA,30,0,"Inactive"
"3086",2023-07-01,"Citrine","Baseline_Weekend",0,09:06:45,"Fence","Standing","Locomotion",NA,45,0,"Active"
"3087",2023-07-01,"Citrine","Baseline_Weekend",0,09:07:00,"Out of View","Out of View","Out of View",NA,0,0,"OutofView"
"3088",2023-07-01,"Citrine","Baseline_Weekend",0,09:07:15,"Shelf","Standing","Pause",NA,15,0,"Inactive"
"3089",2023-07-01,"Citrine","Baseline_Weekend",0,09:07:30,"Shelf","Lying Down","Resting",NA,30,0,"Inactive"
"3090",2023-07-01,"Citrine","Baseline_Weekend",0,09:07:45,"Shelf","Lying Down","Resting",NA,45,0,"Inactive"
"3091",2023-07-01,"Citrine","Baseline_Weekend",0,09:08:00,"Shelf","Lying Down","Resting",NA,0,0,"Inactive"
"3092",2023-07-01,"Citrine","Baseline_Weekend",0,09:08:15,"Shelf","Lying Down","Resting",NA,15,0,"Inactive"
"3093",2023-07-01,"Citrine","Baseline_Weekend",0,09:08:30,"Shelf","Lying Down","Resting",NA,30,0,"Inactive"
"3094",2023-07-01,"Citrine","Baseline_Weekend",0,09:08:45,"Shelf","Lying Down","Resting",NA,45,0,"Inactive"
"3095",2023-07-01,"Citrine","Baseline_Weekend",0,09:09:00,"Shelf","Lying Down","Resting",NA,0,0,"Inactive"
"3096",2023-07-01,"Citrine","Baseline_Weekend",0,09:09:15,"1","Standing","Locomotion",NA,15,0,"Active"
"3097",2023-07-01,"Citrine","Baseline_Weekend",0,09:09:30,"Feeder","Standing","Pause",NA,30,0,"Inactive"
"3098",2023-07-01,"Citrine","Baseline_Weekend",0,09:09:45,"5","Rearing","Pause",NA,45,0,"Inactive"
"3099",2023-07-01,"Citrine","Baseline_Weekend",0,09:10:00,"1","Standing","Pace",NA,0,0,"Pace"
"3100",2023-07-01,"Citrine","Baseline_Weekend",0,09:10:15,"Feeder","Standing","Pace",NA,15,0,"Pace"
"3101",2023-07-01,"Citrine","Baseline_Weekend",0,09:10:30,"Fence","Standing","Pause",NA,30,0,"Inactive"
"3102",2023-07-01,"Citrine","Baseline_Weekend",0,09:10:45,"Fence","Standing","Manipulating Object","Fencing",45,0,"Active"
"3103",2023-07-01,"Citrine","Baseline_Weekend",0,09:11:00,"1","Standing","Pace",NA,0,0,"Pace"
"3104",2023-07-01,"Citrine","Baseline_Weekend",0,09:11:15,"3","Standing","Pace",NA,15,0,"Pace"
"3105",2023-07-01,"Citrine","Baseline_Weekend",0,09:11:30,"1","Standing","Pace",NA,30,0,"Pace"
"3106",2023-07-01,"Citrine","Baseline_Weekend",0,09:11:45,"3","Standing","Pace",NA,45,0,"Pace"
"3107",2023-07-01,"Citrine","Baseline_Weekend",0,09:12:00,"3","Standing","Pace",NA,0,0,"Pace"
"3108",2023-07-01,"Citrine","Baseline_Weekend",0,09:12:15,"1","Standing","Pace",NA,15,0,"Pace"
"3109",2023-07-01,"Citrine","Baseline_Weekend",0,09:12:30,"3","Lying Down","Resting",NA,30,0,"Inactive"
"3110",2023-07-01,"Citrine","Baseline_Weekend",0,09:12:45,"3","Lying Down","Resting",NA,45,0,"Inactive"
"3111",2023-07-01,"Citrine","Baseline_Weekend",0,09:13:00,"3","Lying Down","Resting",NA,0,0,"Inactive"
"3112",2023-07-01,"Citrine","Baseline_Weekend",0,09:13:15,"Fence","Standing","Pause",NA,15,0,"Inactive"
"3113",2023-07-01,"Citrine","Baseline_Weekend",0,09:13:30,"Feeder","Standing","Locomotion",NA,30,0,"Active"
"3114",2023-07-01,"Citrine","Baseline_Weekend",0,09:13:45,"Feeder","Sitting","Resting",NA,45,0,"Inactive"
"3115",2023-07-01,"Citrine","Baseline_Weekend",0,09:14:00,"1","Standing","Locomotion",NA,0,0,"Active"
"3116",2023-07-01,"Citrine","Baseline_Weekend",0,09:14:15,"Shelf","Standing","Locomotion",NA,15,0,"Active"
"3117",2023-07-01,"Citrine","Baseline_Weekend",0,09:14:30,"3","Standing","Locomotion",NA,30,0,"Active"
"3118",2023-07-01,"Citrine","Baseline_Weekend",0,09:14:45,"3","Lying Down","Resting",NA,45,0,"Inactive"
"3119",2023-07-01,"Citrine","Baseline_Weekend",0,09:15:00,"3","Lying Down","Resting",NA,0,0,"Inactive"
"3120",2023-07-01,"Citrine","Baseline_Weekend",0,09:15:15,"3","Lying Down","Resting",NA,15,0,"Inactive"
"3121",2023-07-01,"Citrine","Baseline_Weekend",0,09:15:30,"3","Lying Down","Resting",NA,30,0,"Inactive"
"3122",2023-07-01,"Citrine","Baseline_Weekend",0,09:15:45,"3","Lying Down","Resting",NA,45,0,"Inactive"
"3123",2023-07-01,"Citrine","Baseline_Weekend",0,09:16:00,"Feeder","Sitting","Resting",NA,0,0,"Inactive"
"3124",2023-07-01,"Citrine","Baseline_Weekend",0,09:16:15,"Feeder","Standing","Pause",NA,15,0,"Inactive"
"3125",2023-07-01,"Citrine","Baseline_Weekend",0,09:16:30,"Feeder","Standing","Pause",NA,30,0,"Inactive"
"3126",2023-07-01,"Citrine","Baseline_Weekend",0,09:16:45,"Feeder","Standing","Pause",NA,45,0,"Inactive"
"3127",2023-07-01,"Citrine","Baseline_Weekend",0,09:17:00,"Feeder","Standing","Pause",NA,0,0,"Inactive"
"3128",2023-07-01,"Citrine","Baseline_Weekend",0,09:17:15,"Feeder","Sitting","Resting",NA,15,0,"Inactive"
"3129",2023-07-01,"Citrine","Baseline_Weekend",0,09:17:30,"Feeder","Sitting","Resting",NA,30,0,"Inactive"
"3130",2023-07-01,"Citrine","Baseline_Weekend",0,09:17:45,"Feeder","Sitting","Resting",NA,45,0,"Inactive"
"3131",2023-07-01,"Citrine","Baseline_Weekend",0,09:18:00,"Feeder","Sitting","Resting",NA,0,0,"Inactive"
"3132",2023-07-01,"Citrine","Baseline_Weekend",0,09:18:15,"Shelf","Out of View","Out of View",NA,15,0,"OutofView"
"3133",2023-07-01,"Citrine","Baseline_Weekend",0,09:18:30,"1","Standing","Locomotion",NA,30,0,"Active"
"3134",2023-07-01,"Citrine","Baseline_Weekend",0,09:18:45,"Shelf","Lying Down","Resting",NA,45,0,"Inactive"
"3135",2023-07-01,"Citrine","Baseline_Weekend",0,09:19:00,"Shelf","Lying Down","Resting",NA,0,0,"Inactive"
"3136",2023-07-01,"Citrine","Baseline_Weekend",0,09:19:15,"Shelf","Lying Down","Resting",NA,15,0,"Inactive"
"3137",2023-07-01,"Citrine","Baseline_Weekend",0,09:19:30,"Shelf","Lying Down","Resting",NA,30,0,"Inactive"
"3138",2023-07-01,"Citrine","Baseline_Weekend",0,09:19:45,"Shelf","Lying Down","Resting",NA,45,0,"Inactive"
"3139",2023-07-01,"Citrine","Baseline_Weekend",0,09:20:00,"Shelf","Lying Down","Resting",NA,0,0,"Inactive"
"3140",2023-07-01,"Citrine","Baseline_Weekend",0,09:20:15,"Shelf","Lying Down","Resting",NA,15,0,"Inactive"
"3141",2023-06-12,"Elia","Intervention_weekday",120,09:11:02,"5","Sitting","Resting",NA,15,105,"Inactive"
"3142",2023-06-12,"Elia","Intervention_weekday",120,09:11:17,"5","Sitting","Resting",NA,30,120,"Inactive"
"3143",2023-06-12,"Elia","Intervention_weekday",120,09:11:32,"5","Sitting","Resting",NA,45,0,"Inactive"
"3144",2023-06-12,"Elia","Intervention_weekday",120,09:11:47,"5","Sitting","Resting",NA,0,15,"Inactive"
"3145",2023-06-12,"Elia","Intervention_weekday",120,09:12:02,"5","Sitting","Resting",NA,15,30,"Inactive"
"3146",2023-06-12,"Elia","Intervention_weekday",120,09:12:17,"5","Sitting","Resting",NA,30,45,"Inactive"
"3147",2023-06-12,"Elia","Intervention_weekday",120,09:12:32,"5","Sitting","Resting",NA,45,60,"Inactive"
"3148",2023-06-12,"Elia","Intervention_weekday",120,09:12:47,"5","Sitting","Resting",NA,0,75,"Inactive"
"3149",2023-06-12,"Elia","Intervention_weekday",120,09:13:02,"6","Sitting","Drinking",NA,15,90,"Active"
"3150",2023-06-12,"Elia","Intervention_weekday",120,09:13:17,"6","Sitting","Drinking",NA,30,105,"Active"
"3151",2023-06-12,"Elia","Intervention_weekday",120,09:13:32,"6","Sitting","Grooming",NA,45,120,"Active"
"3152",2023-06-12,"Elia","Intervention_weekday",120,09:13:47,"6","Sitting","Grooming",NA,0,0,"Active"
"3153",2023-06-12,"Elia","Intervention_weekday",120,09:14:02,"6","Sitting","Resting",NA,15,15,"Inactive"
"3154",2023-06-12,"Elia","Intervention_weekday",120,09:14:17,"6","Sitting","Resting",NA,30,30,"Inactive"
"3155",2023-06-12,"Elia","Intervention_weekday",120,09:14:32,"6","Sitting","Resting",NA,45,45,"Inactive"
"3156",2023-06-12,"Elia","Intervention_weekday",120,09:14:47,"6","Sitting","Resting",NA,0,60,"Inactive"
"3157",2023-06-12,"Elia","Intervention_weekday",120,09:15:02,"6","Sitting","Resting",NA,15,75,"Inactive"
"3158",2023-06-12,"Elia","Intervention_weekday",120,09:15:17,"6","Sitting","Resting",NA,30,90,"Inactive"
"3159",2023-06-12,"Elia","Intervention_weekday",120,09:15:32,"6","Sitting","Resting",NA,45,105,"Inactive"
"3160",2023-06-12,"Elia","Intervention_weekday",120,09:15:47,"6","Sitting","Resting",NA,0,120,"Inactive"
"3161",2023-06-12,"Elia","Intervention_weekday",120,09:16:02,"6","Sitting","Resting",NA,15,0,"Inactive"
"3162",2023-06-12,"Elia","Intervention_weekday",120,09:16:17,"6","Sitting","Resting",NA,30,15,"Inactive"
"3163",2023-06-12,"Elia","Intervention_weekday",120,09:16:32,"6","Sitting","Resting",NA,45,30,"Inactive"
"3164",2023-06-12,"Elia","Intervention_weekday",120,09:16:47,"6","Sitting","Resting",NA,0,45,"Inactive"
"3165",2023-06-12,"Elia","Intervention_weekday",120,09:17:02,"6","Sitting","Resting",NA,15,60,"Inactive"
"3166",2023-06-12,"Elia","Intervention_weekday",120,09:17:17,"6","Sitting","Resting",NA,30,75,"Inactive"
"3167",2023-06-12,"Elia","Intervention_weekday",120,09:17:32,"6","Sitting","Resting",NA,45,90,"Inactive"
"3168",2023-06-12,"Elia","Intervention_weekday",120,09:17:47,"6","Sitting","Resting",NA,0,105,"Inactive"
"3169",2023-06-12,"Elia","Intervention_weekday",120,09:18:02,"6","Sitting","Resting",NA,15,120,"Inactive"
"3170",2023-06-12,"Elia","Intervention_weekday",120,09:18:17,"6","Sitting","Resting",NA,30,0,"Inactive"
"3171",2023-06-12,"Elia","Intervention_weekday",120,09:18:32,"6","Sitting","Resting",NA,45,15,"Inactive"
"3172",2023-06-12,"Elia","Intervention_weekday",120,09:18:47,"6","Sitting","Resting",NA,0,30,"Inactive"
"3173",2023-06-12,"Elia","Intervention_weekday",120,09:19:02,"6","Sitting","Resting",NA,15,45,"Inactive"
"3174",2023-06-12,"Elia","Intervention_weekday",120,09:19:17,"6","Sitting","Resting",NA,30,60,"Inactive"
"3175",2023-06-12,"Elia","Intervention_weekday",120,09:19:32,"6","Sitting","Resting",NA,45,75,"Inactive"
"3176",2023-06-12,"Elia","Intervention_weekday",120,09:19:47,"6","Lying Down","Resting",NA,0,90,"Inactive"
"3177",2023-06-12,"Elia","Intervention_weekday",120,09:20:02,"6","Lying Down","Resting",NA,15,105,"Inactive"
"3178",2023-06-12,"Elia","Intervention_weekday",120,09:20:17,"6","Lying Down","Resting",NA,30,120,"Inactive"
"3179",2023-06-12,"Elia","Intervention_weekday",120,09:20:32,"6","Lying Down","Resting",NA,45,0,"Inactive"
"3180",2023-06-12,"Elia","Intervention_weekday",120,09:20:47,"6","Lying Down","Resting",NA,0,15,"Inactive"
"3181",2023-06-12,"Elia","Intervention_weekday",120,09:21:02,"6","Lying Down","Resting",NA,15,30,"Inactive"
"3182",2023-06-12,"Elia","Intervention_weekday",120,09:21:17,"6","Lying Down","Resting",NA,30,45,"Inactive"
"3183",2023-06-12,"Elia","Intervention_weekday",120,09:21:32,"6","Lying Down","Resting",NA,45,60,"Inactive"
"3184",2023-06-12,"Elia","Intervention_weekday",120,09:21:47,"6","Lying Down","Resting",NA,0,75,"Inactive"
"3185",2023-06-12,"Elia","Intervention_weekday",120,09:22:02,"6","Lying Down","Resting",NA,15,90,"Inactive"
"3186",2023-06-12,"Elia","Intervention_weekday",120,09:22:17,"6","Lying Down","Resting",NA,30,105,"Inactive"
"3187",2023-06-12,"Elia","Intervention_weekday",120,09:22:32,"6","Lying Down","Resting",NA,45,120,"Inactive"
"3188",2023-06-12,"Elia","Intervention_weekday",120,09:22:47,"6","Lying Down","Resting",NA,0,0,"Inactive"
"3189",2023-06-12,"Elia","Intervention_weekday",120,09:23:02,"6","Lying Down","Resting",NA,15,15,"Inactive"
"3190",2023-06-12,"Elia","Intervention_weekday",120,09:23:17,"6","Lying Down","Resting",NA,30,30,"Inactive"
"3191",2023-06-12,"Elia","Intervention_weekday",120,09:23:32,"6","Lying Down","Resting",NA,45,45,"Inactive"
"3192",2023-06-12,"Elia","Intervention_weekday",120,09:23:47,"6","Lying Down","Resting",NA,0,60,"Inactive"
"3193",2023-06-12,"Elia","Intervention_weekday",120,09:24:02,"6","Lying Down","Resting",NA,15,75,"Inactive"
"3194",2023-06-12,"Elia","Intervention_weekday",120,09:24:17,"6","Lying Down","Resting",NA,30,90,"Inactive"
"3195",2023-06-12,"Elia","Intervention_weekday",120,09:24:32,"6","Lying Down","Resting",NA,45,105,"Inactive"
"3196",2023-06-12,"Elia","Intervention_weekday",120,09:24:47,"6","Lying Down","Resting",NA,0,120,"Inactive"
"3197",2023-06-12,"Elia","Intervention_weekday",120,09:25:02,"2","Standing","Locomotion",NA,15,0,"Active"
"3198",2023-06-12,"Elia","Intervention_weekday",120,09:25:17,"1","Sitting","Resting",NA,30,15,"Inactive"
"3199",2023-06-12,"Elia","Intervention_weekday",120,09:25:32,"6","Standing","Locomotion",NA,45,30,"Active"
"3200",2023-06-12,"Elia","Intervention_weekday",120,09:25:47,"6","Sitting","Resting",NA,0,45,"Inactive"
"3201",2023-06-12,"Elia","Intervention_weekday",120,09:26:02,"6","Sitting","Drinking",NA,15,60,"Active"
"3202",2023-06-01,"Elia","Intervention_weekday",60,09:58:19,"5","Sitting","Eating",NA,15,15,"Active"
"3203",2023-06-01,"Elia","Intervention_weekday",60,09:58:34,"5","Sitting","Grooming",NA,30,30,"Active"
"3204",2023-06-01,"Elia","Intervention_weekday",60,09:58:49,"5","Sitting","Resting",NA,45,45,"Inactive"
"3205",2023-06-01,"Elia","Intervention_weekday",60,09:59:04,"5","Sitting","Resting",NA,0,60,"Inactive"
"3206",2023-06-01,"Elia","Intervention_weekday",60,09:59:19,"6","Sitting","Drinking",NA,15,0,"Active"
"3207",2023-06-01,"Elia","Intervention_weekday",60,09:59:34,"1","Standing","Locomotion",NA,30,15,"Active"
"3208",2023-06-01,"Elia","Intervention_weekday",60,09:59:49,"5","Sitting","Resting",NA,45,30,"Inactive"
"3209",2023-06-01,"Elia","Intervention_weekday",60,10:00:04,"6","Sitting","Drinking",NA,0,45,"Active"
"3210",2023-06-01,"Elia","Intervention_weekday",60,10:00:19,"6","Sitting","Drinking",NA,15,60,"Active"
"3211",2023-06-01,"Elia","Intervention_weekday",60,10:00:34,"6","Sitting","Drinking",NA,30,0,"Active"
"3212",2023-06-01,"Elia","Intervention_weekday",60,10:00:49,"5","Sitting","Eating",NA,45,15,"Active"
"3213",2023-06-01,"Elia","Intervention_weekday",60,10:01:04,"5","Sitting","Resting",NA,0,30,"Inactive"
"3214",2023-06-01,"Elia","Intervention_weekday",60,10:01:19,"5","Sitting","Resting",NA,15,45,"Inactive"
"3215",2023-06-01,"Elia","Intervention_weekday",60,10:01:34,"5","Sitting","Resting",NA,30,60,"Inactive"
"3216",2023-06-01,"Elia","Intervention_weekday",60,10:01:49,"5","Sitting","Resting",NA,45,0,"Inactive"
"3217",2023-06-01,"Elia","Intervention_weekday",60,10:02:04,"5","Sitting","Resting",NA,0,15,"Inactive"
"3218",2023-06-01,"Elia","Intervention_weekday",60,10:02:19,"5","Sitting","Resting",NA,15,30,"Inactive"
"3219",2023-06-01,"Elia","Intervention_weekday",60,10:02:34,"5","Sitting","Resting",NA,30,45,"Inactive"
"3220",2023-06-01,"Elia","Intervention_weekday",60,10:02:49,"5","Sitting","Resting",NA,45,60,"Inactive"
"3221",2023-06-01,"Elia","Intervention_weekday",60,10:03:04,"5","Sitting","Resting",NA,0,0,"Inactive"
"3222",2023-06-01,"Elia","Intervention_weekday",60,10:03:19,"5","Standing","Pause",NA,15,15,"Inactive"
"3223",2023-06-01,"Elia","Intervention_weekday",60,10:03:34,"5","Sitting","Grooming",NA,30,30,"Active"
"3224",2023-06-01,"Elia","Intervention_weekday",60,10:03:49,"5","Sitting","Resting",NA,45,45,"Inactive"
"3225",2023-06-01,"Elia","Intervention_weekday",60,10:04:04,"5","Sitting","Resting",NA,0,60,"Inactive"
"3226",2023-06-01,"Elia","Intervention_weekday",60,10:04:19,"5","Sitting","Resting",NA,15,0,"Inactive"
"3227",2023-06-01,"Elia","Intervention_weekday",60,10:04:34,"5","Sitting","Resting",NA,30,15,"Inactive"
"3228",2023-06-01,"Elia","Intervention_weekday",60,10:04:49,"5","Sitting","Resting",NA,45,30,"Inactive"
"3229",2023-06-01,"Elia","Intervention_weekday",60,10:05:04,"5","Sitting","Resting",NA,0,45,"Inactive"
"3230",2023-06-01,"Elia","Intervention_weekday",60,10:05:19,"5","Sitting","Resting",NA,15,60,"Inactive"
"3231",2023-06-01,"Elia","Intervention_weekday",60,10:05:34,"5","Sitting","Resting",NA,30,0,"Inactive"
"3232",2023-06-01,"Elia","Intervention_weekday",60,10:05:49,"5","Sitting","Resting",NA,45,15,"Inactive"
"3233",2023-06-01,"Elia","Intervention_weekday",60,10:06:04,"5","Sitting","Resting",NA,0,30,"Inactive"
"3234",2023-06-01,"Elia","Intervention_weekday",60,10:06:19,"5","Standing","Pause",NA,15,45,"Inactive"
"3235",2023-06-01,"Elia","Intervention_weekday",60,10:06:34,"5","Sitting","Grooming",NA,30,60,"Active"
"3236",2023-06-01,"Elia","Intervention_weekday",60,10:06:49,"5","Sitting","Resting",NA,45,0,"Inactive"
"3237",2023-06-01,"Elia","Intervention_weekday",60,10:07:04,"5","Sitting","Resting",NA,0,15,"Inactive"
"3238",2023-06-01,"Elia","Intervention_weekday",60,10:07:19,"5","Sitting","Resting",NA,15,30,"Inactive"
"3239",2023-06-01,"Elia","Intervention_weekday",60,10:07:34,"5","Sitting","Resting",NA,30,45,"Inactive"
"3240",2023-06-01,"Elia","Intervention_weekday",60,10:07:49,"5","Sitting","Resting",NA,45,60,"Inactive"
"3241",2023-06-01,"Elia","Intervention_weekday",60,10:08:04,"5","Sitting","Resting",NA,0,0,"Inactive"
"3242",2023-06-01,"Elia","Intervention_weekday",60,10:08:19,"5","Sitting","Resting",NA,15,15,"Inactive"
"3243",2023-06-01,"Elia","Intervention_weekday",60,10:08:34,"5","Sitting","Resting",NA,30,30,"Inactive"
"3244",2023-06-01,"Elia","Intervention_weekday",60,10:08:49,"5","Sitting","Resting",NA,45,45,"Inactive"
"3245",2023-06-01,"Elia","Intervention_weekday",60,10:09:04,"5","Sitting","Resting",NA,0,60,"Inactive"
"3246",2023-06-01,"Elia","Intervention_weekday",60,10:09:19,"5","Sitting","Resting",NA,15,0,"Inactive"
"3247",2023-06-01,"Elia","Intervention_weekday",60,10:09:34,"5","Sitting","Resting",NA,30,15,"Inactive"
"3248",2023-06-01,"Elia","Intervention_weekday",60,10:09:49,"5","Sitting","Resting",NA,45,30,"Inactive"
"3249",2023-06-01,"Elia","Intervention_weekday",60,10:10:04,"5","Sitting","Resting",NA,0,45,"Inactive"
"3250",2023-06-01,"Elia","Intervention_weekday",60,10:10:19,"5","Standing","Pause",NA,15,60,"Inactive"
"3251",2023-06-01,"Elia","Intervention_weekday",60,10:10:34,"5","Sitting","Resting",NA,30,0,"Inactive"
"3252",2023-06-01,"Elia","Intervention_weekday",60,10:10:49,"5","Sitting","Resting",NA,45,15,"Inactive"
"3253",2023-06-01,"Elia","Intervention_weekday",60,10:11:04,"5","Sitting","Resting",NA,0,30,"Inactive"
"3254",2023-06-01,"Elia","Intervention_weekday",60,10:11:19,"5","Sitting","Resting",NA,15,45,"Inactive"
"3255",2023-06-01,"Elia","Intervention_weekday",60,10:11:34,"5","Sitting","Resting",NA,30,60,"Inactive"
"3256",2023-06-01,"Elia","Intervention_weekday",60,10:11:49,"5","Sitting","Resting",NA,45,0,"Inactive"
"3257",2023-06-01,"Elia","Intervention_weekday",60,10:12:04,"5","Sitting","Resting",NA,0,15,"Inactive"
"3258",2023-06-01,"Elia","Intervention_weekday",60,10:12:19,"5","Sitting","Resting",NA,15,30,"Inactive"
"3259",2023-06-01,"Elia","Intervention_weekday",60,10:12:34,"5","Sitting","Resting",NA,30,45,"Inactive"
"3260",2023-06-01,"Elia","Intervention_weekday",60,10:12:49,"5","Sitting","Resting",NA,45,60,"Inactive"
"3261",2023-06-01,"Elia","Intervention_weekday",60,10:13:04,"5","Sitting","Resting",NA,0,0,"Inactive"
"3262",2023-06-01,"Elia","Intervention_weekday",60,10:13:19,"5","Sitting","Resting",NA,15,15,"Inactive"
"3263",2023-06-02,"Elia","Intervention_weekday",60,09:59:43,"5","Sitting","Pause",NA,15,15,"Inactive"
"3264",2023-06-02,"Elia","Intervention_weekday",60,09:59:58,"5","Sitting","Resting",NA,30,30,"Inactive"
"3265",2023-06-02,"Elia","Intervention_weekday",60,10:00:13,"3","Standing","Locomotion",NA,45,45,"Active"
"3266",2023-06-02,"Elia","Intervention_weekday",60,10:00:28,"5","Standing","Eating",NA,0,60,"Active"
"3267",2023-06-02,"Elia","Intervention_weekday",60,10:00:43,"5","Standing","Eating",NA,15,0,"Active"
"3268",2023-06-02,"Elia","Intervention_weekday",60,10:00:58,"3","Sitting","Pause",NA,30,15,"Inactive"
"3269",2023-06-02,"Elia","Intervention_weekday",60,10:01:13,"3","Standing","Locomotion",NA,45,30,"Active"
"3270",2023-06-02,"Elia","Intervention_weekday",60,10:01:28,"5","Standing","Eating",NA,0,45,"Active"
"3271",2023-06-02,"Elia","Intervention_weekday",60,10:01:43,"5","Sitting","Grooming",NA,15,60,"Active"
"3272",2023-06-02,"Elia","Intervention_weekday",60,10:01:58,"3","Sitting","Resting",NA,30,0,"Inactive"
"3273",2023-06-02,"Elia","Intervention_weekday",60,10:02:13,"3","Sitting","Resting",NA,45,15,"Inactive"
"3274",2023-06-02,"Elia","Intervention_weekday",60,10:02:28,"5","Sitting","Eating",NA,0,30,"Active"
"3275",2023-06-02,"Elia","Intervention_weekday",60,10:02:43,"5","Sitting","Resting",NA,15,45,"Inactive"
"3276",2023-06-02,"Elia","Intervention_weekday",60,10:02:58,"5","Sitting","Resting",NA,30,60,"Inactive"
"3277",2023-06-02,"Elia","Intervention_weekday",60,10:03:13,"5","Sitting","Resting",NA,45,0,"Inactive"
"3278",2023-06-02,"Elia","Intervention_weekday",60,10:03:28,"5","Sitting","Eating",NA,0,15,"Active"
"3279",2023-06-02,"Elia","Intervention_weekday",60,10:03:43,"5","Sitting","Eating",NA,15,30,"Active"
"3280",2023-06-02,"Elia","Intervention_weekday",60,10:03:58,"5","Sitting","Resting",NA,30,45,"Inactive"
"3281",2023-06-02,"Elia","Intervention_weekday",60,10:04:13,"5","Sitting","Resting",NA,45,60,"Inactive"
"3282",2023-06-02,"Elia","Intervention_weekday",60,10:04:28,"5","Sitting","Manipulating Object","Feeder",0,0,"Active"
"3283",2023-06-02,"Elia","Intervention_weekday",60,10:04:43,"5","Sitting","Resting",NA,15,15,"Inactive"
"3284",2023-06-02,"Elia","Intervention_weekday",60,10:04:58,"5","Sitting","Resting",NA,30,30,"Inactive"
"3285",2023-06-02,"Elia","Intervention_weekday",60,10:05:13,"5","Sitting","Resting",NA,45,45,"Inactive"
"3286",2023-06-02,"Elia","Intervention_weekday",60,10:05:28,"5","Sitting","Manipulating Object","Feeder",0,60,"Active"
"3287",2023-06-02,"Elia","Intervention_weekday",60,10:05:43,"5","Sitting","Pause",NA,15,0,"Inactive"
"3288",2023-06-02,"Elia","Intervention_weekday",60,10:05:58,"5","Sitting","Manipulating Object","Feeder",30,15,"Active"
"3289",2023-06-02,"Elia","Intervention_weekday",60,10:06:13,"5","Sitting","Resting",NA,45,30,"Inactive"
"3290",2023-06-02,"Elia","Intervention_weekday",60,10:06:28,"6","Standing","Drinking",NA,0,45,"Active"
"3291",2023-06-02,"Elia","Intervention_weekday",60,10:06:43,"5","Sitting","Eating",NA,15,60,"Active"
"3292",2023-06-02,"Elia","Intervention_weekday",60,10:06:58,"3","Standing","Locomotion",NA,30,0,"Active"
"3293",2023-06-02,"Elia","Intervention_weekday",60,10:07:13,"3","Sitting","Resting",NA,45,15,"Inactive"
"3294",2023-06-02,"Elia","Intervention_weekday",60,10:07:28,"5","Standing","Locomotion",NA,0,30,"Active"
"3295",2023-06-02,"Elia","Intervention_weekday",60,10:07:43,"5","Sitting","Eating",NA,15,45,"Active"
"3296",2023-06-02,"Elia","Intervention_weekday",60,10:07:58,"5","Sitting","Resting",NA,30,60,"Inactive"
"3297",2023-06-02,"Elia","Intervention_weekday",60,10:08:13,"5","Sitting","Resting",NA,45,0,"Inactive"
"3298",2023-06-02,"Elia","Intervention_weekday",60,10:08:28,"5","Sitting","Manipulating Object","Feeder",0,15,"Active"
"3299",2023-06-02,"Elia","Intervention_weekday",60,10:08:43,"5","Sitting","Eating",NA,15,30,"Active"
"3300",2023-06-02,"Elia","Intervention_weekday",60,10:08:58,"5","Sitting","Resting",NA,30,45,"Inactive"
"3301",2023-06-02,"Elia","Intervention_weekday",60,10:09:13,"5","Sitting","Resting",NA,45,60,"Inactive"
"3302",2023-06-02,"Elia","Intervention_weekday",60,10:09:28,"5","Sitting","Resting",NA,0,0,"Inactive"
"3303",2023-06-02,"Elia","Intervention_weekday",60,10:09:43,"5","Sitting","Eating",NA,15,15,"Active"
"3304",2023-06-02,"Elia","Intervention_weekday",60,10:09:58,"5","Sitting","Eating",NA,30,30,"Active"
"3305",2023-06-02,"Elia","Intervention_weekday",60,10:10:13,"5","Sitting","Resting",NA,45,45,"Inactive"
"3306",2023-06-02,"Elia","Intervention_weekday",60,10:10:28,"5","Sitting","Resting",NA,0,60,"Inactive"
"3307",2023-06-02,"Elia","Intervention_weekday",60,10:10:43,"5","Sitting","Eating",NA,15,0,"Active"
"3308",2023-06-02,"Elia","Intervention_weekday",60,10:10:58,"5","Sitting","Resting",NA,30,15,"Inactive"
"3309",2023-06-02,"Elia","Intervention_weekday",60,10:11:13,"5","Sitting","Resting",NA,45,30,"Inactive"
"3310",2023-06-02,"Elia","Intervention_weekday",60,10:11:28,"5","Sitting","Resting",NA,0,45,"Inactive"
"3311",2023-06-02,"Elia","Intervention_weekday",60,10:11:43,"5","Sitting","Eating",NA,15,60,"Active"
"3312",2023-06-02,"Elia","Intervention_weekday",60,10:11:58,"5","Sitting","Resting",NA,30,0,"Inactive"
"3313",2023-06-02,"Elia","Intervention_weekday",60,10:12:13,"5","Sitting","Resting",NA,45,15,"Inactive"
"3314",2023-06-02,"Elia","Intervention_weekday",60,10:12:28,"5","Sitting","Resting",NA,0,30,"Inactive"
"3315",2023-06-02,"Elia","Intervention_weekday",60,10:12:43,"5","Sitting","Eating",NA,15,45,"Active"
"3316",2023-06-02,"Elia","Intervention_weekday",60,10:12:58,"5","Sitting","Resting",NA,30,60,"Inactive"
"3317",2023-06-02,"Elia","Intervention_weekday",60,10:13:13,"5","Sitting","Resting",NA,45,0,"Inactive"
"3318",2023-06-02,"Elia","Intervention_weekday",60,10:13:28,"5","Sitting","Resting",NA,0,15,"Inactive"
"3319",2023-06-02,"Elia","Intervention_weekday",60,10:13:43,"5","Sitting","Eating",NA,15,30,"Active"
"3320",2023-06-02,"Elia","Intervention_weekday",60,10:13:58,"5","Sitting","Resting",NA,30,45,"Inactive"
"3321",2023-06-02,"Elia","Intervention_weekday",60,10:14:13,"3","Standing","Locomotion",NA,45,60,"Active"
"3322",2023-06-02,"Elia","Intervention_weekday",60,10:14:28,"3","Sitting","Resting",NA,0,0,"Inactive"
"3323",2023-06-02,"Elia","Intervention_weekday",60,10:14:43,"5","Sitting","Resting",NA,15,15,"Inactive"
"3324",2023-06-30,"Elia","Intervention_weekday",180,08:46:00,"5","Sitting","Resting",NA,15,135,"Inactive"
"3325",2023-06-30,"Elia","Intervention_weekday",180,08:46:15,"5","Sitting","Resting",NA,30,150,"Inactive"
"3326",2023-06-30,"Elia","Intervention_weekday",180,08:46:30,"5","Sitting","Resting",NA,45,165,"Inactive"
"3327",2023-06-30,"Elia","Intervention_weekday",180,08:46:45,"5","Sitting","Resting",NA,0,180,"Inactive"
"3328",2023-06-30,"Elia","Intervention_weekday",180,08:47:00,"5","Sitting","Resting",NA,15,0,"Inactive"
"3329",2023-06-30,"Elia","Intervention_weekday",180,08:47:15,"5","Sitting","Resting",NA,30,15,"Inactive"
"3330",2023-06-30,"Elia","Intervention_weekday",180,08:47:30,"5","Sitting","Resting",NA,45,30,"Inactive"
"3331",2023-06-30,"Elia","Intervention_weekday",180,08:47:45,"5","Sitting","Resting",NA,0,45,"Inactive"
"3332",2023-06-30,"Elia","Intervention_weekday",180,08:48:00,"5","Sitting","Resting",NA,15,60,"Inactive"
"3333",2023-06-30,"Elia","Intervention_weekday",180,08:48:15,"5","Sitting","Resting",NA,30,75,"Inactive"
"3334",2023-06-30,"Elia","Intervention_weekday",180,08:48:30,"5","Sitting","Resting",NA,45,90,"Inactive"
"3335",2023-06-30,"Elia","Intervention_weekday",180,08:48:45,"5","Standing","Eating",NA,0,105,"Active"
"3336",2023-06-30,"Elia","Intervention_weekday",180,08:49:00,"5","Sitting","Resting",NA,15,120,"Inactive"
"3337",2023-06-30,"Elia","Intervention_weekday",180,08:49:15,"6","Sitting","Drinking",NA,30,135,"Active"
"3338",2023-06-30,"Elia","Intervention_weekday",180,08:49:30,"Fence","Other","Locomotion","Fencing",45,150,"Active"
"3339",2023-06-30,"Elia","Intervention_weekday",180,08:49:45,"3","Standing","Locomotion",NA,0,165,"Active"
"3340",2023-06-30,"Elia","Intervention_weekday",180,08:50:00,"5","Standing","Pause",NA,15,180,"Inactive"
"3341",2023-06-30,"Elia","Intervention_weekday",180,08:50:15,"5","Sitting","Resting",NA,30,0,"Inactive"
"3342",2023-06-30,"Elia","Intervention_weekday",180,08:50:30,"5","Sitting","Resting",NA,45,15,"Inactive"
"3343",2023-06-30,"Elia","Intervention_weekday",180,08:50:45,"5","Sitting","Resting",NA,0,30,"Inactive"
"3344",2023-06-30,"Elia","Intervention_weekday",180,08:51:00,"5","Sitting","Resting",NA,15,45,"Inactive"
"3345",2023-06-30,"Elia","Intervention_weekday",180,08:51:15,"5","Sitting","Resting",NA,30,60,"Inactive"
"3346",2023-06-30,"Elia","Intervention_weekday",180,08:51:30,"5","Sitting","Resting",NA,45,75,"Inactive"
"3347",2023-06-30,"Elia","Intervention_weekday",180,08:51:45,"5","Sitting","Grooming",NA,0,90,"Active"
"3348",2023-06-30,"Elia","Intervention_weekday",180,08:52:00,"5","Sitting","Resting",NA,15,105,"Inactive"
"3349",2023-06-30,"Elia","Intervention_weekday",180,08:52:15,"5","Sitting","Resting",NA,30,120,"Inactive"
"3350",2023-06-30,"Elia","Intervention_weekday",180,08:52:30,"5","Sitting","Resting",NA,45,135,"Inactive"
"3351",2023-06-30,"Elia","Intervention_weekday",180,08:52:45,"5","Sitting","Resting",NA,0,150,"Inactive"
"3352",2023-06-30,"Elia","Intervention_weekday",180,08:53:00,"5","Sitting","Resting",NA,15,165,"Inactive"
"3353",2023-06-30,"Elia","Intervention_weekday",180,08:53:15,"5","Sitting","Resting",NA,30,180,"Inactive"
"3354",2023-06-30,"Elia","Intervention_weekday",180,08:53:30,"5","Sitting","Resting",NA,45,0,"Inactive"
"3355",2023-06-30,"Elia","Intervention_weekday",180,08:53:45,"5","Sitting","Resting",NA,0,15,"Inactive"
"3356",2023-06-30,"Elia","Intervention_weekday",180,08:54:00,"5","Sitting","Resting",NA,15,30,"Inactive"
"3357",2023-06-30,"Elia","Intervention_weekday",180,08:54:15,"5","Sitting","Resting",NA,30,45,"Inactive"
"3358",2023-06-30,"Elia","Intervention_weekday",180,08:54:30,"5","Sitting","Resting",NA,45,60,"Inactive"
"3359",2023-06-30,"Elia","Intervention_weekday",180,08:54:45,"5","Sitting","Eating",NA,0,75,"Active"
"3360",2023-06-30,"Elia","Intervention_weekday",180,08:55:00,"6","Standing","Locomotion",NA,15,90,"Active"
"3361",2023-06-30,"Elia","Intervention_weekday",180,08:55:15,"6","Sitting","Drinking",NA,30,105,"Active"
"3362",2023-06-30,"Elia","Intervention_weekday",180,08:55:30,"6","Sitting","Drinking",NA,45,120,"Active"
"3363",2023-06-30,"Elia","Intervention_weekday",180,08:55:45,"5","Sitting","Resting",NA,0,135,"Inactive"
"3364",2023-06-30,"Elia","Intervention_weekday",180,08:56:00,"5","Sitting","Resting",NA,15,150,"Inactive"
"3365",2023-06-30,"Elia","Intervention_weekday",180,08:56:15,"5","Sitting","Grooming",NA,30,165,"Active"
"3366",2023-06-30,"Elia","Intervention_weekday",180,08:56:30,"5","Sitting","Grooming",NA,45,180,"Active"
"3367",2023-06-30,"Elia","Intervention_weekday",180,08:56:45,"5","Sitting","Grooming",NA,0,0,"Active"
"3368",2023-06-30,"Elia","Intervention_weekday",180,08:57:00,"5","Sitting","Pause",NA,15,15,"Inactive"
"3369",2023-06-30,"Elia","Intervention_weekday",180,08:57:15,"3","Sitting","Grooming",NA,30,30,"Active"
"3370",2023-06-30,"Elia","Intervention_weekday",180,08:57:30,"5","Sitting","Grooming",NA,45,45,"Active"
"3371",2023-06-30,"Elia","Intervention_weekday",180,08:57:45,"5","Sitting","Resting",NA,0,60,"Inactive"
"3372",2023-06-30,"Elia","Intervention_weekday",180,08:58:00,"5","Sitting","Resting",NA,15,75,"Inactive"
"3373",2023-06-30,"Elia","Intervention_weekday",180,08:58:15,"5","Sitting","Resting",NA,30,90,"Inactive"
"3374",2023-06-30,"Elia","Intervention_weekday",180,08:58:30,"5","Sitting","Resting",NA,45,105,"Inactive"
"3375",2023-06-30,"Elia","Intervention_weekday",180,08:58:45,"5","Sitting","Resting",NA,0,120,"Inactive"
"3376",2023-06-30,"Elia","Intervention_weekday",180,08:59:00,"5","Sitting","Resting",NA,15,135,"Inactive"
"3377",2023-06-30,"Elia","Intervention_weekday",180,08:59:15,"5","Sitting","Resting",NA,30,150,"Inactive"
"3378",2023-06-30,"Elia","Intervention_weekday",180,08:59:30,"5","Sitting","Resting",NA,45,165,"Inactive"
"3379",2023-06-30,"Elia","Intervention_weekday",180,08:59:45,"5","Sitting","Resting",NA,0,180,"Inactive"
"3380",2023-06-30,"Elia","Intervention_weekday",180,09:00:00,"2","Sitting","Resting",NA,15,0,"Inactive"
"3381",2023-06-30,"Elia","Intervention_weekday",180,09:00:15,"6","Sitting","Drinking",NA,30,15,"Active"
"3382",2023-06-30,"Elia","Intervention_weekday",180,09:00:30,"6","Sitting","Drinking",NA,45,30,"Active"
"3383",2023-06-30,"Elia","Intervention_weekday",180,09:00:45,"6","Sitting","Drinking",NA,0,45,"Active"
"3384",2023-06-30,"Elia","Intervention_weekday",180,09:01:00,"5","Sitting","Eating",NA,15,60,"Active"
"3385",2023-07-16,"Elia","Baseline Weekday",0,10:20:50,"6","Sitting","Resting",NA,15,0,"Inactive"
"3386",2023-07-16,"Elia","Baseline Weekday",0,10:21:05,"1","Sitting","Pause",NA,30,0,"Inactive"
"3387",2023-07-16,"Elia","Baseline Weekday",0,10:21:20,"1","Sitting","Resting",NA,45,0,"Inactive"
"3388",2023-07-16,"Elia","Baseline Weekday",0,10:21:35,"6","Sitting","Resting",NA,0,0,"Inactive"
"3389",2023-07-16,"Elia","Baseline Weekday",0,10:21:50,"6","Sitting","Resting",NA,15,0,"Inactive"
"3390",2023-07-16,"Elia","Baseline Weekday",0,10:22:05,"6","Sitting","Resting",NA,30,0,"Inactive"
"3391",2023-07-16,"Elia","Baseline Weekday",0,10:22:20,"6","Sitting","Resting",NA,45,0,"Inactive"
"3392",2023-07-16,"Elia","Baseline Weekday",0,10:22:35,"6","Sitting","Resting",NA,0,0,"Inactive"
"3393",2023-07-16,"Elia","Baseline Weekday",0,10:22:50,"5","Sitting","Resting",NA,15,0,"Inactive"
"3394",2023-07-16,"Elia","Baseline Weekday",0,10:23:05,"5","Sitting","Eating",NA,30,0,"Active"
"3395",2023-07-16,"Elia","Baseline Weekday",0,10:23:20,"5","Sitting","Eating",NA,45,0,"Active"
"3396",2023-07-16,"Elia","Baseline Weekday",0,10:23:35,"5","Sitting","Eating",NA,0,0,"Active"
"3397",2023-07-16,"Elia","Baseline Weekday",0,10:23:50,"6","Sitting","Drinking",NA,15,0,"Active"
"3398",2023-07-16,"Elia","Baseline Weekday",0,10:24:05,"6","Sitting","Drinking",NA,30,0,"Active"
"3399",2023-07-16,"Elia","Baseline Weekday",0,10:24:20,"6","Sitting","Drinking",NA,45,0,"Active"
"3400",2023-07-16,"Elia","Baseline Weekday",0,10:24:35,"6","Sitting","Drinking",NA,0,0,"Active"
"3401",2023-07-16,"Elia","Baseline Weekday",0,10:24:50,"4","Standing","Locomotion",NA,15,0,"Active"
"3402",2023-07-16,"Elia","Baseline Weekday",0,10:25:05,"1","Sitting","Resting",NA,30,0,"Inactive"
"3403",2023-07-16,"Elia","Baseline Weekday",0,10:25:20,"6","Standing","Pause",NA,45,0,"Inactive"
"3404",2023-07-16,"Elia","Baseline Weekday",0,10:25:35,"6","Sitting","Drinking",NA,0,0,"Active"
"3405",2023-07-16,"Elia","Baseline Weekday",0,10:25:50,"6","Sitting","Drinking",NA,15,0,"Active"
"3406",2023-07-16,"Elia","Baseline Weekday",0,10:26:05,"6","Sitting","Drinking",NA,30,0,"Active"
"3407",2023-07-16,"Elia","Baseline Weekday",0,10:26:20,"4","Standing","Locomotion",NA,45,0,"Active"
"3408",2023-07-16,"Elia","Baseline Weekday",0,10:26:35,"1","Sitting","Pause",NA,0,0,"Inactive"
"3409",2023-07-16,"Elia","Baseline Weekday",0,10:26:50,"1","Sitting","Resting",NA,15,0,"Inactive"
"3410",2023-07-16,"Elia","Baseline Weekday",0,10:27:05,"1","Sitting","Resting",NA,30,0,"Inactive"
"3411",2023-07-16,"Elia","Baseline Weekday",0,10:27:20,"1","Sitting","Resting",NA,45,0,"Inactive"
"3412",2023-07-16,"Elia","Baseline Weekday",0,10:27:35,"1","Sitting","Resting",NA,0,0,"Inactive"
"3413",2023-07-16,"Elia","Baseline Weekday",0,10:27:50,"1","Sitting","Resting",NA,15,0,"Inactive"
"3414",2023-07-16,"Elia","Baseline Weekday",0,10:28:05,"1","Sitting","Resting",NA,30,0,"Inactive"
"3415",2023-07-16,"Elia","Baseline Weekday",0,10:28:20,"1","Sitting","Resting",NA,45,0,"Inactive"
"3416",2023-07-16,"Elia","Baseline Weekday",0,10:28:35,"1","Sitting","Resting",NA,0,0,"Inactive"
"3417",2023-07-16,"Elia","Baseline Weekday",0,10:28:50,"1","Sitting","Resting",NA,15,0,"Inactive"
"3418",2023-07-16,"Elia","Baseline Weekday",0,10:29:05,"1","Sitting","Resting",NA,30,0,"Inactive"
"3419",2023-07-16,"Elia","Baseline Weekday",0,10:29:20,"1","Sitting","Resting",NA,45,0,"Inactive"
"3420",2023-07-16,"Elia","Baseline Weekday",0,10:29:35,"1","Sitting","Resting",NA,0,0,"Inactive"
"3421",2023-07-16,"Elia","Baseline Weekday",0,10:29:50,"1","Sitting","Resting",NA,15,0,"Inactive"
"3422",2023-07-16,"Elia","Baseline Weekday",0,10:30:05,"1","Sitting","Resting",NA,30,0,"Inactive"
"3423",2023-07-16,"Elia","Baseline Weekday",0,10:30:20,"1","Sitting","Resting",NA,45,0,"Inactive"
"3424",2023-07-16,"Elia","Baseline Weekday",0,10:30:35,"1","Lying Down","Resting",NA,0,0,"Inactive"
"3425",2023-07-16,"Elia","Baseline Weekday",0,10:30:50,"1","Lying Down","Resting",NA,15,0,"Inactive"
"3426",2023-07-16,"Elia","Baseline Weekday",0,10:31:05,"1","Lying Down","Resting",NA,30,0,"Inactive"
"3427",2023-07-16,"Elia","Baseline Weekday",0,10:31:20,"1","Lying Down","Resting",NA,45,0,"Inactive"
"3428",2023-07-16,"Elia","Baseline Weekday",0,10:31:35,"1","Lying Down","Resting",NA,0,0,"Inactive"
"3429",2023-07-16,"Elia","Baseline Weekday",0,10:31:50,"1","Lying Down","Resting",NA,15,0,"Inactive"
"3430",2023-07-16,"Elia","Baseline Weekday",0,10:32:05,"1","Lying Down","Resting",NA,30,0,"Inactive"
"3431",2023-07-16,"Elia","Baseline Weekday",0,10:32:20,"1","Lying Down","Resting",NA,45,0,"Inactive"
"3432",2023-07-16,"Elia","Baseline Weekday",0,10:32:35,"1","Lying Down","Resting",NA,0,0,"Inactive"
"3433",2023-07-16,"Elia","Baseline Weekday",0,10:32:50,"1","Lying Down","Resting",NA,15,0,"Inactive"
"3434",2023-07-16,"Elia","Baseline Weekday",0,10:33:05,"1","Lying Down","Resting",NA,30,0,"Inactive"
"3435",2023-07-16,"Elia","Baseline Weekday",0,10:33:20,"1","Lying Down","Resting",NA,45,0,"Inactive"
"3436",2023-07-16,"Elia","Baseline Weekday",0,10:33:35,"1","Lying Down","Resting",NA,0,0,"Inactive"
"3437",2023-07-16,"Elia","Baseline Weekday",0,10:33:50,"1","Lying Down","Resting",NA,15,0,"Inactive"
"3438",2023-07-16,"Elia","Baseline Weekday",0,10:34:05,"1","Lying Down","Resting",NA,30,0,"Inactive"
"3439",2023-07-16,"Elia","Baseline Weekday",0,10:34:20,"1","Lying Down","Resting",NA,45,0,"Inactive"
"3440",2023-07-16,"Elia","Baseline Weekday",0,10:34:35,"1","Lying Down","Resting",NA,0,0,"Inactive"
"3441",2023-07-16,"Elia","Baseline Weekday",0,10:34:50,"1","Lying Down","Resting",NA,15,0,"Inactive"
"3442",2023-07-16,"Elia","Baseline Weekday",0,10:35:05,"1","Lying Down","Resting",NA,30,0,"Inactive"
"3443",2023-07-16,"Elia","Baseline Weekday",0,10:35:20,"1","Lying Down","Resting",NA,45,0,"Inactive"
"3444",2023-07-16,"Elia","Baseline Weekday",0,10:35:35,"1","Lying Down","Resting",NA,0,0,"Inactive"
"3445",2023-07-16,"Elia","Baseline Weekday",0,10:35:50,"1","Lying Down","Resting",NA,15,0,"Inactive"
"3446",2023-07-25,"Elia","Intervention Weekday",300,09:10:58,"5","Sitting","Eating",NA,15,285,"Active"
"3447",2023-07-25,"Elia","Intervention Weekday",300,09:11:13,"6","Standing","Locomotion",NA,30,300,"Active"
"3448",2023-07-25,"Elia","Intervention Weekday",300,09:11:28,"6","Standing","Drinking",NA,45,0,"Active"
"3449",2023-07-25,"Elia","Intervention Weekday",300,09:11:43,"5","Standing","Locomotion",NA,0,15,"Active"
"3450",2023-07-25,"Elia","Intervention Weekday",300,09:11:58,"5","Sitting","Grooming",NA,15,30,"Active"
"3451",2023-07-25,"Elia","Intervention Weekday",300,09:12:13,"6","Standing","Locomotion",NA,30,45,"Active"
"3452",2023-07-25,"Elia","Intervention Weekday",300,09:12:28,"6","Standing","Locomotion",NA,45,60,"Active"
"3453",2023-07-25,"Elia","Intervention Weekday",300,09:12:43,"5","Standing","Rubbing","Fencing",0,75,"Active"
"3454",2023-07-25,"Elia","Intervention Weekday",300,09:12:58,"5","Standing","Locomotion",NA,15,90,"Active"
"3455",2023-07-25,"Elia","Intervention Weekday",300,09:13:13,"5","Standing","Locomotion",NA,30,105,"Active"
"3456",2023-07-25,"Elia","Intervention Weekday",300,09:13:28,"6","Sitting","Pause",NA,45,120,"Inactive"
"3457",2023-07-25,"Elia","Intervention Weekday",300,09:13:43,"5","Standing","Locomotion",NA,0,135,"Active"
"3458",2023-07-25,"Elia","Intervention Weekday",300,09:13:58,"6","Sitting","Drinking",NA,15,150,"Active"
"3459",2023-07-25,"Elia","Intervention Weekday",300,09:14:13,"5","Sitting","Resting",NA,30,165,"Inactive"
"3460",2023-07-25,"Elia","Intervention Weekday",300,09:14:28,"5","Sitting","Resting",NA,45,180,"Inactive"
"3461",2023-07-25,"Elia","Intervention Weekday",300,09:14:43,"6","Standing","Locomotion",NA,0,195,"Active"
"3462",2023-07-25,"Elia","Intervention Weekday",300,09:14:58,"5","Standing","Locomotion",NA,15,210,"Active"
"3463",2023-07-25,"Elia","Intervention Weekday",300,09:15:13,"4","Standing","Locomotion",NA,30,225,"Active"
"3464",2023-07-25,"Elia","Intervention Weekday",300,09:15:28,"5","Standing","Locomotion",NA,45,240,"Active"
"3465",2023-07-25,"Elia","Intervention Weekday",300,09:15:43,"5","Standing","Locomotion",NA,0,255,"Active"
"3466",2023-07-25,"Elia","Intervention Weekday",300,09:15:58,"5","Sitting","Eating",NA,15,270,"Active"
"3467",2023-07-25,"Elia","Intervention Weekday",300,09:16:13,"6","Standing","Locomotion",NA,30,285,"Active"
"3468",2023-07-25,"Elia","Intervention Weekday",300,09:16:28,"6","Standing","Locomotion",NA,45,300,"Active"
"3469",2023-07-25,"Elia","Intervention Weekday",300,09:16:43,"5","Sitting","Resting",NA,0,0,"Inactive"
"3470",2023-07-25,"Elia","Intervention Weekday",300,09:16:58,"5","Sitting","Resting",NA,15,15,"Inactive"
"3471",2023-07-25,"Elia","Intervention Weekday",300,09:17:13,"6","Sitting","Drinking",NA,30,30,"Active"
"3472",2023-07-25,"Elia","Intervention Weekday",300,09:17:28,"6","Sitting","Drinking",NA,45,45,"Active"
"3473",2023-07-25,"Elia","Intervention Weekday",300,09:17:43,"6","Sitting","Drinking",NA,0,60,"Active"
"3474",2023-07-25,"Elia","Intervention Weekday",300,09:17:58,"6","Sitting","Drinking",NA,15,75,"Active"
"3475",2023-07-25,"Elia","Intervention Weekday",300,09:18:13,"6","Sitting","Drinking",NA,30,90,"Active"
"3476",2023-07-25,"Elia","Intervention Weekday",300,09:18:28,"4","Sitting","Grooming",NA,45,105,"Active"
"3477",2023-07-25,"Elia","Intervention Weekday",300,09:18:43,"4","Sitting","Resting",NA,0,120,"Inactive"
"3478",2023-07-25,"Elia","Intervention Weekday",300,09:18:58,"5","Sitting","Resting",NA,15,135,"Inactive"
"3479",2023-07-25,"Elia","Intervention Weekday",300,09:19:13,"1","Rearing","Locomotion",NA,30,150,"Active"
"3480",2023-07-25,"Elia","Intervention Weekday",300,09:19:28,"6","Sitting","Drinking",NA,45,165,"Active"
"3481",2023-07-25,"Elia","Intervention Weekday",300,09:19:43,"6","Sitting","Drinking",NA,0,180,"Active"
"3482",2023-07-25,"Elia","Intervention Weekday",300,09:19:58,"5","Standing","Locomotion",NA,15,195,"Active"
"3483",2023-07-25,"Elia","Intervention Weekday",300,09:20:13,"6","Sitting","Resting",NA,30,210,"Inactive"
"3484",2023-07-25,"Elia","Intervention Weekday",300,09:20:28,"6","Sitting","Resting",NA,45,225,"Inactive"
"3485",2023-07-25,"Elia","Intervention Weekday",300,09:20:43,"6","Sitting","Resting",NA,0,240,"Inactive"
"3486",2023-07-25,"Elia","Intervention Weekday",300,09:20:58,"5","Standing","Eating",NA,15,255,"Active"
"3487",2023-07-25,"Elia","Intervention Weekday",300,09:21:13,"5","Sitting","Resting",NA,30,270,"Inactive"
"3488",2023-07-25,"Elia","Intervention Weekday",300,09:21:28,"5","Sitting","Resting",NA,45,285,"Inactive"
"3489",2023-07-25,"Elia","Intervention Weekday",300,09:21:43,"5","Sitting","Resting",NA,0,300,"Inactive"
"3490",2023-07-25,"Elia","Intervention Weekday",300,09:21:58,"5","Sitting","Resting",NA,15,0,"Inactive"
"3491",2023-07-25,"Elia","Intervention Weekday",300,09:22:13,"6","Standing","Locomotion",NA,30,15,"Active"
"3492",2023-07-25,"Elia","Intervention Weekday",300,09:22:28,"6","Sitting","Resting",NA,45,30,"Inactive"
"3493",2023-07-25,"Elia","Intervention Weekday",300,09:22:43,"6","Sitting","Resting",NA,0,45,"Inactive"
"3494",2023-07-25,"Elia","Intervention Weekday",300,09:22:58,"5","Standing","Locomotion",NA,15,60,"Active"
"3495",2023-07-25,"Elia","Intervention Weekday",300,09:23:13,"6","Sitting","Resting",NA,30,75,"Inactive"
"3496",2023-07-25,"Elia","Intervention Weekday",300,09:23:28,"6","Sitting","Resting",NA,45,90,"Inactive"
"3497",2023-07-25,"Elia","Intervention Weekday",300,09:23:43,"6","Sitting","Resting",NA,0,105,"Inactive"
"3498",2023-07-25,"Elia","Intervention Weekday",300,09:23:58,"6","Sitting","Resting",NA,15,120,"Inactive"
"3499",2023-07-25,"Elia","Intervention Weekday",300,09:24:13,"6","Sitting","Resting",NA,30,135,"Inactive"
"3500",2023-07-25,"Elia","Intervention Weekday",300,09:24:28,"6","Standing","Pause",NA,45,150,"Inactive"
"3501",2023-07-25,"Elia","Intervention Weekday",300,09:24:43,"6","Sitting","Resting",NA,0,165,"Inactive"
"3502",2023-07-25,"Elia","Intervention Weekday",300,09:24:58,"5","Sitting","Resting",NA,15,180,"Inactive"
"3503",2023-07-25,"Elia","Intervention Weekday",300,09:25:13,"5","Sitting","Resting",NA,30,195,"Inactive"
"3504",2023-07-25,"Elia","Intervention Weekday",300,09:25:28,"6","Sitting","Drinking",NA,45,210,"Active"
"3505",2023-07-25,"Elia","Intervention Weekday",300,09:25:43,"6","Sitting","Drinking",NA,0,225,"Active"
"3506",2023-07-25,"Elia","Intervention Weekday",300,09:25:58,"6","Standing","Locomotion",NA,15,240,"Active"
"3507",2023-09-21,"Bernie","Baseline Weekday",0,10:07:15,"Feeder","Sitting","Resting",NA,15,0,"Inactive"
"3508",2023-09-21,"Bernie","Baseline Weekday",0,10:07:30,"Feeder","Sitting","Resting",NA,30,0,"Inactive"
"3509",2023-09-21,"Bernie","Baseline Weekday",0,10:07:45,"Feeder","Sitting","Resting",NA,45,0,"Inactive"
"3510",2023-09-21,"Bernie","Baseline Weekday",0,10:08:00,"Feeder","Sitting","Resting",NA,0,0,"Inactive"
"3511",2023-09-21,"Bernie","Baseline Weekday",0,10:08:15,"Feeder","Sitting","Resting",NA,15,0,"Inactive"
"3512",2023-09-21,"Bernie","Baseline Weekday",0,10:08:30,"Feeder","Sitting","Resting",NA,30,0,"Inactive"
"3513",2023-09-21,"Bernie","Baseline Weekday",0,10:08:45,"Feeder","Sitting","Resting",NA,45,0,"Inactive"
"3514",2023-09-21,"Bernie","Baseline Weekday",0,10:09:00,"Feeder","Sitting","Resting",NA,0,0,"Inactive"
"3515",2023-09-21,"Bernie","Baseline Weekday",0,10:09:15,"Feeder","Sitting","Resting",NA,15,0,"Inactive"
"3516",2023-09-21,"Bernie","Baseline Weekday",0,10:09:30,"Feeder","Sitting","Resting",NA,30,0,"Inactive"
"3517",2023-09-21,"Bernie","Baseline Weekday",0,10:09:45,"Feeder","Sitting","Resting",NA,45,0,"Inactive"
"3518",2023-09-21,"Bernie","Baseline Weekday",0,10:10:00,"Feeder","Sitting","Resting",NA,0,0,"Inactive"
"3519",2023-09-21,"Bernie","Baseline Weekday",0,10:10:15,"Feeder","Sitting","Resting",NA,15,0,"Inactive"
"3520",2023-09-21,"Bernie","Baseline Weekday",0,10:10:30,"Feeder","Sitting","Resting",NA,30,0,"Inactive"
"3521",2023-09-21,"Bernie","Baseline Weekday",0,10:10:45,"Feeder","Sitting","Resting",NA,45,0,"Inactive"
"3522",2023-09-21,"Bernie","Baseline Weekday",0,10:11:00,"3","Standing","Locomotion",NA,0,0,"Active"
"3523",2023-09-21,"Bernie","Baseline Weekday",0,10:11:15,"Feeder","Standing","Pause",NA,15,0,"Inactive"
"3524",2023-09-21,"Bernie","Baseline Weekday",0,10:11:30,"Feeder","Sitting","Resting",NA,30,0,"Inactive"
"3525",2023-09-21,"Bernie","Baseline Weekday",0,10:11:45,"Feeder","Sitting","Resting",NA,45,0,"Inactive"
"3526",2023-09-21,"Bernie","Baseline Weekday",0,10:12:00,"3","Sitting","Drinking",NA,0,0,"Active"
"3527",2023-09-21,"Bernie","Baseline Weekday",0,10:12:15,"3","Sitting","Drinking",NA,15,0,"Active"
"3528",2023-09-21,"Bernie","Baseline Weekday",0,10:12:30,"3","Sitting","Pause",NA,30,0,"Inactive"
"3529",2023-09-21,"Bernie","Baseline Weekday",0,10:12:45,"3","Standing","Locomotion",NA,45,0,"Active"
"3530",2023-09-21,"Bernie","Baseline Weekday",0,10:13:00,"Feeder","Sitting","Resting",NA,0,0,"Inactive"
"3531",2023-09-21,"Bernie","Baseline Weekday",0,10:13:15,"Feeder","Sitting","Resting",NA,15,0,"Inactive"
"3532",2023-09-21,"Bernie","Baseline Weekday",0,10:13:30,"Feeder","Sitting","Resting",NA,30,0,"Inactive"
"3533",2023-09-21,"Bernie","Baseline Weekday",0,10:13:45,"Feeder","Sitting","Resting",NA,45,0,"Inactive"
"3534",2023-09-21,"Bernie","Baseline Weekday",0,10:14:00,"Feeder","Sitting","Resting",NA,0,0,"Inactive"
"3535",2023-09-21,"Bernie","Baseline Weekday",0,10:14:15,"Feeder","Sitting","Resting",NA,15,0,"Inactive"
"3536",2023-09-21,"Bernie","Baseline Weekday",0,10:14:30,"Feeder","Sitting","Resting",NA,30,0,"Inactive"
"3537",2023-09-21,"Bernie","Baseline Weekday",0,10:14:45,"Feeder","Sitting","Resting",NA,45,0,"Inactive"
"3538",2023-09-21,"Bernie","Baseline Weekday",0,10:15:00,"Feeder","Sitting","Resting",NA,0,0,"Inactive"
"3539",2023-09-21,"Bernie","Baseline Weekday",0,10:15:15,"Feeder","Sitting","Resting",NA,15,0,"Inactive"
"3540",2023-09-21,"Bernie","Baseline Weekday",0,10:15:30,"Feeder","Sitting","Resting",NA,30,0,"Inactive"
"3541",2023-09-21,"Bernie","Baseline Weekday",0,10:15:45,"Feeder","Sitting","Resting",NA,45,0,"Inactive"
"3542",2023-09-21,"Bernie","Baseline Weekday",0,10:16:00,"Feeder","Sitting","Resting",NA,0,0,"Inactive"
"3543",2023-09-21,"Bernie","Baseline Weekday",0,10:16:15,"Feeder","Sitting","Resting",NA,15,0,"Inactive"
"3544",2023-09-21,"Bernie","Baseline Weekday",0,10:16:30,"Feeder","Sitting","Resting",NA,30,0,"Inactive"
"3545",2023-09-21,"Bernie","Baseline Weekday",0,10:16:45,"Feeder","Sitting","Resting",NA,45,0,"Inactive"
"3546",2023-09-21,"Bernie","Baseline Weekday",0,10:17:00,"Feeder","Sitting","Resting",NA,0,0,"Inactive"
"3547",2023-09-21,"Bernie","Baseline Weekday",0,10:17:15,"Feeder","Sitting","Resting",NA,15,0,"Inactive"
"3548",2023-09-21,"Bernie","Baseline Weekday",0,10:17:30,"Feeder","Sitting","Resting",NA,30,0,"Inactive"
"3549",2023-09-21,"Bernie","Baseline Weekday",0,10:17:45,"Feeder","Sitting","Resting",NA,45,0,"Inactive"
"3550",2023-09-21,"Bernie","Baseline Weekday",0,10:18:00,"Feeder","Sitting","Resting",NA,0,0,"Inactive"
"3551",2023-09-21,"Bernie","Baseline Weekday",0,10:18:15,"Feeder","Sitting","Resting",NA,15,0,"Inactive"
"3552",2023-09-21,"Bernie","Baseline Weekday",0,10:18:30,"Feeder","Sitting","Resting",NA,30,0,"Inactive"
"3553",2023-09-21,"Bernie","Baseline Weekday",0,10:18:45,"Feeder","Sitting","Resting",NA,45,0,"Inactive"
"3554",2023-09-21,"Bernie","Baseline Weekday",0,10:19:00,"Feeder","Sitting","Resting",NA,0,0,"Inactive"
"3555",2023-09-21,"Bernie","Baseline Weekday",0,10:19:15,"Feeder","Sitting","Resting",NA,15,0,"Inactive"
"3556",2023-09-21,"Bernie","Baseline Weekday",0,10:19:30,"Feeder","Sitting","Resting",NA,30,0,"Inactive"
"3557",2023-09-21,"Bernie","Baseline Weekday",0,10:19:45,"Feeder","Sitting","Resting",NA,45,0,"Inactive"
"3558",2023-09-21,"Bernie","Baseline Weekday",0,10:20:00,"Feeder","Sitting","Resting",NA,0,0,"Inactive"
"3559",2023-09-21,"Bernie","Baseline Weekday",0,10:20:15,"Feeder","Sitting","Resting",NA,15,0,"Inactive"
"3560",2023-09-21,"Bernie","Baseline Weekday",0,10:20:30,"Feeder","Sitting","Resting",NA,30,0,"Inactive"
"3561",2023-09-21,"Bernie","Baseline Weekday",0,10:20:45,"2","Rearing","Locomotion",NA,45,0,"Active"
"3562",2023-09-21,"Bernie","Baseline Weekday",0,10:21:00,"Shelf","Sitting","Resting",NA,0,0,"Inactive"
"3563",2023-09-21,"Bernie","Baseline Weekday",0,10:21:15,"Shelf","Lying Down","Resting",NA,15,0,"Inactive"
"3564",2023-09-21,"Bernie","Baseline Weekday",0,10:21:30,"Shelf","Lying Down","Resting",NA,30,0,"Inactive"
"3565",2023-09-21,"Bernie","Baseline Weekday",0,10:21:45,"Shelf","Lying Down","Resting",NA,45,0,"Inactive"
"3566",2023-09-21,"Bernie","Baseline Weekday",0,10:22:00,"Shelf","Lying Down","Resting",NA,0,0,"Inactive"
"3567",2023-09-21,"Bernie","Baseline Weekday",0,10:22:15,"Shelf","Lying Down","Resting",NA,15,0,"Inactive"
"3568",2023-09-28,"Bernie","Baseline Weekday",0,11:12:15,"Shelf","Lying Down","Resting",NA,15,0,"Inactive"
"3569",2023-09-28,"Bernie","Baseline Weekday",0,11:12:30,"Shelf","Lying Down","Resting",NA,30,0,"Inactive"
"3570",2023-09-28,"Bernie","Baseline Weekday",0,11:12:45,"Shelf","Lying Down","Resting",NA,45,0,"Inactive"
"3571",2023-09-28,"Bernie","Baseline Weekday",0,11:13:00,"Shelf","Lying Down","Resting",NA,0,0,"Inactive"
"3572",2023-09-28,"Bernie","Baseline Weekday",0,11:13:15,"Shelf","Lying Down","Resting",NA,15,0,"Inactive"
"3573",2023-09-28,"Bernie","Baseline Weekday",0,11:13:30,"Shelf","Lying Down","Resting",NA,30,0,"Inactive"
"3574",2023-09-28,"Bernie","Baseline Weekday",0,11:13:45,"Shelf","Lying Down","Resting",NA,45,0,"Inactive"
"3575",2023-09-28,"Bernie","Baseline Weekday",0,11:14:00,"Shelf","Lying Down","Resting",NA,0,0,"Inactive"
"3576",2023-09-28,"Bernie","Baseline Weekday",0,11:14:15,"3","Standing","Eating",NA,15,0,"Active"
"3577",2023-09-28,"Bernie","Baseline Weekday",0,11:14:30,"3","Sitting","Eating",NA,30,0,"Active"
"3578",2023-09-28,"Bernie","Baseline Weekday",0,11:14:45,"3","Sitting","Eating",NA,45,0,"Active"
"3579",2023-09-28,"Bernie","Baseline Weekday",0,11:15:00,"3","Sitting","Eating",NA,0,0,"Active"
"3580",2023-09-28,"Bernie","Baseline Weekday",0,11:15:15,"3","Sitting","Eating",NA,15,0,"Active"
"3581",2023-09-28,"Bernie","Baseline Weekday",0,11:15:30,"4","Standing","Locomotion",NA,30,0,"Active"
"3582",2023-09-28,"Bernie","Baseline Weekday",0,11:15:45,"4","Standing","Drinking",NA,45,0,"Active"
"3583",2023-09-28,"Bernie","Baseline Weekday",0,11:16:00,"4","Sitting","Pause",NA,0,0,"Inactive"
"3584",2023-09-28,"Bernie","Baseline Weekday",0,11:16:15,"4","Sitting","Drinking",NA,15,0,"Active"
"3585",2023-09-28,"Bernie","Baseline Weekday",0,11:16:30,"4","Sitting","Drinking",NA,30,0,"Active"
"3586",2023-09-28,"Bernie","Baseline Weekday",0,11:16:45,"4","Standing","Locomotion",NA,45,0,"Active"
"3587",2023-09-28,"Bernie","Baseline Weekday",0,11:17:00,"3","Standing","Locomotion",NA,0,0,"Active"
"3588",2023-09-28,"Bernie","Baseline Weekday",0,11:17:15,"6","Standing","Locomotion",NA,15,0,"Active"
"3589",2023-09-28,"Bernie","Baseline Weekday",0,11:17:30,"Shelf","Standing","Locomotion",NA,30,0,"Active"
"3590",2023-09-28,"Bernie","Baseline Weekday",0,11:17:45,"Shelf","Sitting","Resting",NA,45,0,"Inactive"
"3591",2023-09-28,"Bernie","Baseline Weekday",0,11:18:00,"Shelf","Sitting","Grooming",NA,0,0,"Active"
"3592",2023-09-28,"Bernie","Baseline Weekday",0,11:18:15,"Shelf","Sitting","Resting",NA,15,0,"Inactive"
"3593",2023-09-28,"Bernie","Baseline Weekday",0,11:18:30,"Shelf","Sitting","Resting",NA,30,0,"Inactive"
"3594",2023-09-28,"Bernie","Baseline Weekday",0,11:18:45,"Shelf","Sitting","Resting",NA,45,0,"Inactive"
"3595",2023-09-28,"Bernie","Baseline Weekday",0,11:19:00,"Shelf","Sitting","Resting",NA,0,0,"Inactive"
"3596",2023-09-28,"Bernie","Baseline Weekday",0,11:19:15,"Shelf","Sitting","Resting",NA,15,0,"Inactive"
"3597",2023-09-28,"Bernie","Baseline Weekday",0,11:19:30,"Shelf","Sitting","Resting",NA,30,0,"Inactive"
"3598",2023-09-28,"Bernie","Baseline Weekday",0,11:19:45,"Shelf","Sitting","Resting",NA,45,0,"Inactive"
"3599",2023-09-28,"Bernie","Baseline Weekday",0,11:20:00,"Shelf","Sitting","Resting",NA,0,0,"Inactive"
"3600",2023-09-28,"Bernie","Baseline Weekday",0,11:20:15,"Shelf","Sitting","Resting",NA,15,0,"Inactive"
"3601",2023-09-28,"Bernie","Baseline Weekday",0,11:20:30,"Shelf","Sitting","Resting",NA,30,0,"Inactive"
"3602",2023-09-28,"Bernie","Baseline Weekday",0,11:20:45,"Shelf","Sitting","Resting",NA,45,0,"Inactive"
"3603",2023-09-28,"Bernie","Baseline Weekday",0,11:21:00,"Shelf","Sitting","Grooming",NA,0,0,"Active"
"3604",2023-09-28,"Bernie","Baseline Weekday",0,11:21:15,"Shelf","Sitting","Resting",NA,15,0,"Inactive"
"3605",2023-09-28,"Bernie","Baseline Weekday",0,11:21:30,"Shelf","Sitting","Resting",NA,30,0,"Inactive"
"3606",2023-09-28,"Bernie","Baseline Weekday",0,11:21:45,"Shelf","Sitting","Resting",NA,45,0,"Inactive"
"3607",2023-09-28,"Bernie","Baseline Weekday",0,11:22:00,"Shelf","Sitting","Resting",NA,0,0,"Inactive"
"3608",2023-09-28,"Bernie","Baseline Weekday",0,11:22:15,"Shelf","Sitting","Resting",NA,15,0,"Inactive"
"3609",2023-09-28,"Bernie","Baseline Weekday",0,11:22:30,"Shelf","Sitting","Grooming",NA,30,0,"Active"
"3610",2023-09-28,"Bernie","Baseline Weekday",0,11:22:45,"Shelf","Sitting","Grooming",NA,45,0,"Active"
"3611",2023-09-28,"Bernie","Baseline Weekday",0,11:23:00,"Shelf","Sitting","Grooming",NA,0,0,"Active"
"3612",2023-09-28,"Bernie","Baseline Weekday",0,11:23:15,"Shelf","Sitting","Grooming",NA,15,0,"Active"
"3613",2023-09-28,"Bernie","Baseline Weekday",0,11:23:30,"Shelf","Sitting","Grooming",NA,30,0,"Active"
"3614",2023-09-28,"Bernie","Baseline Weekday",0,11:23:45,"Shelf","Sitting","Resting",NA,45,0,"Inactive"
"3615",2023-09-28,"Bernie","Baseline Weekday",0,11:24:00,"Shelf","Sitting","Resting",NA,0,0,"Inactive"
"3616",2023-09-28,"Bernie","Baseline Weekday",0,11:24:15,"Shelf","Sitting","Resting",NA,15,0,"Inactive"
"3617",2023-09-28,"Bernie","Baseline Weekday",0,11:24:30,"Shelf","Sitting","Resting",NA,30,0,"Inactive"
"3618",2023-09-28,"Bernie","Baseline Weekday",0,11:24:45,"Shelf","Sitting","Resting",NA,45,0,"Inactive"
"3619",2023-09-28,"Bernie","Baseline Weekday",0,11:25:00,"Shelf","Sitting","Resting",NA,0,0,"Inactive"
"3620",2023-09-28,"Bernie","Baseline Weekday",0,11:25:15,"Shelf","Sitting","Resting",NA,15,0,"Inactive"
"3621",2023-09-28,"Bernie","Baseline Weekday",0,11:25:30,"Shelf","Sitting","Resting",NA,30,0,"Inactive"
"3622",2023-09-28,"Bernie","Baseline Weekday",0,11:25:45,"Shelf","Sitting","Resting",NA,45,0,"Inactive"
"3623",2023-09-28,"Bernie","Baseline Weekday",0,11:26:00,"Shelf","Sitting","Resting",NA,0,0,"Inactive"
"3624",2023-09-28,"Bernie","Baseline Weekday",0,11:26:15,"Shelf","Lying Down","Resting",NA,15,0,"Inactive"
"3625",2023-09-28,"Bernie","Baseline Weekday",0,11:26:30,"Shelf","Lying Down","Resting",NA,30,0,"Inactive"
"3626",2023-09-28,"Bernie","Baseline Weekday",0,11:26:45,"Shelf","Lying Down","Resting",NA,45,0,"Inactive"
"3627",2023-09-28,"Bernie","Baseline Weekday",0,11:27:00,"Shelf","Lying Down","Resting",NA,0,0,"Inactive"
"3628",2023-09-28,"Bernie","Baseline Weekday",0,11:27:15,"Shelf","Lying Down","Resting",NA,15,0,"Inactive"
"3629",2023-10-12,"Bernie","Baseline Weekday",0,09:39:39,"2","Standing","Locomotion",NA,45,0,"Active"
"3630",2023-10-12,"Bernie","Baseline Weekday",0,09:39:54,"5","Standing","Locomotion",NA,0,0,"Active"
"3631",2023-10-12,"Bernie","Baseline Weekday",0,09:40:09,"5","Standing","Locomotion",NA,15,0,"Active"
"3632",2023-10-12,"Bernie","Baseline Weekday",0,09:40:24,"Shelf","Standing","Resting",NA,30,0,"Inactive"
"3633",2023-10-12,"Bernie","Baseline Weekday",0,09:40:39,"3","Standing","Locomotion",NA,45,0,"Active"
"3634",2023-10-12,"Bernie","Baseline Weekday",0,09:40:54,"1","Standing","Locomotion",NA,0,0,"Active"
"3635",2023-10-12,"Bernie","Baseline Weekday",0,09:41:09,"1","Standing","Locomotion",NA,15,0,"Active"
"3636",2023-10-12,"Bernie","Baseline Weekday",0,09:41:24,"Fence","Other","Locomotion","Fencing",30,0,"Active"
"3637",2023-10-12,"Bernie","Baseline Weekday",0,09:41:39,"2","Standing","Locomotion",NA,45,0,"Active"
"3638",2023-10-12,"Bernie","Baseline Weekday",0,09:41:54,"Fence","Other","Locomotion",NA,0,0,"Active"
"3639",2023-10-12,"Bernie","Baseline Weekday",0,09:42:09,"Fence","Other","Locomotion",NA,15,0,"Active"
"3640",2023-10-12,"Bernie","Baseline Weekday",0,09:42:24,"Fence","Other","Locomotion",NA,30,0,"Active"
"3641",2023-10-12,"Bernie","Baseline Weekday",0,09:42:39,"6","Rearing","Locomotion","Fencing",45,0,"Active"
"3642",2023-10-12,"Bernie","Baseline Weekday",0,09:42:54,"Fence","Other","Locomotion","Fencing",0,0,"Active"
"3643",2023-10-12,"Bernie","Baseline Weekday",0,09:43:09,"6","Standing","Locomotion",NA,15,0,"Active"
"3644",2023-10-12,"Bernie","Baseline Weekday",0,09:43:24,"2","Standing","Drinking",NA,30,0,"Active"
"3645",2023-10-12,"Bernie","Baseline Weekday",0,09:43:39,"2","Standing","Drinking",NA,45,0,"Active"
"3646",2023-10-12,"Bernie","Baseline Weekday",0,09:43:54,"2","Standing","Drinking",NA,0,0,"Active"
"3647",2023-10-12,"Bernie","Baseline Weekday",0,09:44:09,"6","Standing","Locomotion",NA,15,0,"Active"
"3648",2023-10-12,"Bernie","Baseline Weekday",0,09:44:24,"5","Standing","Locomotion",NA,30,0,"Active"
"3649",2023-10-12,"Bernie","Baseline Weekday",0,09:44:39,"2","Standing","Locomotion",NA,45,0,"Active"
"3650",2023-10-12,"Bernie","Baseline Weekday",0,09:44:54,"5","Rearing","Locomotion","Fencing",0,0,"Active"
"3651",2023-10-12,"Bernie","Baseline Weekday",0,09:45:09,"Fence","Standing","Locomotion","Fencing",15,0,"Active"
"3652",2023-10-12,"Bernie","Baseline Weekday",0,09:45:24,"Fence","Standing","Locomotion","Fencing",30,0,"Active"
"3653",2023-10-12,"Bernie","Baseline Weekday",0,09:45:39,"5","Rearing","Locomotion","Fencing",45,0,"Active"
"3654",2023-10-12,"Bernie","Baseline Weekday",0,09:45:54,"Shelf","Standing","Locomotion",NA,0,0,"Active"
"3655",2023-10-12,"Bernie","Baseline Weekday",0,09:46:09,"Shelf","Sitting","Resting",NA,15,0,"Inactive"
"3656",2023-10-12,"Bernie","Baseline Weekday",0,09:46:24,"6","Standing","Locomotion",NA,30,0,"Active"
"3657",2023-10-12,"Bernie","Baseline Weekday",0,09:46:39,"5","Rearing","Locomotion",NA,45,0,"Active"
"3658",2023-10-12,"Bernie","Baseline Weekday",0,09:46:54,"Shelf","Standing","Locomotion",NA,0,0,"Active"
"3659",2023-10-12,"Bernie","Baseline Weekday",0,09:47:09,"Shelf","Sitting","Resting",NA,15,0,"Inactive"
"3660",2023-10-12,"Bernie","Baseline Weekday",0,09:47:24,"2","Standing","Drinking",NA,30,0,"Active"
"3661",2023-10-12,"Bernie","Baseline Weekday",0,09:47:39,"2","Standing","Drinking",NA,45,0,"Active"
"3662",2023-10-12,"Bernie","Baseline Weekday",0,09:47:54,"2","Standing","Drinking",NA,0,0,"Active"
"3663",2023-10-12,"Bernie","Baseline Weekday",0,09:48:09,"5","Standing","Locomotion",NA,15,0,"Active"
"3664",2023-10-12,"Bernie","Baseline Weekday",0,09:48:24,"Shelf","Lying Down","Resting",NA,30,0,"Inactive"
"3665",2023-10-12,"Bernie","Baseline Weekday",0,09:48:39,"Shelf","Lying Down","Resting",NA,45,0,"Inactive"
"3666",2023-10-12,"Bernie","Baseline Weekday",0,09:48:54,"Shelf","Lying Down","Resting",NA,0,0,"Inactive"
"3667",2023-10-12,"Bernie","Baseline Weekday",0,09:49:09,"Shelf","Lying Down","Resting",NA,15,0,"Inactive"
"3668",2023-10-12,"Bernie","Baseline Weekday",0,09:49:24,"Shelf","Lying Down","Resting",NA,30,0,"Inactive"
"3669",2023-10-12,"Bernie","Baseline Weekday",0,09:49:39,"Shelf","Lying Down","Resting",NA,45,0,"Inactive"
"3670",2023-10-12,"Bernie","Baseline Weekday",0,09:49:54,"Shelf","Lying Down","Resting",NA,0,0,"Inactive"
"3671",2023-10-12,"Bernie","Baseline Weekday",0,09:50:09,"Shelf","Lying Down","Resting",NA,15,0,"Inactive"
"3672",2023-10-12,"Bernie","Baseline Weekday",0,09:50:24,"Shelf","Lying Down","Resting",NA,30,0,"Inactive"
"3673",2023-10-12,"Bernie","Baseline Weekday",0,09:50:39,"Shelf","Lying Down","Resting",NA,45,0,"Inactive"
"3674",2023-10-12,"Bernie","Baseline Weekday",0,09:50:54,"Shelf","Lying Down","Resting",NA,0,0,"Inactive"
"3675",2023-10-12,"Bernie","Baseline Weekday",0,09:51:09,"Shelf","Lying Down","Resting",NA,15,0,"Inactive"
"3676",2023-10-12,"Bernie","Baseline Weekday",0,09:51:24,"Shelf","Lying Down","Resting",NA,30,0,"Inactive"
"3677",2023-10-12,"Bernie","Baseline Weekday",0,09:51:39,"Shelf","Lying Down","Resting",NA,45,0,"Inactive"
"3678",2023-10-12,"Bernie","Baseline Weekday",0,09:51:54,"Shelf","Lying Down","Resting",NA,0,0,"Inactive"
"3679",2023-10-12,"Bernie","Baseline Weekday",0,09:52:09,"Shelf","Lying Down","Resting",NA,15,0,"Inactive"
"3680",2023-10-12,"Bernie","Baseline Weekday",0,09:52:24,"Shelf","Lying Down","Resting",NA,30,0,"Inactive"
"3681",2023-10-12,"Bernie","Baseline Weekday",0,09:52:39,"Shelf","Lying Down","Resting",NA,45,0,"Inactive"
"3682",2023-10-12,"Bernie","Baseline Weekday",0,09:52:54,"Shelf","Lying Down","Resting",NA,0,0,"Inactive"
"3683",2023-10-12,"Bernie","Baseline Weekday",0,09:53:09,"Shelf","Lying Down","Resting",NA,15,0,"Inactive"
"3684",2023-10-12,"Bernie","Baseline Weekday",0,09:53:24,"Shelf","Lying Down","Resting",NA,30,0,"Inactive"
"3685",2023-10-12,"Bernie","Baseline Weekday",0,09:53:39,"4","Standing","Eating",NA,45,0,"Active"
"3686",2023-10-12,"Bernie","Baseline Weekday",0,09:53:54,"4","Standing","Eating",NA,0,0,"Active"
"3687",2023-10-12,"Bernie","Baseline Weekday",0,09:54:09,"4","Standing","Eating",NA,15,0,"Active"
"3688",2023-10-17,"Bernie","Intervention Weekday",120,10:37:16,"6","Sitting","Eating",NA,45,75,"Active"
"3689",2023-10-17,"Bernie","Intervention Weekday",120,10:37:31,"6","Sitting","Eating",NA,0,90,"Active"
"3690",2023-10-17,"Bernie","Intervention Weekday",120,10:37:46,"5","Sitting","Eating",NA,15,105,"Active"
"3691",2023-10-17,"Bernie","Intervention Weekday",120,10:38:01,"6","Sitting","Eating",NA,30,120,"Active"
"3692",2023-10-17,"Bernie","Intervention Weekday",120,10:38:16,"5","Standing","Eating",NA,45,0,"Active"
"3693",2023-10-17,"Bernie","Intervention Weekday",120,10:38:31,"5","Standing","Eating",NA,0,15,"Active"
"3694",2023-10-17,"Bernie","Intervention Weekday",120,10:38:46,"5","Standing","Eating",NA,15,30,"Active"
"3695",2023-10-17,"Bernie","Intervention Weekday",120,10:39:01,"Out of View","Out of View","Out of View",NA,30,45,"OutofView"
"3696",2023-10-17,"Bernie","Intervention Weekday",120,10:39:16,"6","Sitting","Eating",NA,45,60,"Active"
"3697",2023-10-17,"Bernie","Intervention Weekday",120,10:39:31,"5","Standing","Locomotion",NA,0,75,"Active"
"3698",2023-10-17,"Bernie","Intervention Weekday",120,10:39:46,"Shelf","Standing","Locomotion",NA,15,90,"Active"
"3699",2023-10-17,"Bernie","Intervention Weekday",120,10:40:01,"Shelf","Sitting","Resting",NA,30,105,"Inactive"
"3700",2023-10-17,"Bernie","Intervention Weekday",120,10:40:16,"Shelf","Lying Down","Resting",NA,45,120,"Inactive"
"3701",2023-10-17,"Bernie","Intervention Weekday",120,10:40:31,"Shelf","Lying Down","Resting",NA,0,0,"Inactive"
"3702",2023-10-17,"Bernie","Intervention Weekday",120,10:40:46,"Shelf","Lying Down","Resting",NA,15,15,"Inactive"
"3703",2023-10-17,"Bernie","Intervention Weekday",120,10:41:01,"Shelf","Lying Down","Resting",NA,30,30,"Inactive"
"3704",2023-10-17,"Bernie","Intervention Weekday",120,10:41:16,"6","Standing","Eating",NA,45,45,"Active"
"3705",2023-10-17,"Bernie","Intervention Weekday",120,10:41:31,"6","Sitting","Eating",NA,0,60,"Active"
"3706",2023-10-17,"Bernie","Intervention Weekday",120,10:41:46,"5","Sitting","Eating",NA,15,75,"Active"
"3707",2023-10-17,"Bernie","Intervention Weekday",120,10:42:01,"6","Sitting","Eating",NA,30,90,"Active"
"3708",2023-10-17,"Bernie","Intervention Weekday",120,10:42:16,"3","Standing","Locomotion",NA,45,105,"Active"
"3709",2023-10-17,"Bernie","Intervention Weekday",120,10:42:31,"Shelf","Out of View","Locomotion",NA,0,120,"Active"
"3710",2023-10-17,"Bernie","Intervention Weekday",120,10:42:46,"Shelf","Out of View","Locomotion",NA,15,0,"Active"
"3711",2023-10-17,"Bernie","Intervention Weekday",120,10:43:01,"Shelf","Lying Down","Locomotion",NA,30,15,"Active"
"3712",2023-10-17,"Bernie","Intervention Weekday",120,10:43:16,"6","Sitting","Eating",NA,45,30,"Active"
"3713",2023-10-17,"Bernie","Intervention Weekday",120,10:43:31,"5","Standing","Locomotion",NA,0,45,"Active"
"3714",2023-10-17,"Bernie","Intervention Weekday",120,10:43:46,"6","Standing","Locomotion",NA,15,60,"Active"
"3715",2023-10-17,"Bernie","Intervention Weekday",120,10:44:01,"Shelf","Out of View","Pause",NA,30,75,"Inactive"
"3716",2023-10-17,"Bernie","Intervention Weekday",120,10:44:16,"Shelf","Lying Down","Resting",NA,45,90,"Inactive"
"3717",2023-10-17,"Bernie","Intervention Weekday",120,10:44:31,"Shelf","Lying Down","Resting",NA,0,105,"Inactive"
"3718",2023-10-17,"Bernie","Intervention Weekday",120,10:44:46,"Shelf","Lying Down","Resting",NA,15,120,"Inactive"
"3719",2023-10-17,"Bernie","Intervention Weekday",120,10:45:01,"Shelf","Lying Down","Resting",NA,30,0,"Inactive"
"3720",2023-10-17,"Bernie","Intervention Weekday",120,10:45:16,"6","Sitting","Eating",NA,45,15,"Active"
"3721",2023-10-17,"Bernie","Intervention Weekday",120,10:45:31,"5","Sitting","Eating",NA,0,30,"Active"
"3722",2023-10-17,"Bernie","Intervention Weekday",120,10:45:46,"3","Standing","Locomotion",NA,15,45,"Active"
"3723",2023-10-17,"Bernie","Intervention Weekday",120,10:46:01,"Shelf","Out of View","Pause",NA,30,60,"Inactive"
"3724",2023-10-17,"Bernie","Intervention Weekday",120,10:46:16,"Shelf","Lying Down","Resting",NA,45,75,"Inactive"
"3725",2023-10-17,"Bernie","Intervention Weekday",120,10:46:31,"Shelf","Lying Down","Resting",NA,0,90,"Inactive"
"3726",2023-10-17,"Bernie","Intervention Weekday",120,10:46:46,"Shelf","Lying Down","Resting",NA,15,105,"Inactive"
"3727",2023-10-17,"Bernie","Intervention Weekday",120,10:47:01,"Shelf","Lying Down","Resting",NA,30,120,"Inactive"
"3728",2023-10-17,"Bernie","Intervention Weekday",120,10:47:16,"6","Sitting","Eating",NA,45,0,"Active"
"3729",2023-10-17,"Bernie","Intervention Weekday",120,10:47:31,"5","Sitting","Pause",NA,0,15,"Inactive"
"3730",2023-10-17,"Bernie","Intervention Weekday",120,10:47:46,"5","Standing","Locomotion","Water Bowl",15,30,"Active"
"3731",2023-10-17,"Bernie","Intervention Weekday",120,10:48:01,"4","Standing","Locomotion",NA,30,45,"Active"
"3732",2023-10-17,"Bernie","Intervention Weekday",120,10:48:16,"6","Standing","Locomotion","Feeder",45,60,"Active"
"3733",2023-10-17,"Bernie","Intervention Weekday",120,10:48:31,"Fence","Standing","Locomotion",NA,0,75,"Active"
"3734",2023-10-17,"Bernie","Intervention Weekday",120,10:48:46,"6","Standing","Locomotion",NA,15,90,"Active"
"3735",2023-10-17,"Bernie","Intervention Weekday",120,10:49:01,"5","Rearing","Locomotion","Fencing",30,105,"Active"
"3736",2023-10-17,"Bernie","Intervention Weekday",120,10:49:16,"6","Sitting","Eating",NA,45,120,"Active"
"3737",2023-10-17,"Bernie","Intervention Weekday",120,10:49:31,"5","Rearing","Locomotion","Fencing",0,0,"Active"
"3738",2023-10-17,"Bernie","Intervention Weekday",120,10:49:46,"5","Standing","Locomotion",NA,15,15,"Active"
"3739",2023-10-17,"Bernie","Intervention Weekday",120,10:50:01,"Shelf","Standing","Pause",NA,30,30,"Inactive"
"3740",2023-10-17,"Bernie","Intervention Weekday",120,10:50:16,"Shelf","Standing","Pause",NA,45,45,"Inactive"
"3741",2023-10-17,"Bernie","Intervention Weekday",120,10:50:31,"Shelf","Lying Down","Resting",NA,0,60,"Inactive"
"3742",2023-10-17,"Bernie","Intervention Weekday",120,10:50:46,"Shelf","Lying Down","Resting",NA,15,75,"Inactive"
"3743",2023-10-17,"Bernie","Intervention Weekday",120,10:51:01,"Shelf","Lying Down","Resting",NA,30,90,"Inactive"
"3744",2023-10-17,"Bernie","Intervention Weekday",120,10:51:16,"Shelf","Lying Down","Resting",NA,45,105,"Inactive"
"3745",2023-10-17,"Bernie","Intervention Weekday",120,10:51:31,"Shelf","Lying Down","Resting",NA,0,120,"Inactive"
"3746",2023-10-17,"Bernie","Intervention Weekday",120,10:51:46,"Shelf","Lying Down","Resting",NA,15,0,"Inactive"
"3747",2023-10-19,"Bernie","Intervention Weekday",120,08:54:02,"6","Sitting","Eating",NA,45,75,"Active"
"3748",2023-10-19,"Bernie","Intervention Weekday",120,08:54:17,"5","Rearing","Locomotion","Outside Object",0,90,"Active"
"3749",2023-10-19,"Bernie","Intervention Weekday",120,08:54:32,"6","Standing","Locomotion",NA,15,105,"Active"
"3750",2023-10-19,"Bernie","Intervention Weekday",120,08:54:47,"6","Standing","Locomotion",NA,30,120,"Active"
"3751",2023-10-19,"Bernie","Intervention Weekday",120,08:55:02,"5","Rearing","Locomotion","Outside Object",45,0,"Active"
"3752",2023-10-19,"Bernie","Intervention Weekday",120,08:55:17,"2","Standing","Locomotion",NA,0,15,"Active"
"3753",2023-10-19,"Bernie","Intervention Weekday",120,08:55:32,"2","Standing","Locomotion",NA,15,30,"Active"
"3754",2023-10-19,"Bernie","Intervention Weekday",120,08:55:47,"6","Standing","Locomotion",NA,30,45,"Active"
"3755",2023-10-19,"Bernie","Intervention Weekday",120,08:56:02,"6","Standing","Locomotion",NA,45,60,"Active"
"3756",2023-10-19,"Bernie","Intervention Weekday",120,08:56:17,"6","Standing","Eating",NA,0,75,"Active"
"3757",2023-10-19,"Bernie","Intervention Weekday",120,08:56:32,"6","Standing","Eating",NA,15,90,"Active"
"3758",2023-10-19,"Bernie","Intervention Weekday",120,08:56:47,"5","Standing","Eating",NA,30,105,"Active"
"3759",2023-10-19,"Bernie","Intervention Weekday",120,08:57:02,"5","Rearing","Locomotion","Outside Object",45,120,"Active"
"3760",2023-10-19,"Bernie","Intervention Weekday",120,08:57:17,"5","Standing","Locomotion",NA,0,0,"Active"
"3761",2023-10-19,"Bernie","Intervention Weekday",120,08:57:32,"Shelf","Standing","Locomotion",NA,15,15,"Active"
"3762",2023-10-19,"Bernie","Intervention Weekday",120,08:57:47,"Fence","Other","Locomotion","Outside Object",30,30,"Active"
"3763",2023-10-19,"Bernie","Intervention Weekday",120,08:58:02,"Fence","Other","Locomotion","Outside Object",45,45,"Active"
"3764",2023-10-19,"Bernie","Intervention Weekday",120,08:58:17,"1","Standing","Locomotion",NA,0,60,"Active"
"3765",2023-10-19,"Bernie","Intervention Weekday",120,08:58:32,"5","Rearing","Locomotion",NA,15,75,"Active"
"3766",2023-10-19,"Bernie","Intervention Weekday",120,08:58:47,"6","Sitting","Eating",NA,30,90,"Active"
"3767",2023-10-19,"Bernie","Intervention Weekday",120,08:59:02,"6","Sitting","Pause",NA,45,105,"Inactive"
"3768",2023-10-19,"Bernie","Intervention Weekday",120,08:59:17,"1","Standing","Locomotion",NA,0,120,"Active"
"3769",2023-10-19,"Bernie","Intervention Weekday",120,08:59:32,"6","Sitting","Pause",NA,15,0,"Inactive"
"3770",2023-10-19,"Bernie","Intervention Weekday",120,08:59:47,"6","Sitting","Eating",NA,30,15,"Active"
"3771",2023-10-19,"Bernie","Intervention Weekday",120,09:00:02,"5","Standing","Pace",NA,45,30,"Pace"
"3772",2023-10-19,"Bernie","Intervention Weekday",120,09:00:17,"Shelf","Lying Down","Resting",NA,0,45,"Inactive"
"3773",2023-10-19,"Bernie","Intervention Weekday",120,09:00:32,"6","Sitting","Eating",NA,15,60,"Active"
"3774",2023-10-19,"Bernie","Intervention Weekday",120,09:00:47,"6","Sitting","Pause",NA,30,75,"Inactive"
"3775",2023-10-19,"Bernie","Intervention Weekday",120,09:01:02,"6","Sitting","Pause",NA,45,90,"Inactive"
"3776",2023-10-19,"Bernie","Intervention Weekday",120,09:01:17,"Shelf","Lying Down","Resting",NA,0,105,"Inactive"
"3777",2023-10-19,"Bernie","Intervention Weekday",120,09:01:32,"Shelf","Lying Down","Resting",NA,15,120,"Inactive"
"3778",2023-10-19,"Bernie","Intervention Weekday",120,09:01:47,"Shelf","Lying Down","Resting",NA,30,0,"Inactive"
"3779",2023-10-19,"Bernie","Intervention Weekday",120,09:02:02,"Shelf","Lying Down","Resting",NA,45,15,"Inactive"
"3780",2023-10-19,"Bernie","Intervention Weekday",120,09:02:17,"Shelf","Lying Down","Resting",NA,0,30,"Inactive"
"3781",2023-10-19,"Bernie","Intervention Weekday",120,09:02:32,"6","Sitting","Eating",NA,15,45,"Active"
"3782",2023-10-19,"Bernie","Intervention Weekday",120,09:02:47,"3","Standing","Locomotion",NA,30,60,"Active"
"3783",2023-10-19,"Bernie","Intervention Weekday",120,09:03:02,"6","Sitting","Eating",NA,45,75,"Active"
"3784",2023-10-19,"Bernie","Intervention Weekday",120,09:03:17,"6","Sitting","Eating",NA,0,90,"Active"
"3785",2023-10-19,"Bernie","Intervention Weekday",120,09:03:32,"Out of View","Out of View","Out of View",NA,15,105,"OutofView"
"3786",2023-10-19,"Bernie","Intervention Weekday",120,09:03:47,"Shelf","Lying Down","Resting",NA,30,120,"Inactive"
"3787",2023-10-19,"Bernie","Intervention Weekday",120,09:04:02,"Shelf","Lying Down","Resting",NA,45,0,"Inactive"
"3788",2023-10-19,"Bernie","Intervention Weekday",120,09:04:17,"Shelf","Lying Down","Resting",NA,0,15,"Inactive"
"3789",2023-10-19,"Bernie","Intervention Weekday",120,09:04:32,"6","Sitting","Eating",NA,15,30,"Active"
"3790",2023-10-19,"Bernie","Intervention Weekday",120,09:04:47,"6","Sitting","Eating",NA,30,45,"Active"
"3791",2023-10-19,"Bernie","Intervention Weekday",120,09:05:02,"6","Sitting","Manipulating Object","Feeder",45,60,"Active"
"3792",2023-10-19,"Bernie","Intervention Weekday",120,09:05:17,"6","Standing","Locomotion",NA,0,75,"Active"
"3793",2023-10-19,"Bernie","Intervention Weekday",120,09:05:32,"Shelf","Out of View","Out of View",NA,15,90,"OutofView"
"3794",2023-10-19,"Bernie","Intervention Weekday",120,09:05:47,"Shelf","Lying Down","Resting",NA,30,105,"Inactive"
"3795",2023-10-19,"Bernie","Intervention Weekday",120,09:06:02,"Shelf","Lying Down","Resting",NA,45,120,"Inactive"
"3796",2023-10-19,"Bernie","Intervention Weekday",120,09:06:17,"Out of View","Out of View","Out of View",NA,0,0,"OutofView"
"3797",2023-10-19,"Bernie","Intervention Weekday",120,09:06:32,"6","Standing","Locomotion",NA,15,15,"Active"
"3798",2023-10-19,"Bernie","Intervention Weekday",120,09:06:47,"2","Sitting","Grooming",NA,30,30,"Active"
"3799",2023-10-19,"Bernie","Intervention Weekday",120,09:07:02,"2","Sitting","Grooming",NA,45,45,"Active"
"3800",2023-10-19,"Bernie","Intervention Weekday",120,09:07:17,"2","Sitting","Grooming",NA,0,60,"Active"
"3801",2023-10-19,"Bernie","Intervention Weekday",120,09:07:32,"6","Sitting","Resting",NA,15,75,"Inactive"
"3802",2023-10-19,"Bernie","Intervention Weekday",120,09:07:47,"3","Standing","Locomotion",NA,30,90,"Active"
"3803",2023-10-19,"Bernie","Intervention Weekday",120,09:08:02,"3","Standing","Locomotion",NA,45,105,"Active"
"3804",2023-10-19,"Bernie","Intervention Weekday",120,09:08:17,"5","Standing","Locomotion",NA,0,120,"Active"
"3805",2023-10-19,"Bernie","Intervention Weekday",120,09:08:32,"6","Sitting","Eating",NA,15,0,"Active"
"3806",2023-10-27,"Bernie","Baseline Weekday",0,09:05:36,"5","Rearing","Locomotion",NA,45,0,"Active"
"3807",2023-10-27,"Bernie","Baseline Weekday",0,09:05:51,"5","Rearing","Locomotion",NA,0,0,"Active"
"3808",2023-10-27,"Bernie","Baseline Weekday",0,09:06:06,"6","Standing","Pause",NA,15,0,"Inactive"
"3809",2023-10-27,"Bernie","Baseline Weekday",0,09:06:21,"6","Standing","Locomotion",NA,30,0,"Active"
"3810",2023-10-27,"Bernie","Baseline Weekday",0,09:06:36,"Shelf","Lying Down","Resting",NA,45,0,"Inactive"
"3811",2023-10-27,"Bernie","Baseline Weekday",0,09:06:51,"Shelf","Lying Down","Resting",NA,0,0,"Inactive"
"3812",2023-10-27,"Bernie","Baseline Weekday",0,09:07:06,"Shelf","Lying Down","Resting",NA,15,0,"Inactive"
"3813",2023-10-27,"Bernie","Baseline Weekday",0,09:07:21,"Shelf","Lying Down","Resting",NA,30,0,"Inactive"
"3814",2023-10-27,"Bernie","Baseline Weekday",0,09:07:36,"Shelf","Lying Down","Resting",NA,45,0,"Inactive"
"3815",2023-10-27,"Bernie","Baseline Weekday",0,09:07:51,"Shelf","Lying Down","Resting",NA,0,0,"Inactive"
"3816",2023-10-27,"Bernie","Baseline Weekday",0,09:08:06,"Shelf","Lying Down","Resting",NA,15,0,"Inactive"
"3817",2023-10-27,"Bernie","Baseline Weekday",0,09:08:21,"6","Standing","Eating",NA,30,0,"Active"
"3818",2023-10-27,"Bernie","Baseline Weekday",0,09:08:36,"6","Standing","Eating",NA,45,0,"Active"
"3819",2023-10-27,"Bernie","Baseline Weekday",0,09:08:51,"6","Standing","Eating",NA,0,0,"Active"
"3820",2023-10-27,"Bernie","Baseline Weekday",0,09:09:06,"6","Standing","Eating",NA,15,0,"Active"
"3821",2023-10-27,"Bernie","Baseline Weekday",0,09:09:21,"6","Standing","Eating",NA,30,0,"Active"
"3822",2023-10-27,"Bernie","Baseline Weekday",0,09:09:36,"6","Standing","Eating",NA,45,0,"Active"
"3823",2023-10-27,"Bernie","Baseline Weekday",0,09:09:51,"5","Standing","Locomotion",NA,0,0,"Active"
"3824",2023-10-27,"Bernie","Baseline Weekday",0,09:10:06,"4","Standing","Pause",NA,15,0,"Inactive"
"3825",2023-10-27,"Bernie","Baseline Weekday",0,09:10:21,"Shelf","Lying Down","Resting",NA,30,0,"Inactive"
"3826",2023-10-27,"Bernie","Baseline Weekday",0,09:10:36,"Shelf","Lying Down","Resting",NA,45,0,"Inactive"
"3827",2023-10-27,"Bernie","Baseline Weekday",0,09:10:51,"Shelf","Lying Down","Resting",NA,0,0,"Inactive"
"3828",2023-10-27,"Bernie","Baseline Weekday",0,09:11:06,"Shelf","Lying Down","Resting",NA,15,0,"Inactive"
"3829",2023-10-27,"Bernie","Baseline Weekday",0,09:11:21,"Shelf","Lying Down","Resting",NA,30,0,"Inactive"
"3830",2023-10-27,"Bernie","Baseline Weekday",0,09:11:36,"Shelf","Lying Down","Resting",NA,45,0,"Inactive"
"3831",2023-10-27,"Bernie","Baseline Weekday",0,09:11:51,"Shelf","Lying Down","Resting",NA,0,0,"Inactive"
"3832",2023-10-27,"Bernie","Baseline Weekday",0,09:12:06,"6","Standing","Pause",NA,15,0,"Inactive"
"3833",2023-10-27,"Bernie","Baseline Weekday",0,09:12:21,"6","Sitting","Eating",NA,30,0,"Active"
"3834",2023-10-27,"Bernie","Baseline Weekday",0,09:12:36,"6","Sitting","Eating",NA,45,0,"Active"
"3835",2023-10-27,"Bernie","Baseline Weekday",0,09:12:51,"6","Sitting","Eating",NA,0,0,"Active"
"3836",2023-10-27,"Bernie","Baseline Weekday",0,09:13:06,"4","Lying Down","Resting",NA,15,0,"Inactive"
"3837",2023-10-27,"Bernie","Baseline Weekday",0,09:13:21,"4","Lying Down","Resting",NA,30,0,"Inactive"
"3838",2023-10-27,"Bernie","Baseline Weekday",0,09:13:36,"4","Lying Down","Resting",NA,45,0,"Inactive"
"3839",2023-10-27,"Bernie","Baseline Weekday",0,09:13:51,"4","Lying Down","Resting",NA,0,0,"Inactive"
"3840",2023-10-27,"Bernie","Baseline Weekday",0,09:14:06,"4","Lying Down","Resting",NA,15,0,"Inactive"
"3841",2023-10-27,"Bernie","Baseline Weekday",0,09:14:21,"4","Lying Down","Resting",NA,30,0,"Inactive"
"3842",2023-10-27,"Bernie","Baseline Weekday",0,09:14:36,"4","Lying Down","Resting",NA,45,0,"Inactive"
"3843",2023-10-27,"Bernie","Baseline Weekday",0,09:14:51,"4","Lying Down","Resting",NA,0,0,"Inactive"
"3844",2023-10-27,"Bernie","Baseline Weekday",0,09:15:06,"4","Lying Down","Resting",NA,15,0,"Inactive"
"3845",2023-10-27,"Bernie","Baseline Weekday",0,09:15:21,"4","Lying Down","Resting",NA,30,0,"Inactive"
"3846",2023-10-27,"Bernie","Baseline Weekday",0,09:15:36,"4","Lying Down","Resting",NA,45,0,"Inactive"
"3847",2023-10-27,"Bernie","Baseline Weekday",0,09:15:51,"4","Lying Down","Resting",NA,0,0,"Inactive"
"3848",2023-10-27,"Bernie","Baseline Weekday",0,09:16:06,"4","Lying Down","Resting",NA,15,0,"Inactive"
"3849",2023-10-27,"Bernie","Baseline Weekday",0,09:16:21,"4","Lying Down","Resting",NA,30,0,"Inactive"
"3850",2023-10-27,"Bernie","Baseline Weekday",0,09:16:36,"4","Lying Down","Resting",NA,45,0,"Inactive"
"3851",2023-10-27,"Bernie","Baseline Weekday",0,09:16:51,"4","Lying Down","Resting",NA,0,0,"Inactive"
"3852",2023-10-27,"Bernie","Baseline Weekday",0,09:17:06,"4","Lying Down","Resting",NA,15,0,"Inactive"
"3853",2023-10-27,"Bernie","Baseline Weekday",0,09:17:21,"6","Standing","Eating",NA,30,0,"Active"
"3854",2023-10-27,"Bernie","Baseline Weekday",0,09:17:36,"Out of View","Out of View","Out of View",NA,45,0,"OutofView"
"3855",2023-10-27,"Bernie","Baseline Weekday",0,09:17:51,"Shelf","Out of View","Out of View",NA,0,0,"OutofView"
"3856",2023-10-27,"Bernie","Baseline Weekday",0,09:18:06,"Shelf","Out of View","Resting",NA,15,0,"Inactive"
"3857",2023-10-27,"Bernie","Baseline Weekday",0,09:18:21,"Shelf","Out of View","Resting",NA,30,0,"Inactive"
"3858",2023-10-27,"Bernie","Baseline Weekday",0,09:18:36,"Shelf","Out of View","Resting",NA,45,0,"Inactive"
"3859",2023-10-27,"Bernie","Baseline Weekday",0,09:18:51,"Shelf","Out of View","Resting",NA,0,0,"Inactive"
"3860",2023-10-27,"Bernie","Baseline Weekday",0,09:19:06,"Shelf","Out of View","Resting",NA,15,0,"Inactive"
"3861",2023-10-27,"Bernie","Baseline Weekday",0,09:19:21,"Shelf","Out of View","Resting",NA,30,0,"Inactive"
"3862",2023-10-27,"Bernie","Baseline Weekday",0,09:19:36,"5","Rearing","Locomotion",NA,45,0,"Active"
"3863",2023-10-27,"Bernie","Baseline Weekday",0,09:19:51,"Fence","Other","Locomotion",NA,0,0,"Active"
"3864",2023-10-27,"Bernie","Baseline Weekday",0,09:20:06,"3","Standing","Locomotion",NA,15,0,"Active"
"3865",2023-10-31,"Bernie","Intervention Weekday",180,08:52:33,"6","Sitting","Eating",NA,45,105,"Active"
"3866",2023-10-31,"Bernie","Intervention Weekday",180,08:52:48,"6","Sitting","Eating",NA,0,120,"Active"
"3867",2023-10-31,"Bernie","Intervention Weekday",180,08:53:03,"6","Sitting","Eating",NA,15,135,"Active"
"3868",2023-10-31,"Bernie","Intervention Weekday",180,08:53:18,"6","Sitting","Eating",NA,30,150,"Active"
"3869",2023-10-31,"Bernie","Intervention Weekday",180,08:53:33,"5","Rearing","Locomotion",NA,45,165,"Active"
"3870",2023-10-31,"Bernie","Intervention Weekday",180,08:53:48,"6","Sitting","Eating",NA,0,180,"Active"
"3871",2023-10-31,"Bernie","Intervention Weekday",180,08:54:03,"6","Sitting","Eating",NA,15,0,"Active"
"3872",2023-10-31,"Bernie","Intervention Weekday",180,08:54:18,"6","Sitting","Eating",NA,30,15,"Active"
"3873",2023-10-31,"Bernie","Intervention Weekday",180,08:54:33,"5","Rearing","Locomotion",NA,45,30,"Active"
"3874",2023-10-31,"Bernie","Intervention Weekday",180,08:54:48,"5","Sitting","Eating",NA,0,45,"Active"
"3875",2023-10-31,"Bernie","Intervention Weekday",180,08:55:03,"5","Sitting","Grooming",NA,15,60,"Active"
"3876",2023-10-31,"Bernie","Intervention Weekday",180,08:55:18,"5","Rearing","Locomotion",NA,30,75,"Active"
"3877",2023-10-31,"Bernie","Intervention Weekday",180,08:55:33,"4","Standing","Locomotion",NA,45,90,"Active"
"3878",2023-10-31,"Bernie","Intervention Weekday",180,08:55:48,"6","Sitting","Drinking",NA,0,105,"Active"
"3879",2023-10-31,"Bernie","Intervention Weekday",180,08:56:03,"6","Sitting","Drinking",NA,15,120,"Active"
"3880",2023-10-31,"Bernie","Intervention Weekday",180,08:56:18,"5","Rearing","Locomotion",NA,30,135,"Active"
"3881",2023-10-31,"Bernie","Intervention Weekday",180,08:56:33,"Shelf","Sitting","Resting",NA,45,150,"Inactive"
"3882",2023-10-31,"Bernie","Intervention Weekday",180,08:56:48,"6","Standing","Eating",NA,0,165,"Active"
"3883",2023-10-31,"Bernie","Intervention Weekday",180,08:57:03,"6","Standing","Eating",NA,15,180,"Active"
"3884",2023-10-31,"Bernie","Intervention Weekday",180,08:57:18,"6","Standing","Eating",NA,30,0,"Active"
"3885",2023-10-31,"Bernie","Intervention Weekday",180,08:57:33,"6","Rearing","Locomotion",NA,45,15,"Active"
"3886",2023-10-31,"Bernie","Intervention Weekday",180,08:57:48,"Shelf","Other","Locomotion",NA,0,30,"Active"
"3887",2023-10-31,"Bernie","Intervention Weekday",180,08:58:03,"Shelf","Sitting","Resting",NA,15,45,"Inactive"
"3888",2023-10-31,"Bernie","Intervention Weekday",180,08:58:18,"Shelf","Sitting","Resting",NA,30,60,"Inactive"
"3889",2023-10-31,"Bernie","Intervention Weekday",180,08:58:33,"Shelf","Sitting","Resting",NA,45,75,"Inactive"
"3890",2023-10-31,"Bernie","Intervention Weekday",180,08:58:48,"Shelf","Sitting","Resting",NA,0,90,"Inactive"
"3891",2023-10-31,"Bernie","Intervention Weekday",180,08:59:03,"Shelf","Sitting","Resting",NA,15,105,"Inactive"
"3892",2023-10-31,"Bernie","Intervention Weekday",180,08:59:18,"Feeder","Standing","Locomotion",NA,30,120,"Active"
"3893",2023-10-31,"Bernie","Intervention Weekday",180,08:59:33,"Fence","Standing","Locomotion",NA,45,135,"Active"
"3894",2023-10-31,"Bernie","Intervention Weekday",180,08:59:48,"6","Sitting","Eating",NA,0,150,"Active"
"3895",2023-10-31,"Bernie","Intervention Weekday",180,09:00:03,"6","Sitting","Eating",NA,15,165,"Active"
"3896",2023-10-31,"Bernie","Intervention Weekday",180,09:00:18,"6","Sitting","Pause",NA,30,180,"Inactive"
"3897",2023-10-31,"Bernie","Intervention Weekday",180,09:00:33,"5","Rearing","Locomotion",NA,45,0,"Active"
"3898",2023-10-31,"Bernie","Intervention Weekday",180,09:00:48,"6","Standing","Drinking",NA,0,15,"Active"
"3899",2023-10-31,"Bernie","Intervention Weekday",180,09:01:03,"6","Standing","Drinking",NA,15,30,"Active"
"3900",2023-10-31,"Bernie","Intervention Weekday",180,09:01:18,"6","Standing","Drinking",NA,30,45,"Active"
"3901",2023-10-31,"Bernie","Intervention Weekday",180,09:01:33,"6","Standing","Locomotion",NA,45,60,"Active"
"3902",2023-10-31,"Bernie","Intervention Weekday",180,09:01:48,"2","Out of View","Out of View",NA,0,75,"OutofView"
"3903",2023-10-31,"Bernie","Intervention Weekday",180,09:02:03,"2","Out of View","Out of View",NA,15,90,"OutofView"
"3904",2023-10-31,"Bernie","Intervention Weekday",180,09:02:18,"6","Standing","Locomotion",NA,30,105,"Active"
"3905",2023-10-31,"Bernie","Intervention Weekday",180,09:02:33,"Fence","Standing","Pause",NA,45,120,"Inactive"
"3906",2023-10-31,"Bernie","Intervention Weekday",180,09:02:48,"6","Standing","Locomotion",NA,0,135,"Active"
"3907",2023-10-31,"Bernie","Intervention Weekday",180,09:03:03,"6","Sitting","Eating",NA,15,150,"Active"
"3908",2023-10-31,"Bernie","Intervention Weekday",180,09:03:18,"5","Rearing","Locomotion",NA,30,165,"Active"
"3909",2023-10-31,"Bernie","Intervention Weekday",180,09:03:33,"3","Standing","Locomotion",NA,45,180,"Active"
"3910",2023-10-31,"Bernie","Intervention Weekday",180,09:03:48,"6","Standing","Locomotion",NA,0,0,"Active"
"3911",2023-10-31,"Bernie","Intervention Weekday",180,09:04:03,"Fence","Standing","Pause",NA,15,15,"Inactive"
"3912",2023-10-31,"Bernie","Intervention Weekday",180,09:04:18,"Fence","Standing","Pause",NA,30,30,"Inactive"
"3913",2023-10-31,"Bernie","Intervention Weekday",180,09:04:33,"Shelf","Lying Down","Resting",NA,45,45,"Inactive"
"3914",2023-10-31,"Bernie","Intervention Weekday",180,09:04:48,"Shelf","Lying Down","Resting",NA,0,60,"Inactive"
"3915",2023-10-31,"Bernie","Intervention Weekday",180,09:05:03,"Shelf","Lying Down","Resting",NA,15,75,"Inactive"
"3916",2023-10-31,"Bernie","Intervention Weekday",180,09:05:18,"Shelf","Lying Down","Resting",NA,30,90,"Inactive"
"3917",2023-10-31,"Bernie","Intervention Weekday",180,09:05:33,"Shelf","Lying Down","Resting",NA,45,105,"Inactive"
"3918",2023-10-31,"Bernie","Intervention Weekday",180,09:05:48,"Shelf","Lying Down","Resting",NA,0,120,"Inactive"
"3919",2023-10-31,"Bernie","Intervention Weekday",180,09:06:03,"Shelf","Lying Down","Resting",NA,15,135,"Inactive"
"3920",2023-10-31,"Bernie","Intervention Weekday",180,09:06:18,"Shelf","Lying Down","Resting",NA,30,150,"Inactive"
"3921",2023-10-31,"Bernie","Intervention Weekday",180,09:06:33,"Shelf","Lying Down","Resting",NA,45,165,"Inactive"
"3922",2023-10-31,"Bernie","Intervention Weekday",180,09:06:48,"Shelf","Lying Down","Resting",NA,0,180,"Inactive"
"3923",2023-10-31,"Bernie","Intervention Weekday",180,09:07:03,"Shelf","Lying Down","Resting",NA,15,0,"Inactive"
"3924",2023-11-03,"Bernie","Intervention Weekday",180,09:21:35,"Shelf","Lying Down","Resting",NA,45,105,"Inactive"
"3925",2023-11-03,"Bernie","Intervention Weekday",180,09:21:50,"Shelf","Lying Down","Resting",NA,0,120,"Inactive"
"3926",2023-11-03,"Bernie","Intervention Weekday",180,09:22:05,"5","Sitting","Eating",NA,15,135,"Active"
"3927",2023-11-03,"Bernie","Intervention Weekday",180,09:22:20,"5","Sitting","Eating",NA,30,150,"Active"
"3928",2023-11-03,"Bernie","Intervention Weekday",180,09:22:35,"5","Sitting","Eating",NA,45,165,"Active"
"3929",2023-11-03,"Bernie","Intervention Weekday",180,09:22:50,"6","Standing","Locomotion",NA,0,180,"Active"
"3930",2023-11-03,"Bernie","Intervention Weekday",180,09:23:05,"Fence","Standing","Locomotion",NA,15,0,"Active"
"3931",2023-11-03,"Bernie","Intervention Weekday",180,09:23:20,"5","Sitting","Drinking",NA,30,15,"Active"
"3932",2023-11-03,"Bernie","Intervention Weekday",180,09:23:35,"5","Sitting","Pause",NA,45,30,"Inactive"
"3933",2023-11-03,"Bernie","Intervention Weekday",180,09:23:50,"5","Sitting","Drinking",NA,0,45,"Active"
"3934",2023-11-03,"Bernie","Intervention Weekday",180,09:24:05,"5","Sitting","Drinking",NA,15,60,"Active"
"3935",2023-11-03,"Bernie","Intervention Weekday",180,09:24:20,"5","Sitting","Drinking",NA,30,75,"Active"
"3936",2023-11-03,"Bernie","Intervention Weekday",180,09:24:35,"3","Standing","Locomotion",NA,45,90,"Active"
"3937",2023-11-03,"Bernie","Intervention Weekday",180,09:24:50,"Shelf","Out of View","Out of View",NA,0,105,"OutofView"
"3938",2023-11-03,"Bernie","Intervention Weekday",180,09:25:05,"Shelf","Out of View","Out of View",NA,15,120,"OutofView"
"3939",2023-11-03,"Bernie","Intervention Weekday",180,09:25:20,"Shelf","Lying Down","Resting",NA,30,135,"Inactive"
"3940",2023-11-03,"Bernie","Intervention Weekday",180,09:25:35,"5","Standing","Locomotion",NA,45,150,"Active"
"3941",2023-11-03,"Bernie","Intervention Weekday",180,09:25:50,"5","Sitting","Eating",NA,0,165,"Active"
"3942",2023-11-03,"Bernie","Intervention Weekday",180,09:26:05,"5","Sitting","Eating",NA,15,180,"Active"
"3943",2023-11-03,"Bernie","Intervention Weekday",180,09:26:20,"5","Sitting","Eating",NA,30,0,"Active"
"3944",2023-11-03,"Bernie","Intervention Weekday",180,09:26:35,"5","Sitting","Eating",NA,45,15,"Active"
"3945",2023-11-03,"Bernie","Intervention Weekday",180,09:26:50,"3","Standing","Locomotion",NA,0,30,"Active"
"3946",2023-11-03,"Bernie","Intervention Weekday",180,09:27:05,"1","Out of View","Out of View",NA,15,45,"OutofView"
"3947",2023-11-03,"Bernie","Intervention Weekday",180,09:27:20,"5","Standing","Pause",NA,30,60,"Inactive"
"3948",2023-11-03,"Bernie","Intervention Weekday",180,09:27:35,"5","Rearing","Pause",NA,45,75,"Inactive"
"3949",2023-11-03,"Bernie","Intervention Weekday",180,09:27:50,"3","Standing","Locomotion",NA,0,90,"Active"
"3950",2023-11-03,"Bernie","Intervention Weekday",180,09:28:05,"6","Standing","Locomotion",NA,15,105,"Active"
"3951",2023-11-03,"Bernie","Intervention Weekday",180,09:28:20,"Shelf","Out of View","Out of View",NA,30,120,"OutofView"
"3952",2023-11-03,"Bernie","Intervention Weekday",180,09:28:35,"Shelf","Lying Down","Resting",NA,45,135,"Inactive"
"3953",2023-11-03,"Bernie","Intervention Weekday",180,09:28:50,"Shelf","Lying Down","Resting",NA,0,150,"Inactive"
"3954",2023-11-03,"Bernie","Intervention Weekday",180,09:29:05,"Shelf","Lying Down","Resting",NA,15,165,"Inactive"
"3955",2023-11-03,"Bernie","Intervention Weekday",180,09:29:20,"Shelf","Lying Down","Resting",NA,30,180,"Inactive"
"3956",2023-11-03,"Bernie","Intervention Weekday",180,09:29:35,"Shelf","Lying Down","Resting",NA,45,0,"Inactive"
"3957",2023-11-03,"Bernie","Intervention Weekday",180,09:29:50,"6","Standing","Locomotion",NA,0,15,"Active"
"3958",2023-11-03,"Bernie","Intervention Weekday",180,09:30:05,"Fence","Standing","Locomotion",NA,15,30,"Active"
"3959",2023-11-03,"Bernie","Intervention Weekday",180,09:30:20,"5","Standing","Locomotion",NA,30,45,"Active"
"3960",2023-11-03,"Bernie","Intervention Weekday",180,09:30:35,"5","Standing","Locomotion",NA,45,60,"Active"
"3961",2023-11-03,"Bernie","Intervention Weekday",180,09:30:50,"5","Standing","Locomotion",NA,0,75,"Active"
"3962",2023-11-03,"Bernie","Intervention Weekday",180,09:31:05,"1","Out of View","Out of View",NA,15,90,"OutofView"
"3963",2023-11-03,"Bernie","Intervention Weekday",180,09:31:20,"Shelf","Lying Down","Resting",NA,30,105,"Inactive"
"3964",2023-11-03,"Bernie","Intervention Weekday",180,09:31:35,"Shelf","Lying Down","Resting",NA,45,120,"Inactive"
"3965",2023-11-03,"Bernie","Intervention Weekday",180,09:31:50,"Shelf","Lying Down","Resting",NA,0,135,"Inactive"
"3966",2023-11-03,"Bernie","Intervention Weekday",180,09:32:05,"Shelf","Lying Down","Resting",NA,15,150,"Inactive"
"3967",2023-11-03,"Bernie","Intervention Weekday",180,09:32:20,"Shelf","Lying Down","Resting",NA,30,165,"Inactive"
"3968",2023-11-03,"Bernie","Intervention Weekday",180,09:32:35,"Shelf","Lying Down","Resting",NA,45,180,"Inactive"
"3969",2023-11-03,"Bernie","Intervention Weekday",180,09:32:50,"Shelf","Lying Down","Resting",NA,0,0,"Inactive"
"3970",2023-11-03,"Bernie","Intervention Weekday",180,09:33:05,"Shelf","Lying Down","Resting",NA,15,15,"Inactive"
"3971",2023-11-03,"Bernie","Intervention Weekday",180,09:33:20,"Shelf","Lying Down","Resting",NA,30,30,"Inactive"
"3972",2023-11-03,"Bernie","Intervention Weekday",180,09:33:35,"Shelf","Lying Down","Resting",NA,45,45,"Inactive"
"3973",2023-11-03,"Bernie","Intervention Weekday",180,09:33:50,"5","Standing","Locomotion",NA,0,60,"Active"
"3974",2023-11-03,"Bernie","Intervention Weekday",180,09:34:05,"Fence","Standing","Pause",NA,15,75,"Inactive"
"3975",2023-11-03,"Bernie","Intervention Weekday",180,09:34:20,"1","Standing","Locomotion",NA,30,90,"Active"
"3976",2023-11-03,"Bernie","Intervention Weekday",180,09:34:35,"Shelf","Standing","Pause",NA,45,105,"Inactive"
"3977",2023-11-03,"Bernie","Intervention Weekday",180,09:34:50,"Shelf","Sitting","Resting",NA,0,120,"Inactive"
"3978",2023-11-03,"Bernie","Intervention Weekday",180,09:35:05,"Shelf","Sitting","Resting",NA,15,135,"Inactive"
"3979",2023-11-03,"Bernie","Intervention Weekday",180,09:35:20,"Shelf","Sitting","Resting",NA,30,150,"Inactive"
"3980",2023-11-03,"Bernie","Intervention Weekday",180,09:35:35,"Shelf","Sitting","Resting",NA,45,165,"Inactive"
"3981",2023-11-03,"Bernie","Intervention Weekday",180,09:35:50,"Shelf","Sitting","Resting",NA,0,180,"Inactive"
"3982",2023-11-03,"Bernie","Intervention Weekday",180,09:36:05,"Shelf","Sitting","Resting",NA,15,0,"Inactive"
"3983",2023-11-05,"Bernie","Baseline Weekday",0,10:41:23,"5","Sitting","Resting",NA,30,0,"Inactive"
"3984",2023-11-05,"Bernie","Baseline Weekday",0,10:41:38,"6","Sitting","Resting",NA,45,0,"Inactive"
"3985",2023-11-05,"Bernie","Baseline Weekday",0,10:41:53,"6","Sitting","Drinking",NA,0,0,"Active"
"3986",2023-11-05,"Bernie","Baseline Weekday",0,10:42:08,"6","Sitting","Drinking",NA,15,0,"Active"
"3987",2023-11-05,"Bernie","Baseline Weekday",0,10:42:23,"6","Standing","Locomotion",NA,30,0,"Active"
"3988",2023-11-05,"Bernie","Baseline Weekday",0,10:42:38,"6","Rearing","Pause",NA,45,0,"Inactive"
"3989",2023-11-05,"Bernie","Baseline Weekday",0,10:42:53,"1","Standing","Locomotion",NA,0,0,"Active"
"3990",2023-11-05,"Bernie","Baseline Weekday",0,10:43:08,"Shelf","Sitting","Resting",NA,15,0,"Inactive"
"3991",2023-11-05,"Bernie","Baseline Weekday",0,10:43:23,"Shelf","Sitting","Resting",NA,30,0,"Inactive"
"3992",2023-11-05,"Bernie","Baseline Weekday",0,10:43:38,"Shelf","Sitting","Resting",NA,45,0,"Inactive"
"3993",2023-11-05,"Bernie","Baseline Weekday",0,10:43:53,"6","Rearing","Locomotion",NA,0,0,"Active"
"3994",2023-11-05,"Bernie","Baseline Weekday",0,10:44:08,"6","Rearing","Locomotion",NA,15,0,"Active"
"3995",2023-11-05,"Bernie","Baseline Weekday",0,10:44:23,"4","Standing","Locomotion",NA,30,0,"Active"
"3996",2023-11-05,"Bernie","Baseline Weekday",0,10:44:38,"6","Rearing","Locomotion",NA,45,0,"Active"
"3997",2023-11-05,"Bernie","Baseline Weekday",0,10:44:53,"Out of View","Out of View","Out of View",NA,0,0,"OutofView"
"3998",2023-11-05,"Bernie","Baseline Weekday",0,10:45:08,"Shelf","Sitting","Pause",NA,15,0,"Inactive"
"3999",2023-11-05,"Bernie","Baseline Weekday",0,10:45:23,"Fence","Standing","Pause",NA,30,0,"Inactive"
"4000",2023-11-05,"Bernie","Baseline Weekday",0,10:45:38,"4","Standing","Locomotion",NA,45,0,"Active"
"4001",2023-11-05,"Bernie","Baseline Weekday",0,10:45:53,"6","Standing","Drinking",NA,0,0,"Active"
"4002",2023-11-05,"Bernie","Baseline Weekday",0,10:46:08,"6","Standing","Drinking",NA,15,0,"Active"
"4003",2023-11-05,"Bernie","Baseline Weekday",0,10:46:23,"5","Rearing","Pause",NA,30,0,"Inactive"
"4004",2023-11-05,"Bernie","Baseline Weekday",0,10:46:38,"6","Rearing","Locomotion",NA,45,0,"Active"
"4005",2023-11-05,"Bernie","Baseline Weekday",0,10:46:53,"3","Standing","Locomotion",NA,0,0,"Active"
"4006",2023-11-05,"Bernie","Baseline Weekday",0,10:47:08,"3","Standing","Pace",NA,15,0,"Pace"
"4007",2023-11-05,"Bernie","Baseline Weekday",0,10:47:23,"6","Rearing","Pace",NA,30,0,"Pace"
"4008",2023-11-05,"Bernie","Baseline Weekday",0,10:47:38,"6","Standing","Locomotion",NA,45,0,"Active"
"4009",2023-11-05,"Bernie","Baseline Weekday",0,10:47:53,"6","Standing","Drinking",NA,0,0,"Active"
"4010",2023-11-05,"Bernie","Baseline Weekday",0,10:48:08,"6","Standing","Drinking",NA,15,0,"Active"
"4011",2023-11-05,"Bernie","Baseline Weekday",0,10:48:23,"6","Standing","Drinking",NA,30,0,"Active"
"4012",2023-11-05,"Bernie","Baseline Weekday",0,10:48:38,"6","Standing","Pause",NA,45,0,"Inactive"
"4013",2023-11-05,"Bernie","Baseline Weekday",0,10:48:53,"1","Standing","Locomotion",NA,0,0,"Active"
"4014",2023-11-05,"Bernie","Baseline Weekday",0,10:49:08,"6","Standing","Locomotion",NA,15,0,"Active"
"4015",2023-11-05,"Bernie","Baseline Weekday",0,10:49:23,"Shelf","Standing","Locomotion",NA,30,0,"Active"
"4016",2023-11-05,"Bernie","Baseline Weekday",0,10:49:38,"Shelf","Out of View","Resting",NA,45,0,"Inactive"
"4017",2023-11-05,"Bernie","Baseline Weekday",0,10:49:53,"Shelf","Out of View","Resting",NA,0,0,"Inactive"
"4018",2023-11-05,"Bernie","Baseline Weekday",0,10:50:08,"6","Standing","Locomotion",NA,15,0,"Active"
"4019",2023-11-05,"Bernie","Baseline Weekday",0,10:50:23,"6","Standing","Drinking",NA,30,0,"Active"
"4020",2023-11-05,"Bernie","Baseline Weekday",0,10:50:38,"4","Out of View","Drinking",NA,45,0,"Active"
"4021",2023-11-05,"Bernie","Baseline Weekday",0,10:50:53,"4","Out of View","Drinking",NA,0,0,"Active"
"4022",2023-11-05,"Bernie","Baseline Weekday",0,10:51:08,"4","Out of View","Drinking",NA,15,0,"Active"
"4023",2023-11-05,"Bernie","Baseline Weekday",0,10:51:23,"4","Out of View","Drinking",NA,30,0,"Active"
"4024",2023-11-05,"Bernie","Baseline Weekday",0,10:51:38,"6","Standing","Locomotion",NA,45,0,"Active"
"4025",2023-11-05,"Bernie","Baseline Weekday",0,10:51:53,"3","Standing","Manipulating Object","Puzzle Toys",0,0,"Active"
"4026",2023-11-05,"Bernie","Baseline Weekday",0,10:52:08,"4","Standing","Out of View",NA,15,0,"OutofView"
"4027",2023-11-05,"Bernie","Baseline Weekday",0,10:52:23,"4","Out of View","Out of View",NA,30,0,"OutofView"
"4028",2023-11-05,"Bernie","Baseline Weekday",0,10:52:38,"4","Out of View","Out of View",NA,45,0,"OutofView"
"4029",2023-11-05,"Bernie","Baseline Weekday",0,10:52:53,"6","Standing","Locomotion",NA,0,0,"Active"
"4030",2023-11-05,"Bernie","Baseline Weekday",0,10:53:08,"6","Rearing","Pause",NA,15,0,"Inactive"
"4031",2023-11-05,"Bernie","Baseline Weekday",0,10:53:23,"4","Sitting","Drinking",NA,30,0,"Active"
"4032",2023-11-05,"Bernie","Baseline Weekday",0,10:53:38,"4","Sitting","Drinking",NA,45,0,"Active"
"4033",2023-11-05,"Bernie","Baseline Weekday",0,10:53:53,"5","Rearing","Locomotion",NA,0,0,"Active"
"4034",2023-11-05,"Bernie","Baseline Weekday",0,10:54:08,"Fence","Standing","Locomotion",NA,15,0,"Active"
"4035",2023-11-05,"Bernie","Baseline Weekday",0,10:54:23,"1","Standing","Locomotion",NA,30,0,"Active"
"4036",2023-11-05,"Bernie","Baseline Weekday",0,10:54:38,"5","Standing","Locomotion",NA,45,0,"Active"
"4037",2023-11-05,"Bernie","Baseline Weekday",0,10:54:53,"4","Standing","Locomotion",NA,0,0,"Active"
"4038",2023-11-05,"Bernie","Baseline Weekday",0,10:55:08,"Fence","Standing","Pause",NA,15,0,"Inactive"
"4039",2023-11-05,"Bernie","Baseline Weekday",0,10:55:23,"4","Out of View","Drinking",NA,30,0,"Active"
"4040",2023-11-05,"Bernie","Baseline Weekday",0,10:55:38,"4","Out of View","Drinking",NA,45,0,"Active"
"4041",2023-11-05,"Bernie","Baseline Weekday",0,10:55:53,"4","Out of View","Drinking",NA,0,0,"Active"
"4042",2023-11-05,"Bernie","Baseline Weekday",0,10:41:23,"5","Sitting","Grooming",NA,15,0,"Active"
"4043",2023-11-05,"Bernie","Baseline Weekday",0,10:41:38,"6","Sitting","Resting",NA,30,0,"Inactive"
"4044",2023-11-05,"Bernie","Baseline Weekday",0,10:41:53,"6","Sitting","Drinking",NA,45,0,"Active"
"4045",2023-11-05,"Bernie","Baseline Weekday",0,10:42:08,"6","Sitting","Drinking",NA,0,0,"Active"
"4046",2023-11-05,"Bernie","Baseline Weekday",0,10:42:23,"6","Standing","Locomotion",NA,15,0,"Active"
"4047",2023-11-05,"Bernie","Baseline Weekday",0,10:42:38,"6","Rearing","Pause",NA,30,0,"Inactive"
"4048",2023-11-05,"Bernie","Baseline Weekday",0,10:42:53,"1","Standing","Locomotion",NA,45,0,"Active"
"4049",2023-11-05,"Bernie","Baseline Weekday",0,10:43:08,"Shelf","Sitting","Resting",NA,0,0,"Inactive"
"4050",2023-11-05,"Bernie","Baseline Weekday",0,10:43:23,"Shelf","Sitting","Resting",NA,15,0,"Inactive"
"4051",2023-11-05,"Bernie","Baseline Weekday",0,10:43:38,"Shelf","Sitting","Resting",NA,30,0,"Inactive"
"4052",2023-11-05,"Bernie","Baseline Weekday",0,10:43:53,"6","Rearing","Pause",NA,45,0,"Inactive"
"4053",2023-11-05,"Bernie","Baseline Weekday",0,10:44:08,"6","Rearing","Locomotion",NA,0,0,"Active"
"4054",2023-11-05,"Bernie","Baseline Weekday",0,10:44:23,"2","Standing","Locomotion",NA,15,0,"Active"
"4055",2023-11-05,"Bernie","Baseline Weekday",0,10:44:38,"6","Rearing","Pause",NA,30,0,"Inactive"
"4056",2023-11-05,"Bernie","Baseline Weekday",0,10:44:53,"Out of View","Out of View","Out of View",NA,45,0,"OutofView"
"4057",2023-11-05,"Bernie","Baseline Weekday",0,10:45:08,"Shelf","Sitting","Resting",NA,0,0,"Inactive"
"4058",2023-11-05,"Bernie","Baseline Weekday",0,10:45:23,"Fence","Standing","Pause",NA,15,0,"Inactive"
"4059",2023-11-05,"Bernie","Baseline Weekday",0,10:45:38,"2","Standing","Locomotion",NA,30,0,"Active"
"4060",2023-11-05,"Bernie","Baseline Weekday",0,10:45:53,"6","Standing","Drinking",NA,45,0,"Active"
"4061",2023-11-05,"Bernie","Baseline Weekday",0,10:46:08,"6","Standing","Drinking",NA,0,0,"Active"
"4062",2023-11-05,"Bernie","Baseline Weekday",0,10:46:23,"5","Rearing","Pause",NA,15,0,"Inactive"
"4063",2023-11-05,"Bernie","Baseline Weekday",0,10:46:38,"6","Standing","Locomotion",NA,30,0,"Active"
"4064",2023-11-05,"Bernie","Baseline Weekday",0,10:46:53,"3","Standing","Locomotion",NA,45,0,"Active"
"4065",2023-11-05,"Bernie","Baseline Weekday",0,10:47:08,"4","Standing","Locomotion",NA,0,0,"Active"
"4066",2023-11-05,"Bernie","Baseline Weekday",0,10:47:23,"6","Rearing","Locomotion",NA,15,0,"Active"
"4067",2023-11-05,"Bernie","Baseline Weekday",0,10:47:38,"4","Standing","Locomotion",NA,30,0,"Active"
"4068",2023-11-05,"Bernie","Baseline Weekday",0,10:47:53,"6","Standing","Drinking",NA,45,0,"Active"
"4069",2023-11-05,"Bernie","Baseline Weekday",0,10:48:08,"6","Standing","Drinking",NA,0,0,"Active"
"4070",2023-11-05,"Bernie","Baseline Weekday",0,10:48:23,"6","Standing","Drinking",NA,15,0,"Active"
"4071",2023-11-05,"Bernie","Baseline Weekday",0,10:48:38,"6","Standing","Pause",NA,30,0,"Inactive"
"4072",2023-11-05,"Bernie","Baseline Weekday",0,10:48:53,"1","Standing","Locomotion",NA,45,0,"Active"
"4073",2023-11-05,"Bernie","Baseline Weekday",0,10:49:08,"6","Standing","Locomotion",NA,0,0,"Active"
"4074",2023-11-05,"Bernie","Baseline Weekday",0,10:49:23,"Shelf","Out of View","Out of View",NA,15,0,"OutofView"
"4075",2023-11-05,"Bernie","Baseline Weekday",0,10:49:38,"Shelf","Sitting","Resting",NA,30,0,"Inactive"
"4076",2023-11-05,"Bernie","Baseline Weekday",0,10:49:53,"Shelf","Sitting","Resting",NA,45,0,"Inactive"
"4077",2023-11-05,"Bernie","Baseline Weekday",0,10:50:08,"Shelf","Sitting","Resting",NA,0,0,"Inactive"
"4078",2023-11-05,"Bernie","Baseline Weekday",0,10:50:23,"Shelf","Sitting","Resting",NA,15,0,"Inactive"
"4079",2023-11-05,"Bernie","Baseline Weekday",0,10:50:38,"Shelf","Sitting","Resting",NA,30,0,"Inactive"
"4080",2023-11-05,"Bernie","Baseline Weekday",0,10:50:53,"Shelf","Sitting","Resting",NA,45,0,"Inactive"
"4081",2023-11-05,"Bernie","Baseline Weekday",0,10:51:08,"6","Sitting","Drinking",NA,0,0,"Active"
"4082",2023-11-05,"Bernie","Baseline Weekday",0,10:51:23,"4","Sitting","Drinking",NA,15,0,"Active"
"4083",2023-11-05,"Bernie","Baseline Weekday",0,10:51:38,"4","Sitting","Drinking",NA,30,0,"Active"
"4084",2023-11-05,"Bernie","Baseline Weekday",0,10:51:53,"4","Sitting","Drinking",NA,45,0,"Active"
"4085",2023-11-05,"Bernie","Baseline Weekday",0,10:52:08,"4","Sitting","Drinking",NA,0,0,"Active"
"4086",2023-11-05,"Bernie","Baseline Weekday",0,10:52:23,"4","Sitting","Drinking",NA,15,0,"Active"
"4087",2023-11-05,"Bernie","Baseline Weekday",0,10:52:38,"6","Standing","Locomotion",NA,30,0,"Active"
"4088",2023-11-05,"Bernie","Baseline Weekday",0,10:52:53,"3","Standing","Locomotion","Puzzle Toys",45,0,"Active"
"4089",2023-11-05,"Bernie","Baseline Weekday",0,10:53:08,"4","Standing","Out of View",NA,0,0,"OutofView"
"4090",2023-11-05,"Bernie","Baseline Weekday",0,10:53:23,"4","Out of View","Out of View",NA,15,0,"OutofView"
"4091",2023-11-05,"Bernie","Baseline Weekday",0,10:53:38,"4","Out of View","Out of View",NA,30,0,"OutofView"
"4092",2023-11-05,"Bernie","Baseline Weekday",0,10:53:53,"5","Standing","Locomotion",NA,45,0,"Active"
"4093",2023-11-05,"Bernie","Baseline Weekday",0,10:54:08,"6","Rearing","Pause",NA,0,0,"Inactive"
"4094",2023-11-05,"Bernie","Baseline Weekday",0,10:54:23,"4","Sitting","Drinking",NA,15,0,"Active"
"4095",2023-11-05,"Bernie","Baseline Weekday",0,10:54:38,"4","Sitting","Drinking",NA,30,0,"Active"
"4096",2023-11-05,"Bernie","Baseline Weekday",0,10:54:53,"5","Rearing","Pause",NA,45,0,"Inactive"
"4097",2023-11-05,"Bernie","Baseline Weekday",0,10:55:08,"6","Standing","Locomotion",NA,0,0,"Active"
"4098",2023-11-05,"Bernie","Baseline Weekday",0,10:55:23,"1","Standing","Locomotion",NA,15,0,"Active"
"4099",2023-11-05,"Bernie","Baseline Weekday",0,10:55:38,"5","Standing","Locomotion",NA,30,0,"Active"
"4100",2023-11-05,"Bernie","Baseline Weekday",0,10:55:53,"4","Standing","Locomotion",NA,45,0,"Active"
"4101",2023-11-11,"Bernie","Baseline Weekday",0,10:23:55,"5","Rearing","Locomotion",NA,45,0,"Active"
"4102",2023-11-11,"Bernie","Baseline Weekday",0,10:24:10,"5","Standing","Pause",NA,0,0,"Inactive"
"4103",2023-11-11,"Bernie","Baseline Weekday",0,10:24:25,"6","Sitting","Pause",NA,15,0,"Inactive"
"4104",2023-11-11,"Bernie","Baseline Weekday",0,10:24:40,"6","Sitting","Eating",NA,30,0,"Active"
"4105",2023-11-11,"Bernie","Baseline Weekday",0,10:24:55,"6","Sitting","Pause",NA,45,0,"Inactive"
"4106",2023-11-11,"Bernie","Baseline Weekday",0,10:25:10,"6","Sitting","Resting",NA,0,0,"Inactive"
"4107",2023-11-11,"Bernie","Baseline Weekday",0,10:25:25,"5","Sitting","Resting",NA,15,0,"Inactive"
"4108",2023-11-11,"Bernie","Baseline Weekday",0,10:25:40,"5","Sitting","Pause",NA,30,0,"Inactive"
"4109",2023-11-11,"Bernie","Baseline Weekday",0,10:25:55,"5","Sitting","Drinking",NA,45,0,"Active"
"4110",2023-11-11,"Bernie","Baseline Weekday",0,10:26:10,"5","Sitting","Drinking",NA,0,0,"Active"
"4111",2023-11-11,"Bernie","Baseline Weekday",0,10:26:25,"5","Sitting","Pause",NA,15,0,"Inactive"
"4112",2023-11-11,"Bernie","Baseline Weekday",0,10:26:40,"5","Sitting","Pause",NA,30,0,"Inactive"
"4113",2023-11-11,"Bernie","Baseline Weekday",0,10:26:55,"1","Standing","Locomotion",NA,45,0,"Active"
"4114",2023-11-11,"Bernie","Baseline Weekday",0,10:27:10,"5","Out of View","Drinking",NA,0,0,"Active"
"4115",2023-11-11,"Bernie","Baseline Weekday",0,10:27:25,"5","Rearing","Pause",NA,15,0,"Inactive"
"4116",2023-11-11,"Bernie","Baseline Weekday",0,10:27:40,"4","Standing","Locomotion",NA,30,0,"Active"
"4117",2023-11-11,"Bernie","Baseline Weekday",0,10:27:55,"6","Sitting","Eating",NA,45,0,"Active"
"4118",2023-11-11,"Bernie","Baseline Weekday",0,10:28:10,"6","Sitting","Pause",NA,0,0,"Inactive"
"4119",2023-11-11,"Bernie","Baseline Weekday",0,10:28:25,"3","Standing","Locomotion",NA,15,0,"Active"
"4120",2023-11-11,"Bernie","Baseline Weekday",0,10:28:40,"6","Sitting","Eating",NA,30,0,"Active"
"4121",2023-11-11,"Bernie","Baseline Weekday",0,10:28:55,"6","Sitting","Eating",NA,45,0,"Active"
"4122",2023-11-11,"Bernie","Baseline Weekday",0,10:29:10,"6","Sitting","Eating",NA,0,0,"Active"
"4123",2023-11-11,"Bernie","Baseline Weekday",0,10:29:25,"5","Standing","Locomotion",NA,15,0,"Active"
"4124",2023-11-11,"Bernie","Baseline Weekday",0,10:29:40,"6","Standing","Locomotion",NA,30,0,"Active"
"4125",2023-11-11,"Bernie","Baseline Weekday",0,10:29:55,"Shelf","Sitting","Resting",NA,45,0,"Inactive"
"4126",2023-11-11,"Bernie","Baseline Weekday",0,10:30:10,"Shelf","Sitting","Resting",NA,0,0,"Inactive"
"4127",2023-11-11,"Bernie","Baseline Weekday",0,10:30:25,"Shelf","Sitting","Resting",NA,15,0,"Inactive"
"4128",2023-11-11,"Bernie","Baseline Weekday",0,10:30:40,"Shelf","Sitting","Resting",NA,30,0,"Inactive"
"4129",2023-11-11,"Bernie","Baseline Weekday",0,10:30:55,"5","Sitting","Drinking",NA,45,0,"Active"
"4130",2023-11-11,"Bernie","Baseline Weekday",0,10:31:10,"5","Sitting","Drinking",NA,0,0,"Active"
"4131",2023-11-11,"Bernie","Baseline Weekday",0,10:31:25,"5","Standing","Locomotion",NA,15,0,"Active"
"4132",2023-11-11,"Bernie","Baseline Weekday",0,10:31:40,"5","Rearing","Pause",NA,30,0,"Inactive"
"4133",2023-11-11,"Bernie","Baseline Weekday",0,10:31:55,"Fence","Standing","Pause",NA,45,0,"Inactive"
"4134",2023-11-11,"Bernie","Baseline Weekday",0,10:32:10,"5","Standing","Locomotion",NA,0,0,"Active"
"4135",2023-11-11,"Bernie","Baseline Weekday",0,10:32:25,"5","Standing","Locomotion",NA,15,0,"Active"
"4136",2023-11-11,"Bernie","Baseline Weekday",0,10:32:40,"2","Standing","Locomotion",NA,30,0,"Active"
"4137",2023-11-11,"Bernie","Baseline Weekday",0,10:32:55,"Shelf","Sitting","Resting",NA,45,0,"Inactive"
"4138",2023-11-11,"Bernie","Baseline Weekday",0,10:33:10,"3","Standing","Locomotion",NA,0,0,"Active"
"4139",2023-11-11,"Bernie","Baseline Weekday",0,10:33:25,"Fence","Standing","Pause",NA,15,0,"Inactive"
"4140",2023-11-11,"Bernie","Baseline Weekday",0,10:33:40,"3","Standing","Locomotion",NA,30,0,"Active"
"4141",2023-11-11,"Bernie","Baseline Weekday",0,10:33:55,"Out of View","Out of View","Out of View",NA,45,0,"OutofView"
"4142",2023-11-11,"Bernie","Baseline Weekday",0,10:34:10,"Out of View","Out of View","Out of View",NA,0,0,"OutofView"
"4143",2023-11-11,"Bernie","Baseline Weekday",0,10:34:25,"Out of View","Out of View","Out of View",NA,15,0,"OutofView"
"4144",2023-11-11,"Bernie","Baseline Weekday",0,10:34:40,"Out of View","Out of View","Out of View",NA,30,0,"OutofView"
"4145",2023-11-11,"Bernie","Baseline Weekday",0,10:34:55,"5","Out of View","Drinking",NA,45,0,"Active"
"4146",2023-11-11,"Bernie","Baseline Weekday",0,10:35:10,"5","Out of View","Drinking",NA,0,0,"Active"
"4147",2023-11-11,"Bernie","Baseline Weekday",0,10:35:25,"5","Out of View","Drinking",NA,15,0,"Active"
"4148",2023-11-11,"Bernie","Baseline Weekday",0,10:35:40,"5","Out of View","Drinking",NA,30,0,"Active"
"4149",2023-11-11,"Bernie","Baseline Weekday",0,10:35:55,"6","Sitting","Eating",NA,45,0,"Active"
"4150",2023-11-11,"Bernie","Baseline Weekday",0,10:36:10,"6","Sitting","Eating",NA,0,0,"Active"
"4151",2023-11-11,"Bernie","Baseline Weekday",0,10:36:25,"6","Sitting","Pause",NA,15,0,"Inactive"
"4152",2023-11-11,"Bernie","Baseline Weekday",0,10:36:40,"6","Sitting","Pause",NA,30,0,"Inactive"
"4153",2023-11-11,"Bernie","Baseline Weekday",0,10:36:55,"6","Sitting","Eating",NA,45,0,"Active"
"4154",2023-11-11,"Bernie","Baseline Weekday",0,10:37:10,"6","Sitting","Eating",NA,0,0,"Active"
"4155",2023-11-11,"Bernie","Baseline Weekday",0,10:37:25,"6","Standing","Locomotion",NA,15,0,"Active"
"4156",2023-11-11,"Bernie","Baseline Weekday",0,10:37:40,"5","Rearing","Pause",NA,30,0,"Inactive"
"4157",2023-11-11,"Bernie","Baseline Weekday",0,10:37:55,"3","Out of View","Drinking",NA,45,0,"Active"
"4158",2023-11-11,"Bernie","Baseline Weekday",0,10:38:10,"3","Out of View","Drinking",NA,0,0,"Active"
"4159",2023-11-11,"Bernie","Baseline Weekday",0,10:38:25,"3","Out of View","Drinking",NA,15,0,"Active"
"4160",2023-11-14,"Bernie","Intervention Weekday",240,10:03:17,"6","Sitting","Eating",NA,45,120,"Active"
"4161",2023-11-14,"Bernie","Intervention Weekday",240,10:03:32,"6","Sitting","Eating",NA,0,135,"Active"
"4162",2023-11-14,"Bernie","Intervention Weekday",240,10:03:47,"6","Sitting","Eating",NA,15,150,"Active"
"4163",2023-11-14,"Bernie","Intervention Weekday",240,10:04:02,"6","Sitting","Manipulating Object","Feeder",30,165,"Active"
"4164",2023-11-14,"Bernie","Intervention Weekday",240,10:04:17,"3","Standing","Locomotion",NA,45,180,"Active"
"4165",2023-11-14,"Bernie","Intervention Weekday",240,10:04:32,"Shelf","Sitting","Resting",NA,0,195,"Inactive"
"4166",2023-11-14,"Bernie","Intervention Weekday",240,10:04:47,"Shelf","Sitting","Resting",NA,15,210,"Inactive"
"4167",2023-11-14,"Bernie","Intervention Weekday",240,10:05:02,"Shelf","Sitting","Resting",NA,30,225,"Inactive"
"4168",2023-11-14,"Bernie","Intervention Weekday",240,10:05:17,"Shelf","Sitting","Resting",NA,45,240,"Inactive"
"4169",2023-11-14,"Bernie","Intervention Weekday",240,10:05:32,"4","Standing","Locomotion",NA,0,0,"Active"
"4170",2023-11-14,"Bernie","Intervention Weekday",240,10:05:47,"Shelf","Sitting","Resting",NA,15,15,"Inactive"
"4171",2023-11-14,"Bernie","Intervention Weekday",240,10:06:02,"Shelf","Sitting","Resting",NA,30,30,"Inactive"
"4172",2023-11-14,"Bernie","Intervention Weekday",240,10:06:17,"Shelf","Lying Down","Resting",NA,45,45,"Inactive"
"4173",2023-11-14,"Bernie","Intervention Weekday",240,10:06:32,"Shelf","Lying Down","Resting",NA,0,60,"Inactive"
"4174",2023-11-14,"Bernie","Intervention Weekday",240,10:06:47,"Shelf","Lying Down","Resting",NA,15,75,"Inactive"
"4175",2023-11-14,"Bernie","Intervention Weekday",240,10:07:02,"Shelf","Lying Down","Resting",NA,30,90,"Inactive"
"4176",2023-11-14,"Bernie","Intervention Weekday",240,10:07:17,"6","Sitting","Eating",NA,45,105,"Active"
"4177",2023-11-14,"Bernie","Intervention Weekday",240,10:07:32,"1","Standing","Locomotion",NA,0,120,"Active"
"4178",2023-11-14,"Bernie","Intervention Weekday",240,10:07:47,"3","Standing","Locomotion",NA,15,135,"Active"
"4179",2023-11-14,"Bernie","Intervention Weekday",240,10:08:02,"6","Standing","Locomotion",NA,30,150,"Active"
"4180",2023-11-14,"Bernie","Intervention Weekday",240,10:08:17,"4","Standing","Locomotion",NA,45,165,"Active"
"4181",2023-11-14,"Bernie","Intervention Weekday",240,10:08:32,"Shelf","Lying Down","Resting",NA,0,180,"Inactive"
"4182",2023-11-14,"Bernie","Intervention Weekday",240,10:08:47,"Shelf","Lying Down","Resting",NA,15,195,"Inactive"
"4183",2023-11-14,"Bernie","Intervention Weekday",240,10:09:02,"Shelf","Lying Down","Resting",NA,30,210,"Inactive"
"4184",2023-11-14,"Bernie","Intervention Weekday",240,10:09:17,"Shelf","Lying Down","Resting",NA,45,225,"Inactive"
"4185",2023-11-14,"Bernie","Intervention Weekday",240,10:09:32,"Shelf","Lying Down","Resting",NA,0,240,"Inactive"
"4186",2023-11-14,"Bernie","Intervention Weekday",240,10:09:47,"Shelf","Lying Down","Resting",NA,15,0,"Inactive"
"4187",2023-11-14,"Bernie","Intervention Weekday",240,10:10:02,"Shelf","Lying Down","Resting",NA,30,15,"Inactive"
"4188",2023-11-14,"Bernie","Intervention Weekday",240,10:10:17,"Shelf","Lying Down","Resting",NA,45,30,"Inactive"
"4189",2023-11-14,"Bernie","Intervention Weekday",240,10:10:32,"Shelf","Lying Down","Resting",NA,0,45,"Inactive"
"4190",2023-11-14,"Bernie","Intervention Weekday",240,10:10:47,"Shelf","Lying Down","Resting",NA,15,60,"Inactive"
"4191",2023-11-14,"Bernie","Intervention Weekday",240,10:11:02,"Shelf","Lying Down","Resting",NA,30,75,"Inactive"
"4192",2023-11-14,"Bernie","Intervention Weekday",240,10:11:17,"6","Sitting","Eating",NA,45,90,"Active"
"4193",2023-11-14,"Bernie","Intervention Weekday",240,10:11:32,"6","Sitting","Eating",NA,0,105,"Active"
"4194",2023-11-14,"Bernie","Intervention Weekday",240,10:11:47,"6","Sitting","Eating",NA,15,120,"Active"
"4195",2023-11-14,"Bernie","Intervention Weekday",240,10:12:02,"6","Sitting","Eating",NA,30,135,"Active"
"4196",2023-11-14,"Bernie","Intervention Weekday",240,10:12:17,"6","Sitting","Eating",NA,45,150,"Active"
"4197",2023-11-14,"Bernie","Intervention Weekday",240,10:12:32,"4","Standing","Drinking",NA,0,165,"Active"
"4198",2023-11-14,"Bernie","Intervention Weekday",240,10:12:47,"4","Sitting","Drinking",NA,15,180,"Active"
"4199",2023-11-14,"Bernie","Intervention Weekday",240,10:13:02,"4","Sitting","Drinking",NA,30,195,"Active"
"4200",2023-11-14,"Bernie","Intervention Weekday",240,10:13:17,"4","Sitting","Drinking",NA,45,210,"Active"
"4201",2023-11-14,"Bernie","Intervention Weekday",240,10:13:32,"5","Standing","Locomotion",NA,0,225,"Active"
"4202",2023-11-14,"Bernie","Intervention Weekday",240,10:13:47,"Fence","Standing","Locomotion",NA,15,240,"Active"
"4203",2023-11-14,"Bernie","Intervention Weekday",240,10:14:02,"4","Standing","Locomotion",NA,30,0,"Active"
"4204",2023-11-14,"Bernie","Intervention Weekday",240,10:14:17,"Shelf","Out of View","Out of View",NA,45,15,"OutofView"
"4205",2023-11-14,"Bernie","Intervention Weekday",240,10:14:32,"Shelf","Sitting","Resting",NA,0,30,"Inactive"
"4206",2023-11-14,"Bernie","Intervention Weekday",240,10:14:47,"6","Standing","Locomotion",NA,15,45,"Active"
"4207",2023-11-14,"Bernie","Intervention Weekday",240,10:15:02,"5","Rearing","Locomotion",NA,30,60,"Active"
"4208",2023-11-14,"Bernie","Intervention Weekday",240,10:15:17,"6","Sitting","Eating",NA,45,75,"Active"
"4209",2023-11-14,"Bernie","Intervention Weekday",240,10:15:32,"6","Sitting","Eating",NA,0,90,"Active"
"4210",2023-11-14,"Bernie","Intervention Weekday",240,10:15:47,"6","Standing","Locomotion",NA,15,105,"Active"
"4211",2023-11-14,"Bernie","Intervention Weekday",240,10:16:02,"Shelf","Sitting","Resting",NA,30,120,"Inactive"
"4212",2023-11-14,"Bernie","Intervention Weekday",240,10:16:17,"Shelf","Sitting","Resting",NA,45,135,"Inactive"
"4213",2023-11-14,"Bernie","Intervention Weekday",240,10:16:32,"Shelf","Lying Down","Resting",NA,0,150,"Inactive"
"4214",2023-11-14,"Bernie","Intervention Weekday",240,10:16:47,"Shelf","Lying Down","Resting",NA,15,165,"Inactive"
"4215",2023-11-14,"Bernie","Intervention Weekday",240,10:17:02,"Shelf","Lying Down","Resting",NA,30,180,"Inactive"
"4216",2023-11-14,"Bernie","Intervention Weekday",240,10:17:17,"Shelf","Lying Down","Resting",NA,45,195,"Inactive"
"4217",2023-11-14,"Bernie","Intervention Weekday",240,10:17:32,"Shelf","Lying Down","Resting",NA,0,210,"Inactive"
"4218",2023-11-14,"Bernie","Intervention Weekday",240,10:17:47,"Shelf","Lying Down","Resting",NA,15,225,"Inactive"
"4219",2023-11-16,"Bernie","Intervention Weekday",240,09:53:38,"Shelf","Lying Down","Resting",NA,45,120,"Inactive"
"4220",2023-11-16,"Bernie","Intervention Weekday",240,09:53:53,"Shelf","Lying Down","Resting",NA,0,135,"Inactive"
"4221",2023-11-16,"Bernie","Intervention Weekday",240,09:54:08,"Shelf","Lying Down","Resting",NA,15,150,"Inactive"
"4222",2023-11-16,"Bernie","Intervention Weekday",240,09:54:23,"Shelf","Lying Down","Resting",NA,30,165,"Inactive"
"4223",2023-11-16,"Bernie","Intervention Weekday",240,09:54:38,"6","Standing","Locomotion",NA,45,180,"Active"
"4224",2023-11-16,"Bernie","Intervention Weekday",240,09:54:53,"6","Rearing","Locomotion",NA,0,195,"Active"
"4225",2023-11-16,"Bernie","Intervention Weekday",240,09:55:08,"6","Rearing","Locomotion",NA,15,210,"Active"
"4226",2023-11-16,"Bernie","Intervention Weekday",240,09:55:23,"4","Standing","Locomotion",NA,30,225,"Active"
"4227",2023-11-16,"Bernie","Intervention Weekday",240,09:55:38,"6","Standing","Locomotion",NA,45,240,"Active"
"4228",2023-11-16,"Bernie","Intervention Weekday",240,09:55:53,"Fence","Standing","Pause",NA,0,0,"Inactive"
"4229",2023-11-16,"Bernie","Intervention Weekday",240,09:56:08,"4","Standing","Locomotion",NA,15,15,"Active"
"4230",2023-11-16,"Bernie","Intervention Weekday",240,09:56:23,"6","Rearing","Locomotion",NA,30,30,"Active"
"4231",2023-11-16,"Bernie","Intervention Weekday",240,09:56:38,"6","Rearing","Locomotion",NA,45,45,"Active"
"4232",2023-11-16,"Bernie","Intervention Weekday",240,09:56:53,"Fence","Standing","Locomotion",NA,0,60,"Active"
"4233",2023-11-16,"Bernie","Intervention Weekday",240,09:57:08,"6","Standing","Locomotion",NA,15,75,"Active"
"4234",2023-11-16,"Bernie","Intervention Weekday",240,09:57:23,"Shelf","Sitting","Resting",NA,30,90,"Inactive"
"4235",2023-11-16,"Bernie","Intervention Weekday",240,09:57:38,"6","Standing","Locomotion",NA,45,105,"Active"
"4236",2023-11-16,"Bernie","Intervention Weekday",240,09:57:53,"1","Standing","Locomotion",NA,0,120,"Active"
"4237",2023-11-16,"Bernie","Intervention Weekday",240,09:58:08,"Shelf","Out of View","Out of View",NA,15,135,"OutofView"
"4238",2023-11-16,"Bernie","Intervention Weekday",240,09:58:23,"Fence","Standing","Locomotion",NA,30,150,"Active"
"4239",2023-11-16,"Bernie","Intervention Weekday",240,09:58:38,"5","Rearing","Locomotion",NA,45,165,"Active"
"4240",2023-11-16,"Bernie","Intervention Weekday",240,09:58:53,"5","Rearing","Locomotion",NA,0,180,"Active"
"4241",2023-11-16,"Bernie","Intervention Weekday",240,09:59:08,"2","Standing","Locomotion",NA,15,195,"Active"
"4242",2023-11-16,"Bernie","Intervention Weekday",240,09:59:23,"Shelf","Sitting","Resting",NA,30,210,"Inactive"
"4243",2023-11-16,"Bernie","Intervention Weekday",240,09:59:38,"6","Rearing","Pause",NA,45,225,"Inactive"
"4244",2023-11-16,"Bernie","Intervention Weekday",240,09:59:53,"6","Standing","Locomotion",NA,0,240,"Active"
"4245",2023-11-16,"Bernie","Intervention Weekday",240,10:00:08,"6","Rearing","Locomotion",NA,15,0,"Active"
"4246",2023-11-16,"Bernie","Intervention Weekday",240,10:00:23,"Shelf","Sitting","Resting",NA,30,15,"Inactive"
"4247",2023-11-16,"Bernie","Intervention Weekday",240,10:00:38,"Shelf","Sitting","Resting",NA,45,30,"Inactive"
"4248",2023-11-16,"Bernie","Intervention Weekday",240,10:00:53,"Fence","Standing","Locomotion",NA,0,45,"Active"
"4249",2023-11-16,"Bernie","Intervention Weekday",240,10:01:08,"Fence","Standing","Locomotion",NA,15,60,"Active"
"4250",2023-11-16,"Bernie","Intervention Weekday",240,10:01:23,"Shelf","Standing","Locomotion",NA,30,75,"Active"
"4251",2023-11-16,"Bernie","Intervention Weekday",240,10:01:38,"Shelf","Sitting","Resting",NA,45,90,"Inactive"
"4252",2023-11-16,"Bernie","Intervention Weekday",240,10:01:53,"Shelf","Sitting","Resting",NA,0,105,"Inactive"
"4253",2023-11-16,"Bernie","Intervention Weekday",240,10:02:08,"Shelf","Lying Down","Resting",NA,15,120,"Inactive"
"4254",2023-11-16,"Bernie","Intervention Weekday",240,10:02:23,"Shelf","Lying Down","Resting",NA,30,135,"Inactive"
"4255",2023-11-16,"Bernie","Intervention Weekday",240,10:02:38,"Shelf","Lying Down","Resting",NA,45,150,"Inactive"
"4256",2023-11-16,"Bernie","Intervention Weekday",240,10:02:53,"Shelf","Lying Down","Resting",NA,0,165,"Inactive"
"4257",2023-11-16,"Bernie","Intervention Weekday",240,10:03:08,"Shelf","Lying Down","Resting",NA,15,180,"Inactive"
"4258",2023-11-16,"Bernie","Intervention Weekday",240,10:03:23,"Shelf","Out of View","Out of View",NA,30,195,"OutofView"
"4259",2023-11-16,"Bernie","Intervention Weekday",240,10:03:38,"Shelf","Sitting","Resting",NA,45,210,"Inactive"
"4260",2023-11-16,"Bernie","Intervention Weekday",240,10:03:53,"Shelf","Sitting","Resting",NA,0,225,"Inactive"
"4261",2023-11-16,"Bernie","Intervention Weekday",240,10:04:08,"6","Rearing","Pause",NA,15,240,"Inactive"
"4262",2023-11-16,"Bernie","Intervention Weekday",240,10:04:23,"Fence","Standing","Pause",NA,30,0,"Inactive"
"4263",2023-11-16,"Bernie","Intervention Weekday",240,10:04:38,"6","Sitting","Eating",NA,45,15,"Active"
"4264",2023-11-16,"Bernie","Intervention Weekday",240,10:04:53,"6","Sitting","Eating",NA,0,30,"Active"
"4265",2023-11-16,"Bernie","Intervention Weekday",240,10:05:08,"6","Sitting","Eating",NA,15,45,"Active"
"4266",2023-11-16,"Bernie","Intervention Weekday",240,10:05:23,"6","Sitting","Eating",NA,30,60,"Active"
"4267",2023-11-16,"Bernie","Intervention Weekday",240,10:05:38,"6","Sitting","Eating",NA,45,75,"Active"
"4268",2023-11-16,"Bernie","Intervention Weekday",240,10:05:53,"6","Sitting","Eating",NA,0,90,"Active"
"4269",2023-11-16,"Bernie","Intervention Weekday",240,10:06:08,"6","Sitting","Eating",NA,15,105,"Active"
"4270",2023-11-16,"Bernie","Intervention Weekday",240,10:06:23,"6","Sitting","Pause",NA,30,120,"Inactive"
"4271",2023-11-16,"Bernie","Intervention Weekday",240,10:06:38,"Fence","Standing","Locomotion",NA,45,135,"Active"
"4272",2023-11-16,"Bernie","Intervention Weekday",240,10:06:53,"6","Standing","Locomotion",NA,0,150,"Active"
"4273",2023-11-16,"Bernie","Intervention Weekday",240,10:07:08,"6","Sitting","Drinking",NA,15,165,"Active"
"4274",2023-11-16,"Bernie","Intervention Weekday",240,10:07:23,"Fence","Standing","Pause",NA,30,180,"Inactive"
"4275",2023-11-16,"Bernie","Intervention Weekday",240,10:07:38,"6","Sitting","Drinking",NA,45,195,"Active"
"4276",2023-11-16,"Bernie","Intervention Weekday",240,10:07:53,"6","Rearing","Locomotion",NA,0,210,"Active"
"4277",2023-11-16,"Bernie","Intervention Weekday",240,10:08:08,"6","Standing","Locomotion",NA,15,225,"Active"
"4278",2023-11-22,"Bernie","Baseline Weekday",0,11:27:06,"4","Sitting","Drinking",NA,45,0,"Active"
"4279",2023-11-22,"Bernie","Baseline Weekday",0,11:27:21,"4","Sitting","Pause",NA,0,0,"Inactive"
"4280",2023-11-22,"Bernie","Baseline Weekday",0,11:27:36,"4","Sitting","Drinking",NA,15,0,"Active"
"4281",2023-11-22,"Bernie","Baseline Weekday",0,11:27:51,"4","Sitting","Drinking",NA,30,0,"Active"
"4282",2023-11-22,"Bernie","Baseline Weekday",0,11:28:06,"4","Sitting","Drinking",NA,45,0,"Active"
"4283",2023-11-22,"Bernie","Baseline Weekday",0,11:28:21,"4","Sitting","Pause",NA,0,0,"Inactive"
"4284",2023-11-22,"Bernie","Baseline Weekday",0,11:28:36,"Out of View","Out of View","Out of View",NA,15,0,"OutofView"
"4285",2023-11-22,"Bernie","Baseline Weekday",0,11:28:51,"Out of View","Out of View","Out of View",NA,30,0,"OutofView"
"4286",2023-11-22,"Bernie","Baseline Weekday",0,11:29:06,"Shelf","Sitting","Resting",NA,45,0,"Inactive"
"4287",2023-11-22,"Bernie","Baseline Weekday",0,11:29:21,"Shelf","Sitting","Resting",NA,0,0,"Inactive"
"4288",2023-11-22,"Bernie","Baseline Weekday",0,11:29:36,"Shelf","Sitting","Resting",NA,15,0,"Inactive"
"4289",2023-11-22,"Bernie","Baseline Weekday",0,11:29:51,"Shelf","Sitting","Resting",NA,30,0,"Inactive"
"4290",2023-11-22,"Bernie","Baseline Weekday",0,11:30:06,"Out of View","Out of View","Out of View",NA,45,0,"OutofView"
"4291",2023-11-22,"Bernie","Baseline Weekday",0,11:30:21,"Out of View","Out of View","Out of View",NA,0,0,"OutofView"
"4292",2023-11-22,"Bernie","Baseline Weekday",0,11:30:36,"Out of View","Out of View","Out of View",NA,15,0,"OutofView"
"4293",2023-11-22,"Bernie","Baseline Weekday",0,11:30:51,"Out of View","Out of View","Out of View",NA,30,0,"OutofView"
"4294",2023-11-22,"Bernie","Baseline Weekday",0,11:31:06,"Out of View","Out of View","Out of View",NA,45,0,"OutofView"
"4295",2023-11-22,"Bernie","Baseline Weekday",0,11:31:21,"Out of View","Out of View","Out of View",NA,0,0,"OutofView"
"4296",2023-11-22,"Bernie","Baseline Weekday",0,11:31:36,"Out of View","Out of View","Out of View",NA,15,0,"OutofView"
"4297",2023-11-22,"Bernie","Baseline Weekday",0,11:31:51,"Out of View","Out of View","Out of View",NA,30,0,"OutofView"
"4298",2023-11-22,"Bernie","Baseline Weekday",0,11:32:06,"Out of View","Out of View","Out of View",NA,45,0,"OutofView"
"4299",2023-11-22,"Bernie","Baseline Weekday",0,11:32:21,"Out of View","Out of View","Out of View",NA,0,0,"OutofView"
"4300",2023-11-22,"Bernie","Baseline Weekday",0,11:32:36,"Out of View","Out of View","Out of View",NA,15,0,"OutofView"
"4301",2023-11-22,"Bernie","Baseline Weekday",0,11:32:51,"Out of View","Out of View","Out of View",NA,30,0,"OutofView"
"4302",2023-11-22,"Bernie","Baseline Weekday",0,11:33:06,"Out of View","Out of View","Out of View",NA,45,0,"OutofView"
"4303",2023-11-22,"Bernie","Baseline Weekday",0,11:33:21,"Out of View","Out of View","Out of View",NA,0,0,"OutofView"
"4304",2023-11-22,"Bernie","Baseline Weekday",0,11:33:36,"Out of View","Out of View","Out of View",NA,15,0,"OutofView"
"4305",2023-11-22,"Bernie","Baseline Weekday",0,11:33:51,"Out of View","Out of View","Out of View",NA,30,0,"OutofView"
"4306",2023-11-22,"Bernie","Baseline Weekday",0,11:34:06,"Out of View","Out of View","Out of View",NA,45,0,"OutofView"
"4307",2023-11-22,"Bernie","Baseline Weekday",0,11:34:21,"Out of View","Out of View","Out of View",NA,0,0,"OutofView"
"4308",2023-11-22,"Bernie","Baseline Weekday",0,11:34:36,"Out of View","Out of View","Out of View",NA,15,0,"OutofView"
"4309",2023-11-22,"Bernie","Baseline Weekday",0,11:34:51,"Out of View","Out of View","Out of View",NA,30,0,"OutofView"
"4310",2023-11-22,"Bernie","Baseline Weekday",0,11:35:06,"Out of View","Out of View","Out of View",NA,45,0,"OutofView"
"4311",2023-11-22,"Bernie","Baseline Weekday",0,11:35:21,"Out of View","Out of View","Out of View",NA,0,0,"OutofView"
"4312",2023-11-22,"Bernie","Baseline Weekday",0,11:35:36,"Out of View","Out of View","Out of View",NA,15,0,"OutofView"
"4313",2023-11-22,"Bernie","Baseline Weekday",0,11:35:51,"Out of View","Out of View","Out of View",NA,30,0,"OutofView"
"4314",2023-11-22,"Bernie","Baseline Weekday",0,11:36:06,"Out of View","Out of View","Out of View",NA,45,0,"OutofView"
"4315",2023-11-22,"Bernie","Baseline Weekday",0,11:36:21,"Out of View","Out of View","Out of View",NA,0,0,"OutofView"
"4316",2023-11-22,"Bernie","Baseline Weekday",0,11:36:36,"Out of View","Out of View","Out of View",NA,15,0,"OutofView"
"4317",2023-11-22,"Bernie","Baseline Weekday",0,11:36:51,"Out of View","Out of View","Out of View",NA,30,0,"OutofView"
"4318",2023-11-22,"Bernie","Baseline Weekday",0,11:37:06,"Out of View","Out of View","Out of View",NA,45,0,"OutofView"
"4319",2023-11-22,"Bernie","Baseline Weekday",0,11:37:21,"Out of View","Out of View","Out of View",NA,0,0,"OutofView"
"4320",2023-11-22,"Bernie","Baseline Weekday",0,11:37:36,"Out of View","Out of View","Out of View",NA,15,0,"OutofView"
"4321",2023-11-22,"Bernie","Baseline Weekday",0,11:37:51,"Out of View","Out of View","Out of View",NA,30,0,"OutofView"
"4322",2023-11-22,"Bernie","Baseline Weekday",0,11:38:06,"Out of View","Out of View","Out of View",NA,45,0,"OutofView"
"4323",2023-11-22,"Bernie","Baseline Weekday",0,11:38:21,"Out of View","Out of View","Out of View",NA,0,0,"OutofView"
"4324",2023-11-22,"Bernie","Baseline Weekday",0,11:38:36,"Out of View","Out of View","Out of View",NA,15,0,"OutofView"
"4325",2023-11-22,"Bernie","Baseline Weekday",0,11:38:51,"Out of View","Out of View","Out of View",NA,30,0,"OutofView"
"4326",2023-11-22,"Bernie","Baseline Weekday",0,11:39:06,"Out of View","Out of View","Out of View",NA,45,0,"OutofView"
"4327",2023-11-22,"Bernie","Baseline Weekday",0,11:39:21,"Out of View","Out of View","Out of View",NA,0,0,"OutofView"
"4328",2023-11-22,"Bernie","Baseline Weekday",0,11:39:36,"Out of View","Out of View","Out of View",NA,15,0,"OutofView"
"4329",2023-11-22,"Bernie","Baseline Weekday",0,11:39:51,"Out of View","Out of View","Out of View",NA,30,0,"OutofView"
"4330",2023-11-22,"Bernie","Baseline Weekday",0,11:40:06,"Out of View","Out of View","Out of View",NA,45,0,"OutofView"
"4331",2023-11-22,"Bernie","Baseline Weekday",0,11:40:21,"Out of View","Out of View","Out of View",NA,0,0,"OutofView"
"4332",2023-11-22,"Bernie","Baseline Weekday",0,11:40:36,"Out of View","Out of View","Out of View",NA,15,0,"OutofView"
"4333",2023-11-22,"Bernie","Baseline Weekday",0,11:40:51,"Out of View","Out of View","Out of View",NA,30,0,"OutofView"
"4334",2023-11-22,"Bernie","Baseline Weekday",0,11:41:06,"Out of View","Out of View","Out of View",NA,45,0,"OutofView"
"4335",2023-11-22,"Bernie","Baseline Weekday",0,11:41:21,"Out of View","Out of View","Out of View",NA,0,0,"OutofView"
"4336",2023-11-22,"Bernie","Baseline Weekday",0,11:41:36,"Out of View","Out of View","Out of View",NA,15,0,"OutofView"
"4337",2023-11-25,"Bernie","Baseline Weekend",0,11:09:46,"6","Sitting","Eating",NA,45,0,"Active"
"4338",2023-11-25,"Bernie","Baseline Weekend",0,11:10:01,"6","Sitting","Eating",NA,0,0,"Active"
"4339",2023-11-25,"Bernie","Baseline Weekend",0,11:10:16,"6","Sitting","Eating",NA,15,0,"Active"
"4340",2023-11-25,"Bernie","Baseline Weekend",0,11:10:31,"5","Rearing","Pause",NA,30,0,"Inactive"
"4341",2023-11-25,"Bernie","Baseline Weekend",0,11:10:46,"5","Rearing","Pause",NA,45,0,"Inactive"
"4342",2023-11-25,"Bernie","Baseline Weekend",0,11:11:01,"6","Sitting","Eating",NA,0,0,"Active"
"4343",2023-11-25,"Bernie","Baseline Weekend",0,11:11:16,"6","Sitting","Eating",NA,15,0,"Active"
"4344",2023-11-25,"Bernie","Baseline Weekend",0,11:11:31,"6","Sitting","Eating",NA,30,0,"Active"
"4345",2023-11-25,"Bernie","Baseline Weekend",0,11:11:46,"6","Sitting","Eating",NA,45,0,"Active"
"4346",2023-11-25,"Bernie","Baseline Weekend",0,11:12:01,"6","Sitting","Eating",NA,0,0,"Active"
"4347",2023-11-25,"Bernie","Baseline Weekend",0,11:12:16,"6","Standing","Locomotion",NA,15,0,"Active"
"4348",2023-11-25,"Bernie","Baseline Weekend",0,11:12:31,"5","Sitting","Resting",NA,30,0,"Inactive"
"4349",2023-11-25,"Bernie","Baseline Weekend",0,11:12:46,"5","Sitting","Resting",NA,45,0,"Inactive"
"4350",2023-11-25,"Bernie","Baseline Weekend",0,11:13:01,"5","Sitting","Drinking",NA,0,0,"Active"
"4351",2023-11-25,"Bernie","Baseline Weekend",0,11:13:16,"5","Sitting","Drinking",NA,15,0,"Active"
"4352",2023-11-25,"Bernie","Baseline Weekend",0,11:13:31,"5","Sitting","Pause",NA,30,0,"Inactive"
"4353",2023-11-25,"Bernie","Baseline Weekend",0,11:13:46,"5","Sitting","Drinking",NA,45,0,"Active"
"4354",2023-11-25,"Bernie","Baseline Weekend",0,11:14:01,"5","Sitting","Drinking",NA,0,0,"Active"
"4355",2023-11-25,"Bernie","Baseline Weekend",0,11:14:16,"5","Rearing","Pause",NA,15,0,"Inactive"
"4356",2023-11-25,"Bernie","Baseline Weekend",0,11:14:31,"6","Standing","Locomotion",NA,30,0,"Active"
"4357",2023-11-25,"Bernie","Baseline Weekend",0,11:14:46,"4","Standing","Locomotion",NA,45,0,"Active"
"4358",2023-11-25,"Bernie","Baseline Weekend",0,11:15:01,"6","Sitting","Eating",NA,0,0,"Active"
"4359",2023-11-25,"Bernie","Baseline Weekend",0,11:15:16,"6","Sitting","Eating",NA,15,0,"Active"
"4360",2023-11-25,"Bernie","Baseline Weekend",0,11:15:31,"6","Sitting","Eating",NA,30,0,"Active"
"4361",2023-11-25,"Bernie","Baseline Weekend",0,11:15:46,"6","Sitting","Eating",NA,45,0,"Active"
"4362",2023-11-25,"Bernie","Baseline Weekend",0,11:16:01,"6","Sitting","Eating",NA,0,0,"Active"
"4363",2023-11-25,"Bernie","Baseline Weekend",0,11:16:16,"6","Sitting","Eating",NA,15,0,"Active"
"4364",2023-11-25,"Bernie","Baseline Weekend",0,11:16:31,"6","Sitting","Eating",NA,30,0,"Active"
"4365",2023-11-25,"Bernie","Baseline Weekend",0,11:16:46,"6","Sitting","Eating",NA,45,0,"Active"
"4366",2023-11-25,"Bernie","Baseline Weekend",0,11:17:01,"6","Sitting","Pause",NA,0,0,"Inactive"
"4367",2023-11-25,"Bernie","Baseline Weekend",0,11:17:16,"5","Sitting","Drinking",NA,15,0,"Active"
"4368",2023-11-25,"Bernie","Baseline Weekend",0,11:17:31,"5","Sitting","Drinking",NA,30,0,"Active"
"4369",2023-11-25,"Bernie","Baseline Weekend",0,11:17:46,"5","Sitting","Drinking",NA,45,0,"Active"
"4370",2023-11-25,"Bernie","Baseline Weekend",0,11:18:01,"5","Sitting","Drinking",NA,0,0,"Active"
"4371",2023-11-25,"Bernie","Baseline Weekend",0,11:18:16,"5","Sitting","Pause",NA,15,0,"Inactive"
"4372",2023-11-25,"Bernie","Baseline Weekend",0,11:18:31,"5","Sitting","Pause",NA,30,0,"Inactive"
"4373",2023-11-25,"Bernie","Baseline Weekend",0,11:18:46,"5","Sitting","Pause",NA,45,0,"Inactive"
"4374",2023-11-25,"Bernie","Baseline Weekend",0,11:19:01,"5","Sitting","Drinking",NA,0,0,"Active"
"4375",2023-11-25,"Bernie","Baseline Weekend",0,11:19:16,"5","Sitting","Pause",NA,15,0,"Inactive"
"4376",2023-11-25,"Bernie","Baseline Weekend",0,11:19:31,"5","Sitting","Pause",NA,30,0,"Inactive"
"4377",2023-11-25,"Bernie","Baseline Weekend",0,11:19:46,"5","Sitting","Pause",NA,45,0,"Inactive"
"4378",2023-11-25,"Bernie","Baseline Weekend",0,11:20:01,"6","Sitting","Eating",NA,0,0,"Active"
"4379",2023-11-25,"Bernie","Baseline Weekend",0,11:20:16,"6","Sitting","Eating",NA,15,0,"Active"
"4380",2023-11-25,"Bernie","Baseline Weekend",0,11:20:31,"6","Sitting","Eating",NA,30,0,"Active"
"4381",2023-11-25,"Bernie","Baseline Weekend",0,11:20:46,"6","Sitting","Eating",NA,45,0,"Active"
"4382",2023-11-25,"Bernie","Baseline Weekend",0,11:21:01,"6","Sitting","Pause",NA,0,0,"Inactive"
"4383",2023-11-25,"Bernie","Baseline Weekend",0,11:21:16,"5","Sitting","Pause",NA,15,0,"Inactive"
"4384",2023-11-25,"Bernie","Baseline Weekend",0,11:21:31,"5","Sitting","Pause",NA,30,0,"Inactive"
"4385",2023-11-25,"Bernie","Baseline Weekend",0,11:21:46,"5","Standing","Locomotion",NA,45,0,"Active"
"4386",2023-11-25,"Bernie","Baseline Weekend",0,11:22:01,"5","Standing","Locomotion",NA,0,0,"Active"
"4387",2023-11-25,"Bernie","Baseline Weekend",0,11:22:16,"5","Sitting","Resting",NA,15,0,"Inactive"
"4388",2023-11-25,"Bernie","Baseline Weekend",0,11:22:31,"5","Sitting","Drinking",NA,30,0,"Active"
"4389",2023-11-25,"Bernie","Baseline Weekend",0,11:22:46,"5","Sitting","Drinking",NA,45,0,"Active"
"4390",2023-11-25,"Bernie","Baseline Weekend",0,11:23:01,"5","Rearing","Pause",NA,0,0,"Inactive"
"4391",2023-11-25,"Bernie","Baseline Weekend",0,11:23:16,"6","Standing","Locomotion",NA,15,0,"Active"
"4392",2023-11-25,"Bernie","Baseline Weekend",0,11:23:31,"4","Standing","Locomotion",NA,30,0,"Active"
"4393",2023-11-25,"Bernie","Baseline Weekend",0,11:23:46,"5","Sitting","Drinking",NA,45,0,"Active"
"4394",2023-11-25,"Bernie","Baseline Weekend",0,11:24:01,"5","Sitting","Drinking",NA,0,0,"Active"
"4395",2023-11-25,"Bernie","Baseline Weekend",0,11:24:16,"5","Sitting","Drinking",NA,15,0,"Active"
"4396",2023-11-29,"Bernie","Intervention Weekday",300,09:05:26,"6","Sitting","Eating",NA,45,255,"Active"
"4397",2023-11-29,"Bernie","Intervention Weekday",300,09:05:41,"3","Standing","Locomotion",NA,0,270,"Active"
"4398",2023-11-29,"Bernie","Intervention Weekday",300,09:05:56,"6","Rearing","Pause",NA,15,285,"Inactive"
"4399",2023-11-29,"Bernie","Intervention Weekday",300,09:06:11,"6","Rearing","Pause",NA,30,300,"Inactive"
"4400",2023-11-29,"Bernie","Intervention Weekday",300,09:06:26,"6","Rearing","Pause",NA,45,0,"Inactive"
"4401",2023-11-29,"Bernie","Intervention Weekday",300,09:06:41,"Fence","Rearing","Pause",NA,0,15,"Inactive"
"4402",2023-11-29,"Bernie","Intervention Weekday",300,09:06:56,"6","Rearing","Pause",NA,15,30,"Inactive"
"4403",2023-11-29,"Bernie","Intervention Weekday",300,09:07:11,"Fence","Rearing","Pause",NA,30,45,"Inactive"
"4404",2023-11-29,"Bernie","Intervention Weekday",300,09:07:26,"6","Standing","Locomotion",NA,45,60,"Active"
"4405",2023-11-29,"Bernie","Intervention Weekday",300,09:07:41,"6","Rearing","Pause",NA,0,75,"Inactive"
"4406",2023-11-29,"Bernie","Intervention Weekday",300,09:07:56,"5","Standing","Locomotion",NA,15,90,"Active"
"4407",2023-11-29,"Bernie","Intervention Weekday",300,09:08:11,"3","Standing","Locomotion",NA,30,105,"Active"
"4408",2023-11-29,"Bernie","Intervention Weekday",300,09:08:26,"Out of View","Out of View","Out of View",NA,45,120,"OutofView"
"4409",2023-11-29,"Bernie","Intervention Weekday",300,09:08:41,"Shelf","Lying Down","Resting",NA,0,135,"Inactive"
"4410",2023-11-29,"Bernie","Intervention Weekday",300,09:08:56,"Shelf","Lying Down","Resting",NA,15,150,"Inactive"
"4411",2023-11-29,"Bernie","Intervention Weekday",300,09:09:11,"6","Rearing","Pause",NA,30,165,"Inactive"
"4412",2023-11-29,"Bernie","Intervention Weekday",300,09:09:26,"4","Standing","Drinking","Water Bowl",45,180,"Active"
"4413",2023-11-29,"Bernie","Intervention Weekday",300,09:09:41,"4","Sitting","Drinking",NA,0,195,"Active"
"4414",2023-11-29,"Bernie","Intervention Weekday",300,09:09:56,"4","Sitting","Drinking",NA,15,210,"Active"
"4415",2023-11-29,"Bernie","Intervention Weekday",300,09:10:11,"6","Rearing","Locomotion",NA,30,225,"Active"
"4416",2023-11-29,"Bernie","Intervention Weekday",300,09:10:26,"3","Standing","Locomotion",NA,45,240,"Active"
"4417",2023-11-29,"Bernie","Intervention Weekday",300,09:10:41,"4","Standing","Drinking",NA,0,255,"Active"
"4418",2023-11-29,"Bernie","Intervention Weekday",300,09:10:56,"6","Sitting","Eating",NA,15,270,"Active"
"4419",2023-11-29,"Bernie","Intervention Weekday",300,09:11:11,"6","Sitting","Eating",NA,30,285,"Active"
"4420",2023-11-29,"Bernie","Intervention Weekday",300,09:11:26,"6","Sitting","Eating",NA,45,300,"Active"
"4421",2023-11-29,"Bernie","Intervention Weekday",300,09:11:41,"6","Sitting","Eating",NA,0,0,"Active"
"4422",2023-11-29,"Bernie","Intervention Weekday",300,09:11:56,"6","Sitting","Pause",NA,15,15,"Inactive"
"4423",2023-11-29,"Bernie","Intervention Weekday",300,09:12:11,"5","Standing","Locomotion",NA,30,30,"Active"
"4424",2023-11-29,"Bernie","Intervention Weekday",300,09:12:26,"6","Sitting","Eating",NA,45,45,"Active"
"4425",2023-11-29,"Bernie","Intervention Weekday",300,09:12:41,"6","Sitting","Eating",NA,0,60,"Active"
"4426",2023-11-29,"Bernie","Intervention Weekday",300,09:12:56,"6","Rearing","Pause",NA,15,75,"Inactive"
"4427",2023-11-29,"Bernie","Intervention Weekday",300,09:13:11,"6","Rearing","Pause",NA,30,90,"Inactive"
"4428",2023-11-29,"Bernie","Intervention Weekday",300,09:13:26,"4","Standing","Drinking",NA,45,105,"Active"
"4429",2023-11-29,"Bernie","Intervention Weekday",300,09:13:41,"6","Rearing","Pause",NA,0,120,"Inactive"
"4430",2023-11-29,"Bernie","Intervention Weekday",300,09:13:56,"6","Standing","Locomotion",NA,15,135,"Active"
"4431",2023-11-29,"Bernie","Intervention Weekday",300,09:14:11,"5","Rearing","Pause",NA,30,150,"Inactive"
"4432",2023-11-29,"Bernie","Intervention Weekday",300,09:14:26,"Fence","Standing","Pause",NA,45,165,"Inactive"
"4433",2023-11-29,"Bernie","Intervention Weekday",300,09:14:41,"6","Rearing","Pause",NA,0,180,"Inactive"
"4434",2023-11-29,"Bernie","Intervention Weekday",300,09:14:56,"2","Standing","Locomotion",NA,15,195,"Active"
"4435",2023-11-29,"Bernie","Intervention Weekday",300,09:15:11,"6","Rearing","Pause",NA,30,210,"Inactive"
"4436",2023-11-29,"Bernie","Intervention Weekday",300,09:15:26,"6","Rearing","Pause",NA,45,225,"Inactive"
"4437",2023-11-29,"Bernie","Intervention Weekday",300,09:15:41,"3","Standing","Locomotion",NA,0,240,"Active"
"4438",2023-11-29,"Bernie","Intervention Weekday",300,09:15:56,"1","Standing","Locomotion",NA,15,255,"Active"
"4439",2023-11-29,"Bernie","Intervention Weekday",300,09:16:11,"Fence","Standing","Pause",NA,30,270,"Inactive"
"4440",2023-11-29,"Bernie","Intervention Weekday",300,09:16:26,"Shelf","Out of View","Out of View",NA,45,285,"OutofView"
"4441",2023-11-29,"Bernie","Intervention Weekday",300,09:16:41,"Fence","Standing","Pause",NA,0,300,"Inactive"
"4442",2023-11-29,"Bernie","Intervention Weekday",300,09:16:56,"2","Standing","Locomotion",NA,15,0,"Active"
"4443",2023-11-29,"Bernie","Intervention Weekday",300,09:17:11,"6","Rearing","Pause",NA,30,15,"Inactive"
"4444",2023-11-29,"Bernie","Intervention Weekday",300,09:17:26,"6","Rearing","Locomotion",NA,45,30,"Active"
"4445",2023-11-29,"Bernie","Intervention Weekday",300,09:17:41,"Shelf","Lying Down","Resting",NA,0,45,"Inactive"
"4446",2023-11-29,"Bernie","Intervention Weekday",300,09:17:56,"Shelf","Lying Down","Resting",NA,15,60,"Inactive"
"4447",2023-11-29,"Bernie","Intervention Weekday",300,09:18:11,"Shelf","Lying Down","Resting",NA,30,75,"Inactive"
"4448",2023-11-29,"Bernie","Intervention Weekday",300,09:18:26,"Shelf","Lying Down","Resting",NA,45,90,"Inactive"
"4449",2023-11-29,"Bernie","Intervention Weekday",300,09:18:41,"6","Rearing","Pause",NA,0,105,"Inactive"
"4450",2023-11-29,"Bernie","Intervention Weekday",300,09:18:56,"4","Sitting","Drinking",NA,15,120,"Active"
"4451",2023-11-29,"Bernie","Intervention Weekday",300,09:19:11,"4","Sitting","Drinking",NA,30,135,"Active"
"4452",2023-11-29,"Bernie","Intervention Weekday",300,09:19:26,"6","Rearing","Pause",NA,45,150,"Inactive"
"4453",2023-11-29,"Bernie","Intervention Weekday",300,09:19:41,"6","Rearing","Pause",NA,0,165,"Inactive"
"4454",2023-11-29,"Bernie","Intervention Weekday",300,09:19:56,"4","Sitting","Drinking",NA,15,180,"Active"
"4455",2023-12-01,"Bernie","Intervention Weekday",300,10:13:35,"5","Sitting","Eating",NA,45,255,"Active"
"4456",2023-12-01,"Bernie","Intervention Weekday",300,10:13:50,"6","Rearing","Pause",NA,0,270,"Inactive"
"4457",2023-12-01,"Bernie","Intervention Weekday",300,10:14:05,"6","Rearing","Pause",NA,15,285,"Inactive"
"4458",2023-12-01,"Bernie","Intervention Weekday",300,10:14:20,"Fence","Standing","Locomotion",NA,30,300,"Active"
"4459",2023-12-01,"Bernie","Intervention Weekday",300,10:14:35,"Shelf","Sitting","Resting",NA,45,0,"Inactive"
"4460",2023-12-01,"Bernie","Intervention Weekday",300,10:14:50,"Shelf","Sitting","Resting",NA,0,15,"Inactive"
"4461",2023-12-01,"Bernie","Intervention Weekday",300,10:15:05,"6","Rearing","Locomotion",NA,15,30,"Active"
"4462",2023-12-01,"Bernie","Intervention Weekday",300,10:15:20,"Fence","Standing","Pause",NA,30,45,"Inactive"
"4463",2023-12-01,"Bernie","Intervention Weekday",300,10:15:35,"Shelf","Sitting","Resting",NA,45,60,"Inactive"
"4464",2023-12-01,"Bernie","Intervention Weekday",300,10:15:50,"Shelf","Lying Down","Resting",NA,0,75,"Inactive"
"4465",2023-12-01,"Bernie","Intervention Weekday",300,10:16:05,"Shelf","Lying Down","Resting",NA,15,90,"Inactive"
"4466",2023-12-01,"Bernie","Intervention Weekday",300,10:16:20,"Shelf","Lying Down","Resting",NA,30,105,"Inactive"
"4467",2023-12-01,"Bernie","Intervention Weekday",300,10:16:35,"Shelf","Lying Down","Resting",NA,45,120,"Inactive"
"4468",2023-12-01,"Bernie","Intervention Weekday",300,10:16:50,"Shelf","Lying Down","Resting",NA,0,135,"Inactive"
"4469",2023-12-01,"Bernie","Intervention Weekday",300,10:17:05,"Shelf","Lying Down","Resting",NA,15,150,"Inactive"
"4470",2023-12-01,"Bernie","Intervention Weekday",300,10:17:20,"6","Standing","Locomotion",NA,30,165,"Active"
"4471",2023-12-01,"Bernie","Intervention Weekday",300,10:17:35,"5","Rearing","Pause",NA,45,180,"Inactive"
"4472",2023-12-01,"Bernie","Intervention Weekday",300,10:17:50,"4","Standing","Locomotion",NA,0,195,"Active"
"4473",2023-12-01,"Bernie","Intervention Weekday",300,10:18:05,"Out of View","Out of View","Out of View",NA,15,210,"OutofView"
"4474",2023-12-01,"Bernie","Intervention Weekday",300,10:18:20,"Out of View","Out of View","Out of View",NA,30,225,"OutofView"
"4475",2023-12-01,"Bernie","Intervention Weekday",300,10:18:35,"5","Sitting","Eating",NA,45,240,"Active"
"4476",2023-12-01,"Bernie","Intervention Weekday",300,10:18:50,"5","Standing","Locomotion",NA,0,255,"Active"
"4477",2023-12-01,"Bernie","Intervention Weekday",300,10:19:05,"4","Sitting","Drinking",NA,15,270,"Active"
"4478",2023-12-01,"Bernie","Intervention Weekday",300,10:19:20,"4","Sitting","Drinking",NA,30,285,"Active"
"4479",2023-12-01,"Bernie","Intervention Weekday",300,10:19:35,"4","Sitting","Drinking",NA,45,300,"Active"
"4480",2023-12-01,"Bernie","Intervention Weekday",300,10:19:50,"6","Rearing","Pause",NA,0,0,"Inactive"
"4481",2023-12-01,"Bernie","Intervention Weekday",300,10:20:05,"4","Standing","Locomotion",NA,15,15,"Active"
"4482",2023-12-01,"Bernie","Intervention Weekday",300,10:20:20,"6","Standing","Grooming",NA,30,30,"Active"
"4483",2023-12-01,"Bernie","Intervention Weekday",300,10:20:35,"6","Sitting","Eating",NA,45,45,"Active"
"4484",2023-12-01,"Bernie","Intervention Weekday",300,10:20:50,"6","Sitting","Grooming",NA,0,60,"Active"
"4485",2023-12-01,"Bernie","Intervention Weekday",300,10:21:05,"6","Sitting","Grooming",NA,15,75,"Active"
"4486",2023-12-01,"Bernie","Intervention Weekday",300,10:21:20,"6","Sitting","Grooming",NA,30,90,"Active"
"4487",2023-12-01,"Bernie","Intervention Weekday",300,10:21:35,"6","Sitting","Resting",NA,45,105,"Inactive"
"4488",2023-12-01,"Bernie","Intervention Weekday",300,10:21:50,"6","Rearing","Pause",NA,0,120,"Inactive"
"4489",2023-12-01,"Bernie","Intervention Weekday",300,10:22:05,"Shelf","Out of View","Out of View",NA,15,135,"OutofView"
"4490",2023-12-01,"Bernie","Intervention Weekday",300,10:22:20,"Shelf","Lying Down","Resting",NA,30,150,"Inactive"
"4491",2023-12-01,"Bernie","Intervention Weekday",300,10:22:35,"Shelf","Lying Down","Resting",NA,45,165,"Inactive"
"4492",2023-12-01,"Bernie","Intervention Weekday",300,10:22:50,"Shelf","Lying Down","Resting",NA,0,180,"Inactive"
"4493",2023-12-01,"Bernie","Intervention Weekday",300,10:23:05,"6","Rearing","Locomotion",NA,15,195,"Active"
"4494",2023-12-01,"Bernie","Intervention Weekday",300,10:23:20,"4","Standing","Locomotion",NA,30,210,"Active"
"4495",2023-12-01,"Bernie","Intervention Weekday",300,10:23:35,"6","Sitting","Eating",NA,45,225,"Active"
"4496",2023-12-01,"Bernie","Intervention Weekday",300,10:23:50,"6","Sitting","Eating",NA,0,240,"Active"
"4497",2023-12-01,"Bernie","Intervention Weekday",300,10:24:05,"6","Sitting","Eating",NA,15,255,"Active"
"4498",2023-12-01,"Bernie","Intervention Weekday",300,10:24:20,"6","Sitting","Eating",NA,30,270,"Active"
"4499",2023-12-01,"Bernie","Intervention Weekday",300,10:24:35,"4","Sitting","Drinking",NA,45,285,"Active"
"4500",2023-12-01,"Bernie","Intervention Weekday",300,10:24:50,"4","Sitting","Drinking",NA,0,300,"Active"
"4501",2023-12-01,"Bernie","Intervention Weekday",300,10:25:05,"4","Sitting","Drinking",NA,15,0,"Active"
"4502",2023-12-01,"Bernie","Intervention Weekday",300,10:25:20,"4","Sitting","Drinking",NA,30,15,"Active"
"4503",2023-12-01,"Bernie","Intervention Weekday",300,10:25:35,"4","Standing","Locomotion",NA,45,30,"Active"
"4504",2023-12-01,"Bernie","Intervention Weekday",300,10:25:50,"Fence","Standing","Pause",NA,0,45,"Inactive"
"4505",2023-12-01,"Bernie","Intervention Weekday",300,10:26:05,"Shelf","Out of View","Out of View",NA,15,60,"OutofView"
"4506",2023-12-01,"Bernie","Intervention Weekday",300,10:26:20,"Shelf","Lying Down","Resting",NA,30,75,"Inactive"
"4507",2023-12-01,"Bernie","Intervention Weekday",300,10:26:35,"Shelf","Lying Down","Resting",NA,45,90,"Inactive"
"4508",2023-12-01,"Bernie","Intervention Weekday",300,10:26:50,"Shelf","Lying Down","Resting",NA,0,105,"Inactive"
"4509",2023-12-01,"Bernie","Intervention Weekday",300,10:27:05,"Shelf","Lying Down","Resting",NA,15,120,"Inactive"
"4510",2023-12-01,"Bernie","Intervention Weekday",300,10:27:20,"Shelf","Lying Down","Resting",NA,30,135,"Inactive"
"4511",2023-12-01,"Bernie","Intervention Weekday",300,10:27:35,"Shelf","Lying Down","Resting",NA,45,150,"Inactive"
"4512",2023-12-01,"Bernie","Intervention Weekday",300,10:27:50,"Shelf","Lying Down","Resting",NA,0,165,"Inactive"
"4513",2023-12-01,"Bernie","Intervention Weekday",300,10:28:05,"Shelf","Lying Down","Resting",NA,15,180,"Inactive"
"4514",2023-12-07,"Elia","Baseline Weekday",0,10:21:19,"5","Sitting","Eating",NA,45,0,"Active"
"4515",2023-12-07,"Elia","Baseline Weekday",0,10:21:34,"5","Sitting","Eating",NA,0,0,"Active"
"4516",2023-12-07,"Elia","Baseline Weekday",0,10:21:49,"1","Rearing","Locomotion",NA,15,0,"Active"
"4517",2023-12-07,"Elia","Baseline Weekday",0,10:22:04,"1","Out of View","Out of View",NA,30,0,"OutofView"
"4518",2023-12-07,"Elia","Baseline Weekday",0,10:22:19,"1","Out of View","Out of View",NA,45,0,"OutofView"
"4519",2023-12-07,"Elia","Baseline Weekday",0,10:22:34,"1","Sitting","Resting",NA,0,0,"Inactive"
"4520",2023-12-07,"Elia","Baseline Weekday",0,10:22:49,"1","Out of View","Out of View",NA,15,0,"OutofView"
"4521",2023-12-07,"Elia","Baseline Weekday",0,10:23:04,"1","Sitting","Resting",NA,30,0,"Inactive"
"4522",2023-12-07,"Elia","Baseline Weekday",0,10:23:19,"1","Sitting","Resting",NA,45,0,"Inactive"
"4523",2023-12-07,"Elia","Baseline Weekday",0,10:23:34,"3","Sitting","Eating",NA,0,0,"Active"
"4524",2023-12-07,"Elia","Baseline Weekday",0,10:23:49,"3","Sitting","Eating",NA,15,0,"Active"
"4525",2023-12-07,"Elia","Baseline Weekday",0,10:24:04,"3","Sitting","Eating",NA,30,0,"Active"
"4526",2023-12-07,"Elia","Baseline Weekday",0,10:24:19,"6","Standing","Locomotion",NA,45,0,"Active"
"4527",2023-12-07,"Elia","Baseline Weekday",0,10:24:34,"6","Standing","Locomotion",NA,0,0,"Active"
"4528",2023-12-07,"Elia","Baseline Weekday",0,10:24:49,"6","Standing","Drinking",NA,15,0,"Active"
"4529",2023-12-07,"Elia","Baseline Weekday",0,10:25:04,"6","Standing","Drinking",NA,30,0,"Active"
"4530",2023-12-07,"Elia","Baseline Weekday",0,10:25:19,"6","Standing","Drinking",NA,45,0,"Active"
"4531",2023-12-07,"Elia","Baseline Weekday",0,10:25:34,"6","Standing","Locomotion",NA,0,0,"Active"
"4532",2023-12-07,"Elia","Baseline Weekday",0,10:25:49,"1","Sitting","Resting",NA,15,0,"Inactive"
"4533",2023-12-07,"Elia","Baseline Weekday",0,10:26:04,"1","Sitting","Resting",NA,30,0,"Inactive"
"4534",2023-12-07,"Elia","Baseline Weekday",0,10:26:19,"1","Sitting","Resting",NA,45,0,"Inactive"
"4535",2023-12-07,"Elia","Baseline Weekday",0,10:26:34,"1","Sitting","Resting",NA,0,0,"Inactive"
"4536",2023-12-07,"Elia","Baseline Weekday",0,10:26:49,"1","Lying Down","Resting",NA,15,0,"Inactive"
"4537",2023-12-07,"Elia","Baseline Weekday",0,10:27:04,"1","Lying Down","Resting",NA,30,0,"Inactive"
"4538",2023-12-07,"Elia","Baseline Weekday",0,10:27:19,"1","Lying Down","Resting",NA,45,0,"Inactive"
"4539",2023-12-07,"Elia","Baseline Weekday",0,10:27:34,"1","Lying Down","Resting",NA,0,0,"Inactive"
"4540",2023-12-07,"Elia","Baseline Weekday",0,10:27:49,"1","Lying Down","Resting",NA,15,0,"Inactive"
"4541",2023-12-07,"Elia","Baseline Weekday",0,10:28:04,"1","Lying Down","Resting",NA,30,0,"Inactive"
"4542",2023-12-07,"Elia","Baseline Weekday",0,10:28:19,"1","Lying Down","Resting",NA,45,0,"Inactive"
"4543",2023-12-07,"Elia","Baseline Weekday",0,10:28:34,"1","Lying Down","Resting",NA,0,0,"Inactive"
"4544",2023-12-07,"Elia","Baseline Weekday",0,10:28:49,"1","Lying Down","Resting",NA,15,0,"Inactive"
"4545",2023-12-07,"Elia","Baseline Weekday",0,10:29:04,"1","Lying Down","Resting",NA,30,0,"Inactive"
"4546",2023-12-07,"Elia","Baseline Weekday",0,10:29:19,"1","Lying Down","Resting",NA,45,0,"Inactive"
"4547",2023-12-07,"Elia","Baseline Weekday",0,10:29:34,"1","Lying Down","Resting",NA,0,0,"Inactive"
"4548",2023-12-07,"Elia","Baseline Weekday",0,10:29:49,"1","Lying Down","Resting",NA,15,0,"Inactive"
"4549",2023-12-07,"Elia","Baseline Weekday",0,10:30:04,"1","Lying Down","Resting",NA,30,0,"Inactive"
"4550",2023-12-07,"Elia","Baseline Weekday",0,10:30:19,"1","Lying Down","Resting",NA,45,0,"Inactive"
"4551",2023-12-07,"Elia","Baseline Weekday",0,10:30:34,"1","Lying Down","Resting",NA,0,0,"Inactive"
"4552",2023-12-07,"Elia","Baseline Weekday",0,10:30:49,"1","Lying Down","Resting",NA,15,0,"Inactive"
"4553",2023-12-07,"Elia","Baseline Weekday",0,10:31:04,"1","Lying Down","Resting",NA,30,0,"Inactive"
"4554",2023-12-07,"Elia","Baseline Weekday",0,10:31:19,"1","Lying Down","Resting",NA,45,0,"Inactive"
"4555",2023-12-07,"Elia","Baseline Weekday",0,10:31:34,"1","Lying Down","Resting",NA,0,0,"Inactive"
"4556",2023-12-07,"Elia","Baseline Weekday",0,10:31:49,"6","Standing","Locomotion",NA,15,0,"Active"
"4557",2023-12-07,"Elia","Baseline Weekday",0,10:32:04,"6","Standing","Locomotion",NA,30,0,"Active"
"4558",2023-12-07,"Elia","Baseline Weekday",0,10:32:19,"6","Standing","Pause",NA,45,0,"Inactive"
"4559",2023-12-07,"Elia","Baseline Weekday",0,10:32:34,"6","Standing","Pause",NA,0,0,"Inactive"
"4560",2023-12-07,"Elia","Baseline Weekday",0,10:32:49,"1","Sitting","Grooming",NA,15,0,"Active"
"4561",2023-12-07,"Elia","Baseline Weekday",0,10:33:04,"1","Sitting","Grooming",NA,30,0,"Active"
"4562",2023-12-07,"Elia","Baseline Weekday",0,10:33:19,"1","Lying Down","Resting",NA,45,0,"Inactive"
"4563",2023-12-07,"Elia","Baseline Weekday",0,10:33:34,"1","Lying Down","Resting",NA,0,0,"Inactive"
"4564",2023-12-07,"Elia","Baseline Weekday",0,10:33:49,"1","Lying Down","Resting",NA,15,0,"Inactive"
"4565",2023-12-07,"Elia","Baseline Weekday",0,10:34:04,"1","Lying Down","Resting",NA,30,0,"Inactive"
"4566",2023-12-07,"Elia","Baseline Weekday",0,10:34:19,"1","Lying Down","Resting",NA,45,0,"Inactive"
"4567",2023-12-07,"Elia","Baseline Weekday",0,10:34:34,"1","Lying Down","Resting",NA,0,0,"Inactive"
"4568",2023-12-07,"Elia","Baseline Weekday",0,10:34:49,"1","Lying Down","Resting",NA,15,0,"Inactive"
"4569",2023-12-07,"Elia","Baseline Weekday",0,10:35:04,"1","Lying Down","Resting",NA,30,0,"Inactive"
"4570",2023-12-07,"Elia","Baseline Weekday",0,10:35:19,"1","Lying Down","Resting",NA,45,0,"Inactive"
"4571",2023-12-07,"Elia","Baseline Weekday",0,10:35:34,"1","Lying Down","Resting",NA,0,0,"Inactive"
"4572",2023-12-07,"Elia","Baseline Weekday",0,10:35:49,"1","Lying Down","Resting",NA,15,0,"Inactive"
"4573",2023-07-06,"Minerva","Baseline Weekday",0,10:21:00,"5","Sitting","Resting",NA,45,0,"Inactive"
"4574",2023-07-06,"Minerva","Baseline Weekday",0,10:21:15,"5","Sitting","Resting",NA,0,0,"Inactive"
"4575",2023-07-06,"Minerva","Baseline Weekday",0,10:21:30,"5","Sitting","Resting",NA,15,0,"Inactive"
"4576",2023-07-06,"Minerva","Baseline Weekday",0,10:21:45,"1","Out of View","Out of View",NA,30,0,"OutofView"
"4577",2023-07-06,"Minerva","Baseline Weekday",0,10:22:00,"1","Sitting","Resting",NA,45,0,"Inactive"
"4578",2023-07-06,"Minerva","Baseline Weekday",0,10:22:15,"1","Sitting","Resting",NA,0,0,"Inactive"
"4579",2023-07-06,"Minerva","Baseline Weekday",0,10:22:30,"1","Sitting","Resting",NA,15,0,"Inactive"
"4580",2023-07-06,"Minerva","Baseline Weekday",0,10:22:45,"1","Sitting","Resting",NA,30,0,"Inactive"
"4581",2023-07-06,"Minerva","Baseline Weekday",0,10:23:00,"1","Sitting","Resting",NA,45,0,"Inactive"
"4582",2023-07-06,"Minerva","Baseline Weekday",0,10:23:15,"1","Sitting","Resting",NA,0,0,"Inactive"
"4583",2023-07-06,"Minerva","Baseline Weekday",0,10:23:30,"1","Sitting","Resting",NA,15,0,"Inactive"
"4584",2023-07-06,"Minerva","Baseline Weekday",0,10:23:45,"1","Sitting","Resting",NA,30,0,"Inactive"
"4585",2023-07-06,"Minerva","Baseline Weekday",0,10:24:00,"1","Lying Down","Resting",NA,45,0,"Inactive"
"4586",2023-07-06,"Minerva","Baseline Weekday",0,10:24:15,"1","Lying Down","Resting",NA,0,0,"Inactive"
"4587",2023-07-06,"Minerva","Baseline Weekday",0,10:24:30,"1","Lying Down","Resting",NA,15,0,"Inactive"
"4588",2023-07-06,"Minerva","Baseline Weekday",0,10:24:45,"1","Lying Down","Resting",NA,30,0,"Inactive"
"4589",2023-07-06,"Minerva","Baseline Weekday",0,10:25:00,"1","Lying Down","Resting",NA,45,0,"Inactive"
"4590",2023-07-06,"Minerva","Baseline Weekday",0,10:25:15,"1","Lying Down","Resting",NA,0,0,"Inactive"
"4591",2023-07-06,"Minerva","Baseline Weekday",0,10:25:30,"5","Sitting","Resting",NA,15,0,"Inactive"
"4592",2023-07-06,"Minerva","Baseline Weekday",0,10:25:45,"5","Sitting","Resting",NA,30,0,"Inactive"
"4593",2023-07-06,"Minerva","Baseline Weekday",0,10:26:00,"5","Sitting","Resting",NA,45,0,"Inactive"
"4594",2023-07-06,"Minerva","Baseline Weekday",0,10:26:15,"5","Sitting","Resting",NA,0,0,"Inactive"
"4595",2023-07-06,"Minerva","Baseline Weekday",0,10:26:30,"5","Sitting","Resting",NA,15,0,"Inactive"
"4596",2023-07-06,"Minerva","Baseline Weekday",0,10:26:45,"6","Sitting","Drinking",NA,30,0,"Active"
"4597",2023-07-06,"Minerva","Baseline Weekday",0,10:27:00,"6","Sitting","Drinking",NA,45,0,"Active"
"4598",2023-07-06,"Minerva","Baseline Weekday",0,10:27:15,"6","Sitting","Pause",NA,0,0,"Inactive"
"4599",2023-07-06,"Minerva","Baseline Weekday",0,10:27:30,"5","Sitting","Resting",NA,15,0,"Inactive"
"4600",2023-07-06,"Minerva","Baseline Weekday",0,10:27:45,"5","Sitting","Resting",NA,30,0,"Inactive"
"4601",2023-07-06,"Minerva","Baseline Weekday",0,10:28:00,"5","Sitting","Resting",NA,45,0,"Inactive"
"4602",2023-07-06,"Minerva","Baseline Weekday",0,10:28:15,"5","Sitting","Resting",NA,0,0,"Inactive"
"4603",2023-07-06,"Minerva","Baseline Weekday",0,10:28:30,"6","Sitting","Resting",NA,15,0,"Inactive"
"4604",2023-07-06,"Minerva","Baseline Weekday",0,10:28:45,"6","Sitting","Resting",NA,30,0,"Inactive"
"4605",2023-07-06,"Minerva","Baseline Weekday",0,10:29:00,"6","Sitting","Resting",NA,45,0,"Inactive"
"4606",2023-07-06,"Minerva","Baseline Weekday",0,10:29:15,"6","Sitting","Resting",NA,0,0,"Inactive"
"4607",2023-07-06,"Minerva","Baseline Weekday",0,10:29:30,"6","Sitting","Resting",NA,15,0,"Inactive"
"4608",2023-07-06,"Minerva","Baseline Weekday",0,10:29:45,"6","Sitting","Resting",NA,30,0,"Inactive"
"4609",2023-07-06,"Minerva","Baseline Weekday",0,10:30:00,"6","Sitting","Resting",NA,45,0,"Inactive"
"4610",2023-07-06,"Minerva","Baseline Weekday",0,10:30:15,"6","Sitting","Resting",NA,0,0,"Inactive"
"4611",2023-07-06,"Minerva","Baseline Weekday",0,10:30:30,"6","Sitting","Resting",NA,15,0,"Inactive"
"4612",2023-07-06,"Minerva","Baseline Weekday",0,10:30:45,"6","Sitting","Resting",NA,30,0,"Inactive"
"4613",2023-07-06,"Minerva","Baseline Weekday",0,10:31:00,"6","Sitting","Resting",NA,45,0,"Inactive"
"4614",2023-07-06,"Minerva","Baseline Weekday",0,10:31:15,"6","Sitting","Resting",NA,0,0,"Inactive"
"4615",2023-07-06,"Minerva","Baseline Weekday",0,10:31:30,"6","Sitting","Resting",NA,15,0,"Inactive"
"4616",2023-07-06,"Minerva","Baseline Weekday",0,10:31:45,"6","Sitting","Resting",NA,30,0,"Inactive"
"4617",2023-07-06,"Minerva","Baseline Weekday",0,10:32:00,"3","Standing","Locomotion",NA,45,0,"Active"
"4618",2023-07-06,"Minerva","Baseline Weekday",0,10:32:15,"5","Standing","Pause",NA,0,0,"Inactive"
"4619",2023-07-06,"Minerva","Baseline Weekday",0,10:32:30,"6","Sitting","Drinking",NA,15,0,"Active"
"4620",2023-07-06,"Minerva","Baseline Weekday",0,10:32:45,"6","Sitting","Drinking",NA,30,0,"Active"
"4621",2023-07-06,"Minerva","Baseline Weekday",0,10:33:00,"6","Sitting","Drinking",NA,45,0,"Active"
"4622",2023-07-06,"Minerva","Baseline Weekday",0,10:33:15,"6","Sitting","Resting",NA,0,0,"Inactive"
"4623",2023-07-06,"Minerva","Baseline Weekday",0,10:33:30,"6","Sitting","Resting",NA,15,0,"Inactive"
"4624",2023-07-06,"Minerva","Baseline Weekday",0,10:33:45,"6","Sitting","Resting",NA,30,0,"Inactive"
"4625",2023-07-06,"Minerva","Baseline Weekday",0,10:34:00,"6","Sitting","Resting",NA,45,0,"Inactive"
"4626",2023-07-06,"Minerva","Baseline Weekday",0,10:34:15,"5","Sitting","Resting",NA,0,0,"Inactive"
"4627",2023-07-06,"Minerva","Baseline Weekday",0,10:34:30,"5","Sitting","Resting",NA,15,0,"Inactive"
"4628",2023-07-06,"Minerva","Baseline Weekday",0,10:34:45,"5","Sitting","Resting",NA,30,0,"Inactive"
"4629",2023-07-06,"Minerva","Baseline Weekday",0,10:35:00,"5","Sitting","Resting",NA,45,0,"Inactive"
"4630",2023-07-06,"Minerva","Baseline Weekday",0,10:35:15,"5","Sitting","Resting",NA,0,0,"Inactive"
"4631",2023-07-06,"Minerva","Baseline Weekday",0,10:35:30,"5","Sitting","Resting",NA,15,0,"Inactive"
"4632",2023-07-17,"Minerva","Baseline Weekday",0,11:45:51,"1","Sitting","Resting",NA,45,0,"Inactive"
"4633",2023-07-17,"Minerva","Baseline Weekday",0,11:46:06,"1","Sitting","Resting",NA,0,0,"Inactive"
"4634",2023-07-17,"Minerva","Baseline Weekday",0,11:46:21,"1","Sitting","Resting",NA,15,0,"Inactive"
"4635",2023-07-17,"Minerva","Baseline Weekday",0,11:46:36,"1","Sitting","Resting",NA,30,0,"Inactive"
"4636",2023-07-17,"Minerva","Baseline Weekday",0,11:46:51,"1","Sitting","Resting",NA,45,0,"Inactive"
"4637",2023-07-17,"Minerva","Baseline Weekday",0,11:47:06,"1","Sitting","Resting",NA,0,0,"Inactive"
"4638",2023-07-17,"Minerva","Baseline Weekday",0,11:47:21,"1","Sitting","Resting",NA,15,0,"Inactive"
"4639",2023-07-17,"Minerva","Baseline Weekday",0,11:47:36,"1","Sitting","Resting",NA,30,0,"Inactive"
"4640",2023-07-17,"Minerva","Baseline Weekday",0,11:47:51,"1","Sitting","Grooming",NA,45,0,"Active"
"4641",2023-07-17,"Minerva","Baseline Weekday",0,11:48:06,"1","Sitting","Resting",NA,0,0,"Inactive"
"4642",2023-07-17,"Minerva","Baseline Weekday",0,11:48:21,"1","Sitting","Resting",NA,15,0,"Inactive"
"4643",2023-07-17,"Minerva","Baseline Weekday",0,11:48:36,"1","Lying Down","Resting",NA,30,0,"Inactive"
"4644",2023-07-17,"Minerva","Baseline Weekday",0,11:48:51,"1","Lying Down","Resting",NA,45,0,"Inactive"
"4645",2023-07-17,"Minerva","Baseline Weekday",0,11:49:06,"1","Lying Down","Resting",NA,0,0,"Inactive"
"4646",2023-07-17,"Minerva","Baseline Weekday",0,11:49:21,"1","Lying Down","Resting",NA,15,0,"Inactive"
"4647",2023-07-17,"Minerva","Baseline Weekday",0,11:49:36,"1","Lying Down","Resting",NA,30,0,"Inactive"
"4648",2023-07-17,"Minerva","Baseline Weekday",0,11:49:51,"1","Lying Down","Resting",NA,45,0,"Inactive"
"4649",2023-07-17,"Minerva","Baseline Weekday",0,11:50:06,"1","Lying Down","Resting",NA,0,0,"Inactive"
"4650",2023-07-17,"Minerva","Baseline Weekday",0,11:50:21,"1","Lying Down","Resting",NA,15,0,"Inactive"
"4651",2023-07-17,"Minerva","Baseline Weekday",0,11:50:36,"1","Lying Down","Resting",NA,30,0,"Inactive"
"4652",2023-07-17,"Minerva","Baseline Weekday",0,11:50:51,"1","Lying Down","Resting",NA,45,0,"Inactive"
"4653",2023-07-17,"Minerva","Baseline Weekday",0,11:51:06,"1","Lying Down","Resting",NA,0,0,"Inactive"
"4654",2023-07-17,"Minerva","Baseline Weekday",0,11:51:21,"1","Lying Down","Resting",NA,15,0,"Inactive"
"4655",2023-07-17,"Minerva","Baseline Weekday",0,11:51:36,"1","Lying Down","Resting",NA,30,0,"Inactive"
"4656",2023-07-17,"Minerva","Baseline Weekday",0,11:51:51,"1","Lying Down","Resting",NA,45,0,"Inactive"
"4657",2023-07-17,"Minerva","Baseline Weekday",0,11:52:06,"1","Lying Down","Resting",NA,0,0,"Inactive"
"4658",2023-07-17,"Minerva","Baseline Weekday",0,11:52:21,"1","Lying Down","Resting",NA,15,0,"Inactive"
"4659",2023-07-17,"Minerva","Baseline Weekday",0,11:52:36,"1","Lying Down","Resting",NA,30,0,"Inactive"
"4660",2023-07-17,"Minerva","Baseline Weekday",0,11:52:51,"1","Lying Down","Resting",NA,45,0,"Inactive"
"4661",2023-07-17,"Minerva","Baseline Weekday",0,11:53:06,"1","Lying Down","Resting",NA,0,0,"Inactive"
"4662",2023-07-17,"Minerva","Baseline Weekday",0,11:53:21,"1","Lying Down","Resting",NA,15,0,"Inactive"
"4663",2023-07-17,"Minerva","Baseline Weekday",0,11:53:36,"1","Lying Down","Resting",NA,30,0,"Inactive"
"4664",2023-07-17,"Minerva","Baseline Weekday",0,11:53:51,"1","Lying Down","Resting",NA,45,0,"Inactive"
"4665",2023-07-17,"Minerva","Baseline Weekday",0,11:54:06,"1","Lying Down","Resting",NA,0,0,"Inactive"
"4666",2023-07-17,"Minerva","Baseline Weekday",0,11:54:21,"1","Lying Down","Resting",NA,15,0,"Inactive"
"4667",2023-07-17,"Minerva","Baseline Weekday",0,11:54:36,"1","Lying Down","Resting",NA,30,0,"Inactive"
"4668",2023-07-17,"Minerva","Baseline Weekday",0,11:54:51,"1","Lying Down","Resting",NA,45,0,"Inactive"
"4669",2023-07-17,"Minerva","Baseline Weekday",0,11:55:06,"1","Lying Down","Resting",NA,0,0,"Inactive"
"4670",2023-07-17,"Minerva","Baseline Weekday",0,11:55:21,"1","Lying Down","Resting",NA,15,0,"Inactive"
"4671",2023-07-17,"Minerva","Baseline Weekday",0,11:55:36,"1","Lying Down","Resting",NA,30,0,"Inactive"
"4672",2023-07-17,"Minerva","Baseline Weekday",0,11:55:51,"1","Lying Down","Resting",NA,45,0,"Inactive"
"4673",2023-07-17,"Minerva","Baseline Weekday",0,11:56:06,"1","Lying Down","Resting",NA,0,0,"Inactive"
"4674",2023-07-17,"Minerva","Baseline Weekday",0,11:56:21,"1","Lying Down","Resting",NA,15,0,"Inactive"
"4675",2023-07-17,"Minerva","Baseline Weekday",0,11:56:36,"1","Lying Down","Resting",NA,30,0,"Inactive"
"4676",2023-07-17,"Minerva","Baseline Weekday",0,11:56:51,"1","Lying Down","Resting",NA,45,0,"Inactive"
"4677",2023-07-17,"Minerva","Baseline Weekday",0,11:57:06,"1","Lying Down","Resting",NA,0,0,"Inactive"
"4678",2023-07-17,"Minerva","Baseline Weekday",0,11:57:21,"1","Lying Down","Resting",NA,15,0,"Inactive"
"4679",2023-07-17,"Minerva","Baseline Weekday",0,11:57:36,"1","Lying Down","Resting",NA,30,0,"Inactive"
"4680",2023-07-17,"Minerva","Baseline Weekday",0,11:57:51,"1","Lying Down","Resting",NA,45,0,"Inactive"
"4681",2023-07-17,"Minerva","Baseline Weekday",0,11:58:06,"1","Lying Down","Resting",NA,0,0,"Inactive"
"4682",2023-07-17,"Minerva","Baseline Weekday",0,11:58:21,"1","Lying Down","Resting",NA,15,0,"Inactive"
"4683",2023-07-17,"Minerva","Baseline Weekday",0,11:58:36,"1","Lying Down","Resting",NA,30,0,"Inactive"
"4684",2023-07-17,"Minerva","Baseline Weekday",0,11:58:51,"1","Lying Down","Resting",NA,45,0,"Inactive"
"4685",2023-07-17,"Minerva","Baseline Weekday",0,11:59:06,"1","Lying Down","Resting",NA,0,0,"Inactive"
"4686",2023-07-17,"Minerva","Baseline Weekday",0,11:59:21,"1","Lying Down","Resting",NA,15,0,"Inactive"
"4687",2023-07-17,"Minerva","Baseline Weekday",0,11:59:36,"1","Lying Down","Resting",NA,30,0,"Inactive"
"4688",2023-07-17,"Minerva","Baseline Weekday",0,11:59:51,"1","Lying Down","Resting",NA,45,0,"Inactive"
"4689",2023-07-17,"Minerva","Baseline Weekday",0,12:00:06,"1","Lying Down","Resting",NA,0,0,"Inactive"
"4690",2023-07-17,"Minerva","Baseline Weekday",0,12:00:21,"1","Lying Down","Resting",NA,15,0,"Inactive"
"4691",2023-07-13,"Minerva","Intervention Weekday",60,09:46:44,"5","Sitting","Resting",NA,45,60,"Inactive"
"4692",2023-07-13,"Minerva","Intervention Weekday",60,09:46:59,"5","Sitting","Resting",NA,0,0,"Inactive"
"4693",2023-07-13,"Minerva","Intervention Weekday",60,09:47:14,"5","Sitting","Resting",NA,15,15,"Inactive"
"4694",2023-07-13,"Minerva","Intervention Weekday",60,09:47:29,"5","Sitting","Resting",NA,30,30,"Inactive"
"4695",2023-07-13,"Minerva","Intervention Weekday",60,09:47:44,"5","Sitting","Resting",NA,45,45,"Inactive"
"4696",2023-07-13,"Minerva","Intervention Weekday",60,09:47:59,"5","Sitting","Resting",NA,0,60,"Inactive"
"4697",2023-07-13,"Minerva","Intervention Weekday",60,09:48:14,"5","Sitting","Resting",NA,15,0,"Inactive"
"4698",2023-07-13,"Minerva","Intervention Weekday",60,09:48:29,"5","Sitting","Resting",NA,30,15,"Inactive"
"4699",2023-07-13,"Minerva","Intervention Weekday",60,09:48:44,"5","Sitting","Resting",NA,45,30,"Inactive"
"4700",2023-07-13,"Minerva","Intervention Weekday",60,09:48:59,"5","Sitting","Resting",NA,0,45,"Inactive"
"4701",2023-07-13,"Minerva","Intervention Weekday",60,09:49:14,"5","Sitting","Resting",NA,15,60,"Inactive"
"4702",2023-07-13,"Minerva","Intervention Weekday",60,09:49:29,"5","Sitting","Resting",NA,30,0,"Inactive"
"4703",2023-07-13,"Minerva","Intervention Weekday",60,09:49:44,"5","Sitting","Resting",NA,45,15,"Inactive"
"4704",2023-07-13,"Minerva","Intervention Weekday",60,09:49:59,"5","Sitting","Resting",NA,0,30,"Inactive"
"4705",2023-07-13,"Minerva","Intervention Weekday",60,09:50:14,"6","Sitting","Pause",NA,15,45,"Inactive"
"4706",2023-07-13,"Minerva","Intervention Weekday",60,09:50:29,"6","Sitting","Drinking",NA,30,60,"Active"
"4707",2023-07-13,"Minerva","Intervention Weekday",60,09:50:44,"6","Sitting","Drinking",NA,45,0,"Active"
"4708",2023-07-13,"Minerva","Intervention Weekday",60,09:50:59,"6","Sitting","Drinking",NA,0,15,"Active"
"4709",2023-07-13,"Minerva","Intervention Weekday",60,09:51:14,"5","Standing","Locomotion",NA,15,30,"Active"
"4710",2023-07-13,"Minerva","Intervention Weekday",60,09:51:29,"5","Sitting","Resting",NA,30,45,"Inactive"
"4711",2023-07-13,"Minerva","Intervention Weekday",60,09:51:44,"5","Sitting","Resting",NA,45,60,"Inactive"
"4712",2023-07-13,"Minerva","Intervention Weekday",60,09:51:59,"5","Sitting","Resting",NA,0,0,"Inactive"
"4713",2023-07-13,"Minerva","Intervention Weekday",60,09:52:14,"5","Sitting","Resting",NA,15,15,"Inactive"
"4714",2023-07-13,"Minerva","Intervention Weekday",60,09:52:29,"5","Sitting","Resting",NA,30,30,"Inactive"
"4715",2023-07-13,"Minerva","Intervention Weekday",60,09:52:44,"5","Sitting","Resting",NA,45,45,"Inactive"
"4716",2023-07-13,"Minerva","Intervention Weekday",60,09:52:59,"5","Sitting","Resting",NA,0,60,"Inactive"
"4717",2023-07-13,"Minerva","Intervention Weekday",60,09:53:14,"5","Sitting","Resting",NA,15,0,"Inactive"
"4718",2023-07-13,"Minerva","Intervention Weekday",60,09:53:29,"5","Sitting","Resting",NA,30,15,"Inactive"
"4719",2023-07-13,"Minerva","Intervention Weekday",60,09:53:44,"5","Sitting","Resting",NA,45,30,"Inactive"
"4720",2023-07-13,"Minerva","Intervention Weekday",60,09:53:59,"5","Sitting","Resting",NA,0,45,"Inactive"
"4721",2023-07-13,"Minerva","Intervention Weekday",60,09:54:14,"5","Sitting","Resting",NA,15,60,"Inactive"
"4722",2023-07-13,"Minerva","Intervention Weekday",60,09:54:29,"5","Sitting","Resting",NA,30,0,"Inactive"
"4723",2023-07-13,"Minerva","Intervention Weekday",60,09:54:44,"5","Sitting","Resting",NA,45,15,"Inactive"
"4724",2023-07-13,"Minerva","Intervention Weekday",60,09:54:59,"5","Sitting","Resting",NA,0,30,"Inactive"
"4725",2023-07-13,"Minerva","Intervention Weekday",60,09:55:14,"5","Sitting","Manipulating Object","Fencing",15,45,"Active"
"4726",2023-07-13,"Minerva","Intervention Weekday",60,09:55:29,"5","Sitting","Manipulating Object","Fencing",30,60,"Active"
"4727",2023-07-13,"Minerva","Intervention Weekday",60,09:55:44,"5","Sitting","Resting",NA,45,0,"Inactive"
"4728",2023-07-13,"Minerva","Intervention Weekday",60,09:55:59,"5","Sitting","Resting",NA,0,15,"Inactive"
"4729",2023-07-13,"Minerva","Intervention Weekday",60,09:56:14,"5","Sitting","Resting",NA,15,30,"Inactive"
"4730",2023-07-13,"Minerva","Intervention Weekday",60,09:56:29,"5","Sitting","Resting",NA,30,45,"Inactive"
"4731",2023-07-13,"Minerva","Intervention Weekday",60,09:56:44,"4","Sitting","Resting",NA,45,60,"Inactive"
"4732",2023-07-13,"Minerva","Intervention Weekday",60,09:56:59,"4","Sitting","Resting",NA,0,0,"Inactive"
"4733",2023-07-13,"Minerva","Intervention Weekday",60,09:57:14,"4","Sitting","Resting",NA,15,15,"Inactive"
"4734",2023-07-13,"Minerva","Intervention Weekday",60,09:57:29,"5","Sitting","Resting",NA,30,30,"Inactive"
"4735",2023-07-13,"Minerva","Intervention Weekday",60,09:57:44,"5","Sitting","Resting",NA,45,45,"Inactive"
"4736",2023-07-13,"Minerva","Intervention Weekday",60,09:57:59,"5","Sitting","Resting",NA,0,60,"Inactive"
"4737",2023-07-13,"Minerva","Intervention Weekday",60,09:58:14,"5","Sitting","Resting",NA,15,0,"Inactive"
"4738",2023-07-13,"Minerva","Intervention Weekday",60,09:58:29,"5","Sitting","Resting",NA,30,15,"Inactive"
"4739",2023-07-13,"Minerva","Intervention Weekday",60,09:58:44,"5","Sitting","Resting",NA,45,30,"Inactive"
"4740",2023-07-13,"Minerva","Intervention Weekday",60,09:58:59,"5","Sitting","Resting",NA,0,45,"Inactive"
"4741",2023-07-13,"Minerva","Intervention Weekday",60,09:59:14,"5","Sitting","Resting",NA,15,60,"Inactive"
"4742",2023-07-13,"Minerva","Intervention Weekday",60,09:59:29,"5","Sitting","Resting",NA,30,0,"Inactive"
"4743",2023-07-13,"Minerva","Intervention Weekday",60,09:59:44,"5","Sitting","Resting",NA,45,15,"Inactive"
"4744",2023-07-13,"Minerva","Intervention Weekday",60,09:59:59,"5","Sitting","Resting",NA,0,30,"Inactive"
"4745",2023-07-13,"Minerva","Intervention Weekday",60,10:00:14,"5","Sitting","Resting",NA,15,45,"Inactive"
"4746",2023-07-13,"Minerva","Intervention Weekday",60,10:00:29,"5","Lying Down","Resting",NA,30,60,"Inactive"
"4747",2023-07-13,"Minerva","Intervention Weekday",60,10:00:44,"5","Lying Down","Resting",NA,45,0,"Inactive"
"4748",2023-07-13,"Minerva","Intervention Weekday",60,10:00:59,"5","Lying Down","Resting",NA,0,15,"Inactive"
"4749",2023-07-13,"Minerva","Intervention Weekday",60,10:01:14,"5","Lying Down","Resting",NA,15,30,"Inactive"
"4750",2023-07-14,"Minerva","Intervention Weekday",60,09:02:04,"5","Sitting","Eating",NA,45,60,"Active"
"4751",2023-07-14,"Minerva","Intervention Weekday",60,09:02:19,"5","Sitting","Eating",NA,0,0,"Active"
"4752",2023-07-14,"Minerva","Intervention Weekday",60,09:02:34,"5","Sitting","Resting",NA,15,15,"Inactive"
"4753",2023-07-14,"Minerva","Intervention Weekday",60,09:02:49,"5","Sitting","Resting",NA,30,30,"Inactive"
"4754",2023-07-14,"Minerva","Intervention Weekday",60,09:03:04,"5","Sitting","Resting",NA,45,45,"Inactive"
"4755",2023-07-14,"Minerva","Intervention Weekday",60,09:03:19,"5","Sitting","Eating",NA,0,60,"Active"
"4756",2023-07-14,"Minerva","Intervention Weekday",60,09:03:34,"5","Sitting","Resting",NA,15,0,"Inactive"
"4757",2023-07-14,"Minerva","Intervention Weekday",60,09:03:49,"5","Sitting","Resting",NA,30,15,"Inactive"
"4758",2023-07-14,"Minerva","Intervention Weekday",60,09:04:04,"5","Sitting","Resting",NA,45,30,"Inactive"
"4759",2023-07-14,"Minerva","Intervention Weekday",60,09:04:19,"5","Sitting","Eating",NA,0,45,"Active"
"4760",2023-07-14,"Minerva","Intervention Weekday",60,09:04:34,"5","Sitting","Resting",NA,15,60,"Inactive"
"4761",2023-07-14,"Minerva","Intervention Weekday",60,09:04:49,"5","Sitting","Resting",NA,30,0,"Inactive"
"4762",2023-07-14,"Minerva","Intervention Weekday",60,09:05:04,"5","Sitting","Resting",NA,45,15,"Inactive"
"4763",2023-07-14,"Minerva","Intervention Weekday",60,09:05:19,"5","Sitting","Pause",NA,0,30,"Inactive"
"4764",2023-07-14,"Minerva","Intervention Weekday",60,09:05:34,"5","Sitting","Resting",NA,15,45,"Inactive"
"4765",2023-07-14,"Minerva","Intervention Weekday",60,09:05:49,"5","Standing","Locomotion",NA,30,60,"Active"
"4766",2023-07-14,"Minerva","Intervention Weekday",60,09:06:04,"5","Sitting","Resting",NA,45,0,"Inactive"
"4767",2023-07-14,"Minerva","Intervention Weekday",60,09:06:19,"5","Standing","Locomotion",NA,0,15,"Active"
"4768",2023-07-14,"Minerva","Intervention Weekday",60,09:06:34,"5","Sitting","Resting",NA,15,30,"Inactive"
"4769",2023-07-14,"Minerva","Intervention Weekday",60,09:06:49,"5","Sitting","Resting",NA,30,45,"Inactive"
"4770",2023-07-14,"Minerva","Intervention Weekday",60,09:07:04,"5","Sitting","Resting",NA,45,60,"Inactive"
"4771",2023-07-14,"Minerva","Intervention Weekday",60,09:07:19,"5","Sitting","Eating",NA,0,0,"Active"
"4772",2023-07-14,"Minerva","Intervention Weekday",60,09:07:34,"5","Sitting","Resting",NA,15,15,"Inactive"
"4773",2023-07-14,"Minerva","Intervention Weekday",60,09:07:49,"5","Sitting","Resting",NA,30,30,"Inactive"
"4774",2023-07-14,"Minerva","Intervention Weekday",60,09:08:04,"5","Sitting","Resting",NA,45,45,"Inactive"
"4775",2023-07-14,"Minerva","Intervention Weekday",60,09:08:19,"5","Sitting","Eating",NA,0,60,"Active"
"4776",2023-07-14,"Minerva","Intervention Weekday",60,09:08:34,"5","Sitting","Pause",NA,15,0,"Inactive"
"4777",2023-07-14,"Minerva","Intervention Weekday",60,09:08:49,"5","Standing","Locomotion",NA,30,15,"Active"
"4778",2023-07-14,"Minerva","Intervention Weekday",60,09:09:04,"5","Sitting","Resting",NA,45,30,"Inactive"
"4779",2023-07-14,"Minerva","Intervention Weekday",60,09:09:19,"5","Sitting","Eating",NA,0,45,"Active"
"4780",2023-07-14,"Minerva","Intervention Weekday",60,09:09:34,"5","Sitting","Resting",NA,15,60,"Inactive"
"4781",2023-07-14,"Minerva","Intervention Weekday",60,09:09:49,"5","Sitting","Resting",NA,30,0,"Inactive"
"4782",2023-07-14,"Minerva","Intervention Weekday",60,09:10:04,"5","Standing","Locomotion",NA,45,15,"Active"
"4783",2023-07-14,"Minerva","Intervention Weekday",60,09:10:19,"5","Sitting","Eating",NA,0,30,"Active"
"4784",2023-07-14,"Minerva","Intervention Weekday",60,09:10:34,"5","Sitting","Resting",NA,15,45,"Inactive"
"4785",2023-07-14,"Minerva","Intervention Weekday",60,09:10:49,"5","Sitting","Resting",NA,30,60,"Inactive"
"4786",2023-07-14,"Minerva","Intervention Weekday",60,09:11:04,"5","Sitting","Resting",NA,45,0,"Inactive"
"4787",2023-07-14,"Minerva","Intervention Weekday",60,09:11:19,"5","Sitting","Eating",NA,0,15,"Active"
"4788",2023-07-14,"Minerva","Intervention Weekday",60,09:11:34,"5","Sitting","Manipulating Object","Feeder",15,30,"Active"
"4789",2023-07-14,"Minerva","Intervention Weekday",60,09:11:49,"5","Sitting","Resting",NA,30,45,"Inactive"
"4790",2023-07-14,"Minerva","Intervention Weekday",60,09:12:04,"5","Sitting","Resting",NA,45,60,"Inactive"
"4791",2023-07-14,"Minerva","Intervention Weekday",60,09:12:19,"5","Sitting","Eating",NA,0,0,"Active"
"4792",2023-07-14,"Minerva","Intervention Weekday",60,09:12:34,"5","Sitting","Resting",NA,15,15,"Inactive"
"4793",2023-07-14,"Minerva","Intervention Weekday",60,09:12:49,"5","Sitting","Resting",NA,30,30,"Inactive"
"4794",2023-07-14,"Minerva","Intervention Weekday",60,09:13:04,"5","Sitting","Resting",NA,45,45,"Inactive"
"4795",2023-07-14,"Minerva","Intervention Weekday",60,09:13:19,"5","Sitting","Eating",NA,0,60,"Active"
"4796",2023-07-14,"Minerva","Intervention Weekday",60,09:13:34,"5","Sitting","Resting",NA,15,0,"Inactive"
"4797",2023-07-14,"Minerva","Intervention Weekday",60,09:13:49,"5","Sitting","Resting",NA,30,15,"Inactive"
"4798",2023-07-14,"Minerva","Intervention Weekday",60,09:14:04,"5","Sitting","Resting",NA,45,30,"Inactive"
"4799",2023-07-14,"Minerva","Intervention Weekday",60,09:14:19,"5","Sitting","Eating",NA,0,45,"Active"
"4800",2023-07-14,"Minerva","Intervention Weekday",60,09:14:34,"5","Sitting","Eating",NA,15,60,"Active"
"4801",2023-07-14,"Minerva","Intervention Weekday",60,09:14:49,"5","Sitting","Resting",NA,30,0,"Inactive"
"4802",2023-07-14,"Minerva","Intervention Weekday",60,09:15:04,"5","Sitting","Resting",NA,45,15,"Inactive"
"4803",2023-07-14,"Minerva","Intervention Weekday",60,09:15:19,"5","Sitting","Resting",NA,0,30,"Inactive"
"4804",2023-07-14,"Minerva","Intervention Weekday",60,09:15:34,"5","Sitting","Eating",NA,15,45,"Active"
"4805",2023-07-14,"Minerva","Intervention Weekday",60,09:15:49,"5","Sitting","Resting",NA,30,60,"Inactive"
"4806",2023-07-14,"Minerva","Intervention Weekday",60,09:16:04,"5","Sitting","Resting",NA,45,0,"Inactive"
"4807",2023-07-14,"Minerva","Intervention Weekday",60,09:16:19,"5","Sitting","Resting",NA,0,15,"Inactive"
"4808",2023-07-14,"Minerva","Intervention Weekday",60,09:16:34,"5","Sitting","Eating",NA,15,30,"Active"
"4809",2023-07-04,"Minerva","Baseline Weekday",0,10:03:22,"6","Sitting","Resting",NA,45,0,"Inactive"
"4810",2023-07-04,"Minerva","Baseline Weekday",0,10:03:37,"6","Sitting","Resting",NA,0,0,"Inactive"
"4811",2023-07-04,"Minerva","Baseline Weekday",0,10:03:52,"6","Sitting","Resting",NA,15,0,"Inactive"
"4812",2023-07-04,"Minerva","Baseline Weekday",0,10:04:07,"6","Sitting","Resting",NA,30,0,"Inactive"
"4813",2023-07-04,"Minerva","Baseline Weekday",0,10:04:22,"5","Sitting","Eating",NA,45,0,"Active"
"4814",2023-07-04,"Minerva","Baseline Weekday",0,10:04:37,"5","Sitting","Eating",NA,0,0,"Active"
"4815",2023-07-04,"Minerva","Baseline Weekday",0,10:04:52,"5","Sitting","Eating",NA,15,0,"Active"
"4816",2023-07-04,"Minerva","Baseline Weekday",0,10:05:07,"6","Sitting","Pause",NA,30,0,"Inactive"
"4817",2023-07-04,"Minerva","Baseline Weekday",0,10:05:22,"6","Sitting","Drinking",NA,45,0,"Active"
"4818",2023-07-04,"Minerva","Baseline Weekday",0,10:05:37,"6","Sitting","Pause",NA,0,0,"Inactive"
"4819",2023-07-04,"Minerva","Baseline Weekday",0,10:05:52,"6","Sitting","Resting",NA,15,0,"Inactive"
"4820",2023-07-04,"Minerva","Baseline Weekday",0,10:06:07,"4","Standing","Locomotion",NA,30,0,"Active"
"4821",2023-07-04,"Minerva","Baseline Weekday",0,10:06:22,"6","Sitting","Resting",NA,45,0,"Inactive"
"4822",2023-07-04,"Minerva","Baseline Weekday",0,10:06:37,"6","Sitting","Resting",NA,0,0,"Inactive"
"4823",2023-07-04,"Minerva","Baseline Weekday",0,10:06:52,"1","Sitting","Resting",NA,15,0,"Inactive"
"4824",2023-07-04,"Minerva","Baseline Weekday",0,10:07:07,"1","Sitting","Resting",NA,30,0,"Inactive"
"4825",2023-07-04,"Minerva","Baseline Weekday",0,10:07:22,"1","Sitting","Resting",NA,45,0,"Inactive"
"4826",2023-07-04,"Minerva","Baseline Weekday",0,10:07:37,"1","Lying Down","Resting",NA,0,0,"Inactive"
"4827",2023-07-04,"Minerva","Baseline Weekday",0,10:07:52,"1","Lying Down","Resting",NA,15,0,"Inactive"
"4828",2023-07-04,"Minerva","Baseline Weekday",0,10:08:07,"1","Lying Down","Resting",NA,30,0,"Inactive"
"4829",2023-07-04,"Minerva","Baseline Weekday",0,10:08:22,"1","Lying Down","Resting",NA,45,0,"Inactive"
"4830",2023-07-04,"Minerva","Baseline Weekday",0,10:08:37,"6","Sitting","Resting",NA,0,0,"Inactive"
"4831",2023-07-04,"Minerva","Baseline Weekday",0,10:08:52,"6","Sitting","Resting",NA,15,0,"Inactive"
"4832",2023-07-04,"Minerva","Baseline Weekday",0,10:09:07,"6","Sitting","Resting",NA,30,0,"Inactive"
"4833",2023-07-04,"Minerva","Baseline Weekday",0,10:09:22,"6","Sitting","Resting",NA,45,0,"Inactive"
"4834",2023-07-04,"Minerva","Baseline Weekday",0,10:09:37,"5","Sitting","Resting",NA,0,0,"Inactive"
"4835",2023-07-04,"Minerva","Baseline Weekday",0,10:09:52,"5","Sitting","Resting",NA,15,0,"Inactive"
"4836",2023-07-04,"Minerva","Baseline Weekday",0,10:10:07,"5","Sitting","Resting",NA,30,0,"Inactive"
"4837",2023-07-04,"Minerva","Baseline Weekday",0,10:10:22,"5","Sitting","Resting",NA,45,0,"Inactive"
"4838",2023-07-04,"Minerva","Baseline Weekday",0,10:10:37,"5","Sitting","Resting",NA,0,0,"Inactive"
"4839",2023-07-04,"Minerva","Baseline Weekday",0,10:10:52,"5","Sitting","Resting",NA,15,0,"Inactive"
"4840",2023-07-04,"Minerva","Baseline Weekday",0,10:11:07,"5","Lying Down","Resting",NA,30,0,"Inactive"
"4841",2023-07-04,"Minerva","Baseline Weekday",0,10:11:22,"5","Lying Down","Resting",NA,45,0,"Inactive"
"4842",2023-07-04,"Minerva","Baseline Weekday",0,10:11:37,"5","Lying Down","Resting",NA,0,0,"Inactive"
"4843",2023-07-04,"Minerva","Baseline Weekday",0,10:11:52,"5","Lying Down","Resting",NA,15,0,"Inactive"
"4844",2023-07-04,"Minerva","Baseline Weekday",0,10:12:07,"5","Lying Down","Resting",NA,30,0,"Inactive"
"4845",2023-07-04,"Minerva","Baseline Weekday",0,10:12:22,"5","Lying Down","Resting",NA,45,0,"Inactive"
"4846",2023-07-04,"Minerva","Baseline Weekday",0,10:12:37,"5","Lying Down","Resting",NA,0,0,"Inactive"
"4847",2023-07-04,"Minerva","Baseline Weekday",0,10:12:52,"5","Lying Down","Resting",NA,15,0,"Inactive"
"4848",2023-07-04,"Minerva","Baseline Weekday",0,10:13:07,"5","Lying Down","Resting",NA,30,0,"Inactive"
"4849",2023-07-04,"Minerva","Baseline Weekday",0,10:13:22,"5","Lying Down","Resting",NA,45,0,"Inactive"
"4850",2023-07-04,"Minerva","Baseline Weekday",0,10:13:37,"5","Lying Down","Resting",NA,0,0,"Inactive"
"4851",2023-07-04,"Minerva","Baseline Weekday",0,10:13:52,"5","Lying Down","Resting",NA,15,0,"Inactive"
"4852",2023-07-04,"Minerva","Baseline Weekday",0,10:14:07,"5","Lying Down","Resting",NA,30,0,"Inactive"
"4853",2023-07-04,"Minerva","Baseline Weekday",0,10:14:22,"5","Lying Down","Resting",NA,45,0,"Inactive"
"4854",2023-07-04,"Minerva","Baseline Weekday",0,10:14:37,"5","Lying Down","Resting",NA,0,0,"Inactive"
"4855",2023-07-04,"Minerva","Baseline Weekday",0,10:14:52,"5","Lying Down","Resting",NA,15,0,"Inactive"
"4856",2023-07-04,"Minerva","Baseline Weekday",0,10:15:07,"5","Lying Down","Resting",NA,30,0,"Inactive"
"4857",2023-07-04,"Minerva","Baseline Weekday",0,10:15:22,"5","Sitting","Pause",NA,45,0,"Inactive"
"4858",2023-07-04,"Minerva","Baseline Weekday",0,10:15:37,"5","Sitting","Pause",NA,0,0,"Inactive"
"4859",2023-07-04,"Minerva","Baseline Weekday",0,10:15:52,"6","Sitting","Drinking",NA,15,0,"Active"
"4860",2023-07-04,"Minerva","Baseline Weekday",0,10:16:07,"6","Sitting","Drinking",NA,30,0,"Active"
"4861",2023-07-04,"Minerva","Baseline Weekday",0,10:16:22,"6","Sitting","Drinking",NA,45,0,"Active"
"4862",2023-07-04,"Minerva","Baseline Weekday",0,10:16:37,"6","Standing","Locomotion",NA,0,0,"Active"
"4863",2023-07-04,"Minerva","Baseline Weekday",0,10:16:52,"6","Sitting","Resting",NA,15,0,"Inactive"
"4864",2023-07-04,"Minerva","Baseline Weekday",0,10:17:07,"6","Sitting","Resting",NA,30,0,"Inactive"
"4865",2023-07-04,"Minerva","Baseline Weekday",0,10:17:22,"5","Lying Down","Resting",NA,45,0,"Inactive"
"4866",2023-07-04,"Minerva","Baseline Weekday",0,10:17:37,"5","Lying Down","Resting",NA,0,0,"Inactive"
"4867",2023-07-04,"Minerva","Baseline Weekday",0,10:17:52,"5","Lying Down","Resting",NA,15,0,"Inactive"
"4868",2023-07-22,"Minerva","Baseline Weekday",0,10:29:53,"4","Lying Down","Resting",NA,45,0,"Inactive"
"4869",2023-07-22,"Minerva","Baseline Weekday",0,10:30:08,"4","Lying Down","Resting",NA,0,0,"Inactive"
"4870",2023-07-22,"Minerva","Baseline Weekday",0,10:30:23,"4","Lying Down","Resting",NA,15,0,"Inactive"
"4871",2023-07-22,"Minerva","Baseline Weekday",0,10:30:38,"4","Lying Down","Resting",NA,30,0,"Inactive"
"4872",2023-07-22,"Minerva","Baseline Weekday",0,10:30:53,"4","Lying Down","Resting",NA,45,0,"Inactive"
"4873",2023-07-22,"Minerva","Baseline Weekday",0,10:31:08,"4","Lying Down","Resting",NA,0,0,"Inactive"
"4874",2023-07-22,"Minerva","Baseline Weekday",0,10:31:23,"4","Lying Down","Resting",NA,15,0,"Inactive"
"4875",2023-07-22,"Minerva","Baseline Weekday",0,10:31:38,"4","Lying Down","Resting",NA,30,0,"Inactive"
"4876",2023-07-22,"Minerva","Baseline Weekday",0,10:31:53,"4","Lying Down","Resting",NA,45,0,"Inactive"
"4877",2023-07-22,"Minerva","Baseline Weekday",0,10:32:08,"4","Lying Down","Resting",NA,0,0,"Inactive"
"4878",2023-07-22,"Minerva","Baseline Weekday",0,10:32:23,"4","Lying Down","Resting",NA,15,0,"Inactive"
"4879",2023-07-22,"Minerva","Baseline Weekday",0,10:32:38,"6","Lying Down","Drinking",NA,30,0,"Active"
"4880",2023-07-22,"Minerva","Baseline Weekday",0,10:32:53,"6","Lying Down","Drinking",NA,45,0,"Active"
"4881",2023-07-22,"Minerva","Baseline Weekday",0,10:33:08,"6","Sitting","Resting",NA,0,0,"Inactive"
"4882",2023-07-22,"Minerva","Baseline Weekday",0,10:33:23,"6","Sitting","Resting",NA,15,0,"Inactive"
"4883",2023-07-22,"Minerva","Baseline Weekday",0,10:33:38,"6","Standing","Pause",NA,30,0,"Inactive"
"4884",2023-07-22,"Minerva","Baseline Weekday",0,10:33:53,"Out of View","Out of View","Out of View",NA,45,0,"OutofView"
"4885",2023-07-22,"Minerva","Baseline Weekday",0,10:34:08,"5","Standing","Locomotion",NA,0,0,"Active"
"4886",2023-07-22,"Minerva","Baseline Weekday",0,10:34:23,"5","Sitting","Resting",NA,15,0,"Inactive"
"4887",2023-07-22,"Minerva","Baseline Weekday",0,10:34:38,"Out of View","Out of View","Out of View",NA,30,0,"OutofView"
"4888",2023-07-22,"Minerva","Baseline Weekday",0,10:34:53,"6","Sitting","Grooming",NA,45,0,"Active"
"4889",2023-07-22,"Minerva","Baseline Weekday",0,10:35:08,"6","Sitting","Resting",NA,0,0,"Inactive"
"4890",2023-07-22,"Minerva","Baseline Weekday",0,10:35:23,"6","Sitting","Resting",NA,15,0,"Inactive"
"4891",2023-07-22,"Minerva","Baseline Weekday",0,10:35:38,"6","Standing","Locomotion",NA,30,0,"Active"
"4892",2023-07-22,"Minerva","Baseline Weekday",0,10:35:53,"5","Sitting","Resting",NA,45,0,"Inactive"
"4893",2023-07-22,"Minerva","Baseline Weekday",0,10:36:08,"4","Lying Down","Resting",NA,0,0,"Inactive"
"4894",2023-07-22,"Minerva","Baseline Weekday",0,10:36:23,"4","Lying Down","Resting",NA,15,0,"Inactive"
"4895",2023-07-22,"Minerva","Baseline Weekday",0,10:36:38,"4","Lying Down","Resting",NA,30,0,"Inactive"
"4896",2023-07-22,"Minerva","Baseline Weekday",0,10:36:53,"4","Lying Down","Resting",NA,45,0,"Inactive"
"4897",2023-07-22,"Minerva","Baseline Weekday",0,10:37:08,"4","Lying Down","Resting",NA,0,0,"Inactive"
"4898",2023-07-22,"Minerva","Baseline Weekday",0,10:37:23,"4","Lying Down","Resting",NA,15,0,"Inactive"
"4899",2023-07-22,"Minerva","Baseline Weekday",0,10:37:38,"4","Lying Down","Resting",NA,30,0,"Inactive"
"4900",2023-07-22,"Minerva","Baseline Weekday",0,10:37:53,"4","Lying Down","Resting",NA,45,0,"Inactive"
"4901",2023-07-22,"Minerva","Baseline Weekday",0,10:38:08,"4","Lying Down","Resting",NA,0,0,"Inactive"
"4902",2023-07-22,"Minerva","Baseline Weekday",0,10:38:23,"4","Lying Down","Resting",NA,15,0,"Inactive"
"4903",2023-07-22,"Minerva","Baseline Weekday",0,10:38:38,"6","Sitting","Drinking",NA,30,0,"Active"
"4904",2023-07-22,"Minerva","Baseline Weekday",0,10:38:53,"6","Sitting","Drinking",NA,45,0,"Active"
"4905",2023-07-22,"Minerva","Baseline Weekday",0,10:39:08,"6","Sitting","Resting",NA,0,0,"Inactive"
"4906",2023-07-22,"Minerva","Baseline Weekday",0,10:39:23,"5","Sitting","Resting",NA,15,0,"Inactive"
"4907",2023-07-22,"Minerva","Baseline Weekday",0,10:39:38,"5","Sitting","Resting",NA,30,0,"Inactive"
"4908",2023-07-22,"Minerva","Baseline Weekday",0,10:39:53,"5","Sitting","Resting",NA,45,0,"Inactive"
"4909",2023-07-22,"Minerva","Baseline Weekday",0,10:40:08,"5","Sitting","Resting",NA,0,0,"Inactive"
"4910",2023-07-22,"Minerva","Baseline Weekday",0,10:40:23,"5","Sitting","Resting",NA,15,0,"Inactive"
"4911",2023-07-22,"Minerva","Baseline Weekday",0,10:40:38,"5","Sitting","Pause",NA,30,0,"Inactive"
"4912",2023-07-22,"Minerva","Baseline Weekday",0,10:40:53,"6","Standing","Locomotion",NA,45,0,"Active"
"4913",2023-07-22,"Minerva","Baseline Weekday",0,10:41:08,"6","Standing","Locomotion",NA,0,0,"Active"
"4914",2023-07-22,"Minerva","Baseline Weekday",0,10:41:23,"Fence","Other","Locomotion",NA,15,0,"Active"
"4915",2023-07-22,"Minerva","Baseline Weekday",0,10:41:38,"6","Standing","Locomotion",NA,30,0,"Active"
"4916",2023-07-22,"Minerva","Baseline Weekday",0,10:41:53,"6","Sitting","Resting",NA,45,0,"Inactive"
"4917",2023-07-22,"Minerva","Baseline Weekday",0,10:42:08,"6","Sitting","Resting",NA,0,0,"Inactive"
"4918",2023-07-22,"Minerva","Baseline Weekday",0,10:42:23,"6","Sitting","Resting",NA,15,0,"Inactive"
"4919",2023-07-22,"Minerva","Baseline Weekday",0,10:42:38,"6","Sitting","Resting",NA,30,0,"Inactive"
"4920",2023-07-22,"Minerva","Baseline Weekday",0,10:42:53,"6","Sitting","Resting",NA,45,0,"Inactive"
"4921",2023-07-22,"Minerva","Baseline Weekday",0,10:43:08,"6","Sitting","Resting",NA,0,0,"Inactive"
"4922",2023-07-22,"Minerva","Baseline Weekday",0,10:43:23,"6","Sitting","Resting",NA,15,0,"Inactive"
"4923",2023-07-22,"Minerva","Baseline Weekday",0,10:43:38,"6","Sitting","Resting",NA,30,0,"Inactive"
"4924",2023-07-22,"Minerva","Baseline Weekday",0,10:43:53,"5","Standing","Locomotion",NA,45,0,"Active"
"4925",2023-07-22,"Minerva","Baseline Weekday",0,10:44:08,"5","Standing","Locomotion",NA,0,0,"Active"
"4926",2023-07-22,"Minerva","Baseline Weekday",0,10:44:23,"5","Sitting","Resting",NA,15,0,"Inactive"
"4927",2023-09-11,"Minerva","Intervention Weekday",300,09:56:29,"5","Sitting","Eating",NA,0,0,"Active"
"4928",2023-09-11,"Minerva","Intervention Weekday",300,09:56:44,"5","Standing","Pause",NA,15,15,"Inactive"
"4929",2023-09-11,"Minerva","Intervention Weekday",300,09:56:59,"5","Sitting","Resting",NA,30,30,"Inactive"
"4930",2023-09-11,"Minerva","Intervention Weekday",300,09:57:14,"5","Sitting","Resting",NA,45,45,"Inactive"
"4931",2023-09-11,"Minerva","Intervention Weekday",300,09:57:29,"5","Sitting","Resting",NA,0,60,"Inactive"
"4932",2023-09-11,"Minerva","Intervention Weekday",300,09:57:44,"5","Lying Down","Manipulating Object","Feeder",15,75,"Active"
"4933",2023-09-11,"Minerva","Intervention Weekday",300,09:57:59,"5","Lying Down","Manipulating Object","Feeder",30,90,"Active"
"4934",2023-09-11,"Minerva","Intervention Weekday",300,09:58:14,"5","Standing","Locomotion",NA,45,105,"Active"
"4935",2023-09-11,"Minerva","Intervention Weekday",300,09:58:29,"5","Sitting","Resting",NA,0,120,"Inactive"
"4936",2023-09-11,"Minerva","Intervention Weekday",300,09:58:44,"5","Sitting","Resting",NA,15,135,"Inactive"
"4937",2023-09-11,"Minerva","Intervention Weekday",300,09:58:59,"5","Sitting","Resting",NA,30,150,"Inactive"
"4938",2023-09-11,"Minerva","Intervention Weekday",300,09:59:14,"5","Sitting","Resting",NA,45,165,"Inactive"
"4939",2023-09-11,"Minerva","Intervention Weekday",300,09:59:29,"5","Sitting","Resting",NA,0,180,"Inactive"
"4940",2023-09-11,"Minerva","Intervention Weekday",300,09:59:44,"5","Sitting","Resting",NA,15,195,"Inactive"
"4941",2023-09-11,"Minerva","Intervention Weekday",300,09:59:59,"5","Sitting","Resting",NA,30,210,"Inactive"
"4942",2023-09-11,"Minerva","Intervention Weekday",300,10:00:14,"5","Sitting","Resting",NA,45,225,"Inactive"
"4943",2023-09-11,"Minerva","Intervention Weekday",300,10:00:29,"5","Sitting","Resting",NA,0,240,"Inactive"
"4944",2023-09-11,"Minerva","Intervention Weekday",300,10:00:44,"5","Sitting","Resting",NA,15,255,"Inactive"
"4945",2023-09-11,"Minerva","Intervention Weekday",300,10:00:59,"5","Sitting","Resting",NA,30,270,"Inactive"
"4946",2023-09-11,"Minerva","Intervention Weekday",300,10:01:14,"5","Sitting","Resting",NA,45,285,"Inactive"
"4947",2023-09-11,"Minerva","Intervention Weekday",300,10:01:29,"5","Sitting","Resting",NA,0,300,"Inactive"
"4948",2023-09-11,"Minerva","Intervention Weekday",300,10:01:44,"6","Standing","Locomotion",NA,15,0,"Active"
"4949",2023-09-11,"Minerva","Intervention Weekday",300,10:01:59,"5","Standing","Manipulating Object","Feeder",30,15,"Active"
"4950",2023-09-11,"Minerva","Intervention Weekday",300,10:02:14,"5","Standing","Locomotion",NA,45,30,"Active"
"4951",2023-09-11,"Minerva","Intervention Weekday",300,10:02:29,"5","Standing","Locomotion",NA,0,45,"Active"
"4952",2023-09-11,"Minerva","Intervention Weekday",300,10:02:44,"5","Sitting","Resting",NA,15,60,"Inactive"
"4953",2023-09-11,"Minerva","Intervention Weekday",300,10:02:59,"5","Sitting","Resting",NA,30,75,"Inactive"
"4954",2023-09-11,"Minerva","Intervention Weekday",300,10:03:14,"5","Sitting","Resting",NA,45,90,"Inactive"
"4955",2023-09-11,"Minerva","Intervention Weekday",300,10:03:29,"5","Sitting","Resting",NA,0,105,"Inactive"
"4956",2023-09-11,"Minerva","Intervention Weekday",300,10:03:44,"6","Standing","Locomotion",NA,15,120,"Active"
"4957",2023-09-11,"Minerva","Intervention Weekday",300,10:03:59,"5","Sitting","Resting",NA,30,135,"Inactive"
"4958",2023-09-11,"Minerva","Intervention Weekday",300,10:04:14,"5","Sitting","Resting",NA,45,150,"Inactive"
"4959",2023-09-11,"Minerva","Intervention Weekday",300,10:04:29,"5","Sitting","Resting",NA,0,165,"Inactive"
"4960",2023-09-11,"Minerva","Intervention Weekday",300,10:04:44,"6","Standing","Locomotion",NA,15,180,"Active"
"4961",2023-09-11,"Minerva","Intervention Weekday",300,10:04:59,"6","Sitting","Resting",NA,30,195,"Inactive"
"4962",2023-09-11,"Minerva","Intervention Weekday",300,10:05:14,"6","Sitting","Resting",NA,45,210,"Inactive"
"4963",2023-09-11,"Minerva","Intervention Weekday",300,10:05:29,"6","Sitting","Resting",NA,0,225,"Inactive"
"4964",2023-09-11,"Minerva","Intervention Weekday",300,10:05:44,"6","Sitting","Resting",NA,15,240,"Inactive"
"4965",2023-09-11,"Minerva","Intervention Weekday",300,10:05:59,"6","Sitting","Resting",NA,30,255,"Inactive"
"4966",2023-09-11,"Minerva","Intervention Weekday",300,10:06:14,"5","Sitting","Resting",NA,45,270,"Inactive"
"4967",2023-09-11,"Minerva","Intervention Weekday",300,10:06:29,"5","Standing","Locomotion",NA,0,285,"Active"
"4968",2023-09-11,"Minerva","Intervention Weekday",300,10:06:44,"5","Sitting","Resting",NA,15,300,"Inactive"
"4969",2023-09-11,"Minerva","Intervention Weekday",300,10:06:59,"5","Sitting","Resting",NA,30,0,"Inactive"
"4970",2023-09-11,"Minerva","Intervention Weekday",300,10:07:14,"5","Sitting","Resting",NA,45,15,"Inactive"
"4971",2023-09-11,"Minerva","Intervention Weekday",300,10:07:29,"5","Sitting","Resting",NA,0,30,"Inactive"
"4972",2023-09-11,"Minerva","Intervention Weekday",300,10:07:44,"5","Sitting","Resting",NA,15,45,"Inactive"
"4973",2023-09-11,"Minerva","Intervention Weekday",300,10:07:59,"5","Sitting","Resting",NA,30,60,"Inactive"
"4974",2023-09-11,"Minerva","Intervention Weekday",300,10:08:14,"5","Sitting","Resting",NA,45,75,"Inactive"
"4975",2023-09-11,"Minerva","Intervention Weekday",300,10:08:29,"5","Sitting","Resting",NA,0,90,"Inactive"
"4976",2023-09-11,"Minerva","Intervention Weekday",300,10:08:44,"5","Sitting","Resting",NA,15,105,"Inactive"
"4977",2023-09-11,"Minerva","Intervention Weekday",300,10:08:59,"5","Sitting","Resting",NA,30,120,"Inactive"
"4978",2023-09-11,"Minerva","Intervention Weekday",300,10:09:14,"5","Sitting","Resting",NA,45,135,"Inactive"
"4979",2023-09-11,"Minerva","Intervention Weekday",300,10:09:29,"5","Sitting","Resting",NA,0,150,"Inactive"
"4980",2023-09-11,"Minerva","Intervention Weekday",300,10:09:44,"5","Sitting","Resting",NA,15,165,"Inactive"
"4981",2023-09-11,"Minerva","Intervention Weekday",300,10:09:59,"5","Sitting","Resting",NA,30,180,"Inactive"
"4982",2023-09-11,"Minerva","Intervention Weekday",300,10:10:14,"5","Sitting","Resting",NA,45,195,"Inactive"
"4983",2023-09-11,"Minerva","Intervention Weekday",300,10:10:29,"5","Sitting","Resting",NA,0,210,"Inactive"
"4984",2023-09-11,"Minerva","Intervention Weekday",300,10:10:44,"6","Standing","Locomotion",NA,15,225,"Active"
"4985",2023-09-11,"Minerva","Intervention Weekday",300,10:10:59,"5","Sitting","Resting",NA,30,240,"Inactive"
"4986",2023-09-12,"Minerva","Intervetion Weekday",300,10:25:47,"feeder deployed",NA,NA,NA,0,0,"Active"
"4987",2023-09-12,"Minerva","Intervetion Weekday",300,10:26:02,"4","Sitting","Eating",NA,15,15,"Active"
"4988",2023-09-12,"Minerva","Intervetion Weekday",300,10:26:17,"6","Standing","Locomotion",NA,30,30,"Active"
"4989",2023-09-12,"Minerva","Intervetion Weekday",300,10:26:32,"6","Standing","Pause",NA,45,45,"Inactive"
"4990",2023-09-12,"Minerva","Intervetion Weekday",300,10:26:47,"6","Sitting","Resting",NA,0,60,"Inactive"
"4991",2023-09-12,"Minerva","Intervetion Weekday",300,10:27:02,"5","Sitting","Resting",NA,15,75,"Inactive"
"4992",2023-09-12,"Minerva","Intervetion Weekday",300,10:27:17,"5","Sitting","Resting",NA,30,90,"Inactive"
"4993",2023-09-12,"Minerva","Intervetion Weekday",300,10:27:32,"5","Sitting","Resting",NA,45,105,"Inactive"
"4994",2023-09-12,"Minerva","Intervetion Weekday",300,10:27:47,"6","Standing","Pause",NA,0,120,"Inactive"
"4995",2023-09-12,"Minerva","Intervetion Weekday",300,10:28:02,"5","Sitting","Resting",NA,15,135,"Inactive"
"4996",2023-09-12,"Minerva","Intervetion Weekday",300,10:28:17,"5","Standing","Locomotion",NA,30,150,"Active"
"4997",2023-09-12,"Minerva","Intervetion Weekday",300,10:28:32,"5","Sitting","Resting",NA,45,165,"Inactive"
"4998",2023-09-12,"Minerva","Intervetion Weekday",300,10:28:47,"5","Sitting","Resting",NA,0,180,"Inactive"
"4999",2023-09-12,"Minerva","Intervetion Weekday",300,10:29:02,"6","Sitting","Resting",NA,15,195,"Inactive"
"5000",2023-09-12,"Minerva","Intervetion Weekday",300,10:29:17,"5","Sitting","Resting",NA,30,210,"Inactive"
"5001",2023-09-12,"Minerva","Intervetion Weekday",300,10:29:32,"5","Sitting","Resting",NA,45,225,"Inactive"
"5002",2023-09-12,"Minerva","Intervetion Weekday",300,10:29:47,"5","Sitting","Resting",NA,0,240,"Inactive"
"5003",2023-09-12,"Minerva","Intervetion Weekday",300,10:30:02,"5","Sitting","Resting",NA,15,255,"Inactive"
"5004",2023-09-12,"Minerva","Intervetion Weekday",300,10:30:17,"5","Sitting","Resting",NA,30,270,"Inactive"
"5005",2023-09-12,"Minerva","Intervetion Weekday",300,10:30:32,"5","Sitting","Resting",NA,45,285,"Inactive"
"5006",2023-09-12,"Minerva","Intervetion Weekday",300,10:30:47,"5","Sitting","Eating",NA,0,300,"Active"
"5007",2023-09-12,"Minerva","Intervetion Weekday",300,10:31:02,"5","Sitting","Pause",NA,15,0,"Inactive"
"5008",2023-09-12,"Minerva","Intervetion Weekday",300,10:31:17,"6","Sitting","Drinking",NA,30,15,"Active"
"5009",2023-09-12,"Minerva","Intervetion Weekday",300,10:31:32,"6","Sitting","Pause",NA,45,30,"Inactive"
"5010",2023-09-12,"Minerva","Intervetion Weekday",300,10:31:47,"5","Sitting","Resting",NA,0,45,"Inactive"
"5011",2023-09-12,"Minerva","Intervetion Weekday",300,10:32:02,"5","Sitting","Resting",NA,15,60,"Inactive"
"5012",2023-09-12,"Minerva","Intervetion Weekday",300,10:32:17,"5","Sitting","Resting",NA,30,75,"Inactive"
"5013",2023-09-12,"Minerva","Intervetion Weekday",300,10:32:32,"5","Sitting","Resting",NA,45,90,"Inactive"
"5014",2023-09-12,"Minerva","Intervetion Weekday",300,10:32:47,"5","Sitting","Resting",NA,0,105,"Inactive"
"5015",2023-09-12,"Minerva","Intervetion Weekday",300,10:33:02,"5","Sitting","Resting",NA,15,120,"Inactive"
"5016",2023-09-12,"Minerva","Intervetion Weekday",300,10:33:17,"5","Sitting","Resting",NA,30,135,"Inactive"
"5017",2023-09-12,"Minerva","Intervetion Weekday",300,10:33:32,"5","Sitting","Resting",NA,45,150,"Inactive"
"5018",2023-09-12,"Minerva","Intervetion Weekday",300,10:33:47,"4","Sitting","Resting",NA,0,165,"Inactive"
"5019",2023-09-12,"Minerva","Intervetion Weekday",300,10:34:02,"4","Sitting","Resting",NA,15,180,"Inactive"
"5020",2023-09-12,"Minerva","Intervetion Weekday",300,10:34:17,"4","Sitting","Resting",NA,30,195,"Inactive"
"5021",2023-09-12,"Minerva","Intervetion Weekday",300,10:34:32,"4","Sitting","Resting",NA,45,210,"Inactive"
"5022",2023-09-12,"Minerva","Intervetion Weekday",300,10:34:47,"4","Sitting","Resting",NA,0,225,"Inactive"
"5023",2023-09-12,"Minerva","Intervetion Weekday",300,10:35:02,"4","Sitting","Resting",NA,15,240,"Inactive"
"5024",2023-09-12,"Minerva","Intervetion Weekday",300,10:35:17,"4","Sitting","Resting",NA,30,255,"Inactive"
"5025",2023-09-12,"Minerva","Intervetion Weekday",300,10:35:32,"4","Sitting","Resting",NA,45,270,"Inactive"
"5026",2023-09-12,"Minerva","Intervetion Weekday",300,10:35:47,"5","Standing","Locomotion",NA,0,285,"Active"
"5027",2023-09-12,"Minerva","Intervetion Weekday",300,10:36:02,"5","Sitting","Eating",NA,15,300,"Active"
"5028",2023-09-12,"Minerva","Intervetion Weekday",300,10:36:17,"5","Sitting","Resting",NA,30,0,"Inactive"
"5029",2023-09-12,"Minerva","Intervetion Weekday",300,10:36:32,"5","Standing","Locomotion",NA,45,15,"Active"
"5030",2023-09-12,"Minerva","Intervetion Weekday",300,10:36:47,"5","Sitting","Resting",NA,0,30,"Inactive"
"5031",2023-09-12,"Minerva","Intervetion Weekday",300,10:37:02,"5","Sitting","Resting",NA,15,45,"Inactive"
"5032",2023-09-12,"Minerva","Intervetion Weekday",300,10:37:17,"5","Sitting","Resting",NA,30,60,"Inactive"
"5033",2023-09-12,"Minerva","Intervetion Weekday",300,10:37:32,"6","Standing","Manipulating Object","Fencing",45,75,"Active"
"5034",2023-09-12,"Minerva","Intervetion Weekday",300,10:37:47,"5","Sitting","Resting",NA,0,90,"Inactive"
"5035",2023-09-12,"Minerva","Intervetion Weekday",300,10:38:02,"5","Sitting","Resting",NA,15,105,"Inactive"
"5036",2023-09-12,"Minerva","Intervetion Weekday",300,10:38:17,"6","Standing","Locomotion",NA,30,120,"Active"
"5037",2023-09-12,"Minerva","Intervetion Weekday",300,10:38:32,"6","Standing","Pause",NA,45,135,"Inactive"
"5038",2023-09-12,"Minerva","Intervetion Weekday",300,10:38:47,"5","Sitting","Resting",NA,0,150,"Inactive"
"5039",2023-09-12,"Minerva","Intervetion Weekday",300,10:39:02,"5","Sitting","Resting",NA,15,165,"Inactive"
"5040",2023-09-12,"Minerva","Intervetion Weekday",300,10:39:17,"5","Sitting","Resting",NA,30,180,"Inactive"
"5041",2023-09-12,"Minerva","Intervetion Weekday",300,10:39:32,"5","Sitting","Resting",NA,45,195,"Inactive"
"5042",2023-09-12,"Minerva","Intervetion Weekday",300,10:39:47,"5","Sitting","Resting",NA,0,210,"Inactive"
"5043",2023-09-12,"Minerva","Intervetion Weekday",300,10:40:02,"5","Sitting","Resting",NA,15,225,"Inactive"
"5044",2023-09-12,"Minerva","Intervetion Weekday",300,10:40:17,"5","Sitting","Resting",NA,30,240,"Inactive"
"5045",2023-09-12,"Minerva","Intervetion Weekday",300,10:40:32,"5","Standing","Locomotion",NA,45,255,"Active"
"5046",2023-09-13,"Minerva","Intervention Weekday",300,12:24:05,"5","Sitting","Eating",NA,0,0,"Active"
"5047",2023-09-13,"Minerva","Intervention Weekday",300,12:24:20,"5","Sitting","Resting",NA,15,15,"Inactive"
"5048",2023-09-13,"Minerva","Intervention Weekday",300,12:24:35,"4","Standing","Locomotion",NA,30,30,"Active"
"5049",2023-09-13,"Minerva","Intervention Weekday",300,12:24:50,"4","Lying Down","Resting",NA,45,45,"Inactive"
"5050",2023-09-13,"Minerva","Intervention Weekday",300,12:25:05,"4","Lying Down","Resting",NA,0,60,"Inactive"
"5051",2023-09-13,"Minerva","Intervention Weekday",300,12:25:20,"4","Sitting","Resting",NA,15,75,"Inactive"
"5052",2023-09-13,"Minerva","Intervention Weekday",300,12:25:35,"3","Sitting","Resting",NA,30,90,"Inactive"
"5053",2023-09-13,"Minerva","Intervention Weekday",300,12:25:50,"3","Sitting","Resting",NA,45,105,"Inactive"
"5054",2023-09-13,"Minerva","Intervention Weekday",300,12:26:05,"3","Sitting","Resting",NA,0,120,"Inactive"
"5055",2023-09-13,"Minerva","Intervention Weekday",300,12:26:20,"3","Sitting","Resting",NA,15,135,"Inactive"
"5056",2023-09-13,"Minerva","Intervention Weekday",300,12:26:35,"3","Sitting","Resting",NA,30,150,"Inactive"
"5057",2023-09-13,"Minerva","Intervention Weekday",300,12:26:50,"3","Sitting","Resting",NA,45,165,"Inactive"
"5058",2023-09-13,"Minerva","Intervention Weekday",300,12:27:05,"3","Sitting","Resting",NA,0,180,"Inactive"
"5059",2023-09-13,"Minerva","Intervention Weekday",300,12:27:20,"3","Sitting","Resting",NA,15,195,"Inactive"
"5060",2023-09-13,"Minerva","Intervention Weekday",300,12:27:35,"2","Standing","Locomotion",NA,30,210,"Active"
"5061",2023-09-13,"Minerva","Intervention Weekday",300,12:27:50,"2","Lying Down","Resting",NA,45,225,"Inactive"
"5062",2023-09-13,"Minerva","Intervention Weekday",300,12:28:05,"2","Lying Down","Resting",NA,0,240,"Inactive"
"5063",2023-09-13,"Minerva","Intervention Weekday",300,12:28:20,"2","Lying Down","Resting",NA,15,255,"Inactive"
"5064",2023-09-13,"Minerva","Intervention Weekday",300,12:28:35,"2","Lying Down","Resting",NA,30,270,"Inactive"
"5065",2023-09-13,"Minerva","Intervention Weekday",300,12:28:50,"2","Lying Down","Resting",NA,45,285,"Inactive"
"5066",2023-09-13,"Minerva","Intervention Weekday",300,12:29:05,"5","Sitting","Eating",NA,0,300,"Active"
"5067",2023-09-13,"Minerva","Intervention Weekday",300,12:29:20,"5","Standing","Pause",NA,15,0,"Inactive"
"5068",2023-09-13,"Minerva","Intervention Weekday",300,12:29:35,"5","Sitting","Resting",NA,30,15,"Inactive"
"5069",2023-09-13,"Minerva","Intervention Weekday",300,12:29:50,"5","Sitting","Resting",NA,45,30,"Inactive"
"5070",2023-09-13,"Minerva","Intervention Weekday",300,12:30:05,"5","Sitting","Resting",NA,0,45,"Inactive"
"5071",2023-09-13,"Minerva","Intervention Weekday",300,12:30:20,"5","Sitting","Resting",NA,15,60,"Inactive"
"5072",2023-09-13,"Minerva","Intervention Weekday",300,12:30:35,"5","Sitting","Resting",NA,30,75,"Inactive"
"5073",2023-09-13,"Minerva","Intervention Weekday",300,12:30:50,"5","Sitting","Resting",NA,45,90,"Inactive"
"5074",2023-09-13,"Minerva","Intervention Weekday",300,12:31:05,"5","Sitting","Resting",NA,0,105,"Inactive"
"5075",2023-09-13,"Minerva","Intervention Weekday",300,12:31:20,"5","Sitting","Resting",NA,15,120,"Inactive"
"5076",2023-09-13,"Minerva","Intervention Weekday",300,12:31:35,"5","Sitting","Resting",NA,30,135,"Inactive"
"5077",2023-09-13,"Minerva","Intervention Weekday",300,12:31:50,"5","Sitting","Resting",NA,45,150,"Inactive"
"5078",2023-09-13,"Minerva","Intervention Weekday",300,12:32:05,"5","Sitting","Resting",NA,0,165,"Inactive"
"5079",2023-09-13,"Minerva","Intervention Weekday",300,12:32:20,"5","Sitting","Resting",NA,15,180,"Inactive"
"5080",2023-09-13,"Minerva","Intervention Weekday",300,12:32:35,"5","Sitting","Resting",NA,30,195,"Inactive"
"5081",2023-09-13,"Minerva","Intervention Weekday",300,12:32:50,"5","Sitting","Resting",NA,45,210,"Inactive"
"5082",2023-09-13,"Minerva","Intervention Weekday",300,12:33:05,"5","Sitting","Resting",NA,0,225,"Inactive"
"5083",2023-09-13,"Minerva","Intervention Weekday",300,12:33:20,"5","Sitting","Resting",NA,15,240,"Inactive"
"5084",2023-09-13,"Minerva","Intervention Weekday",300,12:33:35,"5","Sitting","Resting",NA,30,255,"Inactive"
"5085",2023-09-13,"Minerva","Intervention Weekday",300,12:33:50,"5","Sitting","Resting",NA,45,270,"Inactive"
"5086",2023-09-13,"Minerva","Intervention Weekday",300,12:34:05,"5","Sitting","Resting",NA,0,285,"Inactive"
"5087",2023-09-13,"Minerva","Intervention Weekday",300,12:34:20,"5","Sitting","Resting",NA,15,300,"Inactive"
"5088",2023-09-13,"Minerva","Intervention Weekday",300,12:34:35,"5","Sitting","Resting",NA,30,0,"Inactive"
"5089",2023-09-13,"Minerva","Intervention Weekday",300,12:34:50,"5","Sitting","Resting",NA,45,15,"Inactive"
"5090",2023-09-13,"Minerva","Intervention Weekday",300,12:35:05,"5","Sitting","Resting",NA,0,30,"Inactive"
"5091",2023-09-13,"Minerva","Intervention Weekday",300,12:35:20,"5","Sitting","Resting",NA,15,45,"Inactive"
"5092",2023-09-13,"Minerva","Intervention Weekday",300,12:35:35,"2","Lying Down","Resting",NA,30,60,"Inactive"
"5093",2023-09-13,"Minerva","Intervention Weekday",300,12:35:50,"2","Lying Down","Resting",NA,45,75,"Inactive"
"5094",2023-09-13,"Minerva","Intervention Weekday",300,12:36:05,"2","Sitting","Resting",NA,0,90,"Inactive"
"5095",2023-09-13,"Minerva","Intervention Weekday",300,12:36:20,"2","Sitting","Resting",NA,15,105,"Inactive"
"5096",2023-09-13,"Minerva","Intervention Weekday",300,12:36:35,"2","Sitting","Resting",NA,30,120,"Inactive"
"5097",2023-09-13,"Minerva","Intervention Weekday",300,12:36:50,"2","Sitting","Resting",NA,45,135,"Inactive"
"5098",2023-09-13,"Minerva","Intervention Weekday",300,12:37:05,"2","Sitting","Resting",NA,0,150,"Inactive"
"5099",2023-09-13,"Minerva","Intervention Weekday",300,12:37:20,"2","Sitting","Resting",NA,15,165,"Inactive"
"5100",2023-09-13,"Minerva","Intervention Weekday",300,12:37:35,"2","Lying Down","Resting",NA,30,180,"Inactive"
"5101",2023-09-13,"Minerva","Intervention Weekday",300,12:37:50,"2","Lying Down","Resting",NA,45,195,"Inactive"
"5102",2023-09-13,"Minerva","Intervention Weekday",300,12:38:05,"2","Lying Down","Resting",NA,0,210,"Inactive"
"5103",2023-09-13,"Minerva","Intervention Weekday",300,12:38:20,"2","Lying Down","Resting",NA,15,225,"Inactive"
"5104",2023-09-13,"Minerva","Intervention Weekday",300,12:38:35,"2","Lying Down","Resting",NA,30,240,"Inactive"
"5105",2023-09-01,"Minerva","Intervention Weekday",240,12:53:57,"5","Sitting","Eating",NA,0,0,"Active"
"5106",2023-09-01,"Minerva","Intervention Weekday",240,12:54:12,"5","Sitting","Resting",NA,15,15,"Inactive"
"5107",2023-09-01,"Minerva","Intervention Weekday",240,12:54:27,"6","Standing","Pause",NA,30,30,"Inactive"
"5108",2023-09-01,"Minerva","Intervention Weekday",240,12:54:42,"5","Sitting","Resting",NA,45,45,"Inactive"
"5109",2023-09-01,"Minerva","Intervention Weekday",240,12:54:57,"6","Standing","Pause",NA,0,60,"Inactive"
"5110",2023-09-01,"Minerva","Intervention Weekday",240,12:55:12,"6","Sitting","Resting",NA,15,75,"Inactive"
"5111",2023-09-01,"Minerva","Intervention Weekday",240,12:55:27,"6","Sitting","Resting",NA,30,90,"Inactive"
"5112",2023-09-01,"Minerva","Intervention Weekday",240,12:55:42,"6","Sitting","Resting",NA,45,105,"Inactive"
"5113",2023-09-01,"Minerva","Intervention Weekday",240,12:55:57,"6","Sitting","Resting",NA,0,120,"Inactive"
"5114",2023-09-01,"Minerva","Intervention Weekday",240,12:56:12,"6","Sitting","Resting",NA,15,135,"Inactive"
"5115",2023-09-01,"Minerva","Intervention Weekday",240,12:56:27,"6","Sitting","Resting",NA,30,150,"Inactive"
"5116",2023-09-01,"Minerva","Intervention Weekday",240,12:56:42,"6","Sitting","Resting",NA,45,165,"Inactive"
"5117",2023-09-01,"Minerva","Intervention Weekday",240,12:56:57,"6","Sitting","Resting",NA,0,180,"Inactive"
"5118",2023-09-01,"Minerva","Intervention Weekday",240,12:57:12,"6","Sitting","Resting",NA,15,195,"Inactive"
"5119",2023-09-01,"Minerva","Intervention Weekday",240,12:57:27,"6","Sitting","Resting",NA,30,210,"Inactive"
"5120",2023-09-01,"Minerva","Intervention Weekday",240,12:57:42,"5","Sitting","Eating",NA,45,225,"Active"
"5121",2023-09-01,"Minerva","Intervention Weekday",240,12:57:57,"5","Sitting","Eating",NA,0,240,"Active"
"5122",2023-09-01,"Minerva","Intervention Weekday",240,12:58:12,"5","Sitting","Resting",NA,15,0,"Inactive"
"5123",2023-09-01,"Minerva","Intervention Weekday",240,12:58:27,"5","Sitting","Resting",NA,30,15,"Inactive"
"5124",2023-09-01,"Minerva","Intervention Weekday",240,12:58:42,"5","Sitting","Resting",NA,45,30,"Inactive"
"5125",2023-09-01,"Minerva","Intervention Weekday",240,12:58:57,"5","Sitting","Resting",NA,0,45,"Inactive"
"5126",2023-09-01,"Minerva","Intervention Weekday",240,12:59:12,"5","Sitting","Resting",NA,15,60,"Inactive"
"5127",2023-09-01,"Minerva","Intervention Weekday",240,12:59:27,"5","Sitting","Resting",NA,30,75,"Inactive"
"5128",2023-09-01,"Minerva","Intervention Weekday",240,12:59:42,"5","Sitting","Resting",NA,45,90,"Inactive"
"5129",2023-09-01,"Minerva","Intervention Weekday",240,12:59:57,"5","Sitting","Resting",NA,0,105,"Inactive"
"5130",2023-09-01,"Minerva","Intervention Weekday",240,13:00:12,"5","Sitting","Resting",NA,15,120,"Inactive"
"5131",2023-09-01,"Minerva","Intervention Weekday",240,13:00:27,"5","Sitting","Resting",NA,30,135,"Inactive"
"5132",2023-09-01,"Minerva","Intervention Weekday",240,13:00:42,"5","Sitting","Resting",NA,45,150,"Inactive"
"5133",2023-09-01,"Minerva","Intervention Weekday",240,13:00:57,"5","Sitting","Resting",NA,0,165,"Inactive"
"5134",2023-09-01,"Minerva","Intervention Weekday",240,13:01:12,"5","Sitting","Resting",NA,15,180,"Inactive"
"5135",2023-09-01,"Minerva","Intervention Weekday",240,13:01:27,"5","Sitting","Resting",NA,30,195,"Inactive"
"5136",2023-09-01,"Minerva","Intervention Weekday",240,13:01:42,"5","Sitting","Resting",NA,45,210,"Inactive"
"5137",2023-09-01,"Minerva","Intervention Weekday",240,13:01:57,"5","Sitting","Eating",NA,0,225,"Active"
"5138",2023-09-01,"Minerva","Intervention Weekday",240,13:02:12,"5","Sitting","Resting",NA,15,240,"Inactive"
"5139",2023-09-01,"Minerva","Intervention Weekday",240,13:02:27,"5","Sitting","Resting",NA,30,0,"Inactive"
"5140",2023-09-01,"Minerva","Intervention Weekday",240,13:02:42,"5","Sitting","Resting",NA,45,15,"Inactive"
"5141",2023-09-01,"Minerva","Intervention Weekday",240,13:02:57,"5","Sitting","Resting",NA,0,30,"Inactive"
"5142",2023-09-01,"Minerva","Intervention Weekday",240,13:03:12,"5","Sitting","Resting",NA,15,45,"Inactive"
"5143",2023-09-01,"Minerva","Intervention Weekday",240,13:03:27,"5","Sitting","Resting",NA,30,60,"Inactive"
"5144",2023-09-01,"Minerva","Intervention Weekday",240,13:03:42,"5","Sitting","Resting",NA,45,75,"Inactive"
"5145",2023-09-01,"Minerva","Intervention Weekday",240,13:03:57,"5","Sitting","Resting",NA,0,90,"Inactive"
"5146",2023-09-01,"Minerva","Intervention Weekday",240,13:04:12,"5","Sitting","Resting",NA,15,105,"Inactive"
"5147",2023-09-01,"Minerva","Intervention Weekday",240,13:04:27,"5","Sitting","Resting",NA,30,120,"Inactive"
"5148",2023-09-01,"Minerva","Intervention Weekday",240,13:04:42,"5","Sitting","Resting",NA,45,135,"Inactive"
"5149",2023-09-01,"Minerva","Intervention Weekday",240,13:04:57,"5","Sitting","Resting",NA,0,150,"Inactive"
"5150",2023-09-01,"Minerva","Intervention Weekday",240,13:05:12,"5","Sitting","Resting",NA,15,165,"Inactive"
"5151",2023-09-01,"Minerva","Intervention Weekday",240,13:05:27,"5","Sitting","Resting",NA,30,180,"Inactive"
"5152",2023-09-01,"Minerva","Intervention Weekday",240,13:05:42,"5","Sitting","Resting",NA,45,195,"Inactive"
"5153",2023-09-01,"Minerva","Intervention Weekday",240,13:05:57,"5","Sitting","Eating",NA,0,210,"Active"
"5154",2023-09-01,"Minerva","Intervention Weekday",240,13:06:12,"6","Standing","Locomotion",NA,15,225,"Active"
"5155",2023-09-01,"Minerva","Intervention Weekday",240,13:06:27,"Litter Box","Out of View","Out of View",NA,30,240,"OutofView"
"5156",2023-09-01,"Minerva","Intervention Weekday",240,13:06:42,"Litter Box","Out of View","Out of View",NA,45,0,"OutofView"
"5157",2023-09-01,"Minerva","Intervention Weekday",240,13:06:57,"5","Standing","Pause",NA,0,15,"Inactive"
"5158",2023-09-01,"Minerva","Intervention Weekday",240,13:07:12,"5","Sitting","Resting",NA,15,30,"Inactive"
"5159",2023-09-01,"Minerva","Intervention Weekday",240,13:07:27,"5","Sitting","Resting",NA,30,45,"Inactive"
"5160",2023-09-01,"Minerva","Intervention Weekday",240,13:07:42,"5","Sitting","Resting",NA,45,60,"Inactive"
"5161",2023-09-01,"Minerva","Intervention Weekday",240,13:07:57,"5","Sitting","Resting",NA,0,75,"Inactive"
"5162",2023-09-01,"Minerva","Intervention Weekday",240,13:08:12,"5","Sitting","Resting",NA,15,90,"Inactive"
"5163",2023-09-01,"Minerva","Intervention Weekday",240,13:08:27,"5","Sitting","Resting",NA,30,105,"Inactive"
"5164",2023-08-28,"Minerva","Intervention Weekday",240,11:16:07,"5","Sitting","Eating",NA,0,0,"Active"
"5165",2023-08-28,"Minerva","Intervention Weekday",240,11:16:22,"5","Sitting","Resting",NA,15,15,"Inactive"
"5166",2023-08-28,"Minerva","Intervention Weekday",240,11:16:37,"5","Sitting","Resting",NA,30,30,"Inactive"
"5167",2023-08-28,"Minerva","Intervention Weekday",240,11:16:52,"5","Sitting","Resting",NA,45,45,"Inactive"
"5168",2023-08-28,"Minerva","Intervention Weekday",240,11:17:07,"5","Sitting","Resting",NA,0,60,"Inactive"
"5169",2023-08-28,"Minerva","Intervention Weekday",240,11:17:22,"5","Sitting","Resting",NA,15,75,"Inactive"
"5170",2023-08-28,"Minerva","Intervention Weekday",240,11:17:37,"5","Sitting","Resting",NA,30,90,"Inactive"
"5171",2023-08-28,"Minerva","Intervention Weekday",240,11:17:52,"5","Sitting","Resting",NA,45,105,"Inactive"
"5172",2023-08-28,"Minerva","Intervention Weekday",240,11:18:07,"5","Sitting","Resting",NA,0,120,"Inactive"
"5173",2023-08-28,"Minerva","Intervention Weekday",240,11:18:22,"5","Sitting","Resting",NA,15,135,"Inactive"
"5174",2023-08-28,"Minerva","Intervention Weekday",240,11:18:37,"5","Sitting","Resting",NA,30,150,"Inactive"
"5175",2023-08-28,"Minerva","Intervention Weekday",240,11:18:52,"5","Sitting","Resting",NA,45,165,"Inactive"
"5176",2023-08-28,"Minerva","Intervention Weekday",240,11:19:07,"5","Sitting","Resting",NA,0,180,"Inactive"
"5177",2023-08-28,"Minerva","Intervention Weekday",240,11:19:22,"5","Sitting","Resting",NA,15,195,"Inactive"
"5178",2023-08-28,"Minerva","Intervention Weekday",240,11:19:37,"5","Sitting","Resting",NA,30,210,"Inactive"
"5179",2023-08-28,"Minerva","Intervention Weekday",240,11:19:52,"5","Standing","Eating",NA,45,225,"Active"
"5180",2023-08-28,"Minerva","Intervention Weekday",240,11:20:07,"5","Sitting","Resting",NA,0,240,"Inactive"
"5181",2023-08-28,"Minerva","Intervention Weekday",240,11:20:22,"5","Sitting","Resting",NA,15,0,"Inactive"
"5182",2023-08-28,"Minerva","Intervention Weekday",240,11:20:37,"5","Sitting","Resting",NA,30,15,"Inactive"
"5183",2023-08-28,"Minerva","Intervention Weekday",240,11:20:52,"5","Sitting","Resting",NA,45,30,"Inactive"
"5184",2023-08-28,"Minerva","Intervention Weekday",240,11:21:07,"5","Sitting","Resting",NA,0,45,"Inactive"
"5185",2023-08-28,"Minerva","Intervention Weekday",240,11:21:22,"5","Sitting","Resting",NA,15,60,"Inactive"
"5186",2023-08-28,"Minerva","Intervention Weekday",240,11:21:37,"5","Sitting","Resting",NA,30,75,"Inactive"
"5187",2023-08-28,"Minerva","Intervention Weekday",240,11:21:52,"5","Sitting","Resting",NA,45,90,"Inactive"
"5188",2023-08-28,"Minerva","Intervention Weekday",240,11:22:07,"5","Sitting","Resting",NA,0,105,"Inactive"
"5189",2023-08-28,"Minerva","Intervention Weekday",240,11:22:22,"5","Sitting","Resting",NA,15,120,"Inactive"
"5190",2023-08-28,"Minerva","Intervention Weekday",240,11:22:37,"5","Sitting","Resting",NA,30,135,"Inactive"
"5191",2023-08-28,"Minerva","Intervention Weekday",240,11:22:52,"5","Sitting","Resting",NA,45,150,"Inactive"
"5192",2023-08-28,"Minerva","Intervention Weekday",240,11:23:07,"5","Sitting","Resting",NA,0,165,"Inactive"
"5193",2023-08-28,"Minerva","Intervention Weekday",240,11:23:22,"5","Sitting","Resting",NA,15,180,"Inactive"
"5194",2023-08-28,"Minerva","Intervention Weekday",240,11:23:37,"5","Sitting","Resting",NA,30,195,"Inactive"
"5195",2023-08-28,"Minerva","Intervention Weekday",240,11:23:52,"5","Sitting","Resting",NA,45,210,"Inactive"
"5196",2023-08-28,"Minerva","Intervention Weekday",240,11:24:07,"5","Sitting","Eating",NA,0,225,"Active"
"5197",2023-08-28,"Minerva","Intervention Weekday",240,11:24:22,"3","Standing","Locomotion",NA,15,240,"Active"
"5198",2023-08-28,"Minerva","Intervention Weekday",240,11:24:37,"5","Sitting","Resting",NA,30,0,"Inactive"
"5199",2023-08-28,"Minerva","Intervention Weekday",240,11:24:52,"5","Sitting","Resting",NA,45,15,"Inactive"
"5200",2023-08-28,"Minerva","Intervention Weekday",240,11:25:07,"5","Sitting","Resting",NA,0,30,"Inactive"
"5201",2023-08-28,"Minerva","Intervention Weekday",240,11:25:22,"5","Sitting","Resting",NA,15,45,"Inactive"
"5202",2023-08-28,"Minerva","Intervention Weekday",240,11:25:37,"5","Sitting","Resting",NA,30,60,"Inactive"
"5203",2023-08-28,"Minerva","Intervention Weekday",240,11:25:52,"5","Sitting","Resting",NA,45,75,"Inactive"
"5204",2023-08-28,"Minerva","Intervention Weekday",240,11:26:07,"5","Sitting","Resting",NA,0,90,"Inactive"
"5205",2023-08-28,"Minerva","Intervention Weekday",240,11:26:22,"5","Sitting","Resting",NA,15,105,"Inactive"
"5206",2023-08-28,"Minerva","Intervention Weekday",240,11:26:37,"5","Sitting","Resting",NA,30,120,"Inactive"
"5207",2023-08-28,"Minerva","Intervention Weekday",240,11:26:52,"5","Sitting","Resting",NA,45,135,"Inactive"
"5208",2023-08-28,"Minerva","Intervention Weekday",240,11:27:07,"5","Sitting","Resting",NA,0,150,"Inactive"
"5209",2023-08-28,"Minerva","Intervention Weekday",240,11:27:22,"5","Sitting","Resting",NA,15,165,"Inactive"
"5210",2023-08-28,"Minerva","Intervention Weekday",240,11:27:37,"5","Sitting","Resting",NA,30,180,"Inactive"
"5211",2023-08-28,"Minerva","Intervention Weekday",240,11:27:52,"5","Sitting","Resting",NA,45,195,"Inactive"
"5212",2023-08-28,"Minerva","Intervention Weekday",240,11:28:07,"5","Sitting","Eating",NA,0,210,"Active"
"5213",2023-08-28,"Minerva","Intervention Weekday",240,11:28:22,"5","Sitting","Resting",NA,15,225,"Inactive"
"5214",2023-08-28,"Minerva","Intervention Weekday",240,11:28:37,"5","Sitting","Resting",NA,30,240,"Inactive"
"5215",2023-08-28,"Minerva","Intervention Weekday",240,11:28:52,"5","Sitting","Resting",NA,45,0,"Inactive"
"5216",2023-08-28,"Minerva","Intervention Weekday",240,11:29:07,"5","Sitting","Resting",NA,0,15,"Inactive"
"5217",2023-08-28,"Minerva","Intervention Weekday",240,11:29:22,"5","Sitting","Resting",NA,15,30,"Inactive"
"5218",2023-08-28,"Minerva","Intervention Weekday",240,11:29:37,"5","Sitting","Resting",NA,30,45,"Inactive"
"5219",2023-08-28,"Minerva","Intervention Weekday",240,11:29:52,"5","Sitting","Resting",NA,45,60,"Inactive"
"5220",2023-08-28,"Minerva","Intervention Weekday",240,11:30:07,"5","Sitting","Resting",NA,0,75,"Inactive"
"5221",2023-08-28,"Minerva","Intervention Weekday",240,11:30:22,"5","Sitting","Resting",NA,15,90,"Inactive"
"5222",2023-08-28,"Minerva","Intervention Weekday",240,11:30:37,"5","Sitting","Resting",NA,30,105,"Inactive"
"5223",2023-08-29,"Minerva","Intervention Weekday",240,01:11:35,"5","Sitting","Eating",NA,0,0,"Active"
"5224",2023-08-29,"Minerva","Intervention Weekday",240,01:11:50,"5","Sitting","Resting",NA,15,15,"Inactive"
"5225",2023-08-29,"Minerva","Intervention Weekday",240,01:12:05,"6","Standing","Locomotion",NA,30,30,"Active"
"5226",2023-08-29,"Minerva","Intervention Weekday",240,01:12:20,"5","Sitting","Resting",NA,45,45,"Inactive"
"5227",2023-08-29,"Minerva","Intervention Weekday",240,01:12:35,"5","Sitting","Resting",NA,0,60,"Inactive"
"5228",2023-08-29,"Minerva","Intervention Weekday",240,01:12:50,"5","Sitting","Resting",NA,15,75,"Inactive"
"5229",2023-08-29,"Minerva","Intervention Weekday",240,01:13:05,"5","Sitting","Resting",NA,30,90,"Inactive"
"5230",2023-08-29,"Minerva","Intervention Weekday",240,01:13:20,"5","Sitting","Resting",NA,45,105,"Inactive"
"5231",2023-08-29,"Minerva","Intervention Weekday",240,01:13:35,"5","Sitting","Resting",NA,0,120,"Inactive"
"5232",2023-08-29,"Minerva","Intervention Weekday",240,01:13:50,"5","Sitting","Resting",NA,15,135,"Inactive"
"5233",2023-08-29,"Minerva","Intervention Weekday",240,01:14:05,"5","Sitting","Resting",NA,30,150,"Inactive"
"5234",2023-08-29,"Minerva","Intervention Weekday",240,01:14:20,"5","Sitting","Resting",NA,45,165,"Inactive"
"5235",2023-08-29,"Minerva","Intervention Weekday",240,01:14:35,"5","Sitting","Resting",NA,0,180,"Inactive"
"5236",2023-08-29,"Minerva","Intervention Weekday",240,01:14:50,"5","Sitting","Resting",NA,15,195,"Inactive"
"5237",2023-08-29,"Minerva","Intervention Weekday",240,01:15:05,"5","Sitting","Resting",NA,30,210,"Inactive"
"5238",2023-08-29,"Minerva","Intervention Weekday",240,01:15:20,"5","Sitting","Resting",NA,45,225,"Inactive"
"5239",2023-08-29,"Minerva","Intervention Weekday",240,01:15:35,"5","Sitting","Eating",NA,0,240,"Active"
"5240",2023-08-29,"Minerva","Intervention Weekday",240,01:15:50,"5","Sitting","Resting",NA,15,0,"Inactive"
"5241",2023-08-29,"Minerva","Intervention Weekday",240,01:16:05,"5","Sitting","Resting",NA,30,15,"Inactive"
"5242",2023-08-29,"Minerva","Intervention Weekday",240,01:16:20,"5","Sitting","Resting",NA,45,30,"Inactive"
"5243",2023-08-29,"Minerva","Intervention Weekday",240,01:16:35,"5","Sitting","Resting",NA,0,45,"Inactive"
"5244",2023-08-29,"Minerva","Intervention Weekday",240,01:16:50,"5","Sitting","Resting",NA,15,60,"Inactive"
"5245",2023-08-29,"Minerva","Intervention Weekday",240,01:17:05,"5","Sitting","Resting",NA,30,75,"Inactive"
"5246",2023-08-29,"Minerva","Intervention Weekday",240,01:17:20,"5","Sitting","Resting",NA,45,90,"Inactive"
"5247",2023-08-29,"Minerva","Intervention Weekday",240,01:17:35,"5","Sitting","Resting",NA,0,105,"Inactive"
"5248",2023-08-29,"Minerva","Intervention Weekday",240,01:17:50,"5","Sitting","Resting",NA,15,120,"Inactive"
"5249",2023-08-29,"Minerva","Intervention Weekday",240,01:18:05,"5","Sitting","Resting",NA,30,135,"Inactive"
"5250",2023-08-29,"Minerva","Intervention Weekday",240,01:18:20,"5","Sitting","Resting",NA,45,150,"Inactive"
"5251",2023-08-29,"Minerva","Intervention Weekday",240,01:18:35,"5","Sitting","Resting",NA,0,165,"Inactive"
"5252",2023-08-29,"Minerva","Intervention Weekday",240,01:18:50,"5","Sitting","Resting",NA,15,180,"Inactive"
"5253",2023-08-29,"Minerva","Intervention Weekday",240,01:19:05,"5","Sitting","Resting",NA,30,195,"Inactive"
"5254",2023-08-29,"Minerva","Intervention Weekday",240,01:19:20,"5","Sitting","Resting",NA,45,210,"Inactive"
"5255",2023-08-29,"Minerva","Intervention Weekday",240,01:19:35,"5","Sitting","Resting",NA,0,225,"Inactive"
"5256",2023-08-29,"Minerva","Intervention Weekday",240,01:19:50,"5","Standing","Pause",NA,15,240,"Inactive"
"5257",2023-08-29,"Minerva","Intervention Weekday",240,01:20:05,"5","Sitting","Resting",NA,30,0,"Inactive"
"5258",2023-08-29,"Minerva","Intervention Weekday",240,01:20:20,"5","Sitting","Resting",NA,45,15,"Inactive"
"5259",2023-08-29,"Minerva","Intervention Weekday",240,01:20:35,"5","Sitting","Resting",NA,0,30,"Inactive"
"5260",2023-08-29,"Minerva","Intervention Weekday",240,01:20:50,"5","Sitting","Resting",NA,15,45,"Inactive"
"5261",2023-08-29,"Minerva","Intervention Weekday",240,01:21:05,"5","Sitting","Resting",NA,30,60,"Inactive"
"5262",2023-08-29,"Minerva","Intervention Weekday",240,01:21:20,"5","Sitting","Resting",NA,45,75,"Inactive"
"5263",2023-08-29,"Minerva","Intervention Weekday",240,01:21:35,"5","Sitting","Resting",NA,0,90,"Inactive"
"5264",2023-08-29,"Minerva","Intervention Weekday",240,01:21:50,"5","Sitting","Resting",NA,15,105,"Inactive"
"5265",2023-08-29,"Minerva","Intervention Weekday",240,01:22:05,"5","Sitting","Resting",NA,30,120,"Inactive"
"5266",2023-08-29,"Minerva","Intervention Weekday",240,01:22:20,"5","Sitting","Resting",NA,45,135,"Inactive"
"5267",2023-08-29,"Minerva","Intervention Weekday",240,01:22:35,"5","Sitting","Resting",NA,0,150,"Inactive"
"5268",2023-08-29,"Minerva","Intervention Weekday",240,01:22:50,"5","Sitting","Resting",NA,15,165,"Inactive"
"5269",2023-08-29,"Minerva","Intervention Weekday",240,01:23:05,"5","Sitting","Resting",NA,30,180,"Inactive"
"5270",2023-08-29,"Minerva","Intervention Weekday",240,01:23:20,"5","Sitting","Resting",NA,45,195,"Inactive"
"5271",2023-08-29,"Minerva","Intervention Weekday",240,01:23:35,"5","Sitting","Eating",NA,0,210,"Active"
"5272",2023-08-29,"Minerva","Intervention Weekday",240,01:23:50,"5","Sitting","Manipulating Object","Feeder",15,225,"Active"
"5273",2023-08-29,"Minerva","Intervention Weekday",240,01:24:05,"6","Standing","Manipulating Object","Fencing",30,240,"Active"
"5274",2023-08-29,"Minerva","Intervention Weekday",240,01:24:20,"5","Sitting","Resting",NA,45,0,"Inactive"
"5275",2023-08-29,"Minerva","Intervention Weekday",240,01:24:35,"5","Sitting","Resting",NA,0,15,"Inactive"
"5276",2023-08-29,"Minerva","Intervention Weekday",240,01:24:50,"5","Sitting","Resting",NA,15,30,"Inactive"
"5277",2023-08-29,"Minerva","Intervention Weekday",240,01:25:05,"5","Sitting","Resting",NA,30,45,"Inactive"
"5278",2023-08-29,"Minerva","Intervention Weekday",240,01:25:20,"5","Sitting","Resting",NA,45,60,"Inactive"
"5279",2023-08-29,"Minerva","Intervention Weekday",240,01:25:35,"5","Sitting","Resting",NA,0,75,"Inactive"
"5280",2023-08-29,"Minerva","Intervention Weekday",240,01:25:50,"5","Sitting","Resting",NA,15,90,"Inactive"
"5281",2023-08-29,"Minerva","Intervention Weekday",240,01:26:05,"5","Sitting","Resting",NA,30,105,"Inactive"
"5282",2023-08-07,"Minerva","Intervention Weekday",180,12:01:49,"5","Standing","Locomotion",NA,0,0,"Active"
"5283",2023-08-07,"Minerva","Intervention Weekday",180,12:02:04,"5","Sitting","Resting",NA,15,15,"Inactive"
"5284",2023-08-07,"Minerva","Intervention Weekday",180,12:02:19,"6","Sitting","Resting",NA,30,30,"Inactive"
"5285",2023-08-07,"Minerva","Intervention Weekday",180,12:02:34,"5","Sitting","Resting",NA,45,45,"Inactive"
"5286",2023-08-07,"Minerva","Intervention Weekday",180,12:02:49,"5","Sitting","Resting",NA,0,60,"Inactive"
"5287",2023-08-07,"Minerva","Intervention Weekday",180,12:03:04,"5","Sitting","Resting",NA,15,75,"Inactive"
"5288",2023-08-07,"Minerva","Intervention Weekday",180,12:03:19,"5","Sitting","Resting",NA,30,90,"Inactive"
"5289",2023-08-07,"Minerva","Intervention Weekday",180,12:03:34,"5","Sitting","Resting",NA,45,105,"Inactive"
"5290",2023-08-07,"Minerva","Intervention Weekday",180,12:03:49,"5","Sitting","Resting",NA,0,120,"Inactive"
"5291",2023-08-07,"Minerva","Intervention Weekday",180,12:04:04,"5","Sitting","Resting",NA,15,135,"Inactive"
"5292",2023-08-07,"Minerva","Intervention Weekday",180,12:04:19,"5","Sitting","Grooming",NA,30,150,"Active"
"5293",2023-08-07,"Minerva","Intervention Weekday",180,12:04:34,"5","Sitting","Eating",NA,45,165,"Active"
"5294",2023-08-07,"Minerva","Intervention Weekday",180,12:04:49,"5","Standing","Pause",NA,0,180,"Inactive"
"5295",2023-08-07,"Minerva","Intervention Weekday",180,12:05:04,"6","Standing","Locomotion",NA,15,0,"Active"
"5296",2023-08-07,"Minerva","Intervention Weekday",180,12:05:19,"6","Sitting","Resting",NA,30,15,"Inactive"
"5297",2023-08-07,"Minerva","Intervention Weekday",180,12:05:34,"4","Sitting","Resting",NA,45,30,"Inactive"
"5298",2023-08-07,"Minerva","Intervention Weekday",180,12:05:49,"5","Sitting","Resting",NA,0,45,"Inactive"
"5299",2023-08-07,"Minerva","Intervention Weekday",180,12:06:04,"5","Sitting","Resting",NA,15,60,"Inactive"
"5300",2023-08-07,"Minerva","Intervention Weekday",180,12:06:19,"5","Sitting","Resting",NA,30,75,"Inactive"
"5301",2023-08-07,"Minerva","Intervention Weekday",180,12:06:34,"5","Sitting","Resting",NA,45,90,"Inactive"
"5302",2023-08-07,"Minerva","Intervention Weekday",180,12:06:49,"5","Sitting","Resting",NA,0,105,"Inactive"
"5303",2023-08-07,"Minerva","Intervention Weekday",180,12:07:04,"5","Sitting","Resting",NA,15,120,"Inactive"
"5304",2023-08-07,"Minerva","Intervention Weekday",180,12:07:19,"5","Sitting","Resting",NA,30,135,"Inactive"
"5305",2023-08-07,"Minerva","Intervention Weekday",180,12:07:34,"5","Sitting","Eating",NA,45,150,"Active"
"5306",2023-08-07,"Minerva","Intervention Weekday",180,12:07:49,"4","Standing","Locomotion",NA,0,165,"Active"
"5307",2023-08-07,"Minerva","Intervention Weekday",180,12:08:04,"5","Sitting","Resting",NA,15,180,"Inactive"
"5308",2023-08-07,"Minerva","Intervention Weekday",180,12:08:19,"5","Sitting","Resting",NA,30,0,"Inactive"
"5309",2023-08-07,"Minerva","Intervention Weekday",180,12:08:34,"5","Sitting","Resting",NA,45,15,"Inactive"
"5310",2023-08-07,"Minerva","Intervention Weekday",180,12:08:49,"5","Sitting","Resting",NA,0,30,"Inactive"
"5311",2023-08-07,"Minerva","Intervention Weekday",180,12:09:04,"5","Sitting","Resting",NA,15,45,"Inactive"
"5312",2023-08-07,"Minerva","Intervention Weekday",180,12:09:19,"5","Sitting","Resting",NA,30,60,"Inactive"
"5313",2023-08-07,"Minerva","Intervention Weekday",180,12:09:34,"5","Sitting","Resting",NA,45,75,"Inactive"
"5314",2023-08-07,"Minerva","Intervention Weekday",180,12:09:49,"5","Sitting","Resting",NA,0,90,"Inactive"
"5315",2023-08-07,"Minerva","Intervention Weekday",180,12:10:04,"5","Sitting","Resting",NA,15,105,"Inactive"
"5316",2023-08-07,"Minerva","Intervention Weekday",180,12:10:19,"5","Sitting","Resting",NA,30,120,"Inactive"
"5317",2023-08-07,"Minerva","Intervention Weekday",180,12:10:34,"5","Sitting","Resting",NA,45,135,"Inactive"
"5318",2023-08-07,"Minerva","Intervention Weekday",180,12:10:49,"6","Sitting","Drinking",NA,0,150,"Active"
"5319",2023-08-07,"Minerva","Intervention Weekday",180,12:11:04,"6","Sitting","Drinking",NA,15,165,"Active"
"5320",2023-08-07,"Minerva","Intervention Weekday",180,12:11:19,"5","Sitting","Resting",NA,30,180,"Inactive"
"5321",2023-08-07,"Minerva","Intervention Weekday",180,12:11:34,"5","Sitting","Resting",NA,45,0,"Inactive"
"5322",2023-08-07,"Minerva","Intervention Weekday",180,12:11:49,"5","Sitting","Resting",NA,0,15,"Inactive"
"5323",2023-08-07,"Minerva","Intervention Weekday",180,12:12:04,"5","Standing","Locomotion",NA,15,30,"Active"
"5324",2023-08-07,"Minerva","Intervention Weekday",180,12:12:19,"5","Sitting","Resting",NA,30,45,"Inactive"
"5325",2023-08-07,"Minerva","Intervention Weekday",180,12:12:34,"5","Sitting","Resting",NA,45,60,"Inactive"
"5326",2023-08-07,"Minerva","Intervention Weekday",180,12:12:49,"4","Sitting","Resting",NA,0,75,"Inactive"
"5327",2023-08-07,"Minerva","Intervention Weekday",180,12:13:04,"4","Sitting","Resting",NA,15,90,"Inactive"
"5328",2023-08-07,"Minerva","Intervention Weekday",180,12:13:19,"4","Sitting","Resting",NA,30,105,"Inactive"
"5329",2023-08-07,"Minerva","Intervention Weekday",180,12:13:34,"6","Standing","Locomotion",NA,45,120,"Active"
"5330",2023-08-07,"Minerva","Intervention Weekday",180,12:13:49,"5","Sitting","Eating",NA,0,135,"Active"
"5331",2023-08-07,"Minerva","Intervention Weekday",180,12:14:04,"5","Sitting","Resting",NA,15,150,"Inactive"
"5332",2023-08-07,"Minerva","Intervention Weekday",180,12:14:19,"6","Sitting","Resting",NA,30,165,"Inactive"
"5333",2023-08-07,"Minerva","Intervention Weekday",180,12:14:34,"5","Sitting","Resting",NA,45,180,"Inactive"
"5334",2023-08-07,"Minerva","Intervention Weekday",180,12:14:49,"5","Sitting","Resting",NA,0,0,"Inactive"
"5335",2023-08-07,"Minerva","Intervention Weekday",180,12:15:04,"5","Sitting","Resting",NA,15,15,"Inactive"
"5336",2023-08-07,"Minerva","Intervention Weekday",180,12:15:19,"5","Sitting","Resting",NA,30,30,"Inactive"
"5337",2023-08-07,"Minerva","Intervention Weekday",180,12:15:34,"5","Sitting","Resting",NA,45,45,"Inactive"
"5338",2023-08-07,"Minerva","Intervention Weekday",180,12:15:49,"5","Sitting","Resting",NA,0,60,"Inactive"
"5339",2023-08-07,"Minerva","Intervention Weekday",180,12:16:04,"5","Sitting","Resting",NA,15,75,"Inactive"
"5340",2023-08-07,"Minerva","Intervention Weekday",180,12:16:19,"5","Sitting","Resting",NA,30,90,"Inactive"
"5341",2023-08-09,"Minerva","Intervention Weekday",180,11:32:27,"5","Sitting","Pause",NA,0,0,"Inactive"
"5342",2023-08-09,"Minerva","Intervention Weekday",180,11:32:42,"6","Sitting","Drinking",NA,15,15,"Active"
"5343",2023-08-09,"Minerva","Intervention Weekday",180,11:32:57,"6","Sitting","Drinking",NA,30,30,"Active"
"5344",2023-08-09,"Minerva","Intervention Weekday",180,11:33:12,"6","Sitting","Resting",NA,45,45,"Inactive"
"5345",2023-08-09,"Minerva","Intervention Weekday",180,11:33:27,"5","Sitting","Resting",NA,0,60,"Inactive"
"5346",2023-08-09,"Minerva","Intervention Weekday",180,11:33:42,"5","Sitting","Resting",NA,15,75,"Inactive"
"5347",2023-08-09,"Minerva","Intervention Weekday",180,11:33:57,"5","Sitting","Resting",NA,30,90,"Inactive"
"5348",2023-08-09,"Minerva","Intervention Weekday",180,11:34:12,"5","Sitting","Resting",NA,45,105,"Inactive"
"5349",2023-08-09,"Minerva","Intervention Weekday",180,11:34:27,"5","Sitting","Resting",NA,0,120,"Inactive"
"5350",2023-08-09,"Minerva","Intervention Weekday",180,11:34:42,"5","Sitting","Resting",NA,15,135,"Inactive"
"5351",2023-08-09,"Minerva","Intervention Weekday",180,11:34:57,"5","Sitting","Resting",NA,30,150,"Inactive"
"5352",2023-08-09,"Minerva","Intervention Weekday",180,11:35:12,"5","Sitting","Eating",NA,45,165,"Active"
"5353",2023-08-09,"Minerva","Intervention Weekday",180,11:35:27,"5","Sitting","Eating",NA,0,180,"Active"
"5354",2023-08-09,"Minerva","Intervention Weekday",180,11:35:42,"5","Sitting","Manipulating Object","Fencing",15,0,"Active"
"5355",2023-08-09,"Minerva","Intervention Weekday",180,11:35:57,"5","Sitting","Manipulating Object","Fencing",30,15,"Active"
"5356",2023-08-09,"Minerva","Intervention Weekday",180,11:36:12,"5","Sitting","Resting",NA,45,30,"Inactive"
"5357",2023-08-09,"Minerva","Intervention Weekday",180,11:36:27,"5","Sitting","Resting",NA,0,45,"Inactive"
"5358",2023-08-09,"Minerva","Intervention Weekday",180,11:36:42,"5","Sitting","Resting",NA,15,60,"Inactive"
"5359",2023-08-09,"Minerva","Intervention Weekday",180,11:36:57,"5","Sitting","Resting",NA,30,75,"Inactive"
"5360",2023-08-09,"Minerva","Intervention Weekday",180,11:37:12,"5","Sitting","Resting",NA,45,90,"Inactive"
"5361",2023-08-09,"Minerva","Intervention Weekday",180,11:37:27,"5","Sitting","Resting",NA,0,105,"Inactive"
"5362",2023-08-09,"Minerva","Intervention Weekday",180,11:37:42,"5","Sitting","Resting",NA,15,120,"Inactive"
"5363",2023-08-09,"Minerva","Intervention Weekday",180,11:37:57,"5","Sitting","Resting",NA,30,135,"Inactive"
"5364",2023-08-09,"Minerva","Intervention Weekday",180,11:38:12,"5","Sitting","Resting",NA,45,150,"Inactive"
"5365",2023-08-09,"Minerva","Intervention Weekday",180,11:38:27,"5","Sitting","Eating",NA,0,165,"Active"
"5366",2023-08-09,"Minerva","Intervention Weekday",180,11:38:42,"6","Standing","Drinking",NA,15,180,"Active"
"5367",2023-08-09,"Minerva","Intervention Weekday",180,11:38:57,"5","Sitting","Resting",NA,30,0,"Inactive"
"5368",2023-08-09,"Minerva","Intervention Weekday",180,11:39:12,"5","Sitting","Resting",NA,45,15,"Inactive"
"5369",2023-08-09,"Minerva","Intervention Weekday",180,11:39:27,"5","Sitting","Resting",NA,0,30,"Inactive"
"5370",2023-08-09,"Minerva","Intervention Weekday",180,11:39:42,"5","Sitting","Resting",NA,15,45,"Inactive"
"5371",2023-08-09,"Minerva","Intervention Weekday",180,11:39:57,"5","Sitting","Resting",NA,30,60,"Inactive"
"5372",2023-08-09,"Minerva","Intervention Weekday",180,11:40:12,"5","Sitting","Resting",NA,45,75,"Inactive"
"5373",2023-08-09,"Minerva","Intervention Weekday",180,11:40:27,"5","Sitting","Resting",NA,0,90,"Inactive"
"5374",2023-08-09,"Minerva","Intervention Weekday",180,11:40:42,"5","Sitting","Resting",NA,15,105,"Inactive"
"5375",2023-08-09,"Minerva","Intervention Weekday",180,11:40:57,"5","Sitting","Resting",NA,30,120,"Inactive"
"5376",2023-08-09,"Minerva","Intervention Weekday",180,11:41:12,"5","Sitting","Resting",NA,45,135,"Inactive"
"5377",2023-08-09,"Minerva","Intervention Weekday",180,11:41:27,"5","Sitting","Eating",NA,0,150,"Active"
"5378",2023-08-09,"Minerva","Intervention Weekday",180,11:41:42,"5","Standing","Pause",NA,15,165,"Inactive"
"5379",2023-08-09,"Minerva","Intervention Weekday",180,11:41:57,"6","Sitting","Manipulating Object","Fencing",30,180,"Active"
"5380",2023-08-09,"Minerva","Intervention Weekday",180,11:42:12,"4","Standing","Locomotion",NA,45,0,"Active"
"5381",2023-08-09,"Minerva","Intervention Weekday",180,11:42:27,"5","Sitting","Resting",NA,0,15,"Inactive"
"5382",2023-08-09,"Minerva","Intervention Weekday",180,11:42:42,"5","Sitting","Resting",NA,15,30,"Inactive"
"5383",2023-08-09,"Minerva","Intervention Weekday",180,11:42:57,"5","Sitting","Eating",NA,30,45,"Active"
"5384",2023-08-09,"Minerva","Intervention Weekday",180,11:43:12,"5","Sitting","Resting",NA,45,60,"Inactive"
"5385",2023-08-09,"Minerva","Intervention Weekday",180,11:43:27,"5","Sitting","Resting",NA,0,75,"Inactive"
"5386",2023-08-09,"Minerva","Intervention Weekday",180,11:43:42,"5","Sitting","Resting",NA,15,90,"Inactive"
"5387",2023-08-09,"Minerva","Intervention Weekday",180,11:43:57,"5","Sitting","Resting",NA,30,105,"Inactive"
"5388",2023-08-09,"Minerva","Intervention Weekday",180,11:44:12,"5","Sitting","Resting",NA,45,120,"Inactive"
"5389",2023-08-09,"Minerva","Intervention Weekday",180,11:44:27,"5","Sitting","Eating",NA,0,135,"Active"
"5390",2023-08-09,"Minerva","Intervention Weekday",180,11:44:42,"5","Sitting","Eating",NA,15,150,"Active"
"5391",2023-08-09,"Minerva","Intervention Weekday",180,11:44:57,"6","Standing","Locomotion",NA,30,165,"Active"
"5392",2023-08-09,"Minerva","Intervention Weekday",180,11:45:12,"6","Standing","Pause",NA,45,180,"Inactive"
"5393",2023-08-09,"Minerva","Intervention Weekday",180,11:45:27,"6","Sitting","Resting",NA,0,0,"Inactive"
"5394",2023-08-09,"Minerva","Intervention Weekday",180,11:45:42,"6","Sitting","Resting",NA,15,15,"Inactive"
"5395",2023-08-09,"Minerva","Intervention Weekday",180,11:45:57,"5","Sitting","Resting",NA,30,30,"Inactive"
"5396",2023-08-09,"Minerva","Intervention Weekday",180,11:46:12,"5","Sitting","Resting",NA,45,45,"Inactive"
"5397",2023-08-09,"Minerva","Intervention Weekday",180,11:46:27,"5","Sitting","Resting",NA,0,60,"Inactive"
"5398",2023-08-09,"Minerva","Intervention Weekday",180,11:46:42,"5","Sitting","Resting",NA,15,75,"Inactive"
"5399",2023-08-09,"Minerva","Intervention Weekday",180,11:46:57,"5","Sitting","Resting",NA,30,90,"Inactive"
"5400",2023-08-11,"Minerva","Intervention Weekday",180,08:43:50,"5","Sitting","Eating",NA,0,0,"Active"
"5401",2023-08-11,"Minerva","Intervention Weekday",180,08:44:05,"6","Sitting","Drinking",NA,15,15,"Active"
"5402",2023-08-11,"Minerva","Intervention Weekday",180,08:44:20,"5","Sitting","Resting",NA,30,30,"Inactive"
"5403",2023-08-11,"Minerva","Intervention Weekday",180,08:44:35,"5","Sitting","Resting",NA,45,45,"Inactive"
"5404",2023-08-11,"Minerva","Intervention Weekday",180,08:44:50,"4","Sitting","Resting",NA,0,60,"Inactive"
"5405",2023-08-11,"Minerva","Intervention Weekday",180,08:45:05,"5","Sitting","Resting",NA,15,75,"Inactive"
"5406",2023-08-11,"Minerva","Intervention Weekday",180,08:45:20,"5","Sitting","Resting",NA,30,90,"Inactive"
"5407",2023-08-11,"Minerva","Intervention Weekday",180,08:45:35,"5","Sitting","Resting",NA,45,105,"Inactive"
"5408",2023-08-11,"Minerva","Intervention Weekday",180,08:45:50,"5","Sitting","Resting",NA,0,120,"Inactive"
"5409",2023-08-11,"Minerva","Intervention Weekday",180,08:46:05,"5","Sitting","Resting",NA,15,135,"Inactive"
"5410",2023-08-11,"Minerva","Intervention Weekday",180,08:46:20,"5","Sitting","Resting",NA,30,150,"Inactive"
"5411",2023-08-11,"Minerva","Intervention Weekday",180,08:46:35,"5","Sitting","Eating",NA,45,165,"Active"
"5412",2023-08-11,"Minerva","Intervention Weekday",180,08:46:50,"5","Sitting","Eating",NA,0,180,"Active"
"5413",2023-08-11,"Minerva","Intervention Weekday",180,08:47:05,"5","Sitting","Resting",NA,15,0,"Inactive"
"5414",2023-08-11,"Minerva","Intervention Weekday",180,08:47:20,"5","Sitting","Resting",NA,30,15,"Inactive"
"5415",2023-08-11,"Minerva","Intervention Weekday",180,08:47:35,"5","Sitting","Resting",NA,45,30,"Inactive"
"5416",2023-08-11,"Minerva","Intervention Weekday",180,08:47:50,"5","Sitting","Resting",NA,0,45,"Inactive"
"5417",2023-08-11,"Minerva","Intervention Weekday",180,08:48:05,"5","Sitting","Resting",NA,15,60,"Inactive"
"5418",2023-08-11,"Minerva","Intervention Weekday",180,08:48:20,"5","Sitting","Resting",NA,30,75,"Inactive"
"5419",2023-08-11,"Minerva","Intervention Weekday",180,08:48:35,"5","Sitting","Resting",NA,45,90,"Inactive"
"5420",2023-08-11,"Minerva","Intervention Weekday",180,08:48:50,"5","Sitting","Resting",NA,0,105,"Inactive"
"5421",2023-08-11,"Minerva","Intervention Weekday",180,08:49:05,"5","Sitting","Resting",NA,15,120,"Inactive"
"5422",2023-08-11,"Minerva","Intervention Weekday",180,08:49:20,"5","Sitting","Resting",NA,30,135,"Inactive"
"5423",2023-08-11,"Minerva","Intervention Weekday",180,08:49:35,"5","Sitting","Eating",NA,45,150,"Active"
"5424",2023-08-11,"Minerva","Intervention Weekday",180,08:49:50,"5","Sitting","Eating",NA,0,165,"Active"
"5425",2023-08-11,"Minerva","Intervention Weekday",180,08:50:05,"6","Sitting","Drinking",NA,15,180,"Active"
"5426",2023-08-11,"Minerva","Intervention Weekday",180,08:50:20,"6","Sitting","Resting",NA,30,0,"Inactive"
"5427",2023-08-11,"Minerva","Intervention Weekday",180,08:50:35,"5","Sitting","Resting",NA,45,15,"Inactive"
"5428",2023-08-11,"Minerva","Intervention Weekday",180,08:50:50,"5","Sitting","Resting",NA,0,30,"Inactive"
"5429",2023-08-11,"Minerva","Intervention Weekday",180,08:51:05,"5","Sitting","Resting",NA,15,45,"Inactive"
"5430",2023-08-11,"Minerva","Intervention Weekday",180,08:51:20,"5","Sitting","Resting",NA,30,60,"Inactive"
"5431",2023-08-11,"Minerva","Intervention Weekday",180,08:51:35,"5","Sitting","Resting",NA,45,75,"Inactive"
"5432",2023-08-11,"Minerva","Intervention Weekday",180,08:51:50,"5","Sitting","Resting",NA,0,90,"Inactive"
"5433",2023-08-11,"Minerva","Intervention Weekday",180,08:52:05,"5","Sitting","Resting",NA,15,105,"Inactive"
"5434",2023-08-11,"Minerva","Intervention Weekday",180,08:52:20,"5","Sitting","Resting",NA,30,120,"Inactive"
"5435",2023-08-11,"Minerva","Intervention Weekday",180,08:52:35,"5","Sitting","Resting",NA,45,135,"Inactive"
"5436",2023-08-11,"Minerva","Intervention Weekday",180,08:52:50,"5","Sitting","Resting",NA,0,150,"Inactive"
"5437",2023-08-11,"Minerva","Intervention Weekday",180,08:53:05,"5","Sitting","Resting",NA,15,165,"Inactive"
"5438",2023-08-11,"Minerva","Intervention Weekday",180,08:53:20,"5","Sitting","Resting",NA,30,180,"Inactive"
"5439",2023-08-11,"Minerva","Intervention Weekday",180,08:53:35,"5","Sitting","Resting",NA,45,0,"Inactive"
"5440",2023-08-11,"Minerva","Intervention Weekday",180,08:53:50,"5","Sitting","Resting",NA,0,15,"Inactive"
"5441",2023-08-11,"Minerva","Intervention Weekday",180,08:54:05,"5","Sitting","Resting",NA,15,30,"Inactive"
"5442",2023-08-11,"Minerva","Intervention Weekday",180,08:54:20,"5","Sitting","Resting",NA,30,45,"Inactive"
"5443",2023-08-11,"Minerva","Intervention Weekday",180,08:54:35,"5","Sitting","Resting",NA,45,60,"Inactive"
"5444",2023-08-11,"Minerva","Intervention Weekday",180,08:54:50,"5","Sitting","Resting",NA,0,75,"Inactive"
"5445",2023-08-11,"Minerva","Intervention Weekday",180,08:55:05,"5","Sitting","Resting",NA,15,90,"Inactive"
"5446",2023-08-11,"Minerva","Intervention Weekday",180,08:55:20,"5","Sitting","Resting",NA,30,105,"Inactive"
"5447",2023-08-11,"Minerva","Intervention Weekday",180,08:55:35,"5","Sitting","Resting",NA,45,120,"Inactive"
"5448",2023-08-11,"Minerva","Intervention Weekday",180,08:55:50,"5","Sitting","Eating",NA,0,135,"Active"
"5449",2023-08-11,"Minerva","Intervention Weekday",180,08:56:05,"6","Standing","Manipulating Object","Fencing",15,150,"Active"
"5450",2023-08-11,"Minerva","Intervention Weekday",180,08:56:20,"5","Sitting","Resting",NA,30,165,"Inactive"
"5451",2023-08-11,"Minerva","Intervention Weekday",180,08:56:35,"5","Sitting","Resting",NA,45,180,"Inactive"
"5452",2023-08-11,"Minerva","Intervention Weekday",180,08:56:50,"5","Sitting","Resting",NA,0,0,"Inactive"
"5453",2023-08-11,"Minerva","Intervention Weekday",180,08:57:05,"5","Sitting","Resting",NA,15,15,"Inactive"
"5454",2023-08-11,"Minerva","Intervention Weekday",180,08:57:20,"5","Sitting","Resting",NA,30,30,"Inactive"
"5455",2023-08-11,"Minerva","Intervention Weekday",180,08:57:35,"5","Sitting","Resting",NA,45,45,"Inactive"
"5456",2023-08-11,"Minerva","Intervention Weekday",180,08:57:50,"5","Sitting","Resting",NA,0,60,"Inactive"
"5457",2023-08-11,"Minerva","Intervention Weekday",180,08:58:05,"5","Sitting","Resting",NA,15,75,"Inactive"
"5458",2023-08-11,"Minerva","Intervention Weekday",180,08:58:20,"5","Sitting","Resting",NA,30,90,"Inactive"
"5459",2023-07-24,"Minerva","Intervention Weekday",120,12:34:57,"5","Sitting","Eating",NA,0,0,"Active"
"5460",2023-07-24,"Minerva","Intervention Weekday",120,12:35:12,"5","Sitting","Resting",NA,15,15,"Inactive"
"5461",2023-07-24,"Minerva","Intervention Weekday",120,12:35:27,"5","Sitting","Resting",NA,30,30,"Inactive"
"5462",2023-07-24,"Minerva","Intervention Weekday",120,12:35:42,"5","Sitting","Resting",NA,45,45,"Inactive"
"5463",2023-07-24,"Minerva","Intervention Weekday",120,12:35:57,"5","Sitting","Resting",NA,0,60,"Inactive"
"5464",2023-07-24,"Minerva","Intervention Weekday",120,12:36:12,"5","Sitting","Resting",NA,15,75,"Inactive"
"5465",2023-07-24,"Minerva","Intervention Weekday",120,12:36:27,"5","Sitting","Resting",NA,30,90,"Inactive"
"5466",2023-07-24,"Minerva","Intervention Weekday",120,12:36:42,"5","Sitting","Eating",NA,45,105,"Active"
"5467",2023-07-24,"Minerva","Intervention Weekday",120,12:36:57,"5","Sitting","Pause",NA,0,120,"Inactive"
"5468",2023-07-24,"Minerva","Intervention Weekday",120,12:37:12,"5","Sitting","Resting",NA,15,0,"Inactive"
"5469",2023-07-24,"Minerva","Intervention Weekday",120,12:37:27,"5","Sitting","Resting",NA,30,15,"Inactive"
"5470",2023-07-24,"Minerva","Intervention Weekday",120,12:37:42,"5","Sitting","Resting",NA,45,30,"Inactive"
"5471",2023-07-24,"Minerva","Intervention Weekday",120,12:37:57,"5","Sitting","Resting",NA,0,45,"Inactive"
"5472",2023-07-24,"Minerva","Intervention Weekday",120,12:38:12,"5","Sitting","Resting",NA,15,60,"Inactive"
"5473",2023-07-24,"Minerva","Intervention Weekday",120,12:38:27,"5","Sitting","Resting",NA,30,75,"Inactive"
"5474",2023-07-24,"Minerva","Intervention Weekday",120,12:38:42,"5","Sitting","Eating",NA,45,90,"Active"
"5475",2023-07-24,"Minerva","Intervention Weekday",120,12:38:57,"5","Sitting","Eating",NA,0,105,"Active"
"5476",2023-07-24,"Minerva","Intervention Weekday",120,12:39:12,"5","Sitting","Resting",NA,15,120,"Inactive"
"5477",2023-07-24,"Minerva","Intervention Weekday",120,12:39:27,"5","Sitting","Resting",NA,30,0,"Inactive"
"5478",2023-07-24,"Minerva","Intervention Weekday",120,12:39:42,"5","Sitting","Resting",NA,45,15,"Inactive"
"5479",2023-07-24,"Minerva","Intervention Weekday",120,12:39:57,"5","Sitting","Resting",NA,0,30,"Inactive"
"5480",2023-07-24,"Minerva","Intervention Weekday",120,12:40:12,"5","Sitting","Resting",NA,15,45,"Inactive"
"5481",2023-07-24,"Minerva","Intervention Weekday",120,12:40:27,"5","Sitting","Resting",NA,30,60,"Inactive"
"5482",2023-07-24,"Minerva","Intervention Weekday",120,12:40:42,"5","Sitting","Eating",NA,45,75,"Active"
"5483",2023-07-24,"Minerva","Intervention Weekday",120,12:40:57,"5","Sitting","Eating",NA,0,90,"Active"
"5484",2023-07-24,"Minerva","Intervention Weekday",120,12:41:12,"5","Sitting","Resting",NA,15,105,"Inactive"
"5485",2023-07-24,"Minerva","Intervention Weekday",120,12:41:27,"5","Sitting","Resting",NA,30,120,"Inactive"
"5486",2023-07-24,"Minerva","Intervention Weekday",120,12:41:42,"5","Sitting","Resting",NA,45,0,"Inactive"
"5487",2023-07-24,"Minerva","Intervention Weekday",120,12:41:57,"5","Sitting","Resting",NA,0,15,"Inactive"
"5488",2023-07-24,"Minerva","Intervention Weekday",120,12:42:12,"5","Sitting","Resting",NA,15,30,"Inactive"
"5489",2023-07-24,"Minerva","Intervention Weekday",120,12:42:27,"5","Sitting","Resting",NA,30,45,"Inactive"
"5490",2023-07-24,"Minerva","Intervention Weekday",120,12:42:42,"5","Sitting","Resting",NA,45,60,"Inactive"
"5491",2023-07-24,"Minerva","Intervention Weekday",120,12:42:57,"5","Sitting","Eating",NA,0,75,"Active"
"5492",2023-07-24,"Minerva","Intervention Weekday",120,12:43:12,"5","Sitting","Resting",NA,15,90,"Inactive"
"5493",2023-07-24,"Minerva","Intervention Weekday",120,12:43:27,"5","Sitting","Resting",NA,30,105,"Inactive"
"5494",2023-07-24,"Minerva","Intervention Weekday",120,12:43:42,"5","Sitting","Resting",NA,45,120,"Inactive"
"5495",2023-07-24,"Minerva","Intervention Weekday",120,12:43:57,"5","Sitting","Resting",NA,0,0,"Inactive"
"5496",2023-07-24,"Minerva","Intervention Weekday",120,12:44:12,"5","Sitting","Resting",NA,15,15,"Inactive"
"5497",2023-07-24,"Minerva","Intervention Weekday",120,12:44:27,"5","Sitting","Resting",NA,30,30,"Inactive"
"5498",2023-07-24,"Minerva","Intervention Weekday",120,12:44:42,"5","Sitting","Resting",NA,45,45,"Inactive"
"5499",2023-07-24,"Minerva","Intervention Weekday",120,12:44:57,"5","Sitting","Eating",NA,0,60,"Active"
"5500",2023-07-24,"Minerva","Intervention Weekday",120,12:45:12,"5","Standing","Locomotion",NA,15,75,"Active"
"5501",2023-07-24,"Minerva","Intervention Weekday",120,12:45:27,"5","Sitting","Resting",NA,30,90,"Inactive"
"5502",2023-07-24,"Minerva","Intervention Weekday",120,12:45:42,"5","Sitting","Resting",NA,45,105,"Inactive"
"5503",2023-07-24,"Minerva","Intervention Weekday",120,12:45:57,"5","Sitting","Resting",NA,0,120,"Inactive"
"5504",2023-07-24,"Minerva","Intervention Weekday",120,12:46:12,"5","Sitting","Resting",NA,15,0,"Inactive"
"5505",2023-07-24,"Minerva","Intervention Weekday",120,12:46:27,"5","Sitting","Resting",NA,30,15,"Inactive"
"5506",2023-07-24,"Minerva","Intervention Weekday",120,12:46:42,"5","Sitting","Resting",NA,45,30,"Inactive"
"5507",2023-07-24,"Minerva","Intervention Weekday",120,12:46:57,"5","Sitting","Eating",NA,0,45,"Active"
"5508",2023-07-24,"Minerva","Intervention Weekday",120,12:47:12,"5","Sitting","Resting",NA,15,60,"Inactive"
"5509",2023-07-24,"Minerva","Intervention Weekday",120,12:47:27,"5","Sitting","Resting",NA,30,75,"Inactive"
"5510",2023-07-24,"Minerva","Intervention Weekday",120,12:47:42,"5","Sitting","Resting",NA,45,90,"Inactive"
"5511",2023-07-24,"Minerva","Intervention Weekday",120,12:47:57,"5","Sitting","Resting",NA,0,105,"Inactive"
"5512",2023-07-24,"Minerva","Intervention Weekday",120,12:48:12,"5","Sitting","Resting",NA,15,120,"Inactive"
"5513",2023-07-24,"Minerva","Intervention Weekday",120,12:48:27,"5","Sitting","Resting",NA,30,0,"Inactive"
"5514",2023-07-24,"Minerva","Intervention Weekday",120,12:48:42,"5","Sitting","Resting",NA,45,15,"Inactive"
"5515",2023-07-24,"Minerva","Intervention Weekday",120,12:48:57,"5","Sitting","Eating",NA,0,30,"Active"
"5516",2023-07-24,"Minerva","Intervention Weekday",120,12:49:12,"5","Sitting","Resting",NA,15,45,"Inactive"
"5517",2023-07-24,"Minerva","Intervention Weekday",120,12:49:27,"5","Sitting","Manipulating Object","Fencing",30,60,"Active"
"5518",2023-07-25,"Minerva","Intervention Weekday",120,09:47:03,"5","Sitting","Eating",NA,0,0,"Active"
"5519",2023-07-25,"Minerva","Intervention Weekday",120,09:47:18,"5","Sitting","Resting",NA,15,15,"Inactive"
"5520",2023-07-25,"Minerva","Intervention Weekday",120,09:47:33,"5","Sitting","Resting",NA,30,30,"Inactive"
"5521",2023-07-25,"Minerva","Intervention Weekday",120,09:47:48,"5","Sitting","Resting",NA,45,45,"Inactive"
"5522",2023-07-25,"Minerva","Intervention Weekday",120,09:48:03,"4","Sitting","Resting",NA,0,60,"Inactive"
"5523",2023-07-25,"Minerva","Intervention Weekday",120,09:48:18,"4","Sitting","Resting",NA,15,75,"Inactive"
"5524",2023-07-25,"Minerva","Intervention Weekday",120,09:48:33,"4","Sitting","Resting",NA,30,90,"Inactive"
"5525",2023-07-25,"Minerva","Intervention Weekday",120,09:48:48,"5","Sitting","Eating",NA,45,105,"Active"
"5526",2023-07-25,"Minerva","Intervention Weekday",120,09:49:03,"5","Sitting","Eating",NA,0,120,"Active"
"5527",2023-07-25,"Minerva","Intervention Weekday",120,09:49:18,"5","Sitting","Resting",NA,15,0,"Inactive"
"5528",2023-07-25,"Minerva","Intervention Weekday",120,09:49:33,"5","Sitting","Resting",NA,30,15,"Inactive"
"5529",2023-07-25,"Minerva","Intervention Weekday",120,09:49:48,"5","Sitting","Resting",NA,45,30,"Inactive"
"5530",2023-07-25,"Minerva","Intervention Weekday",120,09:50:03,"5","Sitting","Resting",NA,0,45,"Inactive"
"5531",2023-07-25,"Minerva","Intervention Weekday",120,09:50:18,"5","Sitting","Resting",NA,15,60,"Inactive"
"5532",2023-07-25,"Minerva","Intervention Weekday",120,09:50:33,"5","Sitting","Resting",NA,30,75,"Inactive"
"5533",2023-07-25,"Minerva","Intervention Weekday",120,09:50:48,"5","Sitting","Resting",NA,45,90,"Inactive"
"5534",2023-07-25,"Minerva","Intervention Weekday",120,09:51:03,"5","Sitting","Eating",NA,0,105,"Active"
"5535",2023-07-25,"Minerva","Intervention Weekday",120,09:51:18,"5","Sitting","Resting",NA,15,120,"Inactive"
"5536",2023-07-25,"Minerva","Intervention Weekday",120,09:51:33,"5","Sitting","Resting",NA,30,0,"Inactive"
"5537",2023-07-25,"Minerva","Intervention Weekday",120,09:51:48,"5","Sitting","Resting",NA,45,15,"Inactive"
"5538",2023-07-25,"Minerva","Intervention Weekday",120,09:52:03,"5","Sitting","Resting",NA,0,30,"Inactive"
"5539",2023-07-25,"Minerva","Intervention Weekday",120,09:52:18,"5","Sitting","Resting",NA,15,45,"Inactive"
"5540",2023-07-25,"Minerva","Intervention Weekday",120,09:52:33,"5","Sitting","Resting",NA,30,60,"Inactive"
"5541",2023-07-25,"Minerva","Intervention Weekday",120,09:52:48,"5","Sitting","Resting",NA,45,75,"Inactive"
"5542",2023-07-25,"Minerva","Intervention Weekday",120,09:53:03,"5","Sitting","Eating",NA,0,90,"Active"
"5543",2023-07-25,"Minerva","Intervention Weekday",120,09:53:18,"5","Sitting","Resting",NA,15,105,"Inactive"
"5544",2023-07-25,"Minerva","Intervention Weekday",120,09:53:33,"5","Sitting","Resting",NA,30,120,"Inactive"
"5545",2023-07-25,"Minerva","Intervention Weekday",120,09:53:48,"6","Sitting","Drinking",NA,45,0,"Active"
"5546",2023-07-25,"Minerva","Intervention Weekday",120,09:54:03,"5","Sitting","Eating",NA,0,15,"Active"
"5547",2023-07-25,"Minerva","Intervention Weekday",120,09:54:18,"6","Sitting","Drinking",NA,15,30,"Active"
"5548",2023-07-25,"Minerva","Intervention Weekday",120,09:54:33,"6","Sitting","Drinking",NA,30,45,"Active"
"5549",2023-07-25,"Minerva","Intervention Weekday",120,09:54:48,"6","Sitting","Drinking",NA,45,60,"Active"
"5550",2023-07-25,"Minerva","Intervention Weekday",120,09:55:03,"5","Sitting","Eating",NA,0,75,"Active"
"5551",2023-07-25,"Minerva","Intervention Weekday",120,09:55:18,"5","Standing","Locomotion",NA,15,90,"Active"
"5552",2023-07-25,"Minerva","Intervention Weekday",120,09:55:33,"5","Standing","Locomotion",NA,30,105,"Active"
"5553",2023-07-25,"Minerva","Intervention Weekday",120,09:55:48,"5","Sitting","Resting",NA,45,120,"Inactive"
"5554",2023-07-25,"Minerva","Intervention Weekday",120,09:56:03,"5","Sitting","Resting",NA,0,0,"Inactive"
"5555",2023-07-25,"Minerva","Intervention Weekday",120,09:56:18,"5","Sitting","Resting",NA,15,15,"Inactive"
"5556",2023-07-25,"Minerva","Intervention Weekday",120,09:56:33,"5","Sitting","Resting",NA,30,30,"Inactive"
"5557",2023-07-25,"Minerva","Intervention Weekday",120,09:56:48,"5","Sitting","Resting",NA,45,45,"Inactive"
"5558",2023-07-25,"Minerva","Intervention Weekday",120,09:57:03,"5","Sitting","Eating",NA,0,60,"Active"
"5559",2023-07-25,"Minerva","Intervention Weekday",120,09:57:18,"6","Sitting","Drinking",NA,15,75,"Active"
"5560",2023-07-25,"Minerva","Intervention Weekday",120,09:57:33,"6","Sitting","Drinking",NA,30,90,"Active"
"5561",2023-07-25,"Minerva","Intervention Weekday",120,09:57:48,"5","Sitting","Resting",NA,45,105,"Inactive"
"5562",2023-07-25,"Minerva","Intervention Weekday",120,09:58:03,"5","Standing","Locomotion",NA,0,120,"Active"
"5563",2023-07-25,"Minerva","Intervention Weekday",120,09:58:18,"5","Sitting","Resting",NA,15,0,"Inactive"
"5564",2023-07-25,"Minerva","Intervention Weekday",120,09:58:33,"5","Sitting","Resting",NA,30,15,"Inactive"
"5565",2023-07-25,"Minerva","Intervention Weekday",120,09:58:48,"5","Sitting","Resting",NA,45,30,"Inactive"
"5566",2023-07-25,"Minerva","Intervention Weekday",120,09:59:03,"5","Sitting","Eating",NA,0,45,"Active"
"5567",2023-07-25,"Minerva","Intervention Weekday",120,09:59:18,"5","Sitting","Eating",NA,15,60,"Active"
"5568",2023-07-25,"Minerva","Intervention Weekday",120,09:59:33,"5","Sitting","Resting",NA,30,75,"Inactive"
"5569",2023-07-25,"Minerva","Intervention Weekday",120,09:59:48,"5","Sitting","Resting",NA,45,90,"Inactive"
"5570",2023-07-25,"Minerva","Intervention Weekday",120,10:00:03,"5","Sitting","Resting",NA,0,105,"Inactive"
"5571",2023-07-25,"Minerva","Intervention Weekday",120,10:00:18,"5","Sitting","Resting",NA,15,120,"Inactive"
"5572",2023-07-25,"Minerva","Intervention Weekday",120,10:00:33,"5","Sitting","Resting",NA,30,0,"Inactive"
"5573",2023-07-25,"Minerva","Intervention Weekday",120,10:00:48,"5","Sitting","Resting",NA,45,15,"Inactive"
"5574",2023-07-25,"Minerva","Intervention Weekday",120,10:01:03,"5","Sitting","Eating",NA,0,30,"Active"
"5575",2023-07-25,"Minerva","Intervention Weekday",120,10:01:18,"5","Sitting","Eating",NA,15,45,"Active"
"5576",2023-07-25,"Minerva","Intervention Weekday",120,10:01:33,"5","Sitting","Resting",NA,30,60,"Inactive"
"5577",2023-07-26,"Minerva","Intervention Weekday",120,09:11:55,"5","Sitting","Resting",NA,0,0,"Inactive"
"5578",2023-07-26,"Minerva","Intervention Weekday",120,09:12:10,"5","Sitting","Resting",NA,15,15,"Inactive"
"5579",2023-07-26,"Minerva","Intervention Weekday",120,09:12:25,"5","Standing","Locomotion",NA,30,30,"Active"
"5580",2023-07-26,"Minerva","Intervention Weekday",120,09:12:40,"6","Sitting","Drinking",NA,45,45,"Active"
"5581",2023-07-26,"Minerva","Intervention Weekday",120,09:12:55,"6","Sitting","Drinking",NA,0,60,"Active"
"5582",2023-07-26,"Minerva","Intervention Weekday",120,09:13:10,"5","Sitting","Resting",NA,15,75,"Inactive"
"5583",2023-07-26,"Minerva","Intervention Weekday",120,09:13:25,"5","Sitting","Resting",NA,30,90,"Inactive"
"5584",2023-07-26,"Minerva","Intervention Weekday",120,09:13:40,"5","Sitting","Eating",NA,45,105,"Active"
"5585",2023-07-26,"Minerva","Intervention Weekday",120,09:13:55,"4","Sitting","Eating",NA,0,120,"Active"
"5586",2023-07-26,"Minerva","Intervention Weekday",120,09:14:10,"5","Standing","Pause",NA,15,0,"Inactive"
"5587",2023-07-26,"Minerva","Intervention Weekday",120,09:14:25,"5","Sitting","Resting",NA,30,15,"Inactive"
"5588",2023-07-26,"Minerva","Intervention Weekday",120,09:14:40,"5","Sitting","Resting",NA,45,30,"Inactive"
"5589",2023-07-26,"Minerva","Intervention Weekday",120,09:14:55,"5","Sitting","Resting",NA,0,45,"Inactive"
"5590",2023-07-26,"Minerva","Intervention Weekday",120,09:15:10,"5","Sitting","Resting",NA,15,60,"Inactive"
"5591",2023-07-26,"Minerva","Intervention Weekday",120,09:15:25,"5","Sitting","Resting",NA,30,75,"Inactive"
"5592",2023-07-26,"Minerva","Intervention Weekday",120,09:15:40,"5","Sitting","Eating",NA,45,90,"Active"
"5593",2023-07-26,"Minerva","Intervention Weekday",120,09:15:55,"5","Sitting","Eating",NA,0,105,"Active"
"5594",2023-07-26,"Minerva","Intervention Weekday",120,09:16:10,"5","Sitting","Resting",NA,15,120,"Inactive"
"5595",2023-07-26,"Minerva","Intervention Weekday",120,09:16:25,"5","Sitting","Resting",NA,30,0,"Inactive"
"5596",2023-07-26,"Minerva","Intervention Weekday",120,09:16:40,"5","Sitting","Resting",NA,45,15,"Inactive"
"5597",2023-07-26,"Minerva","Intervention Weekday",120,09:16:55,"5","Standing","Locomotion",NA,0,30,"Active"
"5598",2023-07-26,"Minerva","Intervention Weekday",120,09:17:10,"5","Sitting","Resting",NA,15,45,"Inactive"
"5599",2023-07-26,"Minerva","Intervention Weekday",120,09:17:25,"5","Sitting","Resting",NA,30,60,"Inactive"
"5600",2023-07-26,"Minerva","Intervention Weekday",120,09:17:40,"5","Sitting","Eating",NA,45,75,"Active"
"5601",2023-07-26,"Minerva","Intervention Weekday",120,09:17:55,"5","Sitting","Eating",NA,0,90,"Active"
"5602",2023-07-26,"Minerva","Intervention Weekday",120,09:18:10,"5","Sitting","Resting",NA,15,105,"Inactive"
"5603",2023-07-26,"Minerva","Intervention Weekday",120,09:18:25,"5","Sitting","Resting",NA,30,120,"Inactive"
"5604",2023-07-26,"Minerva","Intervention Weekday",120,09:18:40,"6","Sitting","Drinking",NA,45,0,"Active"
"5605",2023-07-26,"Minerva","Intervention Weekday",120,09:18:55,"6","Sitting","Drinking",NA,0,15,"Active"
"5606",2023-07-26,"Minerva","Intervention Weekday",120,09:19:10,"5","Sitting","Resting",NA,15,30,"Inactive"
"5607",2023-07-26,"Minerva","Intervention Weekday",120,09:19:25,"5","Sitting","Resting",NA,30,45,"Inactive"
"5608",2023-07-26,"Minerva","Intervention Weekday",120,09:19:40,"5","Sitting","Resting",NA,45,60,"Inactive"
"5609",2023-07-26,"Minerva","Intervention Weekday",120,09:19:55,"5","Sitting","Eating",NA,0,75,"Active"
"5610",2023-07-26,"Minerva","Intervention Weekday",120,09:20:10,"5","Sitting","Resting",NA,15,90,"Inactive"
"5611",2023-07-26,"Minerva","Intervention Weekday",120,09:20:25,"5","Sitting","Resting",NA,30,105,"Inactive"
"5612",2023-07-26,"Minerva","Intervention Weekday",120,09:20:40,"5","Sitting","Resting",NA,45,120,"Inactive"
"5613",2023-07-26,"Minerva","Intervention Weekday",120,09:20:55,"5","Sitting","Resting",NA,0,0,"Inactive"
"5614",2023-07-26,"Minerva","Intervention Weekday",120,09:21:10,"5","Sitting","Resting",NA,15,15,"Inactive"
"5615",2023-07-26,"Minerva","Intervention Weekday",120,09:21:25,"5","Sitting","Resting",NA,30,30,"Inactive"
"5616",2023-07-26,"Minerva","Intervention Weekday",120,09:21:40,"5","Sitting","Resting",NA,45,45,"Inactive"
"5617",2023-07-26,"Minerva","Intervention Weekday",120,09:21:55,"5","Sitting","Eating",NA,0,60,"Active"
"5618",2023-07-26,"Minerva","Intervention Weekday",120,09:22:10,"5","Sitting","Resting",NA,15,75,"Inactive"
"5619",2023-07-26,"Minerva","Intervention Weekday",120,09:22:25,"5","Sitting","Resting",NA,30,90,"Inactive"
"5620",2023-07-26,"Minerva","Intervention Weekday",120,09:22:40,"5","Sitting","Resting",NA,45,105,"Inactive"
"5621",2023-07-26,"Minerva","Intervention Weekday",120,09:22:55,"5","Sitting","Resting",NA,0,120,"Inactive"
"5622",2023-07-26,"Minerva","Intervention Weekday",120,09:23:10,"5","Sitting","Resting",NA,15,0,"Inactive"
"5623",2023-07-26,"Minerva","Intervention Weekday",120,09:23:25,"5","Sitting","Resting",NA,30,15,"Inactive"
"5624",2023-07-26,"Minerva","Intervention Weekday",120,09:23:40,"5","Sitting","Resting",NA,45,30,"Inactive"
"5625",2023-07-26,"Minerva","Intervention Weekday",120,09:23:55,"5","Sitting","Eating",NA,0,45,"Active"
"5626",2023-07-26,"Minerva","Intervention Weekday",120,09:24:10,"5","Sitting","Pause",NA,15,60,"Inactive"
"5627",2023-07-26,"Minerva","Intervention Weekday",120,09:24:25,"5","Standing","Locomotion",NA,30,75,"Active"
"5628",2023-07-26,"Minerva","Intervention Weekday",120,09:24:40,"4","Sitting","Resting",NA,45,90,"Inactive"
"5629",2023-07-26,"Minerva","Intervention Weekday",120,09:24:55,"4","Sitting","Resting",NA,0,105,"Inactive"
"5630",2023-07-26,"Minerva","Intervention Weekday",120,09:25:10,"4","Sitting","Resting",NA,15,120,"Inactive"
"5631",2023-07-26,"Minerva","Intervention Weekday",120,09:25:25,"4","Sitting","Resting",NA,30,0,"Inactive"
"5632",2023-07-26,"Minerva","Intervention Weekday",120,09:25:40,"4","Sitting","Resting",NA,45,15,"Inactive"
"5633",2023-07-26,"Minerva","Intervention Weekday",120,09:25:55,"5","Sitting","Eating",NA,0,30,"Active"
"5634",2023-07-26,"Minerva","Intervention Weekday",120,09:26:10,"5","Standing","Locomotion",NA,15,45,"Active"
"5635",2023-07-26,"Minerva","Intervention Weekday",120,09:26:25,"5","Sitting","Resting",NA,30,60,"Inactive"
"5636",2023-05-11,"Citrine","Intervention Weekday",120,11:54:23,"5","Standing","Locomotion",NA,0,90,"Active"
"5637",2023-05-11,"Citrine","Intervention Weekday",120,11:54:38,"Shelf","Out of View","Out of View",NA,15,105,"OutofView"
"5638",2023-05-11,"Citrine","Intervention Weekday",120,11:54:53,"Shelf","Sitting","Resting",NA,30,120,"Inactive"
"5639",2023-05-11,"Citrine","Intervention Weekday",120,11:55:08,"Shelf","Sitting","Resting",NA,45,0,"Inactive"
"5640",2023-05-11,"Citrine","Intervention Weekday",120,11:55:23,"Shelf","Sitting","Resting",NA,0,15,"Inactive"
"5641",2023-05-11,"Citrine","Intervention Weekday",120,11:55:38,"Shelf","Sitting","Resting",NA,15,30,"Inactive"
"5642",2023-05-11,"Citrine","Intervention Weekday",120,11:55:53,"Shelf","Sitting","Resting",NA,30,45,"Inactive"
"5643",2023-05-11,"Citrine","Intervention Weekday",120,11:56:08,"6","Standing","Eating",NA,45,60,"Active"
"5644",2023-05-11,"Citrine","Intervention Weekday",120,11:56:23,"3","Standing","Locomotion",NA,0,75,"Active"
"5645",2023-05-11,"Citrine","Intervention Weekday",120,11:56:38,"Shelf","Sitting","Resting",NA,15,90,"Inactive"
"5646",2023-05-11,"Citrine","Intervention Weekday",120,11:56:53,"Shelf","Lying Down","Resting",NA,30,105,"Inactive"
"5647",2023-05-11,"Citrine","Intervention Weekday",120,11:57:08,"Shelf","Lying Down","Resting",NA,45,120,"Inactive"
"5648",2023-05-11,"Citrine","Intervention Weekday",120,11:57:23,"Shelf","Lying Down","Resting",NA,0,0,"Inactive"
"5649",2023-05-11,"Citrine","Intervention Weekday",120,11:57:38,"Shelf","Lying Down","Resting",NA,15,15,"Inactive"
"5650",2023-05-11,"Citrine","Intervention Weekday",120,11:57:53,"Shelf","Lying Down","Resting",NA,30,30,"Inactive"
"5651",2023-05-11,"Citrine","Intervention Weekday",120,11:58:08,"Shelf","Lying Down","Resting",NA,45,45,"Inactive"
"5652",2023-05-11,"Citrine","Intervention Weekday",120,11:58:23,"Feeder","Standing","Pause",NA,0,60,"Inactive"
"5653",2023-05-11,"Citrine","Intervention Weekday",120,11:58:38,"Feeder","Standing","Pause",NA,15,75,"Inactive"
"5654",2023-05-11,"Citrine","Intervention Weekday",120,11:58:53,"Feeder","Sitting","Resting",NA,30,90,"Inactive"
"5655",2023-05-11,"Citrine","Intervention Weekday",120,11:59:08,"Feeder","Sitting","Resting",NA,45,105,"Inactive"
"5656",2023-05-11,"Citrine","Intervention Weekday",120,11:59:23,"Feeder","Sitting","Resting",NA,0,120,"Inactive"
"5657",2023-05-11,"Citrine","Intervention Weekday",120,11:59:38,"Feeder","Sitting","Resting",NA,15,0,"Inactive"
"5658",2023-05-11,"Citrine","Intervention Weekday",120,11:59:53,"Feeder","Sitting","Resting",NA,30,15,"Inactive"
"5659",2023-05-11,"Citrine","Intervention Weekday",120,12:00:08,"Feeder","Sitting","Resting",NA,45,30,"Inactive"
"5660",2023-05-11,"Citrine","Intervention Weekday",120,12:00:23,"6","Sitting","Eating",NA,0,45,"Active"
"5661",2023-05-11,"Citrine","Intervention Weekday",120,12:00:38,"5","Standing","Drinking",NA,15,60,"Active"
"5662",2023-05-11,"Citrine","Intervention Weekday",120,12:00:53,"5","Standing","Drinking",NA,30,75,"Active"
"5663",2023-05-11,"Citrine","Intervention Weekday",120,12:01:08,"5","Standing","Drinking",NA,45,90,"Active"
"5664",2023-05-11,"Citrine","Intervention Weekday",120,12:01:23,"6","Standing","Pause",NA,0,105,"Inactive"
"5665",2023-05-11,"Citrine","Intervention Weekday",120,12:01:38,"Feeder","Standing","Pause",NA,15,120,"Inactive"
"5666",2023-05-11,"Citrine","Intervention Weekday",120,12:01:53,"Feeder","Sitting","Resting",NA,30,0,"Inactive"
"5667",2023-05-11,"Citrine","Intervention Weekday",120,12:02:08,"Feeder","Sitting","Resting",NA,45,15,"Inactive"
"5668",2023-05-11,"Citrine","Intervention Weekday",120,12:02:23,"6","Standing","Eating",NA,0,30,"Active"
"5669",2023-05-11,"Citrine","Intervention Weekday",120,12:02:38,"5","Standing","Locomotion",NA,15,45,"Active"
"5670",2023-05-11,"Citrine","Intervention Weekday",120,12:02:53,"Shelf","Sitting","Resting",NA,30,60,"Inactive"
"5671",2023-05-11,"Citrine","Intervention Weekday",120,12:03:08,"Shelf","Sitting","Resting",NA,45,75,"Inactive"
"5672",2023-05-11,"Citrine","Intervention Weekday",120,12:03:23,"Shelf","Sitting","Resting",NA,0,90,"Inactive"
"5673",2023-05-11,"Citrine","Intervention Weekday",120,12:03:38,"Shelf","Sitting","Resting",NA,15,105,"Inactive"
"5674",2023-05-11,"Citrine","Intervention Weekday",120,12:03:53,"Shelf","Sitting","Resting",NA,30,120,"Inactive"
"5675",2023-05-11,"Citrine","Intervention Weekday",120,12:04:08,"Shelf","Sitting","Resting",NA,45,0,"Inactive"
"5676",2023-05-11,"Citrine","Intervention Weekday",120,12:04:23,"5","Sitting","Eating",NA,0,15,"Active"
"5677",2023-05-11,"Citrine","Intervention Weekday",120,12:04:38,"6","Sitting","Eating",NA,15,30,"Active"
"5678",2023-05-11,"Citrine","Intervention Weekday",120,12:04:53,"Feeder","Sitting","Resting",NA,30,45,"Inactive"
"5679",2023-05-11,"Citrine","Intervention Weekday",120,12:05:08,"Feeder","Sitting","Resting",NA,45,60,"Inactive"
"5680",2023-05-11,"Citrine","Intervention Weekday",120,12:05:23,"Feeder","Sitting","Resting",NA,0,75,"Inactive"
"5681",2023-05-11,"Citrine","Intervention Weekday",120,12:05:38,"Feeder","Sitting","Resting",NA,15,90,"Inactive"
"5682",2023-05-11,"Citrine","Intervention Weekday",120,12:05:53,"Feeder","Sitting","Resting",NA,30,105,"Inactive"
"5683",2023-05-11,"Citrine","Intervention Weekday",120,12:06:08,"Feeder","Sitting","Resting",NA,45,120,"Inactive"
"5684",2023-05-11,"Citrine","Intervention Weekday",120,12:06:23,"5","Standing","Eating",NA,0,0,"Active"
"5685",2023-05-11,"Citrine","Intervention Weekday",120,12:06:38,"5","Standing","Pause",NA,15,15,"Inactive"
"5686",2023-05-11,"Citrine","Intervention Weekday",120,12:06:53,"Shelf","Out of View","Out of View",NA,30,30,"OutofView"
"5687",2023-05-11,"Citrine","Intervention Weekday",120,12:07:08,"Shelf","Sitting","Resting",NA,45,45,"Inactive"
"5688",2023-05-11,"Citrine","Intervention Weekday",120,12:07:23,"Shelf","Sitting","Resting",NA,0,60,"Inactive"
"5689",2023-05-11,"Citrine","Intervention Weekday",120,12:07:38,"Shelf","Sitting","Resting",NA,15,75,"Inactive"
"5690",2023-05-11,"Citrine","Intervention Weekday",120,12:07:53,"Shelf","Sitting","Resting",NA,30,90,"Inactive"
"5691",2023-05-11,"Citrine","Intervention Weekday",120,12:08:08,"Shelf","Sitting","Resting",NA,45,105,"Inactive"
"5692",2023-05-11,"Citrine","Intervention Weekday",120,12:08:23,"4","Standing","Locomotion",NA,0,120,"Active"
"5693",2023-05-11,"Citrine","Intervention Weekday",120,12:08:38,"4","Standing","Locomotion",NA,15,0,"Active"
"5694",2023-05-11,"Citrine","Intervention Weekday",120,12:08:53,"Feeder","Sitting","Resting",NA,30,15,"Inactive"
"5695",2023-07-14,"Minerva","Intervention Weekday",60,08:47:31,"5","Sitting","Eating",NA,30,45,"Active"
"5696",2023-07-14,"Minerva","Intervention Weekday",60,08:47:46,"5","Sitting","Eating",NA,45,60,"Active"
"5697",2023-07-14,"Minerva","Intervention Weekday",60,08:48:01,"5","Sitting","Eating",NA,0,0,"Active"
"5698",2023-07-14,"Minerva","Intervention Weekday",60,08:48:16,"5","Sitting","Resting",NA,15,15,"Inactive"
"5699",2023-07-14,"Minerva","Intervention Weekday",60,08:48:31,"5","Sitting","Resting",NA,30,30,"Inactive"
"5700",2023-07-14,"Minerva","Intervention Weekday",60,08:48:46,"5","Sitting","Resting",NA,45,45,"Inactive"
"5701",2023-07-14,"Minerva","Intervention Weekday",60,08:49:01,"5","Sitting","Eating",NA,0,60,"Active"
"5702",2023-07-14,"Minerva","Intervention Weekday",60,08:49:16,"5","Sitting","Resting",NA,15,0,"Inactive"
"5703",2023-07-14,"Minerva","Intervention Weekday",60,08:49:31,"3","Sitting","Resting",NA,30,15,"Inactive"
"5704",2023-07-14,"Minerva","Intervention Weekday",60,08:49:46,"3","Sitting","Resting",NA,45,30,"Inactive"
"5705",2023-07-14,"Minerva","Intervention Weekday",60,08:50:01,"5","Sitting","Eating",NA,0,45,"Active"
"5706",2023-07-14,"Minerva","Intervention Weekday",60,08:50:16,"5","Sitting","Eating",NA,15,60,"Active"
"5707",2023-07-14,"Minerva","Intervention Weekday",60,08:50:31,"5","Sitting","Resting",NA,30,0,"Inactive"
"5708",2023-07-14,"Minerva","Intervention Weekday",60,08:50:46,"5","Standing","Locomotion",NA,45,15,"Active"
"5709",2023-07-14,"Minerva","Intervention Weekday",60,08:51:01,"5","Sitting","Eating",NA,0,30,"Active"
"5710",2023-07-14,"Minerva","Intervention Weekday",60,08:51:16,"3","Sitting","Resting",NA,15,45,"Inactive"
"5711",2023-07-14,"Minerva","Intervention Weekday",60,08:51:31,"3","Sitting","Resting",NA,30,60,"Inactive"
"5712",2023-07-14,"Minerva","Intervention Weekday",60,08:51:46,"3","Sitting","Resting",NA,45,0,"Inactive"
"5713",2023-07-14,"Minerva","Intervention Weekday",60,08:52:01,"5","Sitting","Eating",NA,0,15,"Active"
"5714",2023-07-14,"Minerva","Intervention Weekday",60,08:52:16,"3","Sitting","Resting",NA,15,30,"Inactive"
"5715",2023-07-14,"Minerva","Intervention Weekday",60,08:52:31,"3","Sitting","Resting",NA,30,45,"Inactive"
"5716",2023-07-14,"Minerva","Intervention Weekday",60,08:52:46,"3","Sitting","Resting",NA,45,60,"Inactive"
"5717",2023-07-14,"Minerva","Intervention Weekday",60,08:53:01,"5","Sitting","Eating",NA,0,0,"Active"
"5718",2023-07-14,"Minerva","Intervention Weekday",60,08:53:16,"5","Standing","Pause",NA,15,15,"Inactive"
"5719",2023-07-14,"Minerva","Intervention Weekday",60,08:53:31,"3","Sitting","Resting",NA,30,30,"Inactive"
"5720",2023-07-14,"Minerva","Intervention Weekday",60,08:53:46,"3","Sitting","Resting",NA,45,45,"Inactive"
"5721",2023-07-14,"Minerva","Intervention Weekday",60,08:54:01,"5","Sitting","Eating",NA,0,60,"Active"
"5722",2023-07-14,"Minerva","Intervention Weekday",60,08:54:16,"5","Sitting","Eating",NA,15,0,"Active"
"5723",2023-07-14,"Minerva","Intervention Weekday",60,08:54:31,"5","Standing","Locomotion",NA,30,15,"Active"
"5724",2023-07-14,"Minerva","Intervention Weekday",60,08:54:46,"5","Sitting","Pause",NA,45,30,"Inactive"
"5725",2023-07-14,"Minerva","Intervention Weekday",60,08:55:01,"5","Sitting","Eating",NA,0,45,"Active"
"5726",2023-07-14,"Minerva","Intervention Weekday",60,08:55:16,"5","Sitting","Eating",NA,15,60,"Active"
"5727",2023-07-14,"Minerva","Intervention Weekday",60,08:55:31,"5","Standing","Manipulating Object","Feeder",30,0,"Active"
"5728",2023-07-14,"Minerva","Intervention Weekday",60,08:55:46,"3","Sitting","Resting",NA,45,15,"Inactive"
"5729",2023-07-14,"Minerva","Intervention Weekday",60,08:56:01,"5","Sitting","Eating",NA,0,30,"Active"
"5730",2023-07-14,"Minerva","Intervention Weekday",60,08:56:16,"5","Sitting","Pause",NA,15,45,"Inactive"
"5731",2023-07-14,"Minerva","Intervention Weekday",60,08:56:31,"5","Sitting","Resting",NA,30,60,"Inactive"
"5732",2023-07-14,"Minerva","Intervention Weekday",60,08:56:46,"3","Sitting","Resting",NA,45,0,"Inactive"
"5733",2023-07-14,"Minerva","Intervention Weekday",60,08:57:01,"5","Sitting","Eating",NA,0,15,"Active"
"5734",2023-07-14,"Minerva","Intervention Weekday",60,08:57:16,"5","Sitting","Eating",NA,15,30,"Active"
"5735",2023-07-14,"Minerva","Intervention Weekday",60,08:57:31,"5","Standing","Locomotion",NA,30,45,"Active"
"5736",2023-07-14,"Minerva","Intervention Weekday",60,08:57:46,"5","Sitting","Resting",NA,45,60,"Inactive"
"5737",2023-07-14,"Minerva","Intervention Weekday",60,08:58:01,"5","Sitting","Eating",NA,0,0,"Active"
"5738",2023-07-14,"Minerva","Intervention Weekday",60,08:58:16,"5","Sitting","Eating",NA,15,15,"Active"
"5739",2023-07-14,"Minerva","Intervention Weekday",60,08:58:31,"5","Sitting","Resting",NA,30,30,"Inactive"
"5740",2023-07-14,"Minerva","Intervention Weekday",60,08:58:46,"6","Sitting","Resting",NA,45,45,"Inactive"
"5741",2023-07-14,"Minerva","Intervention Weekday",60,08:59:01,"5","Sitting","Eating",NA,0,60,"Active"
"5742",2023-07-14,"Minerva","Intervention Weekday",60,08:59:16,"5","Sitting","Eating",NA,15,0,"Active"
"5743",2023-07-14,"Minerva","Intervention Weekday",60,08:59:31,"5","Sitting","Resting",NA,30,15,"Inactive"
"5744",2023-07-14,"Minerva","Intervention Weekday",60,08:59:46,"3","Sitting","Resting",NA,45,30,"Inactive"
"5745",2023-07-14,"Minerva","Intervention Weekday",60,09:00:01,"3","Sitting","Resting",NA,0,45,"Inactive"
"5746",2023-07-14,"Minerva","Intervention Weekday",60,09:00:16,"5","Sitting","Manipulating Object","Feeder",15,60,"Active"
"5747",2023-07-14,"Minerva","Intervention Weekday",60,09:00:31,"3","Sitting","Resting",NA,30,0,"Inactive"
"5748",2023-07-14,"Minerva","Intervention Weekday",60,09:00:46,"5","Sitting","Resting",NA,45,15,"Inactive"
"5749",2023-07-14,"Minerva","Intervention Weekday",60,09:01:01,"5","Sitting","Resting",NA,0,30,"Inactive"
"5750",2023-07-14,"Minerva","Intervention Weekday",60,09:01:16,"5","Sitting","Eating",NA,15,45,"Active"
"5751",2023-07-14,"Minerva","Intervention Weekday",60,09:01:31,"5","Sitting","Resting",NA,30,60,"Inactive"
"5752",2023-07-14,"Minerva","Intervention Weekday",60,09:01:46,"5","Sitting","Resting",NA,45,0,"Inactive"
"5753",2023-07-14,"Minerva","Intervention Weekday",60,09:02:01,"5","Sitting","Manipulating Object","Feeder",0,15,"Active"
"5754",2023-06-15,"Elia","Intervention Weekday",120,09:54:25,"5","Sitting","Eating",NA,0,0,"Active"
"5755",2023-06-15,"Elia","Intervention Weekday",120,09:54:40,"5","Sitting","Resting",NA,15,15,"Inactive"
"5756",2023-06-15,"Elia","Intervention Weekday",120,09:54:55,"5","Sitting","Resting",NA,30,30,"Inactive"
"5757",2023-06-15,"Elia","Intervention Weekday",120,09:55:10,"5","Sitting","Eating",NA,45,45,"Active"
"5758",2023-06-15,"Elia","Intervention Weekday",120,09:55:25,"5","Sitting","Grooming",NA,0,60,"Active"
"5759",2023-06-15,"Elia","Intervention Weekday",120,09:55:40,"5","Sitting","Grooming",NA,15,75,"Active"
"5760",2023-06-15,"Elia","Intervention Weekday",120,09:55:55,"5","Sitting","Resting",NA,30,90,"Inactive"
"5761",2023-06-15,"Elia","Intervention Weekday",120,09:56:10,"6","Standing","Locomotion",NA,45,105,"Active"
"5762",2023-06-15,"Elia","Intervention Weekday",120,09:56:25,"5","Sitting","Grooming",NA,0,120,"Active"
"5763",2023-06-15,"Elia","Intervention Weekday",120,09:56:40,"5","Sitting","Eating",NA,15,0,"Active"
"5764",2023-06-15,"Elia","Intervention Weekday",120,09:56:55,"5","Sitting","Eating",NA,30,15,"Active"
"5765",2023-06-15,"Elia","Intervention Weekday",120,09:57:10,"5","Sitting","Resting",NA,45,30,"Inactive"
"5766",2023-06-15,"Elia","Intervention Weekday",120,09:57:25,"5","Standing","Locomotion",NA,0,45,"Active"
"5767",2023-06-15,"Elia","Intervention Weekday",120,09:57:40,"1","Sitting","Grooming",NA,15,60,"Active"
"5768",2023-06-15,"Elia","Intervention Weekday",120,09:57:55,"3","Standing","Locomotion",NA,30,75,"Active"
"5769",2023-06-15,"Elia","Intervention Weekday",120,09:58:10,"3","Sitting","Resting",NA,45,90,"Inactive"
"5770",2023-06-15,"Elia","Intervention Weekday",120,09:58:25,"5","Sitting","Eating",NA,0,105,"Active"
"5771",2023-06-15,"Elia","Intervention Weekday",120,09:58:40,"5","Sitting","Eating",NA,15,120,"Active"
"5772",2023-06-15,"Elia","Intervention Weekday",120,09:58:55,"5","Sitting","Resting",NA,30,0,"Inactive"
"5773",2023-06-15,"Elia","Intervention Weekday",120,09:59:10,"5","Sitting","Resting",NA,45,15,"Inactive"
"5774",2023-06-15,"Elia","Intervention Weekday",120,09:59:25,"5","Sitting","Grooming",NA,0,30,"Active"
"5775",2023-06-15,"Elia","Intervention Weekday",120,09:59:40,"5","Sitting","Grooming",NA,15,45,"Active"
"5776",2023-06-15,"Elia","Intervention Weekday",120,09:59:55,"5","Sitting","Resting",NA,30,60,"Inactive"
"5777",2023-06-15,"Elia","Intervention Weekday",120,10:00:10,"5","Sitting","Resting",NA,45,75,"Inactive"
"5778",2023-06-15,"Elia","Intervention Weekday",120,10:00:25,"5","Sitting","Eating",NA,0,90,"Active"
"5779",2023-06-15,"Elia","Intervention Weekday",120,10:00:40,"5","Sitting","Pause",NA,15,105,"Inactive"
"5780",2023-06-15,"Elia","Intervention Weekday",120,10:00:55,"5","Sitting","Resting",NA,30,120,"Inactive"
"5781",2023-06-15,"Elia","Intervention Weekday",120,10:01:10,"5","Sitting","Resting",NA,45,0,"Inactive"
"5782",2023-06-15,"Elia","Intervention Weekday",120,10:01:25,"5","Sitting","Resting",NA,0,15,"Inactive"
"5783",2023-06-15,"Elia","Intervention Weekday",120,10:01:40,"5","Sitting","Resting",NA,15,30,"Inactive"
"5784",2023-06-15,"Elia","Intervention Weekday",120,10:01:55,"5","Sitting","Resting",NA,30,45,"Inactive"
"5785",2023-06-15,"Elia","Intervention Weekday",120,10:02:10,"5","Sitting","Resting",NA,45,60,"Inactive"
"5786",2023-06-15,"Elia","Intervention Weekday",120,10:02:25,"5","Sitting","Eating",NA,0,75,"Active"
"5787",2023-06-15,"Elia","Intervention Weekday",120,10:02:40,"5","Sitting","Eating",NA,15,90,"Active"
"5788",2023-06-15,"Elia","Intervention Weekday",120,10:02:55,"6","Sitting","Drinking",NA,30,105,"Active"
"5789",2023-06-15,"Elia","Intervention Weekday",120,10:03:10,"6","Sitting","Drinking",NA,45,120,"Active"
"5790",2023-06-15,"Elia","Intervention Weekday",120,10:03:25,"6","Sitting","Drinking",NA,0,0,"Active"
"5791",2023-06-15,"Elia","Intervention Weekday",120,10:03:40,"6","Standing","Locomotion",NA,15,15,"Active"
"5792",2023-06-15,"Elia","Intervention Weekday",120,10:03:55,"5","Sitting","Resting",NA,30,30,"Inactive"
"5793",2023-06-15,"Elia","Intervention Weekday",120,10:04:10,"5","Sitting","Resting",NA,45,45,"Inactive"
"5794",2023-06-15,"Elia","Intervention Weekday",120,10:04:25,"5","Sitting","Eating",NA,0,60,"Active"
"5795",2023-06-15,"Elia","Intervention Weekday",120,10:04:40,"5","Sitting","Eating",NA,15,75,"Active"
"5796",2023-06-15,"Elia","Intervention Weekday",120,10:04:55,"5","Sitting","Eating",NA,30,90,"Active"
"5797",2023-06-15,"Elia","Intervention Weekday",120,10:05:10,"5","Sitting","Resting",NA,45,105,"Inactive"
"5798",2023-06-15,"Elia","Intervention Weekday",120,10:05:25,"5","Sitting","Resting",NA,0,120,"Inactive"
"5799",2023-06-15,"Elia","Intervention Weekday",120,10:05:40,"5","Sitting","Resting",NA,15,0,"Inactive"
"5800",2023-06-15,"Elia","Intervention Weekday",120,10:05:55,"5","Sitting","Resting",NA,30,15,"Inactive"
"5801",2023-06-15,"Elia","Intervention Weekday",120,10:06:10,"5","Sitting","Resting",NA,45,30,"Inactive"
"5802",2023-06-15,"Elia","Intervention Weekday",120,10:06:25,"5","Sitting","Eating",NA,0,45,"Active"
"5803",2023-06-15,"Elia","Intervention Weekday",120,10:06:40,"5","Sitting","Pause",NA,15,60,"Inactive"
"5804",2023-06-15,"Elia","Intervention Weekday",120,10:06:55,"5","Sitting","Resting",NA,30,75,"Inactive"
"5805",2023-06-15,"Elia","Intervention Weekday",120,10:07:10,"5","Sitting","Resting",NA,45,90,"Inactive"
"5806",2023-06-15,"Elia","Intervention Weekday",120,10:07:25,"5","Sitting","Resting",NA,0,105,"Inactive"
"5807",2023-06-15,"Elia","Intervention Weekday",120,10:07:40,"5","Sitting","Resting",NA,15,120,"Inactive"
"5808",2023-06-15,"Elia","Intervention Weekday",120,10:07:55,"5","Sitting","Resting",NA,30,0,"Inactive"
"5809",2023-06-15,"Elia","Intervention Weekday",120,10:08:10,"5","Sitting","Resting",NA,45,15,"Inactive"
"5810",2023-06-15,"Elia","Intervention Weekday",120,10:08:25,"5","Sitting","Resting",NA,0,30,"Inactive"
"5811",2023-06-15,"Elia","Intervention Weekday",120,10:08:40,"5","Sitting","Eating",NA,15,45,"Active"
"5812",2023-06-15,"Elia","Intervention Weekday",120,10:08:55,"5","Sitting","Resting",NA,30,60,"Inactive"
"5813",2023-05-02,"Citrine","Baseline_Weekday",0,10:46:15,"1","Standing","Locomotion",NA,0,0,"Active"
"5814",2023-05-02,"Citrine","Baseline_Weekday",0,10:46:30,"Shelf","Sitting","Pause",NA,15,0,"Inactive"
"5815",2023-05-02,"Citrine","Baseline_Weekday",0,10:46:45,"Shelf","Sitting","Pause",NA,30,0,"Inactive"
"5816",2023-05-02,"Citrine","Baseline_Weekday",0,10:47:00,"Shelf","Sitting","Pause",NA,45,0,"Inactive"
"5817",2023-05-02,"Citrine","Baseline_Weekday",0,10:47:15,"5","Standing","Eating",NA,0,0,"Active"
"5818",2023-05-02,"Citrine","Baseline_Weekday",0,10:47:30,"5","Standing","Eating",NA,15,0,"Active"
"5819",2023-05-02,"Citrine","Baseline_Weekday",0,10:47:45,"6","Standing","Pause",NA,30,0,"Inactive"
"5820",2023-05-02,"Citrine","Baseline_Weekday",0,10:48:00,"6","Sitting","Manipulating Object","Feeder",45,0,"Active"
"5821",2023-05-02,"Citrine","Baseline_Weekday",0,10:48:15,"Feeder","Standing","Manipulating Object","Fencing",0,0,"Active"
"5822",2023-05-02,"Citrine","Baseline_Weekday",0,10:48:30,"Feeder","Standing","Manipulating Object","Fencing",15,0,"Active"
"5823",2023-05-02,"Citrine","Baseline_Weekday",0,10:48:45,"Feeder","Standing","Pause",NA,30,0,"Inactive"
"5824",2023-05-02,"Citrine","Baseline_Weekday",0,10:49:00,"1","Standing","Locomotion",NA,45,0,"Active"
"5825",2023-05-02,"Citrine","Baseline_Weekday",0,10:49:15,"Shelf","Sitting","Pause",NA,0,0,"Inactive"
"5826",2023-05-02,"Citrine","Baseline_Weekday",0,10:49:30,"Shelf","Sitting","Pause",NA,15,0,"Inactive"
"5827",2023-05-02,"Citrine","Baseline_Weekday",0,10:49:45,"Shelf","Sitting","Pause",NA,30,0,"Inactive"
"5828",2023-05-02,"Citrine","Baseline_Weekday",0,10:50:00,"Shelf","Rearing","Locomotion",NA,45,0,"Active"
"5829",2023-05-02,"Citrine","Baseline_Weekday",0,10:50:15,"Feeder","Sitting","Manipulating Object","Fencing",0,0,"Active"
"5830",2023-05-02,"Citrine","Baseline_Weekday",0,10:50:30,"Fence","Standing","Manipulating Object","Fencing",15,0,"Active"
"5831",2023-05-02,"Citrine","Baseline_Weekday",0,10:50:45,"5","Standing","Manipulating Object","Fencing",30,0,"Active"
"5832",2023-05-02,"Citrine","Baseline_Weekday",0,10:51:00,"Feeder","Sitting","Pause",NA,45,0,"Inactive"
"5833",2023-05-02,"Citrine","Baseline_Weekday",0,10:51:15,"Feeder","Sitting","Pause",NA,0,0,"Inactive"
"5834",2023-05-02,"Citrine","Baseline_Weekday",0,10:51:30,"Fence","Standing","Locomotion",NA,15,0,"Active"
"5835",2023-05-02,"Citrine","Baseline_Weekday",0,10:51:45,"Feeder","Sitting","Pause",NA,30,0,"Inactive"
"5836",2023-05-02,"Citrine","Baseline_Weekday",0,10:52:00,"Feeder","Sitting","Pause",NA,45,0,"Inactive"
"5837",2023-05-02,"Citrine","Baseline_Weekday",0,10:52:15,"Feeder","Sitting","Pause",NA,0,0,"Inactive"
"5838",2023-05-02,"Citrine","Baseline_Weekday",0,10:52:30,"Shelf","Standing","Pause",NA,15,0,"Inactive"
"5839",2023-05-02,"Citrine","Baseline_Weekday",0,10:52:45,"Shelf","Sitting","Pause",NA,30,0,"Inactive"
"5840",2023-05-02,"Citrine","Baseline_Weekday",0,10:53:00,"Fence","Standing","Pause",NA,45,0,"Inactive"
"5841",2023-05-02,"Citrine","Baseline_Weekday",0,10:53:15,"Shelf","Sitting","Pause",NA,0,0,"Inactive"
"5842",2023-05-02,"Citrine","Baseline_Weekday",0,10:53:30,"Shelf","Sitting","Pause",NA,15,0,"Inactive"
"5843",2023-05-02,"Citrine","Baseline_Weekday",0,10:53:45,"Fence","Standing","Pause",NA,30,0,"Inactive"
"5844",2023-05-02,"Citrine","Baseline_Weekday",0,10:54:00,"5","Standing","Manipulating Object","Fencing",45,0,"Active"
"5845",2023-05-02,"Citrine","Baseline_Weekday",0,10:54:15,"4","Standing","Pause",NA,0,0,"Inactive"
"5846",2023-05-02,"Citrine","Baseline_Weekday",0,10:54:30,"6","Standing","Pause",NA,15,0,"Inactive"
"5847",2023-05-02,"Citrine","Baseline_Weekday",0,10:54:45,"5","Standing","Pause",NA,30,0,"Inactive"
"5848",2023-05-02,"Citrine","Baseline_Weekday",0,10:55:00,"4","Standing","Locomotion",NA,45,0,"Active"
"5849",2023-05-02,"Citrine","Baseline_Weekday",0,10:55:15,"1","Standing","Pace",NA,0,0,"Pace"
"5850",2023-05-02,"Citrine","Baseline_Weekday",0,10:55:30,"Feeder","Sitting","Pause",NA,15,0,"Inactive"
"5851",2023-05-02,"Citrine","Baseline_Weekday",0,10:55:45,"Feeder","Sitting","Resting",NA,30,0,"Inactive"
"5852",2023-05-02,"Citrine","Baseline_Weekday",0,10:56:00,"Feeder","Sitting","Resting",NA,45,0,"Inactive"
"5853",2023-05-02,"Citrine","Baseline_Weekday",0,10:56:15,"Feeder","Sitting","Resting",NA,0,0,"Inactive"
"5854",2023-05-02,"Citrine","Baseline_Weekday",0,10:56:30,"Shelf","Standing","Pause",NA,15,0,"Inactive"
"5855",2023-05-02,"Citrine","Baseline_Weekday",0,10:56:45,"6","Rearing","Pace",NA,30,0,"Pace"
"5856",2023-05-02,"Citrine","Baseline_Weekday",0,10:57:00,"Feeder","Standing","Pause",NA,45,0,"Inactive"
"5857",2023-05-02,"Citrine","Baseline_Weekday",0,10:57:15,"3","Standing","Locomotion",NA,0,0,"Active"
"5858",2023-05-02,"Citrine","Baseline_Weekday",0,10:57:30,"Feeder","Sitting","Pause",NA,15,0,"Inactive"
"5859",2023-05-02,"Citrine","Baseline_Weekday",0,10:57:45,"Feeder","Sitting","Pause",NA,30,0,"Inactive"
"5860",2023-05-02,"Citrine","Baseline_Weekday",0,10:58:00,"Feeder","Sitting","Pause",NA,45,0,"Inactive"
"5861",2023-05-02,"Citrine","Baseline_Weekday",0,10:58:15,"Feeder","Sitting","Pause",NA,0,0,"Inactive"
"5862",2023-05-02,"Citrine","Baseline_Weekday",0,10:58:30,"Shelf","Standing","Pause",NA,15,0,"Inactive"
"5863",2023-05-02,"Citrine","Baseline_Weekday",0,10:58:45,"Shelf","Standing","Pause",NA,30,0,"Inactive"
"5864",2023-05-02,"Citrine","Baseline_Weekday",0,10:59:00,"Shelf","Lying Down","Resting",NA,45,0,"Inactive"
"5865",2023-05-02,"Citrine","Baseline_Weekday",0,10:59:15,"Shelf","Lying Down","Resting",NA,0,0,"Inactive"
"5866",2023-05-02,"Citrine","Baseline_Weekday",0,10:59:30,"Shelf","Lying Down","Resting",NA,15,0,"Inactive"
"5867",2023-05-02,"Citrine","Baseline_Weekday",0,10:59:45,"Shelf","Lying Down","Resting",NA,30,0,"Inactive"
"5868",2023-05-02,"Citrine","Baseline_Weekday",0,11:00:00,"Shelf","Lying Down","Resting",NA,45,0,"Inactive"
"5869",2023-05-02,"Citrine","Baseline_Weekday",0,11:00:15,"Shelf","Lying Down","Resting",NA,0,0,"Inactive"
"5870",2023-05-02,"Citrine","Baseline_Weekday",0,11:00:30,"Shelf","Lying Down","Resting",NA,15,0,"Inactive"
"5871",2023-05-02,"Citrine","Baseline_Weekday",0,11:00:45,"Shelf","Lying Down","Resting",NA,30,0,"Inactive"
"5872",2023-05-02,"Citrine","Baseline_Weekday",0,11:01:00,"Shelf","Lying Down","Resting",NA,45,0,"Inactive"
"5873",2023-05-03,"Citrine","Intervention_Weekday",60,10:49:11,"6","Sitting","Pause",NA,0,0,"Inactive"
"5874",2023-05-03,"Citrine","Intervention_Weekday",60,10:49:26,"6","Sitting","Manipulating Object","Feeder",15,15,"Active"
"5875",2023-05-03,"Citrine","Intervention_Weekday",60,10:49:41,"4","Standing","Pause",NA,30,30,"Inactive"
"5876",2023-05-03,"Citrine","Intervention_Weekday",60,10:49:56,"6","Standing","Pause",NA,45,45,"Inactive"
"5877",2023-05-03,"Citrine","Intervention_Weekday",60,10:50:11,"6","Sitting","Pause",NA,0,60,"Inactive"
"5878",2023-05-03,"Citrine","Intervention_Weekday",60,10:50:26,"Feeder","Standing","Locomotion",NA,15,0,"Active"
"5879",2023-05-03,"Citrine","Intervention_Weekday",60,10:50:41,"6","Sitting","Manipulating Object","Feeder",30,15,"Active"
"5880",2023-05-03,"Citrine","Intervention_Weekday",60,10:50:56,"6","Sitting","Locomotion",NA,45,30,"Active"
"5881",2023-05-03,"Citrine","Intervention_Weekday",60,10:51:11,"5","Standing","Eating",NA,0,45,"Active"
"5882",2023-05-03,"Citrine","Intervention_Weekday",60,10:51:26,"6","Sitting","Manipulating Object","Feeder",15,60,"Active"
"5883",2023-05-03,"Citrine","Intervention_Weekday",60,10:51:41,"6","Sitting","Pause",NA,30,0,"Inactive"
"5884",2023-05-03,"Citrine","Intervention_Weekday",60,10:51:56,"6","Lying Down","Grooming",NA,45,15,"Active"
"5885",2023-05-03,"Citrine","Intervention_Weekday",60,10:52:11,"6","Sitting","Pause",NA,0,30,"Inactive"
"5886",2023-05-03,"Citrine","Intervention_Weekday",60,10:52:26,"6","Sitting","Pause",NA,15,45,"Inactive"
"5887",2023-05-03,"Citrine","Intervention_Weekday",60,10:52:41,"6","Sitting","Resting",NA,30,60,"Inactive"
"5888",2023-05-03,"Citrine","Intervention_Weekday",60,10:52:56,"6","Lying Down","Pause",NA,45,0,"Inactive"
"5889",2023-05-03,"Citrine","Intervention_Weekday",60,10:53:11,"6","Standing","Locomotion",NA,0,15,"Active"
"5890",2023-05-03,"Citrine","Intervention_Weekday",60,10:53:26,"Feeder","Sitting","Pause",NA,15,30,"Inactive"
"5891",2023-05-03,"Citrine","Intervention_Weekday",60,10:53:41,"6","Sitting","Manipulating Object","Feeder",30,45,"Active"
"5892",2023-05-03,"Citrine","Intervention_Weekday",60,10:53:56,"Feeder","Sitting","Pause",NA,45,60,"Inactive"
"5893",2023-05-03,"Citrine","Intervention_Weekday",60,10:54:11,"5","Standing","Eating",NA,0,0,"Active"
"5894",2023-05-03,"Citrine","Intervention_Weekday",60,10:54:26,"Feeder","Standing","Pause",NA,15,15,"Inactive"
"5895",2023-05-03,"Citrine","Intervention_Weekday",60,10:54:41,"Feeder","Standing","Manipulating Object","Wall",30,30,"Active"
"5896",2023-05-03,"Citrine","Intervention_Weekday",60,10:54:56,"Feeder","Sitting","Pause",NA,45,45,"Inactive"
"5897",2023-05-03,"Citrine","Intervention_Weekday",60,10:55:11,"6","Standing","Locomotion",NA,0,60,"Active"
"5898",2023-05-03,"Citrine","Intervention_Weekday",60,10:55:26,"Feeder","Sitting","Pause",NA,15,0,"Inactive"
"5899",2023-05-03,"Citrine","Intervention_Weekday",60,10:55:41,"Feeder","Sitting","Pause",NA,30,15,"Inactive"
"5900",2023-05-03,"Citrine","Intervention_Weekday",60,10:55:56,"Feeder","Sitting","Pause",NA,45,30,"Inactive"
"5901",2023-05-03,"Citrine","Intervention_Weekday",60,10:56:11,"5","Standing","Eating",NA,0,45,"Active"
"5902",2023-05-03,"Citrine","Intervention_Weekday",60,10:56:26,"Feeder","Standing","Pause",NA,15,60,"Inactive"
"5903",2023-05-03,"Citrine","Intervention_Weekday",60,10:56:41,"Fence","Standing","Pause",NA,30,0,"Inactive"
"5904",2023-05-03,"Citrine","Intervention_Weekday",60,10:56:56,"1","Standing","Locomotion",NA,45,15,"Active"
"5905",2023-05-03,"Citrine","Intervention_Weekday",60,10:57:11,"5","Standing","Eating",NA,0,30,"Active"
"5906",2023-05-03,"Citrine","Intervention_Weekday",60,10:57:26,"6","Sitting","Resting",NA,15,45,"Inactive"
"5907",2023-05-03,"Citrine","Intervention_Weekday",60,10:57:41,"Feeder","Sitting","Pause",NA,30,60,"Inactive"
"5908",2023-05-03,"Citrine","Intervention_Weekday",60,10:57:56,"Feeder","Sitting","Pause",NA,45,0,"Inactive"
"5909",2023-05-03,"Citrine","Intervention_Weekday",60,10:58:11,"5","Standing","Eating",NA,0,15,"Active"
"5910",2023-05-03,"Citrine","Intervention_Weekday",60,10:58:26,"5","Standing","Eating",NA,15,30,"Active"
"5911",2023-05-03,"Citrine","Intervention_Weekday",60,10:58:41,"Feeder","Sitting","Pause",NA,30,45,"Inactive"
"5912",2023-05-03,"Citrine","Intervention_Weekday",60,10:58:56,"Feeder","Sitting","Pause",NA,45,60,"Inactive"
"5913",2023-05-03,"Citrine","Intervention_Weekday",60,10:59:11,"5","Standing","Eating",NA,0,0,"Active"
"5914",2023-05-03,"Citrine","Intervention_Weekday",60,10:59:26,"6","Sitting","Pause",NA,15,15,"Inactive"
"5915",2023-05-03,"Citrine","Intervention_Weekday",60,10:59:41,"Feeder","Sitting","Pause",NA,30,30,"Inactive"
"5916",2023-05-03,"Citrine","Intervention_Weekday",60,10:59:56,"Feeder","Sitting","Pause",NA,45,45,"Inactive"
"5917",2023-05-03,"Citrine","Intervention_Weekday",60,11:00:11,"5","Standing","Eating",NA,0,60,"Active"
"5918",2023-05-03,"Citrine","Intervention_Weekday",60,11:00:26,"5","Standing","Eating",NA,15,0,"Active"
"5919",2023-05-03,"Citrine","Intervention_Weekday",60,11:00:41,"6","Standing","Locomotion",NA,30,15,"Active"
"5920",2023-05-03,"Citrine","Intervention_Weekday",60,11:00:56,"Out of View","Out of View","Out of View",NA,45,30,"OutofView"
"5921",2023-05-03,"Citrine","Intervention_Weekday",60,11:01:11,"Shelf","Out of View","Out of View",NA,0,45,"OutofView"
"5922",2023-05-03,"Citrine","Intervention_Weekday",60,11:01:26,"5","Standing","Pause",NA,15,60,"Inactive"
"5923",2023-05-03,"Citrine","Intervention_Weekday",60,11:01:41,"Feeder","Standing","Pause",NA,30,0,"Inactive"
"5924",2023-05-03,"Citrine","Intervention_Weekday",60,11:01:56,"Feeder","Sitting","Pause",NA,45,15,"Inactive"
"5925",2023-05-03,"Citrine","Intervention_Weekday",60,11:02:11,"Feeder","Sitting","Pause",NA,0,30,"Inactive"
"5926",2023-05-03,"Citrine","Intervention_Weekday",60,11:02:26,"Out of View","Out of View","Out of View",NA,15,45,"OutofView"
"5927",2023-05-03,"Citrine","Intervention_Weekday",60,11:02:41,"Shelf","Sitting","Resting",NA,30,60,"Inactive"
"5928",2023-05-03,"Citrine","Intervention_Weekday",60,11:02:56,"Shelf","Sitting","Pause",NA,45,0,"Inactive"
"5929",2023-05-03,"Citrine","Intervention_Weekday",60,11:03:11,"Shelf","Sitting","Resting",NA,0,15,"Inactive"
"5930",2023-05-03,"Citrine","Intervention_Weekday",60,11:03:26,"1","Standing","Locomotion",NA,15,30,"Active"
"5931",2023-05-03,"Citrine","Intervention_Weekday",60,11:03:41,"Feeder","Sitting","Pause",NA,30,45,"Inactive"
"5932",2023-05-03,"Citrine","Intervention_Weekday",60,11:03:56,"Feeder","Sitting","Pause",NA,45,60,"Inactive"
"5933",2023-05-10,"Citrine","Intervention_Weekday",120,09:24:35,"5","Sitting","Eating",NA,0,0,"Active"
"5934",2023-05-10,"Citrine","Intervention_Weekday",120,09:24:50,"Feeder","Sitting","Pause",NA,15,15,"Inactive"
"5935",2023-05-10,"Citrine","Intervention_Weekday",120,09:25:05,"Feeder","Sitting","Resting",NA,30,30,"Inactive"
"5936",2023-05-10,"Citrine","Intervention_Weekday",120,09:25:20,"Feeder","Sitting","Pause",NA,45,45,"Inactive"
"5937",2023-05-10,"Citrine","Intervention_Weekday",120,09:25:35,"Feeder","Sitting","Pause",NA,0,60,"Inactive"
"5938",2023-05-10,"Citrine","Intervention_Weekday",120,09:25:50,"Feeder","Sitting","Pause",NA,15,75,"Inactive"
"5939",2023-05-10,"Citrine","Intervention_Weekday",120,09:26:05,"Feeder","Sitting","Pause",NA,30,90,"Inactive"
"5940",2023-05-10,"Citrine","Intervention_Weekday",120,09:26:20,"Feeder","Sitting","Locomotion",NA,45,105,"Active"
"5941",2023-05-10,"Citrine","Intervention_Weekday",120,09:26:35,"5","Rearing","Rubbing","Fencing",0,120,"Active"
"5942",2023-05-10,"Citrine","Intervention_Weekday",120,09:26:50,"3","Standing","Pace",NA,15,0,"Pace"
"5943",2023-05-10,"Citrine","Intervention_Weekday",120,09:27:05,"Fence","Standing","Pause",NA,30,15,"Inactive"
"5944",2023-05-10,"Citrine","Intervention_Weekday",120,09:27:20,"Shelf","Sitting","Grooming",NA,45,30,"Active"
"5945",2023-05-10,"Citrine","Intervention_Weekday",120,09:27:35,"Shelf","Sitting","Pause",NA,0,45,"Inactive"
"5946",2023-05-10,"Citrine","Intervention_Weekday",120,09:27:50,"Shelf","Sitting","Pause",NA,15,60,"Inactive"
"5947",2023-05-10,"Citrine","Intervention_Weekday",120,09:28:05,"Shelf","Sitting","Pause",NA,30,75,"Inactive"
"5948",2023-05-10,"Citrine","Intervention_Weekday",120,09:28:20,"Shelf","Sitting","Pause",NA,45,90,"Inactive"
"5949",2023-05-10,"Citrine","Intervention_Weekday",120,09:28:35,"5","Standing","Eating",NA,0,105,"Active"
"5950",2023-05-10,"Citrine","Intervention_Weekday",120,09:28:50,"Feeder","Standing","Pause",NA,15,120,"Inactive"
"5951",2023-05-10,"Citrine","Intervention_Weekday",120,09:29:05,"Feeder","Standing","Pause",NA,30,0,"Inactive"
"5952",2023-05-10,"Citrine","Intervention_Weekday",120,09:29:20,"Feeder","Sitting","Pause",NA,45,15,"Inactive"
"5953",2023-05-10,"Citrine","Intervention_Weekday",120,09:29:35,"Feeder","Sitting","Pause",NA,0,30,"Inactive"
"5954",2023-05-10,"Citrine","Intervention_Weekday",120,09:29:50,"Fence","Standing","Pause",NA,15,45,"Inactive"
"5955",2023-05-10,"Citrine","Intervention_Weekday",120,09:30:05,"Shelf","Standing","Pause",NA,30,60,"Inactive"
"5956",2023-05-10,"Citrine","Intervention_Weekday",120,09:30:20,"Shelf","Sitting","Pause",NA,45,75,"Inactive"
"5957",2023-05-10,"Citrine","Intervention_Weekday",120,09:30:35,"5","Rearing","Rubbing","Fencing",0,90,"Active"
"5958",2023-05-10,"Citrine","Intervention_Weekday",120,09:30:50,"6","Standing","Pause",NA,15,105,"Inactive"
"5959",2023-05-10,"Citrine","Intervention_Weekday",120,09:31:05,"5","Rearing","Rubbing","Fencing",30,120,"Active"
"5960",2023-05-10,"Citrine","Intervention_Weekday",120,09:31:20,"5","Rearing","Rubbing","Fencing",45,0,"Active"
"5961",2023-05-10,"Citrine","Intervention_Weekday",120,09:31:35,"6","Standing","Manipulating Object","Outside Object",0,15,"Active"
"5962",2023-05-10,"Citrine","Intervention_Weekday",120,09:31:50,"6","Rearing","Manipulating Object","Feeder",15,30,"Active"
"5963",2023-05-10,"Citrine","Intervention_Weekday",120,09:32:05,"6","Rearing","Manipulating Object","Feeder",30,45,"Active"
"5964",2023-05-10,"Citrine","Intervention_Weekday",120,09:32:20,"6","Standing","Pause",NA,45,60,"Inactive"
"5965",2023-05-10,"Citrine","Intervention_Weekday",120,09:32:35,"5","Standing","Eating",NA,0,75,"Active"
"5966",2023-05-10,"Citrine","Intervention_Weekday",120,09:32:50,"6","Standing","Locomotion",NA,15,90,"Active"
"5967",2023-05-10,"Citrine","Intervention_Weekday",120,09:33:05,"Out of View","Standing","Locomotion",NA,30,105,"Active"
"5968",2023-05-10,"Citrine","Intervention_Weekday",120,09:33:20,"6","Standing","Locomotion",NA,45,120,"Active"
"5969",2023-05-10,"Citrine","Intervention_Weekday",120,09:33:35,"5","Standing","Pause",NA,0,0,"Inactive"
"5970",2023-05-10,"Citrine","Intervention_Weekday",120,09:33:50,"Fence","Rearing","Manipulating Object","Fencing",15,15,"Active"
"5971",2023-05-10,"Citrine","Intervention_Weekday",120,09:34:05,"Out of View","Out of View","Out of View",NA,30,30,"OutofView"
"5972",2023-05-10,"Citrine","Intervention_Weekday",120,09:34:20,"Shelf","Standing","Pause",NA,45,45,"Inactive"
"5973",2023-05-10,"Citrine","Intervention_Weekday",120,09:34:35,"6","Standing","Eating",NA,0,60,"Active"
"5974",2023-05-10,"Citrine","Intervention_Weekday",120,09:34:50,"1","Standing","Locomotion",NA,15,75,"Active"
"5975",2023-05-10,"Citrine","Intervention_Weekday",120,09:35:05,"Feeder","Rearing","Manipulating Object","Fencing",30,90,"Active"
"5976",2023-05-10,"Citrine","Intervention_Weekday",120,09:35:20,"Feeder","Sitting","Pause",NA,45,105,"Inactive"
"5977",2023-05-10,"Citrine","Intervention_Weekday",120,09:35:35,"Feeder","Sitting","Pause",NA,0,120,"Inactive"
"5978",2023-05-10,"Citrine","Intervention_Weekday",120,09:35:50,"Feeder","Sitting","Manipulating Object","Fencing",15,0,"Active"
"5979",2023-05-10,"Citrine","Intervention_Weekday",120,09:36:05,"Feeder","Sitting","Pause",NA,30,15,"Inactive"
"5980",2023-05-10,"Citrine","Intervention_Weekday",120,09:36:20,"6","Standing","Manipulating Object","Feeder",45,30,"Active"
"5981",2023-05-10,"Citrine","Intervention_Weekday",120,09:36:35,"5","Standing","Eating",NA,0,45,"Active"
"5982",2023-05-10,"Citrine","Intervention_Weekday",120,09:36:50,"5","Standing","Pause",NA,15,60,"Inactive"
"5983",2023-05-10,"Citrine","Intervention_Weekday",120,09:37:05,"6","Standing","Manipulating Object","Feeder",30,75,"Active"
"5984",2023-05-10,"Citrine","Intervention_Weekday",120,09:37:20,"3","Standing","Locomotion",NA,45,90,"Active"
"5985",2023-05-10,"Citrine","Intervention_Weekday",120,09:37:35,"Shelf","Standing","Pause",NA,0,105,"Inactive"
"5986",2023-05-10,"Citrine","Intervention_Weekday",120,09:37:50,"Shelf","Standing","Pause",NA,15,120,"Inactive"
"5987",2023-05-10,"Citrine","Intervention_Weekday",120,09:38:05,"Shelf","Lying Down","Pause",NA,30,0,"Inactive"
"5988",2023-05-10,"Citrine","Intervention_Weekday",120,09:38:20,"Shelf","Lying Down","Pause",NA,45,15,"Inactive"
"5989",2023-05-10,"Citrine","Intervention_Weekday",120,09:38:35,"6","Standing","Eating",NA,0,30,"Active"
"5990",2023-05-10,"Citrine","Intervention_Weekday",120,09:38:50,"5","Rearing","Rubbing","Fencing",15,45,"Active"
"5991",2023-05-10,"Citrine","Intervention_Weekday",120,09:39:05,"Feeder","Standing","Pause",NA,30,60,"Inactive"
"5992",2023-05-10,"Citrine","Intervention_Weekday",120,09:39:20,"Feeder","Standing","Manipulating Object","Fencing",45,75,"Active"
"5993",2023-07-06,"Elia","Baseline_Weekend",0,10:00:15,"5","Sitting","Resting",NA,0,0,"Inactive"
"5994",2023-07-06,"Elia","Baseline_Weekend",0,10:00:30,"6","Sitting","Drinking",NA,15,0,"Active"
"5995",2023-07-06,"Elia","Baseline_Weekend",0,10:00:45,"6","Sitting","Drinking",NA,30,0,"Active"
"5996",2023-07-06,"Elia","Baseline_Weekend",0,10:01:00,"6","Sitting","Drinking",NA,45,0,"Active"
"5997",2023-07-06,"Elia","Baseline_Weekend",0,10:01:15,"6","Sitting","Drinking",NA,0,0,"Active"
"5998",2023-07-06,"Elia","Baseline_Weekend",0,10:01:30,"4","Standing","Locomotion",NA,15,0,"Active"
"5999",2023-07-06,"Elia","Baseline_Weekend",0,10:01:45,"1","Lying Down","Resting",NA,30,0,"Inactive"
"6000",2023-07-06,"Elia","Baseline_Weekend",0,10:02:00,"1","Lying Down","Resting",NA,45,0,"Inactive"
"6001",2023-07-06,"Elia","Baseline_Weekend",0,10:02:15,"1","Lying Down","Resting",NA,0,0,"Inactive"
"6002",2023-07-06,"Elia","Baseline_Weekend",0,10:02:30,"1","Lying Down","Resting",NA,15,0,"Inactive"
"6003",2023-07-06,"Elia","Baseline_Weekend",0,10:02:45,"1","Lying Down","Resting",NA,30,0,"Inactive"
"6004",2023-07-06,"Elia","Baseline_Weekend",0,10:03:00,"1","Lying Down","Resting",NA,45,0,"Inactive"
"6005",2023-07-06,"Elia","Baseline_Weekend",0,10:03:15,"1","Lying Down","Resting",NA,0,0,"Inactive"
"6006",2023-07-06,"Elia","Baseline_Weekend",0,10:03:30,"1","Lying Down","Resting",NA,15,0,"Inactive"
"6007",2023-07-06,"Elia","Baseline_Weekend",0,10:03:45,"1","Lying Down","Resting",NA,30,0,"Inactive"
"6008",2023-07-06,"Elia","Baseline_Weekend",0,10:04:00,"1","Lying Down","Resting",NA,45,0,"Inactive"
"6009",2023-07-06,"Elia","Baseline_Weekend",0,10:04:15,"1","Lying Down","Resting",NA,0,0,"Inactive"
"6010",2023-07-06,"Elia","Baseline_Weekend",0,10:04:30,"1","Lying Down","Resting",NA,15,0,"Inactive"
"6011",2023-07-06,"Elia","Baseline_Weekend",0,10:04:45,"1","Lying Down","Resting",NA,30,0,"Inactive"
"6012",2023-07-06,"Elia","Baseline_Weekend",0,10:05:00,"1","Lying Down","Resting",NA,45,0,"Inactive"
"6013",2023-07-06,"Elia","Baseline_Weekend",0,10:05:15,"1","Lying Down","Resting",NA,0,0,"Inactive"
"6014",2023-07-06,"Elia","Baseline_Weekend",0,10:05:30,"3","Standing","Pause",NA,15,0,"Inactive"
"6015",2023-07-06,"Elia","Baseline_Weekend",0,10:05:45,"6","Sitting","Resting",NA,30,0,"Inactive"
"6016",2023-07-06,"Elia","Baseline_Weekend",0,10:06:00,"6","Sitting","Resting",NA,45,0,"Inactive"
"6017",2023-07-06,"Elia","Baseline_Weekend",0,10:06:15,"6","Sitting","Resting",NA,0,0,"Inactive"
"6018",2023-07-06,"Elia","Baseline_Weekend",0,10:06:30,"6","Sitting","Resting",NA,15,0,"Inactive"
"6019",2023-07-06,"Elia","Baseline_Weekend",0,10:06:45,"6","Sitting","Resting",NA,30,0,"Inactive"
"6020",2023-07-06,"Elia","Baseline_Weekend",0,10:07:00,"6","Sitting","Resting",NA,45,0,"Inactive"
"6021",2023-07-06,"Elia","Baseline_Weekend",0,10:07:15,"6","Sitting","Resting",NA,0,0,"Inactive"
"6022",2023-07-06,"Elia","Baseline_Weekend",0,10:07:30,"6","Sitting","Resting",NA,15,0,"Inactive"
"6023",2023-07-06,"Elia","Baseline_Weekend",0,10:07:45,"6","Sitting","Resting",NA,30,0,"Inactive"
"6024",2023-07-06,"Elia","Baseline_Weekend",0,10:08:00,"6","Sitting","Drinking",NA,45,0,"Active"
"6025",2023-07-06,"Elia","Baseline_Weekend",0,10:08:15,"6","Sitting","Drinking",NA,0,0,"Active"
"6026",2023-07-06,"Elia","Baseline_Weekend",0,10:08:30,"6","Sitting","Drinking",NA,15,0,"Active"
"6027",2023-07-06,"Elia","Baseline_Weekend",0,10:08:45,"6","Sitting","Pause",NA,30,0,"Inactive"
"6028",2023-07-06,"Elia","Baseline_Weekend",0,10:09:00,"2","Sitting","Resting",NA,45,0,"Inactive"
"6029",2023-07-06,"Elia","Baseline_Weekend",0,10:09:15,"2","Sitting","Resting",NA,0,0,"Inactive"
"6030",2023-07-06,"Elia","Baseline_Weekend",0,10:09:30,"2","Sitting","Resting",NA,15,0,"Inactive"
"6031",2023-07-06,"Elia","Baseline_Weekend",0,10:09:45,"2","Sitting","Resting",NA,30,0,"Inactive"
"6032",2023-07-06,"Elia","Baseline_Weekend",0,10:10:00,"2","Sitting","Resting",NA,45,0,"Inactive"
"6033",2023-07-06,"Elia","Baseline_Weekend",0,10:10:15,"2","Sitting","Resting",NA,0,0,"Inactive"
"6034",2023-07-06,"Elia","Baseline_Weekend",0,10:10:30,"2","Sitting","Resting",NA,15,0,"Inactive"
"6035",2023-07-06,"Elia","Baseline_Weekend",0,10:10:45,"2","Sitting","Resting",NA,30,0,"Inactive"
"6036",2023-07-06,"Elia","Baseline_Weekend",0,10:11:00,"6","Sitting","Drinking",NA,45,0,"Active"
"6037",2023-07-06,"Elia","Baseline_Weekend",0,10:11:15,"6","Sitting","Drinking",NA,0,0,"Active"
"6038",2023-07-06,"Elia","Baseline_Weekend",0,10:11:30,"5","Sitting","Pause",NA,15,0,"Inactive"
"6039",2023-07-06,"Elia","Baseline_Weekend",0,10:11:45,"5","Sitting","Resting",NA,30,0,"Inactive"
"6040",2023-07-06,"Elia","Baseline_Weekend",0,10:12:00,"5","Sitting","Resting",NA,45,0,"Inactive"
"6041",2023-07-06,"Elia","Baseline_Weekend",0,10:12:15,"5","Sitting","Resting",NA,0,0,"Inactive"
"6042",2023-07-06,"Elia","Baseline_Weekend",0,10:12:30,"5","Sitting","Resting",NA,15,0,"Inactive"
"6043",2023-07-06,"Elia","Baseline_Weekend",0,10:12:45,"5","Sitting","Resting",NA,30,0,"Inactive"
"6044",2023-07-06,"Elia","Baseline_Weekend",0,10:13:00,"5","Sitting","Resting",NA,45,0,"Inactive"
"6045",2023-07-06,"Elia","Baseline_Weekend",0,10:13:15,"5","Sitting","Pause",NA,0,0,"Inactive"
"6046",2023-07-06,"Elia","Baseline_Weekend",0,10:13:30,"5","Sitting","Resting",NA,15,0,"Inactive"
"6047",2023-07-06,"Elia","Baseline_Weekend",0,10:13:45,"5","Sitting","Resting",NA,30,0,"Inactive"
"6048",2023-07-06,"Elia","Baseline_Weekend",0,10:14:00,"5","Sitting","Resting",NA,45,0,"Inactive"
"6049",2023-07-06,"Elia","Baseline_Weekend",0,10:14:15,"5","Sitting","Resting",NA,0,0,"Inactive"
"6050",2023-07-06,"Elia","Baseline_Weekend",0,10:14:30,"5","Sitting","Resting",NA,15,0,"Inactive"
"6051",2023-07-06,"Elia","Baseline_Weekend",0,10:14:45,"5","Sitting","Resting",NA,30,0,"Inactive"
"6052",2023-07-06,"Elia","Baseline_Weekend",0,10:15:00,"5","Sitting","Resting",NA,45,0,"Inactive"
"6053",2023-06-07,"Elia","Baseline_Weekday",0,09:40:15,"6","Sitting","Resting",NA,0,0,"Inactive"
"6054",2023-06-07,"Elia","Baseline_Weekday",0,09:40:30,"6","Sitting","Resting",NA,15,0,"Inactive"
"6055",2023-06-07,"Elia","Baseline_Weekday",0,09:40:45,"2","Standing","Locomotion",NA,30,0,"Active"
"6056",2023-06-07,"Elia","Baseline_Weekday",0,09:41:00,"2","Out of View","Out of View",NA,45,0,"OutofView"
"6057",2023-06-07,"Elia","Baseline_Weekday",0,09:41:15,"4","Standing","Locomotion",NA,0,0,"Active"
"6058",2023-06-07,"Elia","Baseline_Weekday",0,09:41:30,"6","Sitting","Resting",NA,15,0,"Inactive"
"6059",2023-06-07,"Elia","Baseline_Weekday",0,09:41:45,"6","Sitting","Resting",NA,30,0,"Inactive"
"6060",2023-06-07,"Elia","Baseline_Weekday",0,09:42:00,"6","Sitting","Resting",NA,45,0,"Inactive"
"6061",2023-06-07,"Elia","Baseline_Weekday",0,09:42:15,"6","Standing","Locomotion",NA,0,0,"Active"
"6062",2023-06-07,"Elia","Baseline_Weekday",0,09:42:30,"5","Rearing","Manipulating Object","Wall",15,0,"Active"
"6063",2023-06-07,"Elia","Baseline_Weekday",0,09:42:45,"2","Sitting","Pause",NA,30,0,"Inactive"
"6064",2023-06-07,"Elia","Baseline_Weekday",0,09:43:00,"6","Sitting","Grooming",NA,45,0,"Active"
"6065",2023-06-07,"Elia","Baseline_Weekday",0,09:43:15,"6","Sitting","Grooming",NA,0,0,"Active"
"6066",2023-06-07,"Elia","Baseline_Weekday",0,09:43:30,"6","Sitting","Pause",NA,15,0,"Inactive"
"6067",2023-06-07,"Elia","Baseline_Weekday",0,09:43:45,"6","Sitting","Grooming",NA,30,0,"Active"
"6068",2023-06-07,"Elia","Baseline_Weekday",0,09:44:00,"6","Lying Down","Grooming",NA,45,0,"Active"
"6069",2023-06-07,"Elia","Baseline_Weekday",0,09:44:15,"6","Lying Down","Grooming",NA,0,0,"Active"
"6070",2023-06-07,"Elia","Baseline_Weekday",0,09:44:30,"6","Lying Down","Pause",NA,15,0,"Inactive"
"6071",2023-06-07,"Elia","Baseline_Weekday",0,09:44:45,"5","Sitting","Resting",NA,30,0,"Inactive"
"6072",2023-06-07,"Elia","Baseline_Weekday",0,09:45:00,"5","Sitting","Resting",NA,45,0,"Inactive"
"6073",2023-06-07,"Elia","Baseline_Weekday",0,09:45:15,"5","Sitting","Resting",NA,0,0,"Inactive"
"6074",2023-06-07,"Elia","Baseline_Weekday",0,09:45:30,"5","Sitting","Resting",NA,15,0,"Inactive"
"6075",2023-06-07,"Elia","Baseline_Weekday",0,09:45:45,"5","Sitting","Resting",NA,30,0,"Inactive"
"6076",2023-06-07,"Elia","Baseline_Weekday",0,09:46:00,"5","Sitting","Resting",NA,45,0,"Inactive"
"6077",2023-06-07,"Elia","Baseline_Weekday",0,09:46:15,"5","Sitting","Resting",NA,0,0,"Inactive"
"6078",2023-06-07,"Elia","Baseline_Weekday",0,09:46:30,"5","Sitting","Resting",NA,15,0,"Inactive"
"6079",2023-06-07,"Elia","Baseline_Weekday",0,09:46:45,"5","Sitting","Resting",NA,30,0,"Inactive"
"6080",2023-06-07,"Elia","Baseline_Weekday",0,09:47:00,"5","Sitting","Resting",NA,45,0,"Inactive"
"6081",2023-06-07,"Elia","Baseline_Weekday",0,09:47:15,"5","Sitting","Locomotion",NA,0,0,"Active"
"6082",2023-06-07,"Elia","Baseline_Weekday",0,09:47:30,"1","Standing","Pause",NA,15,0,"Inactive"
"6083",2023-06-07,"Elia","Baseline_Weekday",0,09:47:45,"5","Standing","Locomotion",NA,30,0,"Active"
"6084",2023-06-07,"Elia","Baseline_Weekday",0,09:48:00,"6","Sitting","Resting",NA,45,0,"Inactive"
"6085",2023-06-07,"Elia","Baseline_Weekday",0,09:48:15,"6","Sitting","Resting",NA,0,0,"Inactive"
"6086",2023-06-07,"Elia","Baseline_Weekday",0,09:48:30,"6","Sitting","Resting",NA,15,0,"Inactive"
"6087",2023-06-07,"Elia","Baseline_Weekday",0,09:48:45,"6","Sitting","Resting",NA,30,0,"Inactive"
"6088",2023-06-07,"Elia","Baseline_Weekday",0,09:49:00,"6","Sitting","Resting",NA,45,0,"Inactive"
"6089",2023-06-07,"Elia","Baseline_Weekday",0,09:49:15,"6","Sitting","Resting",NA,0,0,"Inactive"
"6090",2023-06-07,"Elia","Baseline_Weekday",0,09:49:30,"6","Sitting","Resting",NA,15,0,"Inactive"
"6091",2023-06-07,"Elia","Baseline_Weekday",0,09:49:45,"6","Sitting","Resting",NA,30,0,"Inactive"
"6092",2023-06-07,"Elia","Baseline_Weekday",0,09:50:00,"5","Standing","Pause",NA,45,0,"Inactive"
"6093",2023-06-07,"Elia","Baseline_Weekday",0,09:50:15,"4","Standing","Locomotion",NA,0,0,"Active"
"6094",2023-06-07,"Elia","Baseline_Weekday",0,09:50:30,"Fence","Rearing","Rubbing","Fencing",15,0,"Active"
"6095",2023-06-07,"Elia","Baseline_Weekday",0,09:50:45,"Fence","Rearing","Manipulating Object","Fencing",30,0,"Active"
"6096",2023-06-07,"Elia","Baseline_Weekday",0,09:51:00,"6","Standing","Locomotion",NA,45,0,"Active"
"6097",2023-06-07,"Elia","Baseline_Weekday",0,09:51:15,"6","Standing","Pause",NA,0,0,"Inactive"
"6098",2023-06-07,"Elia","Baseline_Weekday",0,09:51:30,"Out of View","Out of View","Out of View",NA,15,0,"OutofView"
"6099",2023-06-07,"Elia","Baseline_Weekday",0,09:51:45,"Out of View","Out of View","Out of View",NA,30,0,"OutofView"
"6100",2023-06-07,"Elia","Baseline_Weekday",0,09:52:00,"Out of View","Out of View","Out of View",NA,45,0,"OutofView"
"6101",2023-06-07,"Elia","Baseline_Weekday",0,09:52:15,"Out of View","Out of View","Out of View",NA,0,0,"OutofView"
"6102",2023-06-07,"Elia","Baseline_Weekday",0,09:52:30,"Out of View","Out of View","Out of View",NA,15,0,"OutofView"
"6103",2023-06-07,"Elia","Baseline_Weekday",0,09:52:45,"Out of View","Out of View","Out of View",NA,30,0,"OutofView"
"6104",2023-06-07,"Elia","Baseline_Weekday",0,09:53:00,"Out of View","Out of View","Out of View",NA,45,0,"OutofView"
"6105",2023-06-07,"Elia","Baseline_Weekday",0,09:53:15,"Out of View","Out of View","Out of View",NA,0,0,"OutofView"
"6106",2023-06-07,"Elia","Baseline_Weekday",0,09:53:30,"2","Out of View","Out of View",NA,15,0,"OutofView"
"6107",2023-06-07,"Elia","Baseline_Weekday",0,09:53:45,"Out of View","Out of View","Out of View",NA,30,0,"OutofView"
"6108",2023-06-07,"Elia","Baseline_Weekday",0,09:54:00,"Out of View","Out of View","Out of View",NA,45,0,"OutofView"
"6109",2023-06-07,"Elia","Baseline_Weekday",0,09:54:15,"5","Standing","Locomotion",NA,0,0,"Active"
"6110",2023-06-07,"Elia","Baseline_Weekday",0,09:54:30,"Out of View","Out of View","Out of View",NA,15,0,"OutofView"
"6111",2023-06-07,"Elia","Baseline_Weekday",0,09:54:45,"5","Standing","Locomotion",NA,30,0,"Active"
"6112",2023-06-07,"Elia","Baseline_Weekday",0,09:55:00,"Out of View","Out of View","Out of View",NA,45,0,"OutofView"
"6113",2023-07-24,"Elia","Intervention_Weekday",300,11:10:53,"5","Standing","Eating",NA,0,0,"Active"
"6114",2023-07-24,"Elia","Intervention_Weekday",300,11:11:08,"5","Standing","Locomotion",NA,15,15,"Active"
"6115",2023-07-24,"Elia","Intervention_Weekday",300,11:11:23,"5","Standing","Eating",NA,30,30,"Active"
"6116",2023-07-24,"Elia","Intervention_Weekday",300,11:11:38,"5","Standing","Pause",NA,45,45,"Inactive"
"6117",2023-07-24,"Elia","Intervention_Weekday",300,11:11:53,"5","Sitting","Pause",NA,0,60,"Inactive"
"6118",2023-07-24,"Elia","Intervention_Weekday",300,11:12:08,"5","Sitting","Pause",NA,15,75,"Inactive"
"6119",2023-07-24,"Elia","Intervention_Weekday",300,11:12:23,"5","Sitting","Pause",NA,30,90,"Inactive"
"6120",2023-07-24,"Elia","Intervention_Weekday",300,11:12:38,"5","Sitting","Pause",NA,45,105,"Inactive"
"6121",2023-07-24,"Elia","Intervention_Weekday",300,11:12:53,"5","Sitting","Pause",NA,0,120,"Inactive"
"6122",2023-07-24,"Elia","Intervention_Weekday",300,11:13:08,"5","Sitting","Pause",NA,15,135,"Inactive"
"6123",2023-07-24,"Elia","Intervention_Weekday",300,11:13:23,"5","Sitting","Pause",NA,30,150,"Inactive"
"6124",2023-07-24,"Elia","Intervention_Weekday",300,11:13:38,"5","Sitting","Pause",NA,45,165,"Inactive"
"6125",2023-07-24,"Elia","Intervention_Weekday",300,11:13:53,"5","Sitting","Pause",NA,0,180,"Inactive"
"6126",2023-07-24,"Elia","Intervention_Weekday",300,11:14:08,"5","Sitting","Pause",NA,15,195,"Inactive"
"6127",2023-07-24,"Elia","Intervention_Weekday",300,11:14:23,"5","Sitting","Pause",NA,30,210,"Inactive"
"6128",2023-07-24,"Elia","Intervention_Weekday",300,11:14:38,"5","Sitting","Pause",NA,45,225,"Inactive"
"6129",2023-07-24,"Elia","Intervention_Weekday",300,11:14:53,"5","Sitting","Pause",NA,0,240,"Inactive"
"6130",2023-07-24,"Elia","Intervention_Weekday",300,11:15:08,"5","Sitting","Pause",NA,15,255,"Inactive"
"6131",2023-07-24,"Elia","Intervention_Weekday",300,11:15:23,"5","Sitting","Pause",NA,30,270,"Inactive"
"6132",2023-07-24,"Elia","Intervention_Weekday",300,11:15:38,"5","Sitting","Pause",NA,45,285,"Inactive"
"6133",2023-07-24,"Elia","Intervention_Weekday",300,11:15:53,"5","Sitting","Pause",NA,0,300,"Inactive"
"6134",2023-07-24,"Elia","Intervention_Weekday",300,11:16:08,"5","Sitting","Pause",NA,15,0,"Inactive"
"6135",2023-07-24,"Elia","Intervention_Weekday",300,11:16:23,"5","Sitting","Pause",NA,30,15,"Inactive"
"6136",2023-07-24,"Elia","Intervention_Weekday",300,11:16:38,"5","Sitting","Pause",NA,45,30,"Inactive"
"6137",2023-07-24,"Elia","Intervention_Weekday",300,11:16:53,"5","Sitting","Pause",NA,0,45,"Inactive"
"6138",2023-07-24,"Elia","Intervention_Weekday",300,11:17:08,"5","Sitting","Pause",NA,15,60,"Inactive"
"6139",2023-07-24,"Elia","Intervention_Weekday",300,11:17:23,"5","Sitting","Pause",NA,30,75,"Inactive"
"6140",2023-07-24,"Elia","Intervention_Weekday",300,11:17:38,"5","Sitting","Pause",NA,45,90,"Inactive"
"6141",2023-07-24,"Elia","Intervention_Weekday",300,11:17:53,"5","Sitting","Pause",NA,0,105,"Inactive"
"6142",2023-07-24,"Elia","Intervention_Weekday",300,11:18:08,"5","Sitting","Pause",NA,15,120,"Inactive"
"6143",2023-07-24,"Elia","Intervention_Weekday",300,11:18:23,"5","Sitting","Pause",NA,30,135,"Inactive"
"6144",2023-07-24,"Elia","Intervention_Weekday",300,11:18:38,"5","Sitting","Pause",NA,45,150,"Inactive"
"6145",2023-07-24,"Elia","Intervention_Weekday",300,11:18:53,"5","Sitting","Pause",NA,0,165,"Inactive"
"6146",2023-07-24,"Elia","Intervention_Weekday",300,11:19:08,"5","Sitting","Pause",NA,15,180,"Inactive"
"6147",2023-07-24,"Elia","Intervention_Weekday",300,11:19:23,"5","Sitting","Pause",NA,30,195,"Inactive"
"6148",2023-07-24,"Elia","Intervention_Weekday",300,11:19:38,"5","Sitting","Pause",NA,45,210,"Inactive"
"6149",2023-07-24,"Elia","Intervention_Weekday",300,11:19:53,"5","Sitting","Pause",NA,0,225,"Inactive"
"6150",2023-07-24,"Elia","Intervention_Weekday",300,11:20:08,"5","Sitting","Pause",NA,15,240,"Inactive"
"6151",2023-07-24,"Elia","Intervention_Weekday",300,11:20:23,"5","Sitting","Pause",NA,30,255,"Inactive"
"6152",2023-07-24,"Elia","Intervention_Weekday",300,11:20:38,"5","Sitting","Pause",NA,45,270,"Inactive"
"6153",2023-07-24,"Elia","Intervention_Weekday",300,11:20:53,"5","Sitting","Pause",NA,0,285,"Inactive"
"6154",2023-07-24,"Elia","Intervention_Weekday",300,11:21:08,"5","Sitting","Pause",NA,15,300,"Inactive"
"6155",2023-07-24,"Elia","Intervention_Weekday",300,11:21:23,"5","Standing","Eating",NA,30,0,"Active"
"6156",2023-07-24,"Elia","Intervention_Weekday",300,11:21:38,"5","Standing","Eating",NA,45,15,"Active"
"6157",2023-07-24,"Elia","Intervention_Weekday",300,11:21:53,"5","Sitting","Pause",NA,0,30,"Inactive"
"6158",2023-07-24,"Elia","Intervention_Weekday",300,11:22:08,"5","Sitting","Pause",NA,15,45,"Inactive"
"6159",2023-07-24,"Elia","Intervention_Weekday",300,11:22:23,"5","Sitting","Pause",NA,30,60,"Inactive"
"6160",2023-07-24,"Elia","Intervention_Weekday",300,11:22:38,"5","Sitting","Pause",NA,45,75,"Inactive"
"6161",2023-07-24,"Elia","Intervention_Weekday",300,11:22:53,"5","Sitting","Pause",NA,0,90,"Inactive"
"6162",2023-07-24,"Elia","Intervention_Weekday",300,11:23:08,"5","Sitting","Pause",NA,15,105,"Inactive"
"6163",2023-07-24,"Elia","Intervention_Weekday",300,11:23:23,"5","Sitting","Pause",NA,30,120,"Inactive"
"6164",2023-07-24,"Elia","Intervention_Weekday",300,11:23:38,"5","Sitting","Pause",NA,45,135,"Inactive"
"6165",2023-07-24,"Elia","Intervention_Weekday",300,11:23:53,"5","Sitting","Pause",NA,0,150,"Inactive"
"6166",2023-07-24,"Elia","Intervention_Weekday",300,11:24:08,"5","Sitting","Pause",NA,15,165,"Inactive"
"6167",2023-07-24,"Elia","Intervention_Weekday",300,11:24:23,"5","Sitting","Pause",NA,30,180,"Inactive"
"6168",2023-07-24,"Elia","Intervention_Weekday",300,11:24:38,"5","Sitting","Pause",NA,45,195,"Inactive"
"6169",2023-07-24,"Elia","Intervention_Weekday",300,11:24:53,"5","Sitting","Pause",NA,0,210,"Inactive"
"6170",2023-07-24,"Elia","Intervention_Weekday",300,11:25:08,"5","Sitting","Pause",NA,15,225,"Inactive"
"6171",2023-07-24,"Elia","Intervention_Weekday",300,11:25:23,"5","Standing","Locomotion",NA,30,240,"Active"
"6172",2023-07-24,"Elia","Intervention_Weekday",300,11:25:38,"5","Sitting","Pause",NA,45,255,"Inactive"
