"","date","Subject","Phase","Feeder_Interval","Time","Location","Body_Position","Activity","Interaction","period","rel_time","action_cat"
"1",2023-05-24,"Citrine","Intervention_Weekday",180,09:30:42,"5","Rearing","Locomotion",NA,0,0,"Active"
"2",2023-05-24,"Citrine","Intervention_Weekday",180,09:30:57,"5","Standing","Pause",NA,15,15,"Inactive"
"3",2023-05-24,"Citrine","Intervention_Weekday",180,09:31:12,"Shelf","Sitting","Resting",NA,30,30,"Inactive"
"4",2023-05-24,"Citrine","Intervention_Weekday",180,09:31:27,"Shelf","Sitting","Resting",NA,45,45,"Inactive"
"5",2023-05-24,"Citrine","Intervention_Weekday",180,09:31:42,"Shelf","Sitting","Resting",NA,0,60,"Inactive"
"6",2023-05-24,"Citrine","Intervention_Weekday",180,09:31:57,"Shelf","Sitting","Resting",NA,15,75,"Inactive"
"7",2023-05-24,"Citrine","Intervention_Weekday",180,09:32:12,"Shelf","Sitting","Resting",NA,30,90,"Inactive"
"8",2023-05-24,"Citrine","Intervention_Weekday",180,09:32:27,"Shelf","Sitting","Resting",NA,45,105,"Inactive"
"9",2023-05-24,"Citrine","Intervention_Weekday",180,09:32:42,"Shelf","Sitting","Resting",NA,0,120,"Inactive"
"10",2023-05-24,"Citrine","Intervention_Weekday",180,09:32:57,"Shelf","Sitting","Resting",NA,15,135,"Inactive"
"11",2023-05-24,"Citrine","Intervention_Weekday",180,09:33:12,"Feeder","Sitting","Pause",NA,30,150,"Inactive"
"12",2023-05-24,"Citrine","Intervention_Weekday",180,09:33:27,"Feeder","Sitting","Pause",NA,45,165,"Inactive"
"13",2023-05-24,"Citrine","Intervention_Weekday",180,09:33:42,"4","Standing","Locomotion",NA,0,180,"Active"
"14",2023-05-24,"Citrine","Intervention_Weekday",180,09:33:57,"Shelf","Standing","Locomotion",NA,15,0,"Active"
"15",2023-05-24,"Citrine","Intervention_Weekday",180,09:34:12,"4","Standing","Locomotion",NA,30,15,"Active"
"16",2023-05-24,"Citrine","Intervention_Weekday",180,09:34:27,"Feeder","Standing","Pause",NA,45,30,"Inactive"
"17",2023-05-24,"Citrine","Intervention_Weekday",180,09:34:42,"Feeder","Standing","Pause",NA,0,45,"Inactive"
"18",2023-05-24,"Citrine","Intervention_Weekday",180,09:34:57,"Fence","Standing","Pause",NA,15,60,"Inactive"
"19",2023-05-24,"Citrine","Intervention_Weekday",180,09:35:12,"3","Standing","Locomotion",NA,30,75,"Active"
"20",2023-05-24,"Citrine","Intervention_Weekday",180,09:35:27,"Shelf","Standing","Pause",NA,45,90,"Inactive"
"21",2023-05-24,"Citrine","Intervention_Weekday",180,09:35:42,"3","Standing","Locomotion",NA,0,105,"Active"
"22",2023-05-24,"Citrine","Intervention_Weekday",180,09:35:57,"5","Rearing","Pause",NA,15,120,"Inactive"
"23",2023-05-24,"Citrine","Intervention_Weekday",180,09:36:12,"6","Standing","Manipulating Object","Feeder",30,135,"Active"
"24",2023-05-24,"Citrine","Intervention_Weekday",180,09:36:27,"4","Standing","Locomotion",NA,45,150,"Active"
"25",2023-05-24,"Citrine","Intervention_Weekday",180,09:36:42,"5","Rearing","Pause",NA,0,165,"Inactive"
"26",2023-05-24,"Citrine","Intervention_Weekday",180,09:36:57,"5","Rearing","Pause",NA,15,180,"Inactive"
"27",2023-05-24,"Citrine","Intervention_Weekday",180,09:37:12,"Shelf","Standing","Pause",NA,30,0,"Inactive"
"28",2023-05-24,"Citrine","Intervention_Weekday",180,09:37:27,"Shelf","Standing","Pause",NA,45,15,"Inactive"
"29",2023-05-24,"Citrine","Intervention_Weekday",180,09:37:42,"Shelf","Standing","Pause",NA,0,30,"Inactive"
"30",2023-05-24,"Citrine","Intervention_Weekday",180,09:37:57,"Shelf","Standing","Pause",NA,15,45,"Inactive"
"31",2023-05-24,"Citrine","Intervention_Weekday",180,09:38:12,"Fence","Standing","Pause",NA,30,60,"Inactive"
"32",2023-05-24,"Citrine","Intervention_Weekday",180,09:38:27,"Fence","Standing","Pause",NA,45,75,"Inactive"
"33",2023-05-24,"Citrine","Intervention_Weekday",180,09:38:42,"5","Rearing","Pause",NA,0,90,"Inactive"
"34",2023-05-24,"Citrine","Intervention_Weekday",180,09:38:57,"5","Rearing","Locomotion",NA,15,105,"Active"
"35",2023-05-24,"Citrine","Intervention_Weekday",180,09:39:12,"5","Rearing","Pause",NA,30,120,"Inactive"
"36",2023-05-24,"Citrine","Intervention_Weekday",180,09:39:27,"5","Rearing","Pause",NA,45,135,"Inactive"
"37",2023-05-24,"Citrine","Intervention_Weekday",180,09:39:42,"6","Rearing","Pause",NA,0,150,"Inactive"
"38",2023-05-24,"Citrine","Intervention_Weekday",180,09:39:57,"3","Standing","Locomotion",NA,15,165,"Active"
"39",2023-05-24,"Citrine","Intervention_Weekday",180,09:40:12,"Shelf","Sitting","Resting",NA,30,180,"Inactive"
"40",2023-05-24,"Citrine","Intervention_Weekday",180,09:40:27,"Shelf","Sitting","Resting",NA,45,0,"Inactive"
"41",2023-05-24,"Citrine","Intervention_Weekday",180,09:40:42,"Shelf","Standing","Resting",NA,0,15,"Inactive"
"42",2023-05-24,"Citrine","Intervention_Weekday",180,09:40:57,"Shelf","Sitting","Resting",NA,15,30,"Inactive"
"43",2023-05-24,"Citrine","Intervention_Weekday",180,09:41:12,"Shelf","Sitting","Resting",NA,30,45,"Inactive"
"44",2023-05-24,"Citrine","Intervention_Weekday",180,09:41:27,"Feeder","Standing","Pause",NA,45,60,"Inactive"
"45",2023-05-24,"Citrine","Intervention_Weekday",180,09:41:42,"Feeder","Sitting","Resting",NA,0,75,"Inactive"
"46",2023-05-24,"Citrine","Intervention_Weekday",180,09:41:57,"Feeder","Sitting","Resting",NA,15,90,"Inactive"
"47",2023-05-24,"Citrine","Intervention_Weekday",180,09:42:12,"Feeder","Sitting","Resting",NA,30,105,"Inactive"
"48",2023-05-24,"Citrine","Intervention_Weekday",180,09:42:27,"Feeder","Sitting","Resting",NA,45,120,"Inactive"
"49",2023-05-24,"Citrine","Intervention_Weekday",180,09:42:42,"5","Standing","Eating",NA,0,135,"Active"
"50",2023-05-24,"Citrine","Intervention_Weekday",180,09:42:57,"4","Standing","Drinking",NA,15,150,"Active"
"51",2023-05-24,"Citrine","Intervention_Weekday",180,09:43:12,"4","Standing","Drinking",NA,30,165,"Active"
"52",2023-05-24,"Citrine","Intervention_Weekday",180,09:43:27,"4","Standing","Drinking",NA,45,180,"Active"
"53",2023-05-24,"Citrine","Intervention_Weekday",180,09:43:42,"4","Standing","Drinking",NA,0,0,"Active"
"54",2023-05-24,"Citrine","Intervention_Weekday",180,09:43:57,"4","Standing","Pause",NA,15,15,"Inactive"
"55",2023-05-24,"Citrine","Intervention_Weekday",180,09:44:12,"5","Rearing","Pause",NA,30,30,"Inactive"
"56",2023-05-24,"Citrine","Intervention_Weekday",180,09:44:27,"4","Standing","Locomotion",NA,45,45,"Active"
"57",2023-05-24,"Citrine","Intervention_Weekday",180,09:44:42,"Feeder","Sitting","Resting",NA,0,60,"Inactive"
"58",2023-05-24,"Citrine","Intervention_Weekday",180,09:44:57,"Feeder","Sitting","Resting",NA,15,75,"Inactive"
"59",2023-05-24,"Citrine","Intervention_Weekday",180,09:45:12,"Feeder","Sitting","Resting",NA,30,90,"Inactive"
"60",2023-05-24,"Citrine","Intervention_Weekday",180,09:45:27,"Feeder","Sitting","Resting",NA,45,105,"Inactive"
"61",2023-05-25,"Citrine","Intervention_Weekday",180,10:25:40,"3","Standing","Drinking",NA,0,0,"Active"
"62",2023-05-25,"Citrine","Intervention_Weekday",180,10:25:55,"3","Standing","Drinking",NA,15,15,"Active"
"63",2023-05-25,"Citrine","Intervention_Weekday",180,10:26:10,"3","Standing","Drinking",NA,30,30,"Active"
"64",2023-05-25,"Citrine","Intervention_Weekday",180,10:26:25,"3","Standing","Drinking",NA,45,45,"Active"
"65",2023-05-25,"Citrine","Intervention_Weekday",180,10:26:40,"3","Standing","Drinking",NA,0,60,"Active"
"66",2023-05-25,"Citrine","Intervention_Weekday",180,10:26:55,"Feeder","Standing","Pause",NA,15,75,"Inactive"
"67",2023-05-25,"Citrine","Intervention_Weekday",180,10:27:10,"Feeder","Sitting","Resting",NA,30,90,"Inactive"
"68",2023-05-25,"Citrine","Intervention_Weekday",180,10:27:25,"Feeder","Sitting","Resting",NA,45,105,"Inactive"
"69",2023-05-25,"Citrine","Intervention_Weekday",180,10:27:40,"Feeder","Sitting","Resting",NA,0,120,"Inactive"
"70",2023-05-25,"Citrine","Intervention_Weekday",180,10:27:55,"Feeder","Sitting","Resting",NA,15,135,"Inactive"
"71",2023-05-25,"Citrine","Intervention_Weekday",180,10:28:10,"Feeder","Sitting","Resting",NA,30,150,"Inactive"
"72",2023-05-25,"Citrine","Intervention_Weekday",180,10:28:25,"Fence","Standing","Locomotion",NA,45,165,"Active"
"73",2023-05-25,"Citrine","Intervention_Weekday",180,10:28:40,"4","Standing","Locomotion",NA,0,180,"Active"
"74",2023-05-25,"Citrine","Intervention_Weekday",180,10:28:55,"3","Standing","Locomotion",NA,15,0,"Active"
"75",2023-05-25,"Citrine","Intervention_Weekday",180,10:29:10,"Shelf","Standing","Locomotion",NA,30,15,"Active"
"76",2023-05-25,"Citrine","Intervention_Weekday",180,10:29:25,"Shelf","Standing","Pause",NA,45,30,"Inactive"
"77",2023-05-25,"Citrine","Intervention_Weekday",180,10:29:40,"Fence","Standing","Pause",NA,0,45,"Inactive"
"78",2023-05-25,"Citrine","Intervention_Weekday",180,10:29:55,"Feeder","Sitting","Resting",NA,15,60,"Inactive"
"79",2023-05-25,"Citrine","Intervention_Weekday",180,10:30:10,"Feeder","Sitting","Resting",NA,30,75,"Inactive"
"80",2023-05-25,"Citrine","Intervention_Weekday",180,10:30:25,"Feeder","Sitting","Resting",NA,45,90,"Inactive"
"81",2023-05-25,"Citrine","Intervention_Weekday",180,10:30:40,"Feeder","Sitting","Resting",NA,0,105,"Inactive"
"82",2023-05-25,"Citrine","Intervention_Weekday",180,10:30:55,"Feeder","Sitting","Resting",NA,15,120,"Inactive"
"83",2023-05-25,"Citrine","Intervention_Weekday",180,10:31:10,"Feeder","Sitting","Resting",NA,30,135,"Inactive"
"84",2023-05-25,"Citrine","Intervention_Weekday",180,10:31:25,"Feeder","Sitting","Resting",NA,45,150,"Inactive"
"85",2023-05-25,"Citrine","Intervention_Weekday",180,10:31:40,"5","Sitting","Eating",NA,0,165,"Active"
"86",2023-05-25,"Citrine","Intervention_Weekday",180,10:31:55,"3","Standing","Drinking",NA,15,180,"Active"
"87",2023-05-25,"Citrine","Intervention_Weekday",180,10:32:10,"3","Standing","Drinking",NA,30,0,"Active"
"88",2023-05-25,"Citrine","Intervention_Weekday",180,10:32:25,"3","Sitting","Drinking",NA,45,15,"Active"
"89",2023-05-25,"Citrine","Intervention_Weekday",180,10:32:40,"3","Sitting","Drinking",NA,0,30,"Active"
"90",2023-05-25,"Citrine","Intervention_Weekday",180,10:32:55,"3","Sitting","Drinking",NA,15,45,"Active"
"91",2023-05-25,"Citrine","Intervention_Weekday",180,10:33:10,"Feeder","Standing","Pause",NA,30,60,"Inactive"
"92",2023-05-25,"Citrine","Intervention_Weekday",180,10:33:25,"Feeder","Sitting","Pause",NA,45,75,"Inactive"
"93",2023-05-25,"Citrine","Intervention_Weekday",180,10:33:40,"3","Standing","Locomotion",NA,0,90,"Active"
"94",2023-05-25,"Citrine","Intervention_Weekday",180,10:33:55,"Shelf","Sitting","Resting",NA,15,105,"Inactive"
"95",2023-05-25,"Citrine","Intervention_Weekday",180,10:34:10,"Shelf","Sitting","Resting",NA,30,120,"Inactive"
"96",2023-05-25,"Citrine","Intervention_Weekday",180,10:34:25,"Shelf","Sitting","Resting",NA,45,135,"Inactive"
"97",2023-05-25,"Citrine","Intervention_Weekday",180,10:34:40,"5","Rearing","Pause",NA,0,150,"Inactive"
"98",2023-05-25,"Citrine","Intervention_Weekday",180,10:34:55,"3","Standing","Locomotion",NA,15,165,"Active"
"99",2023-05-25,"Citrine","Intervention_Weekday",180,10:35:10,"Shelf","Sitting","Resting",NA,30,180,"Inactive"
"100",2023-05-25,"Citrine","Intervention_Weekday",180,10:35:25,"Shelf","Sitting","Resting",NA,45,0,"Inactive"
"101",2023-05-25,"Citrine","Intervention_Weekday",180,10:35:40,"Shelf","Sitting","Resting",NA,0,15,"Inactive"
"102",2023-05-25,"Citrine","Intervention_Weekday",180,10:35:55,"Shelf","Sitting","Resting",NA,15,30,"Inactive"
"103",2023-05-25,"Citrine","Intervention_Weekday",180,10:36:10,"Shelf","Sitting","Resting",NA,30,45,"Inactive"
"104",2023-05-25,"Citrine","Intervention_Weekday",180,10:36:25,"Shelf","Sitting","Resting",NA,45,60,"Inactive"
"105",2023-05-25,"Citrine","Intervention_Weekday",180,10:36:40,"Shelf","Sitting","Resting",NA,0,75,"Inactive"
"106",2023-05-25,"Citrine","Intervention_Weekday",180,10:36:55,"Shelf","Sitting","Resting",NA,15,90,"Inactive"
"107",2023-05-25,"Citrine","Intervention_Weekday",180,10:37:10,"5","Rearing","Pause",NA,30,105,"Inactive"
"108",2023-05-25,"Citrine","Intervention_Weekday",180,10:37:25,"Fence","Standing","Locomotion",NA,45,120,"Active"
"109",2023-05-25,"Citrine","Intervention_Weekday",180,10:37:40,"5","Standing","Eating",NA,0,135,"Active"
"110",2023-05-25,"Citrine","Intervention_Weekday",180,10:37:55,"5","Standing","Locomotion",NA,15,150,"Active"
"111",2023-05-25,"Citrine","Intervention_Weekday",180,10:38:10,"Shelf","Standing","Locomotion",NA,30,165,"Active"
"112",2023-05-25,"Citrine","Intervention_Weekday",180,10:38:25,"Shelf","Standing","Pause",NA,45,180,"Inactive"
"113",2023-05-25,"Citrine","Intervention_Weekday",180,10:38:40,"Shelf","Out of View","Resting",NA,0,0,"Inactive"
"114",2023-05-25,"Citrine","Intervention_Weekday",180,10:38:55,"Shelf","Out of View","Resting",NA,15,15,"Inactive"
"115",2023-05-25,"Citrine","Intervention_Weekday",180,10:39:10,"Shelf","Out of View","Resting",NA,30,30,"Inactive"
"116",2023-05-25,"Citrine","Intervention_Weekday",180,10:39:25,"Shelf","Out of View","Resting",NA,45,45,"Inactive"
"117",2023-05-25,"Citrine","Intervention_Weekday",180,10:39:40,"Shelf","Out of View","Resting",NA,0,60,"Inactive"
"118",2023-05-25,"Citrine","Intervention_Weekday",180,10:39:55,"Shelf","Out of View","Resting",NA,15,75,"Inactive"
"119",2023-05-25,"Citrine","Intervention_Weekday",180,10:40:10,"Shelf","Out of View","Resting",NA,30,90,"Inactive"
"120",2023-05-25,"Citrine","Intervention_Weekday",180,10:40:25,"Shelf","Out of View","Resting",NA,45,105,"Inactive"
"121",2023-05-11,"Citrine","Intervention_Weekday",120,11:09:51,"5","Rearing","Pause",NA,0,0,"Inactive"
"122",2023-05-11,"Citrine","Intervention_Weekday",120,11:10:06,"5","Standing","Locomotion",NA,15,15,"Active"
"123",2023-05-11,"Citrine","Intervention_Weekday",120,11:10:21,"Shelf","Sitting","Resting",NA,30,30,"Inactive"
"124",2023-05-11,"Citrine","Intervention_Weekday",120,11:10:36,"Shelf","Sitting","Resting",NA,45,45,"Inactive"
"125",2023-05-11,"Citrine","Intervention_Weekday",120,11:10:51,"Shelf","Sitting","Resting",NA,0,60,"Inactive"
"126",2023-05-11,"Citrine","Intervention_Weekday",120,11:11:06,"Shelf","Sitting","Resting",NA,15,75,"Inactive"
"127",2023-05-11,"Citrine","Intervention_Weekday",120,11:11:21,"Shelf","Sitting","Resting",NA,30,90,"Inactive"
"128",2023-05-11,"Citrine","Intervention_Weekday",120,11:11:36,"Shelf","Sitting","Resting",NA,45,105,"Inactive"
"129",2023-05-11,"Citrine","Intervention_Weekday",120,11:11:51,"3","Standing","Locomotion",NA,0,120,"Active"
"130",2023-05-11,"Citrine","Intervention_Weekday",120,11:12:06,"Feeder","Standing","Pause",NA,15,0,"Inactive"
"131",2023-05-11,"Citrine","Intervention_Weekday",120,11:12:21,"Shelf","Standing","Pause",NA,30,15,"Inactive"
"132",2023-05-11,"Citrine","Intervention_Weekday",120,11:12:36,"Shelf","Standing","Pause",NA,45,30,"Inactive"
"133",2023-05-11,"Citrine","Intervention_Weekday",120,11:12:51,"Shelf","Sitting","Resting",NA,0,45,"Inactive"
"134",2023-05-11,"Citrine","Intervention_Weekday",120,11:13:06,"Shelf","Sitting","Resting",NA,15,60,"Inactive"
"135",2023-05-11,"Citrine","Intervention_Weekday",120,11:13:21,"Shelf","Sitting","Resting",NA,30,75,"Inactive"
"136",2023-05-11,"Citrine","Intervention_Weekday",120,11:13:36,"Shelf","Sitting","Resting",NA,45,90,"Inactive"
"137",2023-05-11,"Citrine","Intervention_Weekday",120,11:13:51,"Shelf","Standing","Locomotion",NA,0,105,"Active"
"138",2023-05-11,"Citrine","Intervention_Weekday",120,11:14:06,"Shelf","Standing","Pause",NA,15,120,"Inactive"
"139",2023-05-11,"Citrine","Intervention_Weekday",120,11:14:21,"Shelf","Standing","Pause",NA,30,0,"Inactive"
"140",2023-05-11,"Citrine","Intervention_Weekday",120,11:14:36,"5","Rearing","Locomotion",NA,45,15,"Active"
"141",2023-05-11,"Citrine","Intervention_Weekday",120,11:14:51,"Fence","Standing","Pause",NA,0,30,"Inactive"
"142",2023-05-11,"Citrine","Intervention_Weekday",120,11:15:06,"Shelf","Standing","Locomotion",NA,15,45,"Active"
"143",2023-05-11,"Citrine","Intervention_Weekday",120,11:15:21,"Shelf","Standing","Pause",NA,30,60,"Inactive"
"144",2023-05-11,"Citrine","Intervention_Weekday",120,11:15:36,"Shelf","Standing","Pause",NA,45,75,"Inactive"
"145",2023-05-11,"Citrine","Intervention_Weekday",120,11:15:51,"6","Standing","Eating",NA,0,90,"Active"
"146",2023-05-11,"Citrine","Intervention_Weekday",120,11:16:06,"5","Sitting","Pause",NA,15,105,"Inactive"
"147",2023-05-11,"Citrine","Intervention_Weekday",120,11:16:21,"6","Standing","Locomotion",NA,30,120,"Active"
"148",2023-05-11,"Citrine","Intervention_Weekday",120,11:16:36,"2","Standing","Locomotion",NA,45,0,"Active"
"149",2023-05-11,"Citrine","Intervention_Weekday",120,11:16:51,"Shelf","Standing","Pause",NA,0,15,"Inactive"
"150",2023-05-11,"Citrine","Intervention_Weekday",120,11:17:06,"Shelf","Sitting","Pause",NA,15,30,"Inactive"
"151",2023-05-11,"Citrine","Intervention_Weekday",120,11:17:21,"Shelf","Sitting","Resting",NA,30,45,"Inactive"
"152",2023-05-11,"Citrine","Intervention_Weekday",120,11:17:36,"Shelf","Sitting","Pause",NA,45,60,"Inactive"
"153",2023-05-11,"Citrine","Intervention_Weekday",120,11:17:51,"5","Standing","Eating",NA,0,75,"Active"
"154",2023-05-11,"Citrine","Intervention_Weekday",120,11:18:06,"5","Standing","Locomotion",NA,15,90,"Active"
"155",2023-05-11,"Citrine","Intervention_Weekday",120,11:18:21,"1","Standing","Locomotion",NA,30,105,"Active"
"156",2023-05-11,"Citrine","Intervention_Weekday",120,11:18:36,"Feeder","Sitting","Pause",NA,45,120,"Inactive"
"157",2023-05-11,"Citrine","Intervention_Weekday",120,11:18:51,"Shelf","Standing","Pause",NA,0,0,"Inactive"
"158",2023-05-11,"Citrine","Intervention_Weekday",120,11:19:06,"Shelf","Sitting","Out of View",NA,15,15,"OutofView"
"159",2023-05-11,"Citrine","Intervention_Weekday",120,11:19:21,"5","Rearing","Pause",NA,30,30,"Inactive"
"160",2023-05-11,"Citrine","Intervention_Weekday",120,11:19:36,"Feeder","Standing","Pause",NA,45,45,"Inactive"
"161",2023-05-11,"Citrine","Intervention_Weekday",120,11:19:51,"5","Standing","Eating",NA,0,60,"Active"
"162",2023-05-11,"Citrine","Intervention_Weekday",120,11:20:06,"5","Standing","Manipulating Object","Feeder",15,75,"Active"
"163",2023-05-11,"Citrine","Intervention_Weekday",120,11:20:21,"Feeder","Standing","Pause",NA,30,90,"Inactive"
"164",2023-05-11,"Citrine","Intervention_Weekday",120,11:20:36,"3","Standing","Locomotion",NA,45,105,"Active"
"165",2023-05-11,"Citrine","Intervention_Weekday",120,11:20:51,"3","Standing","Locomotion",NA,0,120,"Active"
"166",2023-05-11,"Citrine","Intervention_Weekday",120,11:21:06,"5","Rearing","Pause",NA,15,0,"Inactive"
"167",2023-05-11,"Citrine","Intervention_Weekday",120,11:21:21,"Feeder","Standing","Pause",NA,30,15,"Inactive"
"168",2023-05-11,"Citrine","Intervention_Weekday",120,11:21:36,"Fence","Standing","Pause",NA,45,30,"Inactive"
"169",2023-05-11,"Citrine","Intervention_Weekday",120,11:21:51,"5","Standing","Eating",NA,0,45,"Active"
"170",2023-05-11,"Citrine","Intervention_Weekday",120,11:22:06,"5","Rearing","Pause",NA,15,60,"Inactive"
"171",2023-05-11,"Citrine","Intervention_Weekday",120,11:22:21,"Feeder","Standing","Pause",NA,30,75,"Inactive"
"172",2023-05-11,"Citrine","Intervention_Weekday",120,11:22:36,"Feeder","Standing","Pause",NA,45,90,"Inactive"
"173",2023-05-11,"Citrine","Intervention_Weekday",120,11:22:51,"Feeder","Standing","Pause",NA,0,105,"Inactive"
"174",2023-05-11,"Citrine","Intervention_Weekday",120,11:23:06,"Feeder","Standing","Pause",NA,15,120,"Inactive"
"175",2023-05-11,"Citrine","Intervention_Weekday",120,11:23:21,"1","Standing","Locomotion",NA,30,0,"Active"
"176",2023-05-11,"Citrine","Intervention_Weekday",120,11:23:36,"Feeder","Standing","Pause",NA,45,15,"Inactive"
"177",2023-05-11,"Citrine","Intervention_Weekday",120,11:23:51,"5","Standing","Eating",NA,0,30,"Active"
"178",2023-05-11,"Citrine","Intervention_Weekday",120,11:24:06,"5","Standing","Pause",NA,15,45,"Inactive"
"179",2023-05-11,"Citrine","Intervention_Weekday",120,11:24:21,"Feeder","Standing","Pause",NA,30,60,"Inactive"
"180",2023-05-11,"Citrine","Intervention_Weekday",120,11:24:36,"Fence","Standing","Locomotion",NA,45,75,"Active"
"181",2023-06-08,"Citrine","Intervention_Weekday",240,10:26:59,"4","Standing","Locomotion",NA,0,0,"Active"
"182",2023-06-08,"Citrine","Intervention_Weekday",240,10:27:14,"Shelf","Out of View","Pause",NA,15,15,"Inactive"
"183",2023-06-08,"Citrine","Intervention_Weekday",240,10:27:29,"Shelf","Sitting","Pause",NA,30,30,"Inactive"
"184",2023-06-08,"Citrine","Intervention_Weekday",240,10:27:44,"Shelf","Sitting","Pause",NA,45,45,"Inactive"
"185",2023-06-08,"Citrine","Intervention_Weekday",240,10:27:59,"Shelf","Sitting","Pause",NA,0,60,"Inactive"
"186",2023-06-08,"Citrine","Intervention_Weekday",240,10:28:14,"Shelf","Sitting","Pause",NA,15,75,"Inactive"
"187",2023-06-08,"Citrine","Intervention_Weekday",240,10:28:29,"Shelf","Sitting","Pause",NA,30,90,"Inactive"
"188",2023-06-08,"Citrine","Intervention_Weekday",240,10:28:44,"Fence","Standing","Pause",NA,45,105,"Inactive"
"189",2023-06-08,"Citrine","Intervention_Weekday",240,10:28:59,"5","Rearing","Locomotion",NA,0,120,"Active"
"190",2023-06-08,"Citrine","Intervention_Weekday",240,10:29:14,"Fence","Standing","Locomotion",NA,15,135,"Active"
"191",2023-06-08,"Citrine","Intervention_Weekday",240,10:29:29,"3","Standing","Locomotion",NA,30,150,"Active"
"192",2023-06-08,"Citrine","Intervention_Weekday",240,10:29:44,"Shelf","Standing","Locomotion",NA,45,165,"Active"
"193",2023-06-08,"Citrine","Intervention_Weekday",240,10:29:59,"6","Standing","Locomotion",NA,0,180,"Active"
"194",2023-06-08,"Citrine","Intervention_Weekday",240,10:30:14,"Shelf","Out of View","Pause",NA,15,195,"Inactive"
"195",2023-06-08,"Citrine","Intervention_Weekday",240,10:30:29,"Shelf","Out of View","Pause",NA,30,210,"Inactive"
"196",2023-06-08,"Citrine","Intervention_Weekday",240,10:30:44,"Shelf","Standing","Locomotion",NA,45,225,"Active"
"197",2023-06-08,"Citrine","Intervention_Weekday",240,10:30:59,"5","Standing","Eating",NA,0,240,"Active"
"198",2023-06-08,"Citrine","Intervention_Weekday",240,10:31:14,"4","Standing","Locomotion",NA,15,0,"Active"
"199",2023-06-08,"Citrine","Intervention_Weekday",240,10:31:29,"Shelf","Standing","Pause",NA,30,15,"Inactive"
"200",2023-06-08,"Citrine","Intervention_Weekday",240,10:31:44,"Shelf","Sitting","Resting",NA,45,30,"Inactive"
"201",2023-06-08,"Citrine","Intervention_Weekday",240,10:31:59,"Shelf","Sitting","Resting",NA,0,45,"Inactive"
"202",2023-06-08,"Citrine","Intervention_Weekday",240,10:32:14,"Shelf","Sitting","Resting",NA,15,60,"Inactive"
"203",2023-06-08,"Citrine","Intervention_Weekday",240,10:32:29,"Shelf","Sitting","Resting",NA,30,75,"Inactive"
"204",2023-06-08,"Citrine","Intervention_Weekday",240,10:32:44,"Shelf","Lying Down","Resting",NA,45,90,"Inactive"
"205",2023-06-08,"Citrine","Intervention_Weekday",240,10:32:59,"Shelf","Lying Down","Resting",NA,0,105,"Inactive"
"206",2023-06-08,"Citrine","Intervention_Weekday",240,10:33:14,"Shelf","Lying Down","Resting",NA,15,120,"Inactive"
"207",2023-06-08,"Citrine","Intervention_Weekday",240,10:33:29,"Shelf","Lying Down","Resting",NA,30,135,"Inactive"
"208",2023-06-08,"Citrine","Intervention_Weekday",240,10:33:44,"Shelf","Lying Down","Resting",NA,45,150,"Inactive"
"209",2023-06-08,"Citrine","Intervention_Weekday",240,10:33:59,"Shelf","Lying Down","Resting",NA,0,165,"Inactive"
"210",2023-06-08,"Citrine","Intervention_Weekday",240,10:34:14,"Shelf","Lying Down","Resting",NA,15,180,"Inactive"
"211",2023-06-08,"Citrine","Intervention_Weekday",240,10:34:29,"Shelf","Lying Down","Resting",NA,30,195,"Inactive"
"212",2023-06-08,"Citrine","Intervention_Weekday",240,10:34:44,"5","Rearing","Pause",NA,45,210,"Inactive"
"213",2023-06-08,"Citrine","Intervention_Weekday",240,10:34:59,"5","Standing","Eating",NA,0,225,"Active"
"214",2023-06-08,"Citrine","Intervention_Weekday",240,10:35:14,"Shelf","Standing","Pause",NA,15,240,"Inactive"
"215",2023-06-08,"Citrine","Intervention_Weekday",240,10:35:29,"Shelf","Standing","Pause",NA,30,0,"Inactive"
"216",2023-06-08,"Citrine","Intervention_Weekday",240,10:35:44,"Shelf","Lying Down","Resting",NA,45,15,"Inactive"
"217",2023-06-08,"Citrine","Intervention_Weekday",240,10:35:59,"Shelf","Lying Down","Resting",NA,0,30,"Inactive"
"218",2023-06-08,"Citrine","Intervention_Weekday",240,10:36:14,"Shelf","Lying Down","Resting",NA,15,45,"Inactive"
"219",2023-06-08,"Citrine","Intervention_Weekday",240,10:36:29,"Shelf","Lying Down","Resting",NA,30,60,"Inactive"
"220",2023-06-08,"Citrine","Intervention_Weekday",240,10:36:44,"Shelf","Lying Down","Resting",NA,45,75,"Inactive"
"221",2023-06-08,"Citrine","Intervention_Weekday",240,10:36:59,"Shelf","Lying Down","Resting",NA,0,90,"Inactive"
"222",2023-06-08,"Citrine","Intervention_Weekday",240,10:37:14,"Shelf","Lying Down","Resting",NA,15,105,"Inactive"
"223",2023-06-08,"Citrine","Intervention_Weekday",240,10:37:29,"Shelf","Lying Down","Resting",NA,30,120,"Inactive"
"224",2023-06-08,"Citrine","Intervention_Weekday",240,10:37:44,"3","Standing","Drinking",NA,45,135,"Active"
"225",2023-06-08,"Citrine","Intervention_Weekday",240,10:37:59,"3","Standing","Drinking",NA,0,150,"Active"
"226",2023-06-08,"Citrine","Intervention_Weekday",240,10:38:14,"3","Standing","Drinking",NA,15,165,"Active"
"227",2023-06-08,"Citrine","Intervention_Weekday",240,10:38:29,"3","Standing","Drinking",NA,30,180,"Active"
"228",2023-06-08,"Citrine","Intervention_Weekday",240,10:38:44,"3","Standing","Locomotion",NA,45,195,"Active"
"229",2023-06-08,"Citrine","Intervention_Weekday",240,10:38:59,"5","Standing","Eating",NA,0,210,"Active"
"230",2023-06-08,"Citrine","Intervention_Weekday",240,10:39:14,"Shelf","Standing","Pause",NA,15,225,"Inactive"
"231",2023-06-08,"Citrine","Intervention_Weekday",240,10:39:29,"Shelf","Out of View","Pause",NA,30,240,"Inactive"
"232",2023-06-08,"Citrine","Intervention_Weekday",240,10:39:44,"Shelf","Out of View","Pause",NA,45,0,"Inactive"
"233",2023-06-08,"Citrine","Intervention_Weekday",240,10:39:59,"Out of View","Out of View","Out of View",NA,0,15,"OutofView"
"234",2023-06-08,"Citrine","Intervention_Weekday",240,10:40:14,"Out of View","Out of View","Out of View",NA,15,30,"OutofView"
"235",2023-06-08,"Citrine","Intervention_Weekday",240,10:40:29,"Shelf","Sitting","Resting",NA,30,45,"Inactive"
"236",2023-06-08,"Citrine","Intervention_Weekday",240,10:40:44,"Shelf","Sitting","Resting",NA,45,60,"Inactive"
"237",2023-06-08,"Citrine","Intervention_Weekday",240,10:40:59,"Shelf","Sitting","Resting",NA,0,75,"Inactive"
"238",2023-06-08,"Citrine","Intervention_Weekday",240,10:41:14,"Shelf","Sitting","Resting",NA,15,90,"Inactive"
"239",2023-06-08,"Citrine","Intervention_Weekday",240,10:41:29,"Shelf","Sitting","Resting",NA,30,105,"Inactive"
"240",2023-06-08,"Citrine","Intervention_Weekday",240,10:41:44,"Shelf","Sitting","Resting",NA,45,120,"Inactive"
"241",2023-07-12,"Elia","Intervention_Weekday",240,08:36:37,"5","Sitting","Eating",NA,0,0,"Active"
"242",2023-07-12,"Elia","Intervention_Weekday",240,08:36:52,"5","Sitting","Pause",NA,15,15,"Inactive"
"243",2023-07-12,"Elia","Intervention_Weekday",240,08:37:07,"5","Sitting","Resting",NA,30,30,"Inactive"
"244",2023-07-12,"Elia","Intervention_Weekday",240,08:37:22,"5","Sitting","Resting",NA,45,45,"Inactive"
"245",2023-07-12,"Elia","Intervention_Weekday",240,08:37:37,"5","Sitting","Resting",NA,0,60,"Inactive"
"246",2023-07-12,"Elia","Intervention_Weekday",240,08:37:52,"5","Sitting","Resting",NA,15,75,"Inactive"
"247",2023-07-12,"Elia","Intervention_Weekday",240,08:38:07,"5","Sitting","Resting",NA,30,90,"Inactive"
"248",2023-07-12,"Elia","Intervention_Weekday",240,08:38:22,"5","Sitting","Resting",NA,45,105,"Inactive"
"249",2023-07-12,"Elia","Intervention_Weekday",240,08:38:37,"5","Sitting","Resting",NA,0,120,"Inactive"
"250",2023-07-12,"Elia","Intervention_Weekday",240,08:38:52,"5","Sitting","Resting",NA,15,135,"Inactive"
"251",2023-07-12,"Elia","Intervention_Weekday",240,08:39:07,"5","Sitting","Resting",NA,30,150,"Inactive"
"252",2023-07-12,"Elia","Intervention_Weekday",240,08:39:22,"5","Sitting","Resting",NA,45,165,"Inactive"
"253",2023-07-12,"Elia","Intervention_Weekday",240,08:39:37,"5","Sitting","Resting",NA,0,180,"Inactive"
"254",2023-07-12,"Elia","Intervention_Weekday",240,08:39:52,"5","Sitting","Resting",NA,15,195,"Inactive"
"255",2023-07-12,"Elia","Intervention_Weekday",240,08:40:07,"5","Sitting","Resting",NA,30,210,"Inactive"
"256",2023-07-12,"Elia","Intervention_Weekday",240,08:40:22,"5","Sitting","Resting",NA,45,225,"Inactive"
"257",2023-07-12,"Elia","Intervention_Weekday",240,08:40:37,"5","Sitting","Eating",NA,0,240,"Active"
"258",2023-07-12,"Elia","Intervention_Weekday",240,08:40:52,"5","Sitting","Eating",NA,15,0,"Active"
"259",2023-07-12,"Elia","Intervention_Weekday",240,08:41:07,"5","Sitting","Pause",NA,30,15,"Inactive"
"260",2023-07-12,"Elia","Intervention_Weekday",240,08:41:22,"5","Sitting","Pause",NA,45,30,"Inactive"
"261",2023-07-12,"Elia","Intervention_Weekday",240,08:41:37,"5","Sitting","Resting",NA,0,45,"Inactive"
"262",2023-07-12,"Elia","Intervention_Weekday",240,08:41:52,"5","Sitting","Resting",NA,15,60,"Inactive"
"263",2023-07-12,"Elia","Intervention_Weekday",240,08:42:07,"5","Sitting","Resting",NA,30,75,"Inactive"
"264",2023-07-12,"Elia","Intervention_Weekday",240,08:42:22,"5","Sitting","Manipulating Object","Feeder",45,90,"Active"
"265",2023-07-12,"Elia","Intervention_Weekday",240,08:42:37,"5","Standing","Locomotion",NA,0,105,"Active"
"266",2023-07-12,"Elia","Intervention_Weekday",240,08:42:52,"5","Sitting","Pause",NA,15,120,"Inactive"
"267",2023-07-12,"Elia","Intervention_Weekday",240,08:43:07,"5","Sitting","Pause",NA,30,135,"Inactive"
"268",2023-07-12,"Elia","Intervention_Weekday",240,08:43:22,"5","Sitting","Resting",NA,45,150,"Inactive"
"269",2023-07-12,"Elia","Intervention_Weekday",240,08:43:37,"5","Sitting","Resting",NA,0,165,"Inactive"
"270",2023-07-12,"Elia","Intervention_Weekday",240,08:43:52,"5","Sitting","Resting",NA,15,180,"Inactive"
"271",2023-07-12,"Elia","Intervention_Weekday",240,08:44:07,"5","Sitting","Resting",NA,30,195,"Inactive"
"272",2023-07-12,"Elia","Intervention_Weekday",240,08:44:22,"5","Sitting","Resting",NA,45,210,"Inactive"
"273",2023-07-12,"Elia","Intervention_Weekday",240,08:44:37,"5","Sitting","Eating",NA,0,225,"Active"
"274",2023-07-12,"Elia","Intervention_Weekday",240,08:44:52,"6","Sitting","Drinking",NA,15,240,"Active"
"275",2023-07-12,"Elia","Intervention_Weekday",240,08:45:07,"6","Sitting","Drinking",NA,30,0,"Active"
"276",2023-07-12,"Elia","Intervention_Weekday",240,08:45:22,"6","Sitting","Drinking",NA,45,15,"Active"
"277",2023-07-12,"Elia","Intervention_Weekday",240,08:45:37,"6","Sitting","Drinking",NA,0,30,"Active"
"278",2023-07-12,"Elia","Intervention_Weekday",240,08:45:52,"5","Sitting","Resting",NA,15,45,"Inactive"
"279",2023-07-12,"Elia","Intervention_Weekday",240,08:46:07,"5","Sitting","Resting",NA,30,60,"Inactive"
"280",2023-07-12,"Elia","Intervention_Weekday",240,08:46:22,"5","Sitting","Resting",NA,45,75,"Inactive"
"281",2023-07-12,"Elia","Intervention_Weekday",240,08:46:37,"6","Standing","Pause",NA,0,90,"Inactive"
"282",2023-07-12,"Elia","Intervention_Weekday",240,08:46:52,"5","Sitting","Resting",NA,15,105,"Inactive"
"283",2023-07-12,"Elia","Intervention_Weekday",240,08:47:07,"5","Standing","Locomotion",NA,30,120,"Active"
"284",2023-07-12,"Elia","Intervention_Weekday",240,08:47:22,"5","Sitting","Resting",NA,45,135,"Inactive"
"285",2023-07-12,"Elia","Intervention_Weekday",240,08:47:37,"5","Sitting","Resting",NA,0,150,"Inactive"
"286",2023-07-12,"Elia","Intervention_Weekday",240,08:47:52,"5","Sitting","Resting",NA,15,165,"Inactive"
"287",2023-07-12,"Elia","Intervention_Weekday",240,08:48:07,"5","Sitting","Resting",NA,30,180,"Inactive"
"288",2023-07-12,"Elia","Intervention_Weekday",240,08:48:22,"5","Sitting","Resting",NA,45,195,"Inactive"
"289",2023-07-12,"Elia","Intervention_Weekday",240,08:48:37,"5","Sitting","Eating",NA,0,210,"Active"
"290",2023-07-12,"Elia","Intervention_Weekday",240,08:48:52,"5","Sitting","Resting",NA,15,225,"Inactive"
"291",2023-07-12,"Elia","Intervention_Weekday",240,08:49:07,"5","Sitting","Resting",NA,30,240,"Inactive"
"292",2023-07-12,"Elia","Intervention_Weekday",240,08:49:22,"5","Sitting","Resting",NA,45,0,"Inactive"
"293",2023-07-12,"Elia","Intervention_Weekday",240,08:49:37,"5","Sitting","Resting",NA,0,15,"Inactive"
"294",2023-07-12,"Elia","Intervention_Weekday",240,08:49:52,"5","Sitting","Resting",NA,15,30,"Inactive"
"295",2023-07-12,"Elia","Intervention_Weekday",240,08:50:07,"5","Sitting","Resting",NA,30,45,"Inactive"
"296",2023-07-12,"Elia","Intervention_Weekday",240,08:50:22,"5","Sitting","Resting",NA,45,60,"Inactive"
"297",2023-07-12,"Elia","Intervention_Weekday",240,08:50:37,"5","Sitting","Resting",NA,0,75,"Inactive"
"298",2023-07-12,"Elia","Intervention_Weekday",240,08:50:52,"5","Sitting","Resting",NA,15,90,"Inactive"
"299",2023-07-12,"Elia","Intervention_Weekday",240,08:51:07,"5","Sitting","Resting",NA,30,105,"Inactive"
"300",2023-07-12,"Elia","Intervention_Weekday",240,08:51:22,"5","Sitting","Resting",NA,45,120,"Inactive"
"301",2023-06-23,"Citrine","Intervention Weekday",300,10:04:39,"6","Standing","Locomotion",NA,0,0,"Active"
"302",2023-06-23,"Citrine","Intervention Weekday",300,10:04:54,"5","Standing","Drinking",NA,15,15,"Active"
"303",2023-06-23,"Citrine","Intervention Weekday",300,10:05:09,"5","Standing","Drinking",NA,30,30,"Active"
"304",2023-06-23,"Citrine","Intervention Weekday",300,10:05:24,"5","Standing","Drinking",NA,45,45,"Active"
"305",2023-06-23,"Citrine","Intervention Weekday",300,10:05:39,"5","Standing","Drinking",NA,0,60,"Active"
"306",2023-06-23,"Citrine","Intervention Weekday",300,10:05:54,"Feeder","Standing","Locomotion",NA,15,75,"Active"
"307",2023-06-23,"Citrine","Intervention Weekday",300,10:06:09,"Feeder","Sitting","Resting",NA,30,90,"Inactive"
"308",2023-06-23,"Citrine","Intervention Weekday",300,10:06:24,"Feeder","Sitting","Resting",NA,45,105,"Inactive"
"309",2023-06-23,"Citrine","Intervention Weekday",300,10:06:39,"Feeder","Sitting","Resting",NA,0,120,"Inactive"
"310",2023-06-23,"Citrine","Intervention Weekday",300,10:06:54,"Feeder","Sitting","Resting",NA,15,135,"Inactive"
"311",2023-06-23,"Citrine","Intervention Weekday",300,10:07:09,"Feeder","Sitting","Resting",NA,30,150,"Inactive"
"312",2023-06-23,"Citrine","Intervention Weekday",300,10:07:24,"Feeder","Sitting","Resting",NA,45,165,"Inactive"
"313",2023-06-23,"Citrine","Intervention Weekday",300,10:07:39,"Feeder","Sitting","Resting",NA,0,180,"Inactive"
"314",2023-06-23,"Citrine","Intervention Weekday",300,10:07:54,"Feeder","Standing","Rubbing","Fencing",15,195,"Active"
"315",2023-06-23,"Citrine","Intervention Weekday",300,10:08:09,"3","Standing","Locomotion","Outside Object",30,210,"Active"
"316",2023-06-23,"Citrine","Intervention Weekday",300,10:08:24,"3","Standing","Locomotion","Outside Object",45,225,"Active"
"317",2023-06-23,"Citrine","Intervention Weekday",300,10:08:39,"5","Standing","Eating",NA,0,240,"Active"
"318",2023-06-23,"Citrine","Intervention Weekday",300,10:08:54,"5","Rearing","Locomotion",NA,15,255,"Active"
"319",2023-06-23,"Citrine","Intervention Weekday",300,10:09:09,"Shelf","Standing","Locomotion",NA,30,270,"Active"
"320",2023-06-23,"Citrine","Intervention Weekday",300,10:09:24,"Shelf","Sitting","Resting",NA,45,285,"Inactive"
"321",2023-06-23,"Citrine","Intervention Weekday",300,10:09:39,"6","Standing","Pause",NA,0,300,"Inactive"
"322",2023-06-23,"Citrine","Intervention Weekday",300,10:09:54,"Shelf","Standing","Locomotion",NA,15,0,"Active"
"323",2023-06-23,"Citrine","Intervention Weekday",300,10:10:09,"Shelf","Lying Down","Resting",NA,30,15,"Inactive"
"324",2023-06-23,"Citrine","Intervention Weekday",300,10:10:24,"Shelf","Lying Down","Resting",NA,45,30,"Inactive"
"325",2023-06-23,"Citrine","Intervention Weekday",300,10:10:39,"Shelf","Standing","Locomotion",NA,0,45,"Active"
"326",2023-06-23,"Citrine","Intervention Weekday",300,10:10:54,"Shelf","Standing","Locomotion",NA,15,60,"Active"
"327",2023-06-23,"Citrine","Intervention Weekday",300,10:11:09,"Shelf","Lying Down","Resting",NA,30,75,"Inactive"
"328",2023-06-23,"Citrine","Intervention Weekday",300,10:11:24,"Shelf","Lying Down","Resting",NA,45,90,"Inactive"
"329",2023-06-23,"Citrine","Intervention Weekday",300,10:11:39,"Shelf","Lying Down","Resting",NA,0,105,"Inactive"
"330",2023-06-23,"Citrine","Intervention Weekday",300,10:11:54,"5","Rearing","Locomotion",NA,15,120,"Active"
"331",2023-06-23,"Citrine","Intervention Weekday",300,10:12:09,"5","Rearing","Locomotion",NA,30,135,"Active"
"332",2023-06-23,"Citrine","Intervention Weekday",300,10:12:24,"Shelf","Standing","Locomotion",NA,45,150,"Active"
"333",2023-06-23,"Citrine","Intervention Weekday",300,10:12:39,"Shelf","Standing","Locomotion",NA,0,165,"Active"
"334",2023-06-23,"Citrine","Intervention Weekday",300,10:12:54,"Shelf","Lying Down","Resting",NA,15,180,"Inactive"
"335",2023-06-23,"Citrine","Intervention Weekday",300,10:13:09,"Shelf","Lying Down","Resting",NA,30,195,"Inactive"
"336",2023-06-23,"Citrine","Intervention Weekday",300,10:13:24,"Shelf","Lying Down","Resting",NA,45,210,"Inactive"
"337",2023-06-23,"Citrine","Intervention Weekday",300,10:13:39,"Shelf","Lying Down","Resting",NA,0,225,"Inactive"
"338",2023-06-23,"Citrine","Intervention Weekday",300,10:13:54,"Shelf","Lying Down","Resting",NA,15,240,"Inactive"
"339",2023-06-23,"Citrine","Intervention Weekday",300,10:14:09,"Shelf","Lying Down","Resting",NA,30,255,"Inactive"
"340",2023-06-23,"Citrine","Intervention Weekday",300,10:14:24,"Shelf","Lying Down","Resting",NA,45,270,"Inactive"
"341",2023-06-23,"Citrine","Intervention Weekday",300,10:14:39,"6","Standing","Locomotion",NA,0,285,"Active"
"342",2023-06-23,"Citrine","Intervention Weekday",300,10:14:54,"Feeder","Sitting","Resting",NA,15,300,"Inactive"
"343",2023-06-23,"Citrine","Intervention Weekday",300,10:15:09,"Feeder","Sitting","Resting",NA,30,0,"Inactive"
"344",2023-06-23,"Citrine","Intervention Weekday",300,10:15:24,"Feeder","Sitting","Resting",NA,45,15,"Inactive"
"345",2023-06-23,"Citrine","Intervention Weekday",300,10:15:39,"Feeder","Sitting","Resting",NA,0,30,"Inactive"
"346",2023-06-23,"Citrine","Intervention Weekday",300,10:15:54,"Feeder","Sitting","Resting",NA,15,45,"Inactive"
"347",2023-06-23,"Citrine","Intervention Weekday",300,10:16:09,"Feeder","Sitting","Resting",NA,30,60,"Inactive"
"348",2023-06-23,"Citrine","Intervention Weekday",300,10:16:24,"Feeder","Sitting","Grooming",NA,45,75,"Active"
"349",2023-06-23,"Citrine","Intervention Weekday",300,10:16:39,"Feeder","Sitting","Resting",NA,0,90,"Inactive"
"350",2023-06-23,"Citrine","Intervention Weekday",300,10:16:54,"5","Rearing","Locomotion",NA,15,105,"Active"
"351",2023-06-23,"Citrine","Intervention Weekday",300,10:17:09,"Out of View","Out of View","Out of View",NA,30,120,"OutofView"
"352",2023-06-23,"Citrine","Intervention Weekday",300,10:17:24,"Out of View","Out of View","Out of View",NA,45,135,"OutofView"
"353",2023-06-23,"Citrine","Intervention Weekday",300,10:17:39,"5","Standing","Locomotion",NA,0,150,"Active"
"354",2023-06-23,"Citrine","Intervention Weekday",300,10:17:54,"Feeder","Sitting","Resting",NA,15,165,"Inactive"
"355",2023-06-23,"Citrine","Intervention Weekday",300,10:18:09,"Fence","Standing","Locomotion",NA,30,180,"Active"
"356",2023-06-23,"Citrine","Intervention Weekday",300,10:18:24,"Shelf","Standing","Locomotion",NA,45,195,"Active"
"357",2023-06-23,"Citrine","Intervention Weekday",300,10:18:39,"Shelf","Lying Down","Resting",NA,0,210,"Inactive"
"358",2023-06-23,"Citrine","Intervention Weekday",300,10:18:54,"Shelf","Lying Down","Resting",NA,15,225,"Inactive"
"359",2023-06-23,"Citrine","Intervention Weekday",300,10:19:09,"Shelf","Lying Down","Resting",NA,30,240,"Inactive"
"360",2023-06-23,"Citrine","Intervention Weekday",300,10:19:24,"Shelf","Lying Down","Resting",NA,45,255,"Inactive"
"361",2023-06-23,"Citrine","Intervention Weekday",300,10:19:39,"Shelf","Lying Down","Resting",NA,0,270,"Inactive"
"362",2023-06-30,"Citrine","Baseline Weekday",0,10:13:45,"Feeder","Standing","Locomotion",NA,0,0,"Active"
"363",2023-06-30,"Citrine","Baseline Weekday",0,10:14:00,"Feeder","Standing","Pause",NA,15,0,"Inactive"
"364",2023-06-30,"Citrine","Baseline Weekday",0,10:14:15,"Feeder","Sitting","Resting",NA,30,0,"Inactive"
"365",2023-06-30,"Citrine","Baseline Weekday",0,10:14:30,"Feeder","Sitting","Resting",NA,45,0,"Inactive"
"366",2023-06-30,"Citrine","Baseline Weekday",0,10:14:45,"Feeder","Sitting","Resting",NA,0,0,"Inactive"
"367",2023-06-30,"Citrine","Baseline Weekday",0,10:15:00,"4","Standing","Drinking",NA,15,0,"Active"
"368",2023-06-30,"Citrine","Baseline Weekday",0,10:15:15,"4","Standing","Drinking",NA,30,0,"Active"
"369",2023-06-30,"Citrine","Baseline Weekday",0,10:15:30,"4","Standing","Pause",NA,45,0,"Inactive"
"370",2023-06-30,"Citrine","Baseline Weekday",0,10:15:45,"4","Standing","Drinking",NA,0,0,"Active"
"371",2023-06-30,"Citrine","Baseline Weekday",0,10:16:00,"4","Standing","Drinking",NA,15,0,"Active"
"372",2023-06-30,"Citrine","Baseline Weekday",0,10:16:15,"4","Standing","Drinking",NA,30,0,"Active"
"373",2023-06-30,"Citrine","Baseline Weekday",0,10:16:30,"5","Rearing","Locomotion",NA,45,0,"Active"
"374",2023-06-30,"Citrine","Baseline Weekday",0,10:16:45,"Feeder","Standing","Locomotion",NA,0,0,"Active"
"375",2023-06-30,"Citrine","Baseline Weekday",0,10:17:00,"Out of View","Out of View","Out of View",NA,15,0,"OutofView"
"376",2023-06-30,"Citrine","Baseline Weekday",0,10:17:15,"Shelf","Standing","Locomotion",NA,30,0,"Active"
"377",2023-06-30,"Citrine","Baseline Weekday",0,10:17:30,"Out of View","Out of View","Out of View",NA,45,0,"OutofView"
"378",2023-06-30,"Citrine","Baseline Weekday",0,10:17:45,"Shelf","Sitting","Resting",NA,0,0,"Inactive"
"379",2023-06-30,"Citrine","Baseline Weekday",0,10:18:00,"Shelf","Lying Down","Resting",NA,15,0,"Inactive"
"380",2023-06-30,"Citrine","Baseline Weekday",0,10:18:15,"Shelf","Lying Down","Resting",NA,30,0,"Inactive"
"381",2023-06-30,"Citrine","Baseline Weekday",0,10:18:30,"Shelf","Lying Down","Resting",NA,45,0,"Inactive"
"382",2023-06-30,"Citrine","Baseline Weekday",0,10:18:45,"Shelf","Lying Down","Resting",NA,0,0,"Inactive"
"383",2023-06-30,"Citrine","Baseline Weekday",0,10:19:00,"Shelf","Lying Down","Resting",NA,15,0,"Inactive"
"384",2023-06-30,"Citrine","Baseline Weekday",0,10:19:15,"Shelf","Lying Down","Resting",NA,30,0,"Inactive"
"385",2023-06-30,"Citrine","Baseline Weekday",0,10:19:30,"Shelf","Lying Down","Resting",NA,45,0,"Inactive"
"386",2023-06-30,"Citrine","Baseline Weekday",0,10:19:45,"Feeder","Standing","Pause",NA,0,0,"Inactive"
"387",2023-06-30,"Citrine","Baseline Weekday",0,10:20:00,"Feeder","Sitting","Resting",NA,15,0,"Inactive"
"388",2023-06-30,"Citrine","Baseline Weekday",0,10:20:15,"Feeder","Sitting","Resting",NA,30,0,"Inactive"
"389",2023-06-30,"Citrine","Baseline Weekday",0,10:20:30,"4","Standing","Locomotion",NA,45,0,"Active"
"390",2023-06-30,"Citrine","Baseline Weekday",0,10:20:45,"1","Standing","Locomotion",NA,0,0,"Active"
"391",2023-06-30,"Citrine","Baseline Weekday",0,10:21:00,"Feeder","Standing","Locomotion",NA,15,0,"Active"
"392",2023-06-30,"Citrine","Baseline Weekday",0,10:21:15,"Fence","Standing","Locomotion",NA,30,0,"Active"
"393",2023-06-30,"Citrine","Baseline Weekday",0,10:21:30,"3","Standing","Pace",NA,45,0,"Pace"
"394",2023-06-30,"Citrine","Baseline Weekday",0,10:21:45,"2","Standing","Locomotion",NA,0,0,"Active"
"395",2023-06-30,"Citrine","Baseline Weekday",0,10:22:00,"Out of View","Out of View","Out of View",NA,15,0,"OutofView"
"396",2023-06-30,"Citrine","Baseline Weekday",0,10:22:15,"5","Rearing","Pause",NA,30,0,"Inactive"
"397",2023-06-30,"Citrine","Baseline Weekday",0,10:22:30,"Feeder","Standing","Pace",NA,45,0,"Pace"
"398",2023-06-30,"Citrine","Baseline Weekday",0,10:22:45,"5","Rearing","Pace",NA,0,0,"Pace"
"399",2023-06-30,"Citrine","Baseline Weekday",0,10:23:00,"Feeder","Sitting","Resting",NA,15,0,"Inactive"
"400",2023-06-30,"Citrine","Baseline Weekday",0,10:23:15,"Feeder","Standing","Pause",NA,30,0,"Inactive"
"401",2023-06-30,"Citrine","Baseline Weekday",0,10:23:30,"Shelf","Standing","Locomotion",NA,45,0,"Active"
"402",2023-06-30,"Citrine","Baseline Weekday",0,10:23:45,"1","Standing","Locomotion",NA,0,0,"Active"
"403",2023-06-30,"Citrine","Baseline Weekday",0,10:24:00,"2","Standing","Locomotion",NA,15,0,"Active"
"404",2023-06-30,"Citrine","Baseline Weekday",0,10:24:15,"Feeder","Sitting","Resting",NA,30,0,"Inactive"
"405",2023-06-30,"Citrine","Baseline Weekday",0,10:24:30,"Feeder","Sitting","Resting",NA,45,0,"Inactive"
"406",2023-06-30,"Citrine","Baseline Weekday",0,10:24:45,"Feeder","Sitting","Resting",NA,0,0,"Inactive"
"407",2023-06-30,"Citrine","Baseline Weekday",0,10:25:00,"Feeder","Standing","Locomotion",NA,15,0,"Active"
"408",2023-06-30,"Citrine","Baseline Weekday",0,10:25:15,"Shelf","Standing","Locomotion",NA,30,0,"Active"
"409",2023-06-30,"Citrine","Baseline Weekday",0,10:25:30,"Shelf","Sitting","Resting",NA,45,0,"Inactive"
"410",2023-06-30,"Citrine","Baseline Weekday",0,10:25:45,"Shelf","Sitting","Resting",NA,0,0,"Inactive"
"411",2023-06-30,"Citrine","Baseline Weekday",0,10:26:00,"4","Standing","Locomotion",NA,15,0,"Active"
"412",2023-06-30,"Citrine","Baseline Weekday",0,10:26:15,"Fence","Standing","Locomotion",NA,30,0,"Active"
"413",2023-06-30,"Citrine","Baseline Weekday",0,10:26:30,"5","Rearing","Pause",NA,45,0,"Inactive"
"414",2023-06-30,"Citrine","Baseline Weekday",0,10:26:45,"Feeder","Standing","Locomotion",NA,0,0,"Active"
"415",2023-06-30,"Citrine","Baseline Weekday",0,10:27:00,"Shelf","Standing","Locomotion",NA,15,0,"Active"
"416",2023-06-30,"Citrine","Baseline Weekday",0,10:27:15,"Shelf","Sitting","Resting",NA,30,0,"Inactive"
"417",2023-06-30,"Citrine","Baseline Weekday",0,10:27:30,"Shelf","Lying Down","Resting",NA,45,0,"Inactive"
"418",2023-06-30,"Citrine","Baseline Weekday",0,10:27:45,"Feeder","Standing","Pause",NA,0,0,"Inactive"
"419",2023-06-30,"Citrine","Baseline Weekday",0,10:28:00,"5","Rearing","Locomotion",NA,15,0,"Active"
"420",2023-06-30,"Citrine","Baseline Weekday",0,10:28:15,"Feeder","Standing","Pause",NA,30,0,"Inactive"
"421",2023-06-30,"Citrine","Baseline Weekday",0,10:28:30,"Feeder","Standing","Pause",NA,45,0,"Inactive"
"422",2023-06-30,"Citrine","Baseline Weekday",0,10:28:45,"Shelf","Standing","Locomotion",NA,0,0,"Active"
"423",2023-06-09,"Citrine","Intervention Weekday",240,09:21:02,"5","Standing","Drinking",NA,0,0,"Active"
"424",2023-06-09,"Citrine","Intervention Weekday",240,09:21:17,"5","Standing","Drinking",NA,15,15,"Active"
"425",2023-06-09,"Citrine","Intervention Weekday",240,09:21:32,"2","Standing","Locomotion",NA,30,30,"Active"
"426",2023-06-09,"Citrine","Intervention Weekday",240,09:21:47,"Feeder","Standing","Pause",NA,45,45,"Inactive"
"427",2023-06-09,"Citrine","Intervention Weekday",240,09:22:02,"Feeder","Sitting","Resting",NA,0,60,"Inactive"
"428",2023-06-09,"Citrine","Intervention Weekday",240,09:22:17,"Feeder","Sitting","Resting",NA,15,75,"Inactive"
"429",2023-06-09,"Citrine","Intervention Weekday",240,09:22:32,"Feeder","Sitting","Resting",NA,30,90,"Inactive"
"430",2023-06-09,"Citrine","Intervention Weekday",240,09:22:47,"Feeder","Sitting","Resting",NA,45,105,"Inactive"
"431",2023-06-09,"Citrine","Intervention Weekday",240,09:23:02,"Feeder","Sitting","Resting",NA,0,120,"Inactive"
"432",2023-06-09,"Citrine","Intervention Weekday",240,09:23:17,"Feeder","Sitting","Resting",NA,15,135,"Inactive"
"433",2023-06-09,"Citrine","Intervention Weekday",240,09:23:32,"Feeder","Sitting","Resting",NA,30,150,"Inactive"
"434",2023-06-09,"Citrine","Intervention Weekday",240,09:23:47,"Feeder","Sitting","Resting",NA,45,165,"Inactive"
"435",2023-06-09,"Citrine","Intervention Weekday",240,09:24:02,"Feeder","Sitting","Resting",NA,0,180,"Inactive"
"436",2023-06-09,"Citrine","Intervention Weekday",240,09:24:17,"Feeder","Sitting","Resting",NA,15,195,"Inactive"
"437",2023-06-09,"Citrine","Intervention Weekday",240,09:24:32,"Feeder","Sitting","Resting",NA,30,210,"Inactive"
"438",2023-06-09,"Citrine","Intervention Weekday",240,09:24:47,"Feeder","Sitting","Resting",NA,45,225,"Inactive"
"439",2023-06-09,"Citrine","Intervention Weekday",240,09:25:02,"6","Standing","Eating",NA,0,240,"Active"
"440",2023-06-09,"Citrine","Intervention Weekday",240,09:25:17,"5","Rearing","Pause",NA,15,0,"Inactive"
"441",2023-06-09,"Citrine","Intervention Weekday",240,09:25:32,"Shelf","Standing","Pause",NA,30,15,"Inactive"
"442",2023-06-09,"Citrine","Intervention Weekday",240,09:25:47,"Shelf","Sitting","Resting",NA,45,30,"Inactive"
"443",2023-06-09,"Citrine","Intervention Weekday",240,09:26:02,"Shelf","Sitting","Resting",NA,0,45,"Inactive"
"444",2023-06-09,"Citrine","Intervention Weekday",240,09:26:17,"Shelf","Sitting","Resting",NA,15,60,"Inactive"
"445",2023-06-09,"Citrine","Intervention Weekday",240,09:26:32,"Shelf","Sitting","Resting",NA,30,75,"Inactive"
"446",2023-06-09,"Citrine","Intervention Weekday",240,09:26:47,"Shelf","Sitting","Resting",NA,45,90,"Inactive"
"447",2023-06-09,"Citrine","Intervention Weekday",240,09:27:02,"Shelf","Sitting","Resting",NA,0,105,"Inactive"
"448",2023-06-09,"Citrine","Intervention Weekday",240,09:27:17,"Shelf","Sitting","Resting",NA,15,120,"Inactive"
"449",2023-06-09,"Citrine","Intervention Weekday",240,09:27:32,"Shelf","Sitting","Resting",NA,30,135,"Inactive"
"450",2023-06-09,"Citrine","Intervention Weekday",240,09:27:47,"Shelf","Sitting","Resting",NA,45,150,"Inactive"
"451",2023-06-09,"Citrine","Intervention Weekday",240,09:28:02,"Shelf","Sitting","Resting",NA,0,165,"Inactive"
"452",2023-06-09,"Citrine","Intervention Weekday",240,09:28:17,"Shelf","Sitting","Resting",NA,15,180,"Inactive"
"453",2023-06-09,"Citrine","Intervention Weekday",240,09:28:32,"Shelf","Sitting","Resting",NA,30,195,"Inactive"
"454",2023-06-09,"Citrine","Intervention Weekday",240,09:28:47,"Shelf","Sitting","Resting",NA,45,210,"Inactive"
"455",2023-06-09,"Citrine","Intervention Weekday",240,09:29:02,"6","Standing","Eating",NA,0,225,"Active"
"456",2023-06-09,"Citrine","Intervention Weekday",240,09:29:17,"Feeder","Standing","Pause",NA,15,240,"Inactive"
"457",2023-06-09,"Citrine","Intervention Weekday",240,09:29:32,"Feeder","Sitting","Grooming",NA,30,0,"Active"
"458",2023-06-09,"Citrine","Intervention Weekday",240,09:29:47,"Feeder","Sitting","Resting",NA,45,15,"Inactive"
"459",2023-06-09,"Citrine","Intervention Weekday",240,09:30:02,"Feeder","Sitting","Resting",NA,0,30,"Inactive"
"460",2023-06-09,"Citrine","Intervention Weekday",240,09:30:17,"Feeder","Sitting","Resting",NA,15,45,"Inactive"
"461",2023-06-09,"Citrine","Intervention Weekday",240,09:30:32,"Feeder","Sitting","Resting",NA,30,60,"Inactive"
"462",2023-06-09,"Citrine","Intervention Weekday",240,09:30:47,"Feeder","Sitting","Resting",NA,45,75,"Inactive"
"463",2023-06-09,"Citrine","Intervention Weekday",240,09:31:02,"Feeder","Sitting","Resting",NA,0,90,"Inactive"
"464",2023-06-09,"Citrine","Intervention Weekday",240,09:31:17,"Feeder","Sitting","Resting",NA,15,105,"Inactive"
"465",2023-06-09,"Citrine","Intervention Weekday",240,09:31:32,"Feeder","Sitting","Resting",NA,30,120,"Inactive"
"466",2023-06-09,"Citrine","Intervention Weekday",240,09:31:47,"Feeder","Sitting","Resting",NA,45,135,"Inactive"
"467",2023-06-09,"Citrine","Intervention Weekday",240,09:32:02,"Feeder","Sitting","Resting",NA,0,150,"Inactive"
"468",2023-06-09,"Citrine","Intervention Weekday",240,09:32:17,"Feeder","Sitting","Resting",NA,15,165,"Inactive"
"469",2023-06-09,"Citrine","Intervention Weekday",240,09:32:32,"Feeder","Sitting","Resting",NA,30,180,"Inactive"
"470",2023-06-09,"Citrine","Intervention Weekday",240,09:32:47,"Feeder","Sitting","Resting",NA,45,195,"Inactive"
"471",2023-06-09,"Citrine","Intervention Weekday",240,09:33:02,"6","Standing","Eating",NA,0,210,"Active"
"472",2023-06-09,"Citrine","Intervention Weekday",240,09:33:17,"5","Standing","Locomotion",NA,15,225,"Active"
"473",2023-06-09,"Citrine","Intervention Weekday",240,09:33:32,"Feeder","Standing","Pause",NA,30,240,"Inactive"
"474",2023-06-09,"Citrine","Intervention Weekday",240,09:33:47,"Feeder","Sitting","Resting",NA,45,0,"Inactive"
"475",2023-06-09,"Citrine","Intervention Weekday",240,09:34:02,"Feeder","Sitting","Grooming",NA,0,15,"Active"
"476",2023-06-09,"Citrine","Intervention Weekday",240,09:34:17,"Feeder","Sitting","Resting",NA,15,30,"Inactive"
"477",2023-06-09,"Citrine","Intervention Weekday",240,09:34:32,"Feeder","Sitting","Resting",NA,30,45,"Inactive"
"478",2023-06-09,"Citrine","Intervention Weekday",240,09:34:47,"Feeder","Sitting","Resting",NA,45,60,"Inactive"
"479",2023-06-09,"Citrine","Intervention Weekday",240,09:35:02,"Feeder","Sitting","Resting",NA,0,75,"Inactive"
"480",2023-06-09,"Citrine","Intervention Weekday",240,09:35:17,"Feeder","Sitting","Resting",NA,15,90,"Inactive"
"481",2023-06-09,"Citrine","Intervention Weekday",240,09:35:32,"Feeder","Sitting","Resting",NA,30,105,"Inactive"
"482",2023-06-09,"Citrine","Intervention Weekday",240,09:35:47,"Feeder","Sitting","Resting",NA,45,120,"Inactive"
"483",2023-06-09,"Citrine","Intervention Weekday",240,09:36:02,"Feeder","Sitting","Resting",NA,0,135,"Inactive"
"484",2023-07-12,"Citrine","Intervention Weekday",60,10:41:57,"5","Standing","Eating",NA,0,0,"Active"
"485",2023-07-12,"Citrine","Intervention Weekday",60,10:42:12,"Fence","Standing","Locomotion",NA,15,15,"Active"
"486",2023-07-12,"Citrine","Intervention Weekday",60,10:42:27,"6","Standing","Locomotion",NA,30,30,"Active"
"487",2023-07-12,"Citrine","Intervention Weekday",60,10:42:42,"2","Standing","Locomotion",NA,45,45,"Active"
"488",2023-07-12,"Citrine","Intervention Weekday",60,10:42:57,"6","Standing","Eating",NA,0,60,"Active"
"489",2023-07-12,"Citrine","Intervention Weekday",60,10:43:12,"Feeder","Standing","Pause",NA,15,0,"Inactive"
"490",2023-07-12,"Citrine","Intervention Weekday",60,10:43:27,"Shelf","Sitting","Resting",NA,30,15,"Inactive"
"491",2023-07-12,"Citrine","Intervention Weekday",60,10:43:42,"Shelf","Sitting","Resting",NA,45,30,"Inactive"
"492",2023-07-12,"Citrine","Intervention Weekday",60,10:43:57,"5","Standing","Eating",NA,0,45,"Active"
"493",2023-07-12,"Citrine","Intervention Weekday",60,10:44:12,"5","Rearing","Locomotion",NA,15,60,"Active"
"494",2023-07-12,"Citrine","Intervention Weekday",60,10:44:27,"Feeder","Sitting","Resting",NA,30,0,"Inactive"
"495",2023-07-12,"Citrine","Intervention Weekday",60,10:44:42,"Fence","Standing","Locomotion",NA,45,15,"Active"
"496",2023-07-12,"Citrine","Intervention Weekday",60,10:44:57,"5","Standing","Eating",NA,0,30,"Active"
"497",2023-07-12,"Citrine","Intervention Weekday",60,10:45:12,"Feeder","Standing","Locomotion",NA,15,45,"Active"
"498",2023-07-12,"Citrine","Intervention Weekday",60,10:45:27,"Shelf","Sitting","Resting",NA,30,60,"Inactive"
"499",2023-07-12,"Citrine","Intervention Weekday",60,10:45:42,"Shelf","Sitting","Resting",NA,45,0,"Inactive"
"500",2023-07-12,"Citrine","Intervention Weekday",60,10:45:57,"6","Standing","Eating",NA,0,15,"Active"
"501",2023-07-12,"Citrine","Intervention Weekday",60,10:46:12,"6","Standing","Eating",NA,15,30,"Active"
"502",2023-07-12,"Citrine","Intervention Weekday",60,10:46:27,"4","Standing","Locomotion",NA,30,45,"Active"
"503",2023-07-12,"Citrine","Intervention Weekday",60,10:46:42,"Fence","Standing","Locomotion",NA,45,60,"Active"
"504",2023-07-12,"Citrine","Intervention Weekday",60,10:46:57,"Shelf","Sitting","Resting",NA,0,0,"Inactive"
"505",2023-07-12,"Citrine","Intervention Weekday",60,10:47:12,"6","Standing","Eating",NA,15,15,"Active"
"506",2023-07-12,"Citrine","Intervention Weekday",60,10:47:27,"Feeder","Standing","Pause",NA,30,30,"Inactive"
"507",2023-07-12,"Citrine","Intervention Weekday",60,10:47:42,"Feeder","Standing","Pause",NA,45,45,"Inactive"
"508",2023-07-12,"Citrine","Intervention Weekday",60,10:47:57,"Feeder","Sitting","Resting",NA,0,60,"Inactive"
"509",2023-07-12,"Citrine","Intervention Weekday",60,10:48:12,"6","Standing","Eating",NA,15,0,"Active"
"510",2023-07-12,"Citrine","Intervention Weekday",60,10:48:27,"Feeder","Sitting","Resting",NA,30,15,"Inactive"
"511",2023-07-12,"Citrine","Intervention Weekday",60,10:48:42,"Feeder","Sitting","Resting",NA,45,30,"Inactive"
"512",2023-07-12,"Citrine","Intervention Weekday",60,10:48:57,"Feeder","Sitting","Resting",NA,0,45,"Inactive"
"513",2023-07-12,"Citrine","Intervention Weekday",60,10:49:12,"6","Standing","Eating",NA,15,60,"Active"
"514",2023-07-12,"Citrine","Intervention Weekday",60,10:49:27,"Shelf","Sitting","Resting",NA,30,0,"Inactive"
"515",2023-07-12,"Citrine","Intervention Weekday",60,10:49:42,"Shelf","Sitting","Resting",NA,45,15,"Inactive"
"516",2023-07-12,"Citrine","Intervention Weekday",60,10:49:57,"Shelf","Sitting","Resting",NA,0,30,"Inactive"
"517",2023-07-12,"Citrine","Intervention Weekday",60,10:50:12,"6","Standing","Pause",NA,15,45,"Inactive"
"518",2023-07-12,"Citrine","Intervention Weekday",60,10:50:27,"Shelf","Sitting","Resting",NA,30,60,"Inactive"
"519",2023-07-12,"Citrine","Intervention Weekday",60,10:50:42,"Shelf","Sitting","Resting",NA,45,0,"Inactive"
"520",2023-07-12,"Citrine","Intervention Weekday",60,10:50:57,"Shelf","Sitting","Grooming",NA,0,15,"Active"
"521",2023-07-12,"Citrine","Intervention Weekday",60,10:51:12,"6","Standing","Eating",NA,15,30,"Active"
"522",2023-07-12,"Citrine","Intervention Weekday",60,10:51:27,"4","Standing","Locomotion",NA,30,45,"Active"
"523",2023-07-12,"Citrine","Intervention Weekday",60,10:51:42,"Shelf","Sitting","Resting",NA,45,60,"Inactive"
"524",2023-07-12,"Citrine","Intervention Weekday",60,10:51:57,"Shelf","Sitting","Resting",NA,0,0,"Inactive"
"525",2023-07-12,"Citrine","Intervention Weekday",60,10:52:12,"Shelf","Sitting","Resting",NA,15,15,"Inactive"
"526",2023-07-12,"Citrine","Intervention Weekday",60,10:52:27,"5","Standing","Eating",NA,30,30,"Active"
"527",2023-07-12,"Citrine","Intervention Weekday",60,10:52:42,"Feeder","Sitting","Resting",NA,45,45,"Inactive"
"528",2023-07-12,"Citrine","Intervention Weekday",60,10:52:57,"Feeder","Sitting","Resting",NA,0,60,"Inactive"
"529",2023-07-12,"Citrine","Intervention Weekday",60,10:53:12,"1","Standing","Locomotion",NA,15,0,"Active"
"530",2023-07-12,"Citrine","Intervention Weekday",60,10:53:27,"5","Standing","Eating",NA,30,15,"Active"
"531",2023-07-12,"Citrine","Intervention Weekday",60,10:53:42,"Shelf","Sitting","Resting",NA,45,30,"Inactive"
"532",2023-07-12,"Citrine","Intervention Weekday",60,10:53:57,"Shelf","Sitting","Resting",NA,0,45,"Inactive"
"533",2023-07-12,"Citrine","Intervention Weekday",60,10:54:12,"Shelf","Sitting","Resting",NA,15,60,"Inactive"
"534",2023-07-12,"Citrine","Intervention Weekday",60,10:54:27,"5","Rearing","Locomotion",NA,30,0,"Active"
"535",2023-07-12,"Citrine","Intervention Weekday",60,10:54:42,"Feeder","Standing","Pause",NA,45,15,"Inactive"
"536",2023-07-12,"Citrine","Intervention Weekday",60,10:54:57,"Feeder","Sitting","Resting",NA,0,30,"Inactive"
"537",2023-07-12,"Citrine","Intervention Weekday",60,10:55:12,"Feeder","Sitting","Resting",NA,15,45,"Inactive"
"538",2023-07-12,"Citrine","Intervention Weekday",60,10:55:27,"6","Standing","Eating",NA,30,60,"Active"
"539",2023-07-12,"Citrine","Intervention Weekday",60,10:55:42,"Feeder","Standing","Locomotion",NA,45,0,"Active"
"540",2023-07-12,"Citrine","Intervention Weekday",60,10:55:57,"Feeder","Sitting","Resting",NA,0,15,"Inactive"
"541",2023-07-12,"Citrine","Intervention Weekday",60,10:56:12,"Feeder","Sitting","Resting",NA,15,30,"Inactive"
"542",2023-07-12,"Citrine","Intervention Weekday",60,10:56:27,"6","Standing","Eating",NA,30,45,"Active"
"543",2023-07-12,"Citrine","Intervention Weekday",60,10:56:42,"Shelf","Sitting","Resting",NA,45,60,"Inactive"
"544",2023-07-12,"Citrine","Intervention Weekday",60,10:56:57,"Shelf","Sitting","Resting",NA,0,0,"Inactive"
"545",2023-06-01,"Elia","Intervention_weekday",60,09:58:19,"5","Sitting","Eating",NA,0,0,"Active"
"546",2023-06-01,"Elia","Intervention_weekday",60,09:58:34,"5","Sitting","Grooming",NA,15,15,"Active"
"547",2023-06-01,"Elia","Intervention_weekday",60,09:58:49,"5","Sitting","Resting",NA,30,30,"Inactive"
"548",2023-06-01,"Elia","Intervention_weekday",60,09:59:04,"5","Sitting","Resting",NA,45,45,"Inactive"
"549",2023-06-01,"Elia","Intervention_weekday",60,09:59:19,"6","Sitting","Drinking",NA,0,60,"Active"
"550",2023-06-01,"Elia","Intervention_weekday",60,09:59:34,"1","Standing","Locomotion",NA,15,0,"Active"
"551",2023-06-01,"Elia","Intervention_weekday",60,09:59:49,"5","Sitting","Resting",NA,30,15,"Inactive"
"552",2023-06-01,"Elia","Intervention_weekday",60,10:00:04,"6","Sitting","Drinking",NA,45,30,"Active"
"553",2023-06-01,"Elia","Intervention_weekday",60,10:00:19,"6","Sitting","Drinking",NA,0,45,"Active"
"554",2023-06-01,"Elia","Intervention_weekday",60,10:00:34,"6","Sitting","Drinking",NA,15,60,"Active"
"555",2023-06-01,"Elia","Intervention_weekday",60,10:00:49,"5","Sitting","Eating",NA,30,0,"Active"
"556",2023-06-01,"Elia","Intervention_weekday",60,10:01:04,"5","Sitting","Resting",NA,45,15,"Inactive"
"557",2023-06-01,"Elia","Intervention_weekday",60,10:01:19,"5","Sitting","Resting",NA,0,30,"Inactive"
"558",2023-06-01,"Elia","Intervention_weekday",60,10:01:34,"5","Sitting","Resting",NA,15,45,"Inactive"
"559",2023-06-01,"Elia","Intervention_weekday",60,10:01:49,"5","Sitting","Resting",NA,30,60,"Inactive"
"560",2023-06-01,"Elia","Intervention_weekday",60,10:02:04,"5","Sitting","Resting",NA,45,0,"Inactive"
"561",2023-06-01,"Elia","Intervention_weekday",60,10:02:19,"5","Sitting","Resting",NA,0,15,"Inactive"
"562",2023-06-01,"Elia","Intervention_weekday",60,10:02:34,"5","Sitting","Resting",NA,15,30,"Inactive"
"563",2023-06-01,"Elia","Intervention_weekday",60,10:02:49,"5","Sitting","Resting",NA,30,45,"Inactive"
"564",2023-06-01,"Elia","Intervention_weekday",60,10:03:04,"5","Sitting","Resting",NA,45,60,"Inactive"
"565",2023-06-01,"Elia","Intervention_weekday",60,10:03:19,"5","Standing","Pause",NA,0,0,"Inactive"
"566",2023-06-01,"Elia","Intervention_weekday",60,10:03:34,"5","Sitting","Grooming",NA,15,15,"Active"
"567",2023-06-01,"Elia","Intervention_weekday",60,10:03:49,"5","Sitting","Resting",NA,30,30,"Inactive"
"568",2023-06-01,"Elia","Intervention_weekday",60,10:04:04,"5","Sitting","Resting",NA,45,45,"Inactive"
"569",2023-06-01,"Elia","Intervention_weekday",60,10:04:19,"5","Sitting","Resting",NA,0,60,"Inactive"
"570",2023-06-01,"Elia","Intervention_weekday",60,10:04:34,"5","Sitting","Resting",NA,15,0,"Inactive"
"571",2023-06-01,"Elia","Intervention_weekday",60,10:04:49,"5","Sitting","Resting",NA,30,15,"Inactive"
"572",2023-06-01,"Elia","Intervention_weekday",60,10:05:04,"5","Sitting","Resting",NA,45,30,"Inactive"
"573",2023-06-01,"Elia","Intervention_weekday",60,10:05:19,"5","Sitting","Resting",NA,0,45,"Inactive"
"574",2023-06-01,"Elia","Intervention_weekday",60,10:05:34,"5","Sitting","Resting",NA,15,60,"Inactive"
"575",2023-06-01,"Elia","Intervention_weekday",60,10:05:49,"5","Sitting","Resting",NA,30,0,"Inactive"
"576",2023-06-01,"Elia","Intervention_weekday",60,10:06:04,"5","Sitting","Resting",NA,45,15,"Inactive"
"577",2023-06-01,"Elia","Intervention_weekday",60,10:06:19,"5","Standing","Pause",NA,0,30,"Inactive"
"578",2023-06-01,"Elia","Intervention_weekday",60,10:06:34,"5","Sitting","Grooming",NA,15,45,"Active"
"579",2023-06-01,"Elia","Intervention_weekday",60,10:06:49,"5","Sitting","Resting",NA,30,60,"Inactive"
"580",2023-06-01,"Elia","Intervention_weekday",60,10:07:04,"5","Sitting","Resting",NA,45,0,"Inactive"
"581",2023-06-01,"Elia","Intervention_weekday",60,10:07:19,"5","Sitting","Resting",NA,0,15,"Inactive"
"582",2023-06-01,"Elia","Intervention_weekday",60,10:07:34,"5","Sitting","Resting",NA,15,30,"Inactive"
"583",2023-06-01,"Elia","Intervention_weekday",60,10:07:49,"5","Sitting","Resting",NA,30,45,"Inactive"
"584",2023-06-01,"Elia","Intervention_weekday",60,10:08:04,"5","Sitting","Resting",NA,45,60,"Inactive"
"585",2023-06-01,"Elia","Intervention_weekday",60,10:08:19,"5","Sitting","Resting",NA,0,0,"Inactive"
"586",2023-06-01,"Elia","Intervention_weekday",60,10:08:34,"5","Sitting","Resting",NA,15,15,"Inactive"
"587",2023-06-01,"Elia","Intervention_weekday",60,10:08:49,"5","Sitting","Resting",NA,30,30,"Inactive"
"588",2023-06-01,"Elia","Intervention_weekday",60,10:09:04,"5","Sitting","Resting",NA,45,45,"Inactive"
"589",2023-06-01,"Elia","Intervention_weekday",60,10:09:19,"5","Sitting","Resting",NA,0,60,"Inactive"
"590",2023-06-01,"Elia","Intervention_weekday",60,10:09:34,"5","Sitting","Resting",NA,15,0,"Inactive"
"591",2023-06-01,"Elia","Intervention_weekday",60,10:09:49,"5","Sitting","Resting",NA,30,15,"Inactive"
"592",2023-06-01,"Elia","Intervention_weekday",60,10:10:04,"5","Sitting","Resting",NA,45,30,"Inactive"
"593",2023-06-01,"Elia","Intervention_weekday",60,10:10:19,"5","Standing","Pause",NA,0,45,"Inactive"
"594",2023-06-01,"Elia","Intervention_weekday",60,10:10:34,"5","Sitting","Resting",NA,15,60,"Inactive"
"595",2023-06-01,"Elia","Intervention_weekday",60,10:10:49,"5","Sitting","Resting",NA,30,0,"Inactive"
"596",2023-06-01,"Elia","Intervention_weekday",60,10:11:04,"5","Sitting","Resting",NA,45,15,"Inactive"
"597",2023-06-01,"Elia","Intervention_weekday",60,10:11:19,"5","Sitting","Resting",NA,0,30,"Inactive"
"598",2023-06-01,"Elia","Intervention_weekday",60,10:11:34,"5","Sitting","Resting",NA,15,45,"Inactive"
"599",2023-06-01,"Elia","Intervention_weekday",60,10:11:49,"5","Sitting","Resting",NA,30,60,"Inactive"
"600",2023-06-01,"Elia","Intervention_weekday",60,10:12:04,"5","Sitting","Resting",NA,45,0,"Inactive"
"601",2023-06-01,"Elia","Intervention_weekday",60,10:12:19,"5","Sitting","Resting",NA,0,15,"Inactive"
"602",2023-06-01,"Elia","Intervention_weekday",60,10:12:34,"5","Sitting","Resting",NA,15,30,"Inactive"
"603",2023-06-01,"Elia","Intervention_weekday",60,10:12:49,"5","Sitting","Resting",NA,30,45,"Inactive"
"604",2023-06-01,"Elia","Intervention_weekday",60,10:13:04,"5","Sitting","Resting",NA,45,60,"Inactive"
"605",2023-06-01,"Elia","Intervention_weekday",60,10:13:19,"5","Sitting","Resting",NA,0,0,"Inactive"
"606",2023-06-02,"Elia","Intervention_weekday",60,09:59:43,"5","Sitting","Pause",NA,0,0,"Inactive"
"607",2023-06-02,"Elia","Intervention_weekday",60,09:59:58,"5","Sitting","Resting",NA,15,15,"Inactive"
"608",2023-06-02,"Elia","Intervention_weekday",60,10:00:13,"3","Standing","Locomotion",NA,30,30,"Active"
"609",2023-06-02,"Elia","Intervention_weekday",60,10:00:28,"5","Standing","Eating",NA,45,45,"Active"
"610",2023-06-02,"Elia","Intervention_weekday",60,10:00:43,"5","Standing","Eating",NA,0,60,"Active"
"611",2023-06-02,"Elia","Intervention_weekday",60,10:00:58,"3","Sitting","Pause",NA,15,0,"Inactive"
"612",2023-06-02,"Elia","Intervention_weekday",60,10:01:13,"3","Standing","Locomotion",NA,30,15,"Active"
"613",2023-06-02,"Elia","Intervention_weekday",60,10:01:28,"5","Standing","Eating",NA,45,30,"Active"
"614",2023-06-02,"Elia","Intervention_weekday",60,10:01:43,"5","Sitting","Grooming",NA,0,45,"Active"
"615",2023-06-02,"Elia","Intervention_weekday",60,10:01:58,"3","Sitting","Resting",NA,15,60,"Inactive"
"616",2023-06-02,"Elia","Intervention_weekday",60,10:02:13,"3","Sitting","Resting",NA,30,0,"Inactive"
"617",2023-06-02,"Elia","Intervention_weekday",60,10:02:28,"5","Sitting","Eating",NA,45,15,"Active"
"618",2023-06-02,"Elia","Intervention_weekday",60,10:02:43,"5","Sitting","Resting",NA,0,30,"Inactive"
"619",2023-06-02,"Elia","Intervention_weekday",60,10:02:58,"5","Sitting","Resting",NA,15,45,"Inactive"
"620",2023-06-02,"Elia","Intervention_weekday",60,10:03:13,"5","Sitting","Resting",NA,30,60,"Inactive"
"621",2023-06-02,"Elia","Intervention_weekday",60,10:03:28,"5","Sitting","Eating",NA,45,0,"Active"
"622",2023-06-02,"Elia","Intervention_weekday",60,10:03:43,"5","Sitting","Eating",NA,0,15,"Active"
"623",2023-06-02,"Elia","Intervention_weekday",60,10:03:58,"5","Sitting","Resting",NA,15,30,"Inactive"
"624",2023-06-02,"Elia","Intervention_weekday",60,10:04:13,"5","Sitting","Resting",NA,30,45,"Inactive"
"625",2023-06-02,"Elia","Intervention_weekday",60,10:04:28,"5","Sitting","Manipulating Object","Feeder",45,60,"Active"
"626",2023-06-02,"Elia","Intervention_weekday",60,10:04:43,"5","Sitting","Resting",NA,0,0,"Inactive"
"627",2023-06-02,"Elia","Intervention_weekday",60,10:04:58,"5","Sitting","Resting",NA,15,15,"Inactive"
"628",2023-06-02,"Elia","Intervention_weekday",60,10:05:13,"5","Sitting","Resting",NA,30,30,"Inactive"
"629",2023-06-02,"Elia","Intervention_weekday",60,10:05:28,"5","Sitting","Manipulating Object","Feeder",45,45,"Active"
"630",2023-06-02,"Elia","Intervention_weekday",60,10:05:43,"5","Sitting","Pause",NA,0,60,"Inactive"
"631",2023-06-02,"Elia","Intervention_weekday",60,10:05:58,"5","Sitting","Manipulating Object","Feeder",15,0,"Active"
"632",2023-06-02,"Elia","Intervention_weekday",60,10:06:13,"5","Sitting","Resting",NA,30,15,"Inactive"
"633",2023-06-02,"Elia","Intervention_weekday",60,10:06:28,"6","Standing","Drinking",NA,45,30,"Active"
"634",2023-06-02,"Elia","Intervention_weekday",60,10:06:43,"5","Sitting","Eating",NA,0,45,"Active"
"635",2023-06-02,"Elia","Intervention_weekday",60,10:06:58,"3","Standing","Locomotion",NA,15,60,"Active"
"636",2023-06-02,"Elia","Intervention_weekday",60,10:07:13,"3","Sitting","Resting",NA,30,0,"Inactive"
"637",2023-06-02,"Elia","Intervention_weekday",60,10:07:28,"5","Standing","Locomotion",NA,45,15,"Active"
"638",2023-06-02,"Elia","Intervention_weekday",60,10:07:43,"5","Sitting","Eating",NA,0,30,"Active"
"639",2023-06-02,"Elia","Intervention_weekday",60,10:07:58,"5","Sitting","Resting",NA,15,45,"Inactive"
"640",2023-06-02,"Elia","Intervention_weekday",60,10:08:13,"5","Sitting","Resting",NA,30,60,"Inactive"
"641",2023-06-02,"Elia","Intervention_weekday",60,10:08:28,"5","Sitting","Manipulating Object","Feeder",45,0,"Active"
"642",2023-06-02,"Elia","Intervention_weekday",60,10:08:43,"5","Sitting","Eating",NA,0,15,"Active"
"643",2023-06-02,"Elia","Intervention_weekday",60,10:08:58,"5","Sitting","Resting",NA,15,30,"Inactive"
"644",2023-06-02,"Elia","Intervention_weekday",60,10:09:13,"5","Sitting","Resting",NA,30,45,"Inactive"
"645",2023-06-02,"Elia","Intervention_weekday",60,10:09:28,"5","Sitting","Resting",NA,45,60,"Inactive"
"646",2023-06-02,"Elia","Intervention_weekday",60,10:09:43,"5","Sitting","Eating",NA,0,0,"Active"
"647",2023-06-02,"Elia","Intervention_weekday",60,10:09:58,"5","Sitting","Eating",NA,15,15,"Active"
"648",2023-06-02,"Elia","Intervention_weekday",60,10:10:13,"5","Sitting","Resting",NA,30,30,"Inactive"
"649",2023-06-02,"Elia","Intervention_weekday",60,10:10:28,"5","Sitting","Resting",NA,45,45,"Inactive"
"650",2023-06-02,"Elia","Intervention_weekday",60,10:10:43,"5","Sitting","Eating",NA,0,60,"Active"
"651",2023-06-02,"Elia","Intervention_weekday",60,10:10:58,"5","Sitting","Resting",NA,15,0,"Inactive"
"652",2023-06-02,"Elia","Intervention_weekday",60,10:11:13,"5","Sitting","Resting",NA,30,15,"Inactive"
"653",2023-06-02,"Elia","Intervention_weekday",60,10:11:28,"5","Sitting","Resting",NA,45,30,"Inactive"
"654",2023-06-02,"Elia","Intervention_weekday",60,10:11:43,"5","Sitting","Eating",NA,0,45,"Active"
"655",2023-06-02,"Elia","Intervention_weekday",60,10:11:58,"5","Sitting","Resting",NA,15,60,"Inactive"
"656",2023-06-02,"Elia","Intervention_weekday",60,10:12:13,"5","Sitting","Resting",NA,30,0,"Inactive"
"657",2023-06-02,"Elia","Intervention_weekday",60,10:12:28,"5","Sitting","Resting",NA,45,15,"Inactive"
"658",2023-06-02,"Elia","Intervention_weekday",60,10:12:43,"5","Sitting","Eating",NA,0,30,"Active"
"659",2023-06-02,"Elia","Intervention_weekday",60,10:12:58,"5","Sitting","Resting",NA,15,45,"Inactive"
"660",2023-06-02,"Elia","Intervention_weekday",60,10:13:13,"5","Sitting","Resting",NA,30,60,"Inactive"
"661",2023-06-02,"Elia","Intervention_weekday",60,10:13:28,"5","Sitting","Resting",NA,45,0,"Inactive"
"662",2023-06-02,"Elia","Intervention_weekday",60,10:13:43,"5","Sitting","Eating",NA,0,15,"Active"
"663",2023-06-02,"Elia","Intervention_weekday",60,10:13:58,"5","Sitting","Resting",NA,15,30,"Inactive"
"664",2023-06-02,"Elia","Intervention_weekday",60,10:14:13,"3","Standing","Locomotion",NA,30,45,"Active"
"665",2023-06-02,"Elia","Intervention_weekday",60,10:14:28,"3","Sitting","Resting",NA,45,60,"Inactive"
"666",2023-06-02,"Elia","Intervention_weekday",60,10:14:43,"5","Sitting","Resting",NA,0,0,"Inactive"
"667",2023-06-30,"Elia","Intervention_weekday",180,08:46:00,"5","Sitting","Resting",NA,0,0,"Inactive"
"668",2023-06-30,"Elia","Intervention_weekday",180,08:46:15,"5","Sitting","Resting",NA,15,15,"Inactive"
"669",2023-06-30,"Elia","Intervention_weekday",180,08:46:30,"5","Sitting","Resting",NA,30,30,"Inactive"
"670",2023-06-30,"Elia","Intervention_weekday",180,08:46:45,"5","Sitting","Resting",NA,45,45,"Inactive"
"671",2023-06-30,"Elia","Intervention_weekday",180,08:47:00,"5","Sitting","Resting",NA,0,60,"Inactive"
"672",2023-06-30,"Elia","Intervention_weekday",180,08:47:15,"5","Sitting","Resting",NA,15,75,"Inactive"
"673",2023-06-30,"Elia","Intervention_weekday",180,08:47:30,"5","Sitting","Resting",NA,30,90,"Inactive"
"674",2023-06-30,"Elia","Intervention_weekday",180,08:47:45,"5","Sitting","Resting",NA,45,105,"Inactive"
"675",2023-06-30,"Elia","Intervention_weekday",180,08:48:00,"5","Sitting","Resting",NA,0,120,"Inactive"
"676",2023-06-30,"Elia","Intervention_weekday",180,08:48:15,"5","Sitting","Resting",NA,15,135,"Inactive"
"677",2023-06-30,"Elia","Intervention_weekday",180,08:48:30,"5","Sitting","Resting",NA,30,150,"Inactive"
"678",2023-06-30,"Elia","Intervention_weekday",180,08:48:45,"5","Standing","Eating",NA,45,165,"Active"
"679",2023-06-30,"Elia","Intervention_weekday",180,08:49:00,"5","Sitting","Resting",NA,0,180,"Inactive"
"680",2023-06-30,"Elia","Intervention_weekday",180,08:49:15,"6","Sitting","Drinking",NA,15,0,"Active"
"681",2023-06-30,"Elia","Intervention_weekday",180,08:49:30,"Fence","Other","Locomotion","Fencing",30,15,"Active"
"682",2023-06-30,"Elia","Intervention_weekday",180,08:49:45,"3","Standing","Locomotion",NA,45,30,"Active"
"683",2023-06-30,"Elia","Intervention_weekday",180,08:50:00,"5","Standing","Pause",NA,0,45,"Inactive"
"684",2023-06-30,"Elia","Intervention_weekday",180,08:50:15,"5","Sitting","Resting",NA,15,60,"Inactive"
"685",2023-06-30,"Elia","Intervention_weekday",180,08:50:30,"5","Sitting","Resting",NA,30,75,"Inactive"
"686",2023-06-30,"Elia","Intervention_weekday",180,08:50:45,"5","Sitting","Resting",NA,45,90,"Inactive"
"687",2023-06-30,"Elia","Intervention_weekday",180,08:51:00,"5","Sitting","Resting",NA,0,105,"Inactive"
"688",2023-06-30,"Elia","Intervention_weekday",180,08:51:15,"5","Sitting","Resting",NA,15,120,"Inactive"
"689",2023-06-30,"Elia","Intervention_weekday",180,08:51:30,"5","Sitting","Resting",NA,30,135,"Inactive"
"690",2023-06-30,"Elia","Intervention_weekday",180,08:51:45,"5","Sitting","Grooming",NA,45,150,"Active"
"691",2023-06-30,"Elia","Intervention_weekday",180,08:52:00,"5","Sitting","Resting",NA,0,165,"Inactive"
"692",2023-06-30,"Elia","Intervention_weekday",180,08:52:15,"5","Sitting","Resting",NA,15,180,"Inactive"
"693",2023-06-30,"Elia","Intervention_weekday",180,08:52:30,"5","Sitting","Resting",NA,30,0,"Inactive"
"694",2023-06-30,"Elia","Intervention_weekday",180,08:52:45,"5","Sitting","Resting",NA,45,15,"Inactive"
"695",2023-06-30,"Elia","Intervention_weekday",180,08:53:00,"5","Sitting","Resting",NA,0,30,"Inactive"
"696",2023-06-30,"Elia","Intervention_weekday",180,08:53:15,"5","Sitting","Resting",NA,15,45,"Inactive"
"697",2023-06-30,"Elia","Intervention_weekday",180,08:53:30,"5","Sitting","Resting",NA,30,60,"Inactive"
"698",2023-06-30,"Elia","Intervention_weekday",180,08:53:45,"5","Sitting","Resting",NA,45,75,"Inactive"
"699",2023-06-30,"Elia","Intervention_weekday",180,08:54:00,"5","Sitting","Resting",NA,0,90,"Inactive"
"700",2023-06-30,"Elia","Intervention_weekday",180,08:54:15,"5","Sitting","Resting",NA,15,105,"Inactive"
"701",2023-06-30,"Elia","Intervention_weekday",180,08:54:30,"5","Sitting","Resting",NA,30,120,"Inactive"
"702",2023-06-30,"Elia","Intervention_weekday",180,08:54:45,"5","Sitting","Eating",NA,45,135,"Active"
"703",2023-06-30,"Elia","Intervention_weekday",180,08:55:00,"6","Standing","Locomotion",NA,0,150,"Active"
"704",2023-06-30,"Elia","Intervention_weekday",180,08:55:15,"6","Sitting","Drinking",NA,15,165,"Active"
"705",2023-06-30,"Elia","Intervention_weekday",180,08:55:30,"6","Sitting","Drinking",NA,30,180,"Active"
"706",2023-06-30,"Elia","Intervention_weekday",180,08:55:45,"5","Sitting","Resting",NA,45,0,"Inactive"
"707",2023-06-30,"Elia","Intervention_weekday",180,08:56:00,"5","Sitting","Resting",NA,0,15,"Inactive"
"708",2023-06-30,"Elia","Intervention_weekday",180,08:56:15,"5","Sitting","Grooming",NA,15,30,"Active"
"709",2023-06-30,"Elia","Intervention_weekday",180,08:56:30,"5","Sitting","Grooming",NA,30,45,"Active"
"710",2023-06-30,"Elia","Intervention_weekday",180,08:56:45,"5","Sitting","Grooming",NA,45,60,"Active"
"711",2023-06-30,"Elia","Intervention_weekday",180,08:57:00,"5","Sitting","Pause",NA,0,75,"Inactive"
"712",2023-06-30,"Elia","Intervention_weekday",180,08:57:15,"3","Sitting","Grooming",NA,15,90,"Active"
"713",2023-06-30,"Elia","Intervention_weekday",180,08:57:30,"5","Sitting","Grooming",NA,30,105,"Active"
"714",2023-06-30,"Elia","Intervention_weekday",180,08:57:45,"5","Sitting","Resting",NA,45,120,"Inactive"
"715",2023-06-30,"Elia","Intervention_weekday",180,08:58:00,"5","Sitting","Resting",NA,0,135,"Inactive"
"716",2023-06-30,"Elia","Intervention_weekday",180,08:58:15,"5","Sitting","Resting",NA,15,150,"Inactive"
"717",2023-06-30,"Elia","Intervention_weekday",180,08:58:30,"5","Sitting","Resting",NA,30,165,"Inactive"
"718",2023-06-30,"Elia","Intervention_weekday",180,08:58:45,"5","Sitting","Resting",NA,45,180,"Inactive"
"719",2023-06-30,"Elia","Intervention_weekday",180,08:59:00,"5","Sitting","Resting",NA,0,0,"Inactive"
"720",2023-06-30,"Elia","Intervention_weekday",180,08:59:15,"5","Sitting","Resting",NA,15,15,"Inactive"
"721",2023-06-30,"Elia","Intervention_weekday",180,08:59:30,"5","Sitting","Resting",NA,30,30,"Inactive"
"722",2023-06-30,"Elia","Intervention_weekday",180,08:59:45,"5","Sitting","Resting",NA,45,45,"Inactive"
"723",2023-06-30,"Elia","Intervention_weekday",180,09:00:00,"2","Sitting","Resting",NA,0,60,"Inactive"
"724",2023-06-30,"Elia","Intervention_weekday",180,09:00:15,"6","Sitting","Drinking",NA,15,75,"Active"
"725",2023-06-30,"Elia","Intervention_weekday",180,09:00:30,"6","Sitting","Drinking",NA,30,90,"Active"
"726",2023-06-30,"Elia","Intervention_weekday",180,09:00:45,"6","Sitting","Drinking",NA,45,105,"Active"
"727",2023-06-30,"Elia","Intervention_weekday",180,09:01:00,"5","Sitting","Eating",NA,0,120,"Active"
"728",2023-10-19,"Bernie","Intervention Weekday",120,08:54:02,"6","Sitting","Eating",NA,0,0,"Active"
"729",2023-10-19,"Bernie","Intervention Weekday",120,08:54:17,"5","Rearing","Locomotion","Outside Object",15,15,"Active"
"730",2023-10-19,"Bernie","Intervention Weekday",120,08:54:32,"6","Standing","Locomotion",NA,30,30,"Active"
"731",2023-10-19,"Bernie","Intervention Weekday",120,08:54:47,"6","Standing","Locomotion",NA,45,45,"Active"
"732",2023-10-19,"Bernie","Intervention Weekday",120,08:55:02,"5","Rearing","Locomotion","Outside Object",0,60,"Active"
"733",2023-10-19,"Bernie","Intervention Weekday",120,08:55:17,"2","Standing","Locomotion",NA,15,75,"Active"
"734",2023-10-19,"Bernie","Intervention Weekday",120,08:55:32,"2","Standing","Locomotion",NA,30,90,"Active"
"735",2023-10-19,"Bernie","Intervention Weekday",120,08:55:47,"6","Standing","Locomotion",NA,45,105,"Active"
"736",2023-10-19,"Bernie","Intervention Weekday",120,08:56:02,"6","Standing","Locomotion",NA,0,120,"Active"
"737",2023-10-19,"Bernie","Intervention Weekday",120,08:56:17,"6","Standing","Eating",NA,15,0,"Active"
"738",2023-10-19,"Bernie","Intervention Weekday",120,08:56:32,"6","Standing","Eating",NA,30,15,"Active"
"739",2023-10-19,"Bernie","Intervention Weekday",120,08:56:47,"5","Standing","Eating",NA,45,30,"Active"
"740",2023-10-19,"Bernie","Intervention Weekday",120,08:57:02,"5","Rearing","Locomotion","Outside Object",0,45,"Active"
"741",2023-10-19,"Bernie","Intervention Weekday",120,08:57:17,"5","Standing","Locomotion",NA,15,60,"Active"
"742",2023-10-19,"Bernie","Intervention Weekday",120,08:57:32,"Shelf","Standing","Locomotion",NA,30,75,"Active"
"743",2023-10-19,"Bernie","Intervention Weekday",120,08:57:47,"Fence","Other","Locomotion","Outside Object",45,90,"Active"
"744",2023-10-19,"Bernie","Intervention Weekday",120,08:58:02,"Fence","Other","Locomotion","Outside Object",0,105,"Active"
"745",2023-10-19,"Bernie","Intervention Weekday",120,08:58:17,"1","Standing","Locomotion",NA,15,120,"Active"
"746",2023-10-19,"Bernie","Intervention Weekday",120,08:58:32,"5","Rearing","Locomotion",NA,30,0,"Active"
"747",2023-10-19,"Bernie","Intervention Weekday",120,08:58:47,"6","Sitting","Eating",NA,45,15,"Active"
"748",2023-10-19,"Bernie","Intervention Weekday",120,08:59:02,"6","Sitting","Pause",NA,0,30,"Inactive"
"749",2023-10-19,"Bernie","Intervention Weekday",120,08:59:17,"1","Standing","Locomotion",NA,15,45,"Active"
"750",2023-10-19,"Bernie","Intervention Weekday",120,08:59:32,"6","Sitting","Pause",NA,30,60,"Inactive"
"751",2023-10-19,"Bernie","Intervention Weekday",120,08:59:47,"6","Sitting","Eating",NA,45,75,"Active"
"752",2023-10-19,"Bernie","Intervention Weekday",120,09:00:02,"5","Standing","Pace",NA,0,90,"Pace"
"753",2023-10-19,"Bernie","Intervention Weekday",120,09:00:17,"Shelf","Lying Down","Resting",NA,15,105,"Inactive"
"754",2023-10-19,"Bernie","Intervention Weekday",120,09:00:32,"6","Sitting","Eating",NA,30,120,"Active"
"755",2023-10-19,"Bernie","Intervention Weekday",120,09:00:47,"6","Sitting","Pause",NA,45,0,"Inactive"
"756",2023-10-19,"Bernie","Intervention Weekday",120,09:01:02,"6","Sitting","Pause",NA,0,15,"Inactive"
"757",2023-10-19,"Bernie","Intervention Weekday",120,09:01:17,"Shelf","Lying Down","Resting",NA,15,30,"Inactive"
"758",2023-10-19,"Bernie","Intervention Weekday",120,09:01:32,"Shelf","Lying Down","Resting",NA,30,45,"Inactive"
"759",2023-10-19,"Bernie","Intervention Weekday",120,09:01:47,"Shelf","Lying Down","Resting",NA,45,60,"Inactive"
"760",2023-10-19,"Bernie","Intervention Weekday",120,09:02:02,"Shelf","Lying Down","Resting",NA,0,75,"Inactive"
"761",2023-10-19,"Bernie","Intervention Weekday",120,09:02:17,"Shelf","Lying Down","Resting",NA,15,90,"Inactive"
"762",2023-10-19,"Bernie","Intervention Weekday",120,09:02:32,"6","Sitting","Eating",NA,30,105,"Active"
"763",2023-10-19,"Bernie","Intervention Weekday",120,09:02:47,"3","Standing","Locomotion",NA,45,120,"Active"
"764",2023-10-19,"Bernie","Intervention Weekday",120,09:03:02,"6","Sitting","Eating",NA,0,0,"Active"
"765",2023-10-19,"Bernie","Intervention Weekday",120,09:03:17,"6","Sitting","Eating",NA,15,15,"Active"
"766",2023-10-19,"Bernie","Intervention Weekday",120,09:03:32,"Out of View","Out of View","Out of View",NA,30,30,"OutofView"
"767",2023-10-19,"Bernie","Intervention Weekday",120,09:03:47,"Shelf","Lying Down","Resting",NA,45,45,"Inactive"
"768",2023-10-19,"Bernie","Intervention Weekday",120,09:04:02,"Shelf","Lying Down","Resting",NA,0,60,"Inactive"
"769",2023-10-19,"Bernie","Intervention Weekday",120,09:04:17,"Shelf","Lying Down","Resting",NA,15,75,"Inactive"
"770",2023-10-19,"Bernie","Intervention Weekday",120,09:04:32,"6","Sitting","Eating",NA,30,90,"Active"
"771",2023-10-19,"Bernie","Intervention Weekday",120,09:04:47,"6","Sitting","Eating",NA,45,105,"Active"
"772",2023-10-19,"Bernie","Intervention Weekday",120,09:05:02,"6","Sitting","Manipulating Object","Feeder",0,120,"Active"
"773",2023-10-19,"Bernie","Intervention Weekday",120,09:05:17,"6","Standing","Locomotion",NA,15,0,"Active"
"774",2023-10-19,"Bernie","Intervention Weekday",120,09:05:32,"Shelf","Out of View","Out of View",NA,30,15,"OutofView"
"775",2023-10-19,"Bernie","Intervention Weekday",120,09:05:47,"Shelf","Lying Down","Resting",NA,45,30,"Inactive"
"776",2023-10-19,"Bernie","Intervention Weekday",120,09:06:02,"Shelf","Lying Down","Resting",NA,0,45,"Inactive"
"777",2023-10-19,"Bernie","Intervention Weekday",120,09:06:17,"Out of View","Out of View","Out of View",NA,15,60,"OutofView"
"778",2023-10-19,"Bernie","Intervention Weekday",120,09:06:32,"6","Standing","Locomotion",NA,30,75,"Active"
"779",2023-10-19,"Bernie","Intervention Weekday",120,09:06:47,"2","Sitting","Grooming",NA,45,90,"Active"
"780",2023-10-19,"Bernie","Intervention Weekday",120,09:07:02,"2","Sitting","Grooming",NA,0,105,"Active"
"781",2023-10-19,"Bernie","Intervention Weekday",120,09:07:17,"2","Sitting","Grooming",NA,15,120,"Active"
"782",2023-10-19,"Bernie","Intervention Weekday",120,09:07:32,"6","Sitting","Resting",NA,30,0,"Inactive"
"783",2023-10-19,"Bernie","Intervention Weekday",120,09:07:47,"3","Standing","Locomotion",NA,45,15,"Active"
"784",2023-10-19,"Bernie","Intervention Weekday",120,09:08:02,"3","Standing","Locomotion",NA,0,30,"Active"
"785",2023-10-19,"Bernie","Intervention Weekday",120,09:08:17,"5","Standing","Locomotion",NA,15,45,"Active"
"786",2023-10-19,"Bernie","Intervention Weekday",120,09:08:32,"6","Sitting","Eating",NA,30,60,"Active"
"787",2023-11-03,"Bernie","Intervention Weekday",180,09:21:35,"Shelf","Lying Down","Resting",NA,0,0,"Inactive"
"788",2023-11-03,"Bernie","Intervention Weekday",180,09:21:50,"Shelf","Lying Down","Resting",NA,15,15,"Inactive"
"789",2023-11-03,"Bernie","Intervention Weekday",180,09:22:05,"5","Sitting","Eating",NA,30,30,"Active"
"790",2023-11-03,"Bernie","Intervention Weekday",180,09:22:20,"5","Sitting","Eating",NA,45,45,"Active"
"791",2023-11-03,"Bernie","Intervention Weekday",180,09:22:35,"5","Sitting","Eating",NA,0,60,"Active"
"792",2023-11-03,"Bernie","Intervention Weekday",180,09:22:50,"6","Standing","Locomotion",NA,15,75,"Active"
"793",2023-11-03,"Bernie","Intervention Weekday",180,09:23:05,"Fence","Standing","Locomotion",NA,30,90,"Active"
"794",2023-11-03,"Bernie","Intervention Weekday",180,09:23:20,"5","Sitting","Drinking",NA,45,105,"Active"
"795",2023-11-03,"Bernie","Intervention Weekday",180,09:23:35,"5","Sitting","Pause",NA,0,120,"Inactive"
"796",2023-11-03,"Bernie","Intervention Weekday",180,09:23:50,"5","Sitting","Drinking",NA,15,135,"Active"
"797",2023-11-03,"Bernie","Intervention Weekday",180,09:24:05,"5","Sitting","Drinking",NA,30,150,"Active"
"798",2023-11-03,"Bernie","Intervention Weekday",180,09:24:20,"5","Sitting","Drinking",NA,45,165,"Active"
"799",2023-11-03,"Bernie","Intervention Weekday",180,09:24:35,"3","Standing","Locomotion",NA,0,180,"Active"
"800",2023-11-03,"Bernie","Intervention Weekday",180,09:24:50,"Shelf","Out of View","Out of View",NA,15,0,"OutofView"
"801",2023-11-03,"Bernie","Intervention Weekday",180,09:25:05,"Shelf","Out of View","Out of View",NA,30,15,"OutofView"
"802",2023-11-03,"Bernie","Intervention Weekday",180,09:25:20,"Shelf","Lying Down","Resting",NA,45,30,"Inactive"
"803",2023-11-03,"Bernie","Intervention Weekday",180,09:25:35,"5","Standing","Locomotion",NA,0,45,"Active"
"804",2023-11-03,"Bernie","Intervention Weekday",180,09:25:50,"5","Sitting","Eating",NA,15,60,"Active"
"805",2023-11-03,"Bernie","Intervention Weekday",180,09:26:05,"5","Sitting","Eating",NA,30,75,"Active"
"806",2023-11-03,"Bernie","Intervention Weekday",180,09:26:20,"5","Sitting","Eating",NA,45,90,"Active"
"807",2023-11-03,"Bernie","Intervention Weekday",180,09:26:35,"5","Sitting","Eating",NA,0,105,"Active"
"808",2023-11-03,"Bernie","Intervention Weekday",180,09:26:50,"3","Standing","Locomotion",NA,15,120,"Active"
"809",2023-11-03,"Bernie","Intervention Weekday",180,09:27:05,"1","Out of View","Out of View",NA,30,135,"OutofView"
"810",2023-11-03,"Bernie","Intervention Weekday",180,09:27:20,"5","Standing","Pause",NA,45,150,"Inactive"
"811",2023-11-03,"Bernie","Intervention Weekday",180,09:27:35,"5","Rearing","Pause",NA,0,165,"Inactive"
"812",2023-11-03,"Bernie","Intervention Weekday",180,09:27:50,"3","Standing","Locomotion",NA,15,180,"Active"
"813",2023-11-03,"Bernie","Intervention Weekday",180,09:28:05,"6","Standing","Locomotion",NA,30,0,"Active"
"814",2023-11-03,"Bernie","Intervention Weekday",180,09:28:20,"Shelf","Out of View","Out of View",NA,45,15,"OutofView"
"815",2023-11-03,"Bernie","Intervention Weekday",180,09:28:35,"Shelf","Lying Down","Resting",NA,0,30,"Inactive"
"816",2023-11-03,"Bernie","Intervention Weekday",180,09:28:50,"Shelf","Lying Down","Resting",NA,15,45,"Inactive"
"817",2023-11-03,"Bernie","Intervention Weekday",180,09:29:05,"Shelf","Lying Down","Resting",NA,30,60,"Inactive"
"818",2023-11-03,"Bernie","Intervention Weekday",180,09:29:20,"Shelf","Lying Down","Resting",NA,45,75,"Inactive"
"819",2023-11-03,"Bernie","Intervention Weekday",180,09:29:35,"Shelf","Lying Down","Resting",NA,0,90,"Inactive"
"820",2023-11-03,"Bernie","Intervention Weekday",180,09:29:50,"6","Standing","Locomotion",NA,15,105,"Active"
"821",2023-11-03,"Bernie","Intervention Weekday",180,09:30:05,"Fence","Standing","Locomotion",NA,30,120,"Active"
"822",2023-11-03,"Bernie","Intervention Weekday",180,09:30:20,"5","Standing","Locomotion",NA,45,135,"Active"
"823",2023-11-03,"Bernie","Intervention Weekday",180,09:30:35,"5","Standing","Locomotion",NA,0,150,"Active"
"824",2023-11-03,"Bernie","Intervention Weekday",180,09:30:50,"5","Standing","Locomotion",NA,15,165,"Active"
"825",2023-11-03,"Bernie","Intervention Weekday",180,09:31:05,"1","Out of View","Out of View",NA,30,180,"OutofView"
"826",2023-11-03,"Bernie","Intervention Weekday",180,09:31:20,"Shelf","Lying Down","Resting",NA,45,0,"Inactive"
"827",2023-11-03,"Bernie","Intervention Weekday",180,09:31:35,"Shelf","Lying Down","Resting",NA,0,15,"Inactive"
"828",2023-11-03,"Bernie","Intervention Weekday",180,09:31:50,"Shelf","Lying Down","Resting",NA,15,30,"Inactive"
"829",2023-11-03,"Bernie","Intervention Weekday",180,09:32:05,"Shelf","Lying Down","Resting",NA,30,45,"Inactive"
"830",2023-11-03,"Bernie","Intervention Weekday",180,09:32:20,"Shelf","Lying Down","Resting",NA,45,60,"Inactive"
"831",2023-11-03,"Bernie","Intervention Weekday",180,09:32:35,"Shelf","Lying Down","Resting",NA,0,75,"Inactive"
"832",2023-11-03,"Bernie","Intervention Weekday",180,09:32:50,"Shelf","Lying Down","Resting",NA,15,90,"Inactive"
"833",2023-11-03,"Bernie","Intervention Weekday",180,09:33:05,"Shelf","Lying Down","Resting",NA,30,105,"Inactive"
"834",2023-11-03,"Bernie","Intervention Weekday",180,09:33:20,"Shelf","Lying Down","Resting",NA,45,120,"Inactive"
"835",2023-11-03,"Bernie","Intervention Weekday",180,09:33:35,"Shelf","Lying Down","Resting",NA,0,135,"Inactive"
"836",2023-11-03,"Bernie","Intervention Weekday",180,09:33:50,"5","Standing","Locomotion",NA,15,150,"Active"
"837",2023-11-03,"Bernie","Intervention Weekday",180,09:34:05,"Fence","Standing","Pause",NA,30,165,"Inactive"
"838",2023-11-03,"Bernie","Intervention Weekday",180,09:34:20,"1","Standing","Locomotion",NA,45,180,"Active"
"839",2023-11-03,"Bernie","Intervention Weekday",180,09:34:35,"Shelf","Standing","Pause",NA,0,0,"Inactive"
"840",2023-11-03,"Bernie","Intervention Weekday",180,09:34:50,"Shelf","Sitting","Resting",NA,15,15,"Inactive"
"841",2023-11-03,"Bernie","Intervention Weekday",180,09:35:05,"Shelf","Sitting","Resting",NA,30,30,"Inactive"
"842",2023-11-03,"Bernie","Intervention Weekday",180,09:35:20,"Shelf","Sitting","Resting",NA,45,45,"Inactive"
"843",2023-11-03,"Bernie","Intervention Weekday",180,09:35:35,"Shelf","Sitting","Resting",NA,0,60,"Inactive"
"844",2023-11-03,"Bernie","Intervention Weekday",180,09:35:50,"Shelf","Sitting","Resting",NA,15,75,"Inactive"
"845",2023-11-03,"Bernie","Intervention Weekday",180,09:36:05,"Shelf","Sitting","Resting",NA,30,90,"Inactive"
"846",2023-11-16,"Bernie","Intervention Weekday",240,09:53:38,"Shelf","Lying Down","Resting",NA,0,0,"Inactive"
"847",2023-11-16,"Bernie","Intervention Weekday",240,09:53:53,"Shelf","Lying Down","Resting",NA,15,15,"Inactive"
"848",2023-11-16,"Bernie","Intervention Weekday",240,09:54:08,"Shelf","Lying Down","Resting",NA,30,30,"Inactive"
"849",2023-11-16,"Bernie","Intervention Weekday",240,09:54:23,"Shelf","Lying Down","Resting",NA,45,45,"Inactive"
"850",2023-11-16,"Bernie","Intervention Weekday",240,09:54:38,"6","Standing","Locomotion",NA,0,60,"Active"
"851",2023-11-16,"Bernie","Intervention Weekday",240,09:54:53,"6","Rearing","Locomotion",NA,15,75,"Active"
"852",2023-11-16,"Bernie","Intervention Weekday",240,09:55:08,"6","Rearing","Locomotion",NA,30,90,"Active"
"853",2023-11-16,"Bernie","Intervention Weekday",240,09:55:23,"4","Standing","Locomotion",NA,45,105,"Active"
"854",2023-11-16,"Bernie","Intervention Weekday",240,09:55:38,"6","Standing","Locomotion",NA,0,120,"Active"
"855",2023-11-16,"Bernie","Intervention Weekday",240,09:55:53,"Fence","Standing","Pause",NA,15,135,"Inactive"
"856",2023-11-16,"Bernie","Intervention Weekday",240,09:56:08,"4","Standing","Locomotion",NA,30,150,"Active"
"857",2023-11-16,"Bernie","Intervention Weekday",240,09:56:23,"6","Rearing","Locomotion",NA,45,165,"Active"
"858",2023-11-16,"Bernie","Intervention Weekday",240,09:56:38,"6","Rearing","Locomotion",NA,0,180,"Active"
"859",2023-11-16,"Bernie","Intervention Weekday",240,09:56:53,"Fence","Standing","Locomotion",NA,15,195,"Active"
"860",2023-11-16,"Bernie","Intervention Weekday",240,09:57:08,"6","Standing","Locomotion",NA,30,210,"Active"
"861",2023-11-16,"Bernie","Intervention Weekday",240,09:57:23,"Shelf","Sitting","Resting",NA,45,225,"Inactive"
"862",2023-11-16,"Bernie","Intervention Weekday",240,09:57:38,"6","Standing","Locomotion",NA,0,240,"Active"
"863",2023-11-16,"Bernie","Intervention Weekday",240,09:57:53,"1","Standing","Locomotion",NA,15,0,"Active"
"864",2023-11-16,"Bernie","Intervention Weekday",240,09:58:08,"Shelf","Out of View","Out of View",NA,30,15,"OutofView"
"865",2023-11-16,"Bernie","Intervention Weekday",240,09:58:23,"Fence","Standing","Locomotion",NA,45,30,"Active"
"866",2023-11-16,"Bernie","Intervention Weekday",240,09:58:38,"5","Rearing","Locomotion",NA,0,45,"Active"
"867",2023-11-16,"Bernie","Intervention Weekday",240,09:58:53,"5","Rearing","Locomotion",NA,15,60,"Active"
"868",2023-11-16,"Bernie","Intervention Weekday",240,09:59:08,"2","Standing","Locomotion",NA,30,75,"Active"
"869",2023-11-16,"Bernie","Intervention Weekday",240,09:59:23,"Shelf","Sitting","Resting",NA,45,90,"Inactive"
"870",2023-11-16,"Bernie","Intervention Weekday",240,09:59:38,"6","Rearing","Pause",NA,0,105,"Inactive"
"871",2023-11-16,"Bernie","Intervention Weekday",240,09:59:53,"6","Standing","Locomotion",NA,15,120,"Active"
"872",2023-11-16,"Bernie","Intervention Weekday",240,10:00:08,"6","Rearing","Locomotion",NA,30,135,"Active"
"873",2023-11-16,"Bernie","Intervention Weekday",240,10:00:23,"Shelf","Sitting","Resting",NA,45,150,"Inactive"
"874",2023-11-16,"Bernie","Intervention Weekday",240,10:00:38,"Shelf","Sitting","Resting",NA,0,165,"Inactive"
"875",2023-11-16,"Bernie","Intervention Weekday",240,10:00:53,"Fence","Standing","Locomotion",NA,15,180,"Active"
"876",2023-11-16,"Bernie","Intervention Weekday",240,10:01:08,"Fence","Standing","Locomotion",NA,30,195,"Active"
"877",2023-11-16,"Bernie","Intervention Weekday",240,10:01:23,"Shelf","Standing","Locomotion",NA,45,210,"Active"
"878",2023-11-16,"Bernie","Intervention Weekday",240,10:01:38,"Shelf","Sitting","Resting",NA,0,225,"Inactive"
"879",2023-11-16,"Bernie","Intervention Weekday",240,10:01:53,"Shelf","Sitting","Resting",NA,15,240,"Inactive"
"880",2023-11-16,"Bernie","Intervention Weekday",240,10:02:08,"Shelf","Lying Down","Resting",NA,30,0,"Inactive"
"881",2023-11-16,"Bernie","Intervention Weekday",240,10:02:23,"Shelf","Lying Down","Resting",NA,45,15,"Inactive"
"882",2023-11-16,"Bernie","Intervention Weekday",240,10:02:38,"Shelf","Lying Down","Resting",NA,0,30,"Inactive"
"883",2023-11-16,"Bernie","Intervention Weekday",240,10:02:53,"Shelf","Lying Down","Resting",NA,15,45,"Inactive"
"884",2023-11-16,"Bernie","Intervention Weekday",240,10:03:08,"Shelf","Lying Down","Resting",NA,30,60,"Inactive"
"885",2023-11-16,"Bernie","Intervention Weekday",240,10:03:23,"Shelf","Out of View","Out of View",NA,45,75,"OutofView"
"886",2023-11-16,"Bernie","Intervention Weekday",240,10:03:38,"Shelf","Sitting","Resting",NA,0,90,"Inactive"
"887",2023-11-16,"Bernie","Intervention Weekday",240,10:03:53,"Shelf","Sitting","Resting",NA,15,105,"Inactive"
"888",2023-11-16,"Bernie","Intervention Weekday",240,10:04:08,"6","Rearing","Pause",NA,30,120,"Inactive"
"889",2023-11-16,"Bernie","Intervention Weekday",240,10:04:23,"Fence","Standing","Pause",NA,45,135,"Inactive"
"890",2023-11-16,"Bernie","Intervention Weekday",240,10:04:38,"6","Sitting","Eating",NA,0,150,"Active"
"891",2023-11-16,"Bernie","Intervention Weekday",240,10:04:53,"6","Sitting","Eating",NA,15,165,"Active"
"892",2023-11-16,"Bernie","Intervention Weekday",240,10:05:08,"6","Sitting","Eating",NA,30,180,"Active"
"893",2023-11-16,"Bernie","Intervention Weekday",240,10:05:23,"6","Sitting","Eating",NA,45,195,"Active"
"894",2023-11-16,"Bernie","Intervention Weekday",240,10:05:38,"6","Sitting","Eating",NA,0,210,"Active"
"895",2023-11-16,"Bernie","Intervention Weekday",240,10:05:53,"6","Sitting","Eating",NA,15,225,"Active"
"896",2023-11-16,"Bernie","Intervention Weekday",240,10:06:08,"6","Sitting","Eating",NA,30,240,"Active"
"897",2023-11-16,"Bernie","Intervention Weekday",240,10:06:23,"6","Sitting","Pause",NA,45,0,"Inactive"
"898",2023-11-16,"Bernie","Intervention Weekday",240,10:06:38,"Fence","Standing","Locomotion",NA,0,15,"Active"
"899",2023-11-16,"Bernie","Intervention Weekday",240,10:06:53,"6","Standing","Locomotion",NA,15,30,"Active"
"900",2023-11-16,"Bernie","Intervention Weekday",240,10:07:08,"6","Sitting","Drinking",NA,30,45,"Active"
"901",2023-11-16,"Bernie","Intervention Weekday",240,10:07:23,"Fence","Standing","Pause",NA,45,60,"Inactive"
"902",2023-11-16,"Bernie","Intervention Weekday",240,10:07:38,"6","Sitting","Drinking",NA,0,75,"Active"
"903",2023-11-16,"Bernie","Intervention Weekday",240,10:07:53,"6","Rearing","Locomotion",NA,15,90,"Active"
"904",2023-11-16,"Bernie","Intervention Weekday",240,10:08:08,"6","Standing","Locomotion",NA,30,105,"Active"
"905",2023-12-01,"Bernie","Intervention Weekday",300,10:13:35,"5","Sitting","Eating",NA,0,0,"Active"
"906",2023-12-01,"Bernie","Intervention Weekday",300,10:13:50,"6","Rearing","Pause",NA,15,15,"Inactive"
"907",2023-12-01,"Bernie","Intervention Weekday",300,10:14:05,"6","Rearing","Pause",NA,30,30,"Inactive"
"908",2023-12-01,"Bernie","Intervention Weekday",300,10:14:20,"Fence","Standing","Locomotion",NA,45,45,"Active"
"909",2023-12-01,"Bernie","Intervention Weekday",300,10:14:35,"Shelf","Sitting","Resting",NA,0,60,"Inactive"
"910",2023-12-01,"Bernie","Intervention Weekday",300,10:14:50,"Shelf","Sitting","Resting",NA,15,75,"Inactive"
"911",2023-12-01,"Bernie","Intervention Weekday",300,10:15:05,"6","Rearing","Locomotion",NA,30,90,"Active"
"912",2023-12-01,"Bernie","Intervention Weekday",300,10:15:20,"Fence","Standing","Pause",NA,45,105,"Inactive"
"913",2023-12-01,"Bernie","Intervention Weekday",300,10:15:35,"Shelf","Sitting","Resting",NA,0,120,"Inactive"
"914",2023-12-01,"Bernie","Intervention Weekday",300,10:15:50,"Shelf","Lying Down","Resting",NA,15,135,"Inactive"
"915",2023-12-01,"Bernie","Intervention Weekday",300,10:16:05,"Shelf","Lying Down","Resting",NA,30,150,"Inactive"
"916",2023-12-01,"Bernie","Intervention Weekday",300,10:16:20,"Shelf","Lying Down","Resting",NA,45,165,"Inactive"
"917",2023-12-01,"Bernie","Intervention Weekday",300,10:16:35,"Shelf","Lying Down","Resting",NA,0,180,"Inactive"
"918",2023-12-01,"Bernie","Intervention Weekday",300,10:16:50,"Shelf","Lying Down","Resting",NA,15,195,"Inactive"
"919",2023-12-01,"Bernie","Intervention Weekday",300,10:17:05,"Shelf","Lying Down","Resting",NA,30,210,"Inactive"
"920",2023-12-01,"Bernie","Intervention Weekday",300,10:17:20,"6","Standing","Locomotion",NA,45,225,"Active"
"921",2023-12-01,"Bernie","Intervention Weekday",300,10:17:35,"5","Rearing","Pause",NA,0,240,"Inactive"
"922",2023-12-01,"Bernie","Intervention Weekday",300,10:17:50,"4","Standing","Locomotion",NA,15,255,"Active"
"923",2023-12-01,"Bernie","Intervention Weekday",300,10:18:05,"Out of View","Out of View","Out of View",NA,30,270,"OutofView"
"924",2023-12-01,"Bernie","Intervention Weekday",300,10:18:20,"Out of View","Out of View","Out of View",NA,45,285,"OutofView"
"925",2023-12-01,"Bernie","Intervention Weekday",300,10:18:35,"5","Sitting","Eating",NA,0,300,"Active"
"926",2023-12-01,"Bernie","Intervention Weekday",300,10:18:50,"5","Standing","Locomotion",NA,15,0,"Active"
"927",2023-12-01,"Bernie","Intervention Weekday",300,10:19:05,"4","Sitting","Drinking",NA,30,15,"Active"
"928",2023-12-01,"Bernie","Intervention Weekday",300,10:19:20,"4","Sitting","Drinking",NA,45,30,"Active"
"929",2023-12-01,"Bernie","Intervention Weekday",300,10:19:35,"4","Sitting","Drinking",NA,0,45,"Active"
"930",2023-12-01,"Bernie","Intervention Weekday",300,10:19:50,"6","Rearing","Pause",NA,15,60,"Inactive"
"931",2023-12-01,"Bernie","Intervention Weekday",300,10:20:05,"4","Standing","Locomotion",NA,30,75,"Active"
"932",2023-12-01,"Bernie","Intervention Weekday",300,10:20:20,"6","Standing","Grooming",NA,45,90,"Active"
"933",2023-12-01,"Bernie","Intervention Weekday",300,10:20:35,"6","Sitting","Eating",NA,0,105,"Active"
"934",2023-12-01,"Bernie","Intervention Weekday",300,10:20:50,"6","Sitting","Grooming",NA,15,120,"Active"
"935",2023-12-01,"Bernie","Intervention Weekday",300,10:21:05,"6","Sitting","Grooming",NA,30,135,"Active"
"936",2023-12-01,"Bernie","Intervention Weekday",300,10:21:20,"6","Sitting","Grooming",NA,45,150,"Active"
"937",2023-12-01,"Bernie","Intervention Weekday",300,10:21:35,"6","Sitting","Resting",NA,0,165,"Inactive"
"938",2023-12-01,"Bernie","Intervention Weekday",300,10:21:50,"6","Rearing","Pause",NA,15,180,"Inactive"
"939",2023-12-01,"Bernie","Intervention Weekday",300,10:22:05,"Shelf","Out of View","Out of View",NA,30,195,"OutofView"
"940",2023-12-01,"Bernie","Intervention Weekday",300,10:22:20,"Shelf","Lying Down","Resting",NA,45,210,"Inactive"
"941",2023-12-01,"Bernie","Intervention Weekday",300,10:22:35,"Shelf","Lying Down","Resting",NA,0,225,"Inactive"
"942",2023-12-01,"Bernie","Intervention Weekday",300,10:22:50,"Shelf","Lying Down","Resting",NA,15,240,"Inactive"
"943",2023-12-01,"Bernie","Intervention Weekday",300,10:23:05,"6","Rearing","Locomotion",NA,30,255,"Active"
"944",2023-12-01,"Bernie","Intervention Weekday",300,10:23:20,"4","Standing","Locomotion",NA,45,270,"Active"
"945",2023-12-01,"Bernie","Intervention Weekday",300,10:23:35,"6","Sitting","Eating",NA,0,285,"Active"
"946",2023-12-01,"Bernie","Intervention Weekday",300,10:23:50,"6","Sitting","Eating",NA,15,300,"Active"
"947",2023-12-01,"Bernie","Intervention Weekday",300,10:24:05,"6","Sitting","Eating",NA,30,0,"Active"
"948",2023-12-01,"Bernie","Intervention Weekday",300,10:24:20,"6","Sitting","Eating",NA,45,15,"Active"
"949",2023-12-01,"Bernie","Intervention Weekday",300,10:24:35,"4","Sitting","Drinking",NA,0,30,"Active"
"950",2023-12-01,"Bernie","Intervention Weekday",300,10:24:50,"4","Sitting","Drinking",NA,15,45,"Active"
"951",2023-12-01,"Bernie","Intervention Weekday",300,10:25:05,"4","Sitting","Drinking",NA,30,60,"Active"
"952",2023-12-01,"Bernie","Intervention Weekday",300,10:25:20,"4","Sitting","Drinking",NA,45,75,"Active"
"953",2023-12-01,"Bernie","Intervention Weekday",300,10:25:35,"4","Standing","Locomotion",NA,0,90,"Active"
"954",2023-12-01,"Bernie","Intervention Weekday",300,10:25:50,"Fence","Standing","Pause",NA,15,105,"Inactive"
"955",2023-12-01,"Bernie","Intervention Weekday",300,10:26:05,"Shelf","Out of View","Out of View",NA,30,120,"OutofView"
"956",2023-12-01,"Bernie","Intervention Weekday",300,10:26:20,"Shelf","Lying Down","Resting",NA,45,135,"Inactive"
"957",2023-12-01,"Bernie","Intervention Weekday",300,10:26:35,"Shelf","Lying Down","Resting",NA,0,150,"Inactive"
"958",2023-12-01,"Bernie","Intervention Weekday",300,10:26:50,"Shelf","Lying Down","Resting",NA,15,165,"Inactive"
"959",2023-12-01,"Bernie","Intervention Weekday",300,10:27:05,"Shelf","Lying Down","Resting",NA,30,180,"Inactive"
"960",2023-12-01,"Bernie","Intervention Weekday",300,10:27:20,"Shelf","Lying Down","Resting",NA,45,195,"Inactive"
"961",2023-12-01,"Bernie","Intervention Weekday",300,10:27:35,"Shelf","Lying Down","Resting",NA,0,210,"Inactive"
"962",2023-12-01,"Bernie","Intervention Weekday",300,10:27:50,"Shelf","Lying Down","Resting",NA,15,225,"Inactive"
"963",2023-12-01,"Bernie","Intervention Weekday",300,10:28:05,"Shelf","Lying Down","Resting",NA,30,240,"Inactive"
"964",2023-07-13,"Minerva","Intervention Weekday",60,09:46:44,"5","Sitting","Resting",NA,0,0,"Inactive"
"965",2023-07-13,"Minerva","Intervention Weekday",60,09:46:59,"5","Sitting","Resting",NA,15,15,"Inactive"
"966",2023-07-13,"Minerva","Intervention Weekday",60,09:47:14,"5","Sitting","Resting",NA,30,30,"Inactive"
"967",2023-07-13,"Minerva","Intervention Weekday",60,09:47:29,"5","Sitting","Resting",NA,45,45,"Inactive"
"968",2023-07-13,"Minerva","Intervention Weekday",60,09:47:44,"5","Sitting","Resting",NA,0,60,"Inactive"
"969",2023-07-13,"Minerva","Intervention Weekday",60,09:47:59,"5","Sitting","Resting",NA,15,0,"Inactive"
"970",2023-07-13,"Minerva","Intervention Weekday",60,09:48:14,"5","Sitting","Resting",NA,30,15,"Inactive"
"971",2023-07-13,"Minerva","Intervention Weekday",60,09:48:29,"5","Sitting","Resting",NA,45,30,"Inactive"
"972",2023-07-13,"Minerva","Intervention Weekday",60,09:48:44,"5","Sitting","Resting",NA,0,45,"Inactive"
"973",2023-07-13,"Minerva","Intervention Weekday",60,09:48:59,"5","Sitting","Resting",NA,15,60,"Inactive"
"974",2023-07-13,"Minerva","Intervention Weekday",60,09:49:14,"5","Sitting","Resting",NA,30,0,"Inactive"
"975",2023-07-13,"Minerva","Intervention Weekday",60,09:49:29,"5","Sitting","Resting",NA,45,15,"Inactive"
"976",2023-07-13,"Minerva","Intervention Weekday",60,09:49:44,"5","Sitting","Resting",NA,0,30,"Inactive"
"977",2023-07-13,"Minerva","Intervention Weekday",60,09:49:59,"5","Sitting","Resting",NA,15,45,"Inactive"
"978",2023-07-13,"Minerva","Intervention Weekday",60,09:50:14,"6","Sitting","Pause",NA,30,60,"Inactive"
"979",2023-07-13,"Minerva","Intervention Weekday",60,09:50:29,"6","Sitting","Drinking",NA,45,0,"Active"
"980",2023-07-13,"Minerva","Intervention Weekday",60,09:50:44,"6","Sitting","Drinking",NA,0,15,"Active"
"981",2023-07-13,"Minerva","Intervention Weekday",60,09:50:59,"6","Sitting","Drinking",NA,15,30,"Active"
"982",2023-07-13,"Minerva","Intervention Weekday",60,09:51:14,"5","Standing","Locomotion",NA,30,45,"Active"
"983",2023-07-13,"Minerva","Intervention Weekday",60,09:51:29,"5","Sitting","Resting",NA,45,60,"Inactive"
"984",2023-07-13,"Minerva","Intervention Weekday",60,09:51:44,"5","Sitting","Resting",NA,0,0,"Inactive"
"985",2023-07-13,"Minerva","Intervention Weekday",60,09:51:59,"5","Sitting","Resting",NA,15,15,"Inactive"
"986",2023-07-13,"Minerva","Intervention Weekday",60,09:52:14,"5","Sitting","Resting",NA,30,30,"Inactive"
"987",2023-07-13,"Minerva","Intervention Weekday",60,09:52:29,"5","Sitting","Resting",NA,45,45,"Inactive"
"988",2023-07-13,"Minerva","Intervention Weekday",60,09:52:44,"5","Sitting","Resting",NA,0,60,"Inactive"
"989",2023-07-13,"Minerva","Intervention Weekday",60,09:52:59,"5","Sitting","Resting",NA,15,0,"Inactive"
"990",2023-07-13,"Minerva","Intervention Weekday",60,09:53:14,"5","Sitting","Resting",NA,30,15,"Inactive"
"991",2023-07-13,"Minerva","Intervention Weekday",60,09:53:29,"5","Sitting","Resting",NA,45,30,"Inactive"
"992",2023-07-13,"Minerva","Intervention Weekday",60,09:53:44,"5","Sitting","Resting",NA,0,45,"Inactive"
"993",2023-07-13,"Minerva","Intervention Weekday",60,09:53:59,"5","Sitting","Resting",NA,15,60,"Inactive"
"994",2023-07-13,"Minerva","Intervention Weekday",60,09:54:14,"5","Sitting","Resting",NA,30,0,"Inactive"
"995",2023-07-13,"Minerva","Intervention Weekday",60,09:54:29,"5","Sitting","Resting",NA,45,15,"Inactive"
"996",2023-07-13,"Minerva","Intervention Weekday",60,09:54:44,"5","Sitting","Resting",NA,0,30,"Inactive"
"997",2023-07-13,"Minerva","Intervention Weekday",60,09:54:59,"5","Sitting","Resting",NA,15,45,"Inactive"
"998",2023-07-13,"Minerva","Intervention Weekday",60,09:55:14,"5","Sitting","Manipulating Object","Fencing",30,60,"Active"
"999",2023-07-13,"Minerva","Intervention Weekday",60,09:55:29,"5","Sitting","Manipulating Object","Fencing",45,0,"Active"
"1000",2023-07-13,"Minerva","Intervention Weekday",60,09:55:44,"5","Sitting","Resting",NA,0,15,"Inactive"
"1001",2023-07-13,"Minerva","Intervention Weekday",60,09:55:59,"5","Sitting","Resting",NA,15,30,"Inactive"
"1002",2023-07-13,"Minerva","Intervention Weekday",60,09:56:14,"5","Sitting","Resting",NA,30,45,"Inactive"
"1003",2023-07-13,"Minerva","Intervention Weekday",60,09:56:29,"5","Sitting","Resting",NA,45,60,"Inactive"
"1004",2023-07-13,"Minerva","Intervention Weekday",60,09:56:44,"4","Sitting","Resting",NA,0,0,"Inactive"
"1005",2023-07-13,"Minerva","Intervention Weekday",60,09:56:59,"4","Sitting","Resting",NA,15,15,"Inactive"
"1006",2023-07-13,"Minerva","Intervention Weekday",60,09:57:14,"4","Sitting","Resting",NA,30,30,"Inactive"
"1007",2023-07-13,"Minerva","Intervention Weekday",60,09:57:29,"5","Sitting","Resting",NA,45,45,"Inactive"
"1008",2023-07-13,"Minerva","Intervention Weekday",60,09:57:44,"5","Sitting","Resting",NA,0,60,"Inactive"
"1009",2023-07-13,"Minerva","Intervention Weekday",60,09:57:59,"5","Sitting","Resting",NA,15,0,"Inactive"
"1010",2023-07-13,"Minerva","Intervention Weekday",60,09:58:14,"5","Sitting","Resting",NA,30,15,"Inactive"
"1011",2023-07-13,"Minerva","Intervention Weekday",60,09:58:29,"5","Sitting","Resting",NA,45,30,"Inactive"
"1012",2023-07-13,"Minerva","Intervention Weekday",60,09:58:44,"5","Sitting","Resting",NA,0,45,"Inactive"
"1013",2023-07-13,"Minerva","Intervention Weekday",60,09:58:59,"5","Sitting","Resting",NA,15,60,"Inactive"
"1014",2023-07-13,"Minerva","Intervention Weekday",60,09:59:14,"5","Sitting","Resting",NA,30,0,"Inactive"
"1015",2023-07-13,"Minerva","Intervention Weekday",60,09:59:29,"5","Sitting","Resting",NA,45,15,"Inactive"
"1016",2023-07-13,"Minerva","Intervention Weekday",60,09:59:44,"5","Sitting","Resting",NA,0,30,"Inactive"
"1017",2023-07-13,"Minerva","Intervention Weekday",60,09:59:59,"5","Sitting","Resting",NA,15,45,"Inactive"
"1018",2023-07-13,"Minerva","Intervention Weekday",60,10:00:14,"5","Sitting","Resting",NA,30,60,"Inactive"
"1019",2023-07-13,"Minerva","Intervention Weekday",60,10:00:29,"5","Lying Down","Resting",NA,45,0,"Inactive"
"1020",2023-07-13,"Minerva","Intervention Weekday",60,10:00:44,"5","Lying Down","Resting",NA,0,15,"Inactive"
"1021",2023-07-13,"Minerva","Intervention Weekday",60,10:00:59,"5","Lying Down","Resting",NA,15,30,"Inactive"
"1022",2023-07-13,"Minerva","Intervention Weekday",60,10:01:14,"5","Lying Down","Resting",NA,30,45,"Inactive"
"1023",2023-07-14,"Minerva","Intervention Weekday",60,09:02:04,"5","Sitting","Eating",NA,0,0,"Active"
"1024",2023-07-14,"Minerva","Intervention Weekday",60,09:02:19,"5","Sitting","Eating",NA,15,15,"Active"
"1025",2023-07-14,"Minerva","Intervention Weekday",60,09:02:34,"5","Sitting","Resting",NA,30,30,"Inactive"
"1026",2023-07-14,"Minerva","Intervention Weekday",60,09:02:49,"5","Sitting","Resting",NA,45,45,"Inactive"
"1027",2023-07-14,"Minerva","Intervention Weekday",60,09:03:04,"5","Sitting","Resting",NA,0,60,"Inactive"
"1028",2023-07-14,"Minerva","Intervention Weekday",60,09:03:19,"5","Sitting","Eating",NA,15,0,"Active"
"1029",2023-07-14,"Minerva","Intervention Weekday",60,09:03:34,"5","Sitting","Resting",NA,30,15,"Inactive"
"1030",2023-07-14,"Minerva","Intervention Weekday",60,09:03:49,"5","Sitting","Resting",NA,45,30,"Inactive"
"1031",2023-07-14,"Minerva","Intervention Weekday",60,09:04:04,"5","Sitting","Resting",NA,0,45,"Inactive"
"1032",2023-07-14,"Minerva","Intervention Weekday",60,09:04:19,"5","Sitting","Eating",NA,15,60,"Active"
"1033",2023-07-14,"Minerva","Intervention Weekday",60,09:04:34,"5","Sitting","Resting",NA,30,0,"Inactive"
"1034",2023-07-14,"Minerva","Intervention Weekday",60,09:04:49,"5","Sitting","Resting",NA,45,15,"Inactive"
"1035",2023-07-14,"Minerva","Intervention Weekday",60,09:05:04,"5","Sitting","Resting",NA,0,30,"Inactive"
"1036",2023-07-14,"Minerva","Intervention Weekday",60,09:05:19,"5","Sitting","Pause",NA,15,45,"Inactive"
"1037",2023-07-14,"Minerva","Intervention Weekday",60,09:05:34,"5","Sitting","Resting",NA,30,60,"Inactive"
"1038",2023-07-14,"Minerva","Intervention Weekday",60,09:05:49,"5","Standing","Locomotion",NA,45,0,"Active"
"1039",2023-07-14,"Minerva","Intervention Weekday",60,09:06:04,"5","Sitting","Resting",NA,0,15,"Inactive"
"1040",2023-07-14,"Minerva","Intervention Weekday",60,09:06:19,"5","Standing","Locomotion",NA,15,30,"Active"
"1041",2023-07-14,"Minerva","Intervention Weekday",60,09:06:34,"5","Sitting","Resting",NA,30,45,"Inactive"
"1042",2023-07-14,"Minerva","Intervention Weekday",60,09:06:49,"5","Sitting","Resting",NA,45,60,"Inactive"
"1043",2023-07-14,"Minerva","Intervention Weekday",60,09:07:04,"5","Sitting","Resting",NA,0,0,"Inactive"
"1044",2023-07-14,"Minerva","Intervention Weekday",60,09:07:19,"5","Sitting","Eating",NA,15,15,"Active"
"1045",2023-07-14,"Minerva","Intervention Weekday",60,09:07:34,"5","Sitting","Resting",NA,30,30,"Inactive"
"1046",2023-07-14,"Minerva","Intervention Weekday",60,09:07:49,"5","Sitting","Resting",NA,45,45,"Inactive"
"1047",2023-07-14,"Minerva","Intervention Weekday",60,09:08:04,"5","Sitting","Resting",NA,0,60,"Inactive"
"1048",2023-07-14,"Minerva","Intervention Weekday",60,09:08:19,"5","Sitting","Eating",NA,15,0,"Active"
"1049",2023-07-14,"Minerva","Intervention Weekday",60,09:08:34,"5","Sitting","Pause",NA,30,15,"Inactive"
"1050",2023-07-14,"Minerva","Intervention Weekday",60,09:08:49,"5","Standing","Locomotion",NA,45,30,"Active"
"1051",2023-07-14,"Minerva","Intervention Weekday",60,09:09:04,"5","Sitting","Resting",NA,0,45,"Inactive"
"1052",2023-07-14,"Minerva","Intervention Weekday",60,09:09:19,"5","Sitting","Eating",NA,15,60,"Active"
"1053",2023-07-14,"Minerva","Intervention Weekday",60,09:09:34,"5","Sitting","Resting",NA,30,0,"Inactive"
"1054",2023-07-14,"Minerva","Intervention Weekday",60,09:09:49,"5","Sitting","Resting",NA,45,15,"Inactive"
"1055",2023-07-14,"Minerva","Intervention Weekday",60,09:10:04,"5","Standing","Locomotion",NA,0,30,"Active"
"1056",2023-07-14,"Minerva","Intervention Weekday",60,09:10:19,"5","Sitting","Eating",NA,15,45,"Active"
"1057",2023-07-14,"Minerva","Intervention Weekday",60,09:10:34,"5","Sitting","Resting",NA,30,60,"Inactive"
"1058",2023-07-14,"Minerva","Intervention Weekday",60,09:10:49,"5","Sitting","Resting",NA,45,0,"Inactive"
"1059",2023-07-14,"Minerva","Intervention Weekday",60,09:11:04,"5","Sitting","Resting",NA,0,15,"Inactive"
"1060",2023-07-14,"Minerva","Intervention Weekday",60,09:11:19,"5","Sitting","Eating",NA,15,30,"Active"
"1061",2023-07-14,"Minerva","Intervention Weekday",60,09:11:34,"5","Sitting","Manipulating Object","Feeder",30,45,"Active"
"1062",2023-07-14,"Minerva","Intervention Weekday",60,09:11:49,"5","Sitting","Resting",NA,45,60,"Inactive"
"1063",2023-07-14,"Minerva","Intervention Weekday",60,09:12:04,"5","Sitting","Resting",NA,0,0,"Inactive"
"1064",2023-07-14,"Minerva","Intervention Weekday",60,09:12:19,"5","Sitting","Eating",NA,15,15,"Active"
"1065",2023-07-14,"Minerva","Intervention Weekday",60,09:12:34,"5","Sitting","Resting",NA,30,30,"Inactive"
"1066",2023-07-14,"Minerva","Intervention Weekday",60,09:12:49,"5","Sitting","Resting",NA,45,45,"Inactive"
"1067",2023-07-14,"Minerva","Intervention Weekday",60,09:13:04,"5","Sitting","Resting",NA,0,60,"Inactive"
"1068",2023-07-14,"Minerva","Intervention Weekday",60,09:13:19,"5","Sitting","Eating",NA,15,0,"Active"
"1069",2023-07-14,"Minerva","Intervention Weekday",60,09:13:34,"5","Sitting","Resting",NA,30,15,"Inactive"
"1070",2023-07-14,"Minerva","Intervention Weekday",60,09:13:49,"5","Sitting","Resting",NA,45,30,"Inactive"
"1071",2023-07-14,"Minerva","Intervention Weekday",60,09:14:04,"5","Sitting","Resting",NA,0,45,"Inactive"
"1072",2023-07-14,"Minerva","Intervention Weekday",60,09:14:19,"5","Sitting","Eating",NA,15,60,"Active"
"1073",2023-07-14,"Minerva","Intervention Weekday",60,09:14:34,"5","Sitting","Eating",NA,30,0,"Active"
"1074",2023-07-14,"Minerva","Intervention Weekday",60,09:14:49,"5","Sitting","Resting",NA,45,15,"Inactive"
"1075",2023-07-14,"Minerva","Intervention Weekday",60,09:15:04,"5","Sitting","Resting",NA,0,30,"Inactive"
"1076",2023-07-14,"Minerva","Intervention Weekday",60,09:15:19,"5","Sitting","Resting",NA,15,45,"Inactive"
"1077",2023-07-14,"Minerva","Intervention Weekday",60,09:15:34,"5","Sitting","Eating",NA,30,60,"Active"
"1078",2023-07-14,"Minerva","Intervention Weekday",60,09:15:49,"5","Sitting","Resting",NA,45,0,"Inactive"
"1079",2023-07-14,"Minerva","Intervention Weekday",60,09:16:04,"5","Sitting","Resting",NA,0,15,"Inactive"
"1080",2023-07-14,"Minerva","Intervention Weekday",60,09:16:19,"5","Sitting","Resting",NA,15,30,"Inactive"
"1081",2023-07-14,"Minerva","Intervention Weekday",60,09:16:34,"5","Sitting","Eating",NA,30,45,"Active"
"1082",2023-06-23,"Citrine","Intervention Weekday",300,10:04:39,"6","Standing","Locomotion",NA,15,285,"Active"
"1083",2023-06-23,"Citrine","Intervention Weekday",300,10:04:54,"5","Standing","Drinking",NA,30,300,"Active"
"1084",2023-06-23,"Citrine","Intervention Weekday",300,10:05:09,"5","Standing","Drinking",NA,45,0,"Active"
"1085",2023-06-23,"Citrine","Intervention Weekday",300,10:05:24,"5","Standing","Drinking",NA,0,15,"Active"
"1086",2023-06-23,"Citrine","Intervention Weekday",300,10:05:39,"5","Standing","Drinking",NA,15,30,"Active"
"1087",2023-06-23,"Citrine","Intervention Weekday",300,10:05:54,"Feeder","Standing","Locomotion",NA,30,45,"Active"
"1088",2023-06-23,"Citrine","Intervention Weekday",300,10:06:09,"Feeder","Sitting","Resting",NA,45,60,"Inactive"
"1089",2023-06-23,"Citrine","Intervention Weekday",300,10:06:24,"Feeder","Sitting","Resting",NA,0,75,"Inactive"
"1090",2023-06-23,"Citrine","Intervention Weekday",300,10:06:39,"Feeder","Sitting","Resting",NA,15,90,"Inactive"
"1091",2023-06-23,"Citrine","Intervention Weekday",300,10:06:54,"Feeder","Sitting","Resting",NA,30,105,"Inactive"
"1092",2023-06-23,"Citrine","Intervention Weekday",300,10:07:09,"Feeder","Sitting","Resting",NA,45,120,"Inactive"
"1093",2023-06-23,"Citrine","Intervention Weekday",300,10:07:24,"Feeder","Sitting","Resting",NA,0,135,"Inactive"
"1094",2023-06-23,"Citrine","Intervention Weekday",300,10:07:39,"Feeder","Sitting","Resting",NA,15,150,"Inactive"
"1095",2023-06-23,"Citrine","Intervention Weekday",300,10:07:54,"Feeder","Standing","Rubbing","Fencing",30,165,"Active"
"1096",2023-06-23,"Citrine","Intervention Weekday",300,10:08:09,"3","Standing","Locomotion","Outside Object",45,180,"Active"
"1097",2023-06-23,"Citrine","Intervention Weekday",300,10:08:24,"3","Standing","Locomotion","Outside Object",0,195,"Active"
"1098",2023-06-23,"Citrine","Intervention Weekday",300,10:08:39,"5","Standing","Eating",NA,15,210,"Active"
"1099",2023-06-23,"Citrine","Intervention Weekday",300,10:08:54,"5","Rearing","Locomotion",NA,30,225,"Active"
"1100",2023-06-23,"Citrine","Intervention Weekday",300,10:09:09,"Shelf","Standing","Locomotion",NA,45,240,"Active"
"1101",2023-06-23,"Citrine","Intervention Weekday",300,10:09:24,"Shelf","Sitting","Resting",NA,0,255,"Inactive"
"1102",2023-06-23,"Citrine","Intervention Weekday",300,10:09:39,"6","Standing","Pause",NA,15,270,"Inactive"
"1103",2023-06-23,"Citrine","Intervention Weekday",300,10:09:54,"Shelf","Standing","Locomotion",NA,30,285,"Active"
"1104",2023-06-23,"Citrine","Intervention Weekday",300,10:10:09,"Shelf","Lying Down","Resting",NA,45,300,"Inactive"
"1105",2023-06-23,"Citrine","Intervention Weekday",300,10:10:24,"Shelf","Lying Down","Resting",NA,0,0,"Inactive"
"1106",2023-06-23,"Citrine","Intervention Weekday",300,10:10:39,"Shelf","Standing","Locomotion",NA,15,15,"Active"
"1107",2023-06-23,"Citrine","Intervention Weekday",300,10:10:54,"Shelf","Standing","Locomotion",NA,30,30,"Active"
"1108",2023-06-23,"Citrine","Intervention Weekday",300,10:11:09,"Shelf","Lying Down","Resting",NA,45,45,"Inactive"
"1109",2023-06-23,"Citrine","Intervention Weekday",300,10:11:24,"Shelf","Lying Down","Resting",NA,0,60,"Inactive"
"1110",2023-06-23,"Citrine","Intervention Weekday",300,10:11:39,"Shelf","Lying Down","Resting",NA,15,75,"Inactive"
"1111",2023-06-23,"Citrine","Intervention Weekday",300,10:11:54,"5","Rearing","Locomotion",NA,30,90,"Active"
"1112",2023-06-23,"Citrine","Intervention Weekday",300,10:12:09,"5","Rearing","Locomotion",NA,45,105,"Active"
"1113",2023-06-23,"Citrine","Intervention Weekday",300,10:12:24,"Shelf","Standing","Locomotion",NA,0,120,"Active"
"1114",2023-06-23,"Citrine","Intervention Weekday",300,10:12:39,"Shelf","Standing","Locomotion",NA,15,135,"Active"
"1115",2023-06-23,"Citrine","Intervention Weekday",300,10:12:54,"Shelf","Lying Down","Resting",NA,30,150,"Inactive"
"1116",2023-06-23,"Citrine","Intervention Weekday",300,10:13:09,"Shelf","Lying Down","Resting",NA,45,165,"Inactive"
"1117",2023-06-23,"Citrine","Intervention Weekday",300,10:13:24,"Shelf","Lying Down","Resting",NA,0,180,"Inactive"
"1118",2023-06-23,"Citrine","Intervention Weekday",300,10:13:39,"Shelf","Lying Down","Resting",NA,15,195,"Inactive"
"1119",2023-06-23,"Citrine","Intervention Weekday",300,10:13:54,"Shelf","Lying Down","Resting",NA,30,210,"Inactive"
"1120",2023-06-23,"Citrine","Intervention Weekday",300,10:14:09,"Shelf","Lying Down","Resting",NA,45,225,"Inactive"
"1121",2023-06-23,"Citrine","Intervention Weekday",300,10:14:24,"Shelf","Lying Down","Resting",NA,0,240,"Inactive"
"1122",2023-06-23,"Citrine","Intervention Weekday",300,10:14:39,"6","Standing","Locomotion",NA,15,255,"Active"
"1123",2023-06-23,"Citrine","Intervention Weekday",300,10:14:54,"Feeder","Sitting","Resting",NA,30,270,"Inactive"
"1124",2023-06-23,"Citrine","Intervention Weekday",300,10:15:09,"Feeder","Sitting","Resting",NA,45,285,"Inactive"
"1125",2023-06-23,"Citrine","Intervention Weekday",300,10:15:24,"Feeder","Sitting","Resting",NA,0,300,"Inactive"
"1126",2023-06-23,"Citrine","Intervention Weekday",300,10:15:39,"Feeder","Sitting","Resting",NA,15,0,"Inactive"
"1127",2023-06-23,"Citrine","Intervention Weekday",300,10:15:54,"Feeder","Sitting","Resting",NA,30,15,"Inactive"
"1128",2023-06-23,"Citrine","Intervention Weekday",300,10:16:09,"Feeder","Sitting","Resting",NA,45,30,"Inactive"
"1129",2023-06-23,"Citrine","Intervention Weekday",300,10:16:24,"Feeder","Sitting","Grooming",NA,0,45,"Active"
"1130",2023-06-23,"Citrine","Intervention Weekday",300,10:16:39,"Feeder","Sitting","Resting",NA,15,60,"Inactive"
"1131",2023-06-23,"Citrine","Intervention Weekday",300,10:16:54,"5","Rearing","Locomotion",NA,30,75,"Active"
"1132",2023-06-23,"Citrine","Intervention Weekday",300,10:17:09,"Out of View","Out of View","Out of View",NA,45,90,"OutofView"
"1133",2023-06-23,"Citrine","Intervention Weekday",300,10:17:24,"Out of View","Out of View","Out of View",NA,0,105,"OutofView"
"1134",2023-06-23,"Citrine","Intervention Weekday",300,10:17:39,"5","Standing","Locomotion",NA,15,120,"Active"
"1135",2023-06-23,"Citrine","Intervention Weekday",300,10:17:54,"Feeder","Sitting","Resting",NA,30,135,"Inactive"
"1136",2023-06-23,"Citrine","Intervention Weekday",300,10:18:09,"Fence","Standing","Locomotion",NA,45,150,"Active"
"1137",2023-06-23,"Citrine","Intervention Weekday",300,10:18:24,"Shelf","Standing","Locomotion",NA,0,165,"Active"
"1138",2023-06-23,"Citrine","Intervention Weekday",300,10:18:39,"Shelf","Lying Down","Resting",NA,15,180,"Inactive"
"1139",2023-06-23,"Citrine","Intervention Weekday",300,10:18:54,"Shelf","Lying Down","Resting",NA,30,195,"Inactive"
"1140",2023-06-23,"Citrine","Intervention Weekday",300,10:19:09,"Shelf","Lying Down","Resting",NA,45,210,"Inactive"
"1141",2023-06-23,"Citrine","Intervention Weekday",300,10:19:24,"Shelf","Lying Down","Resting",NA,0,225,"Inactive"
"1142",2023-06-23,"Citrine","Intervention Weekday",300,10:19:39,"Shelf","Lying Down","Resting",NA,15,240,"Inactive"
"1143",2023-06-30,"Citrine","Baseline Weekday",0,10:13:45,"Feeder","Standing","Locomotion",NA,15,0,"Active"
"1144",2023-06-30,"Citrine","Baseline Weekday",0,10:14:00,"Feeder","Standing","Pause",NA,30,0,"Inactive"
"1145",2023-06-30,"Citrine","Baseline Weekday",0,10:14:15,"Feeder","Sitting","Resting",NA,45,0,"Inactive"
"1146",2023-06-30,"Citrine","Baseline Weekday",0,10:14:30,"Feeder","Sitting","Resting",NA,0,0,"Inactive"
"1147",2023-06-30,"Citrine","Baseline Weekday",0,10:14:45,"Feeder","Sitting","Resting",NA,15,0,"Inactive"
"1148",2023-06-30,"Citrine","Baseline Weekday",0,10:15:00,"4","Standing","Drinking",NA,30,0,"Active"
"1149",2023-06-30,"Citrine","Baseline Weekday",0,10:15:15,"4","Standing","Drinking",NA,45,0,"Active"
"1150",2023-06-30,"Citrine","Baseline Weekday",0,10:15:30,"4","Standing","Pause",NA,0,0,"Inactive"
"1151",2023-06-30,"Citrine","Baseline Weekday",0,10:15:45,"4","Standing","Drinking",NA,15,0,"Active"
"1152",2023-06-30,"Citrine","Baseline Weekday",0,10:16:00,"4","Standing","Drinking",NA,30,0,"Active"
"1153",2023-06-30,"Citrine","Baseline Weekday",0,10:16:15,"4","Standing","Drinking",NA,45,0,"Active"
"1154",2023-06-30,"Citrine","Baseline Weekday",0,10:16:30,"5","Rearing","Locomotion",NA,0,0,"Active"
"1155",2023-06-30,"Citrine","Baseline Weekday",0,10:16:45,"Feeder","Standing","Locomotion",NA,15,0,"Active"
"1156",2023-06-30,"Citrine","Baseline Weekday",0,10:17:00,"Out of View","Out of View","Out of View",NA,30,0,"OutofView"
"1157",2023-06-30,"Citrine","Baseline Weekday",0,10:17:15,"Shelf","Standing","Locomotion",NA,45,0,"Active"
"1158",2023-06-30,"Citrine","Baseline Weekday",0,10:17:30,"Out of View","Out of View","Out of View",NA,0,0,"OutofView"
"1159",2023-06-30,"Citrine","Baseline Weekday",0,10:17:45,"Shelf","Sitting","Resting",NA,15,0,"Inactive"
"1160",2023-06-30,"Citrine","Baseline Weekday",0,10:18:00,"Shelf","Lying Down","Resting",NA,30,0,"Inactive"
"1161",2023-06-30,"Citrine","Baseline Weekday",0,10:18:15,"Shelf","Lying Down","Resting",NA,45,0,"Inactive"
"1162",2023-06-30,"Citrine","Baseline Weekday",0,10:18:30,"Shelf","Lying Down","Resting",NA,0,0,"Inactive"
"1163",2023-06-30,"Citrine","Baseline Weekday",0,10:18:45,"Shelf","Lying Down","Resting",NA,15,0,"Inactive"
"1164",2023-06-30,"Citrine","Baseline Weekday",0,10:19:00,"Shelf","Lying Down","Resting",NA,30,0,"Inactive"
"1165",2023-06-30,"Citrine","Baseline Weekday",0,10:19:15,"Shelf","Lying Down","Resting",NA,45,0,"Inactive"
"1166",2023-06-30,"Citrine","Baseline Weekday",0,10:19:30,"Shelf","Lying Down","Resting",NA,0,0,"Inactive"
"1167",2023-06-30,"Citrine","Baseline Weekday",0,10:19:45,"Feeder","Standing","Pause",NA,15,0,"Inactive"
"1168",2023-06-30,"Citrine","Baseline Weekday",0,10:20:00,"Feeder","Sitting","Resting",NA,30,0,"Inactive"
"1169",2023-06-30,"Citrine","Baseline Weekday",0,10:20:15,"Feeder","Sitting","Resting",NA,45,0,"Inactive"
"1170",2023-06-30,"Citrine","Baseline Weekday",0,10:20:30,"4","Standing","Locomotion",NA,0,0,"Active"
"1171",2023-06-30,"Citrine","Baseline Weekday",0,10:20:45,"1","Standing","Locomotion",NA,15,0,"Active"
"1172",2023-06-30,"Citrine","Baseline Weekday",0,10:21:00,"Feeder","Standing","Locomotion",NA,30,0,"Active"
"1173",2023-06-30,"Citrine","Baseline Weekday",0,10:21:15,"Fence","Standing","Locomotion",NA,45,0,"Active"
"1174",2023-06-30,"Citrine","Baseline Weekday",0,10:21:30,"3","Standing","Pace",NA,0,0,"Pace"
"1175",2023-06-30,"Citrine","Baseline Weekday",0,10:21:45,"2","Standing","Locomotion",NA,15,0,"Active"
"1176",2023-06-30,"Citrine","Baseline Weekday",0,10:22:00,"Out of View","Out of View","Out of View",NA,30,0,"OutofView"
"1177",2023-06-30,"Citrine","Baseline Weekday",0,10:22:15,"5","Rearing","Pause",NA,45,0,"Inactive"
"1178",2023-06-30,"Citrine","Baseline Weekday",0,10:22:30,"Feeder","Standing","Pace",NA,0,0,"Pace"
"1179",2023-06-30,"Citrine","Baseline Weekday",0,10:22:45,"5","Rearing","Pace",NA,15,0,"Pace"
"1180",2023-06-30,"Citrine","Baseline Weekday",0,10:23:00,"Feeder","Sitting","Resting",NA,30,0,"Inactive"
"1181",2023-06-30,"Citrine","Baseline Weekday",0,10:23:15,"Feeder","Standing","Pause",NA,45,0,"Inactive"
"1182",2023-06-30,"Citrine","Baseline Weekday",0,10:23:30,"Shelf","Standing","Locomotion",NA,0,0,"Active"
"1183",2023-06-30,"Citrine","Baseline Weekday",0,10:23:45,"1","Standing","Locomotion",NA,15,0,"Active"
"1184",2023-06-30,"Citrine","Baseline Weekday",0,10:24:00,"2","Standing","Locomotion",NA,30,0,"Active"
"1185",2023-06-30,"Citrine","Baseline Weekday",0,10:24:15,"Feeder","Sitting","Resting",NA,45,0,"Inactive"
"1186",2023-06-30,"Citrine","Baseline Weekday",0,10:24:30,"Feeder","Sitting","Resting",NA,0,0,"Inactive"
"1187",2023-06-30,"Citrine","Baseline Weekday",0,10:24:45,"Feeder","Sitting","Resting",NA,15,0,"Inactive"
"1188",2023-06-30,"Citrine","Baseline Weekday",0,10:25:00,"Feeder","Standing","Locomotion",NA,30,0,"Active"
"1189",2023-06-30,"Citrine","Baseline Weekday",0,10:25:15,"Shelf","Standing","Locomotion",NA,45,0,"Active"
"1190",2023-06-30,"Citrine","Baseline Weekday",0,10:25:30,"Shelf","Sitting","Resting",NA,0,0,"Inactive"
"1191",2023-06-30,"Citrine","Baseline Weekday",0,10:25:45,"Shelf","Sitting","Resting",NA,15,0,"Inactive"
"1192",2023-06-30,"Citrine","Baseline Weekday",0,10:26:00,"4","Standing","Locomotion",NA,30,0,"Active"
"1193",2023-06-30,"Citrine","Baseline Weekday",0,10:26:15,"Fence","Standing","Locomotion",NA,45,0,"Active"
"1194",2023-06-30,"Citrine","Baseline Weekday",0,10:26:30,"5","Rearing","Pause",NA,0,0,"Inactive"
"1195",2023-06-30,"Citrine","Baseline Weekday",0,10:26:45,"Feeder","Standing","Locomotion",NA,15,0,"Active"
"1196",2023-06-30,"Citrine","Baseline Weekday",0,10:27:00,"Shelf","Standing","Locomotion",NA,30,0,"Active"
"1197",2023-06-30,"Citrine","Baseline Weekday",0,10:27:15,"Shelf","Sitting","Resting",NA,45,0,"Inactive"
"1198",2023-06-30,"Citrine","Baseline Weekday",0,10:27:30,"Shelf","Lying Down","Resting",NA,0,0,"Inactive"
"1199",2023-06-30,"Citrine","Baseline Weekday",0,10:27:45,"Feeder","Standing","Pause",NA,15,0,"Inactive"
"1200",2023-06-30,"Citrine","Baseline Weekday",0,10:28:00,"5","Rearing","Locomotion",NA,30,0,"Active"
"1201",2023-06-30,"Citrine","Baseline Weekday",0,10:28:15,"Feeder","Standing","Pause",NA,45,0,"Inactive"
"1202",2023-06-30,"Citrine","Baseline Weekday",0,10:28:30,"Feeder","Standing","Pause",NA,0,0,"Inactive"
"1203",2023-06-30,"Citrine","Baseline Weekday",0,10:28:45,"Shelf","Standing","Locomotion",NA,15,0,"Active"
"1204",2023-06-09,"Citrine","Intervention Weekday",240,09:21:02,"5","Standing","Drinking",NA,15,150,"Active"
"1205",2023-06-09,"Citrine","Intervention Weekday",240,09:21:17,"5","Standing","Drinking",NA,30,165,"Active"
"1206",2023-06-09,"Citrine","Intervention Weekday",240,09:21:32,"2","Standing","Locomotion",NA,45,180,"Active"
"1207",2023-06-09,"Citrine","Intervention Weekday",240,09:21:47,"Feeder","Standing","Pause",NA,0,195,"Inactive"
"1208",2023-06-09,"Citrine","Intervention Weekday",240,09:22:02,"Feeder","Sitting","Resting",NA,15,210,"Inactive"
"1209",2023-06-09,"Citrine","Intervention Weekday",240,09:22:17,"Feeder","Sitting","Resting",NA,30,225,"Inactive"
"1210",2023-06-09,"Citrine","Intervention Weekday",240,09:22:32,"Feeder","Sitting","Resting",NA,45,240,"Inactive"
"1211",2023-06-09,"Citrine","Intervention Weekday",240,09:22:47,"Feeder","Sitting","Resting",NA,0,0,"Inactive"
"1212",2023-06-09,"Citrine","Intervention Weekday",240,09:23:02,"Feeder","Sitting","Resting",NA,15,15,"Inactive"
"1213",2023-06-09,"Citrine","Intervention Weekday",240,09:23:17,"Feeder","Sitting","Resting",NA,30,30,"Inactive"
"1214",2023-06-09,"Citrine","Intervention Weekday",240,09:23:32,"Feeder","Sitting","Resting",NA,45,45,"Inactive"
"1215",2023-06-09,"Citrine","Intervention Weekday",240,09:23:47,"Feeder","Sitting","Resting",NA,0,60,"Inactive"
"1216",2023-06-09,"Citrine","Intervention Weekday",240,09:24:02,"Feeder","Sitting","Resting",NA,15,75,"Inactive"
"1217",2023-06-09,"Citrine","Intervention Weekday",240,09:24:17,"Feeder","Sitting","Resting",NA,30,90,"Inactive"
"1218",2023-06-09,"Citrine","Intervention Weekday",240,09:24:32,"Feeder","Sitting","Resting",NA,45,105,"Inactive"
"1219",2023-06-09,"Citrine","Intervention Weekday",240,09:24:47,"Feeder","Sitting","Resting",NA,0,120,"Inactive"
"1220",2023-06-09,"Citrine","Intervention Weekday",240,09:25:02,"6","Standing","Eating",NA,15,135,"Active"
"1221",2023-06-09,"Citrine","Intervention Weekday",240,09:25:17,"5","Rearing","Pause",NA,30,150,"Inactive"
"1222",2023-06-09,"Citrine","Intervention Weekday",240,09:25:32,"Shelf","Standing","Pause",NA,45,165,"Inactive"
"1223",2023-06-09,"Citrine","Intervention Weekday",240,09:25:47,"Shelf","Sitting","Resting",NA,0,180,"Inactive"
"1224",2023-06-09,"Citrine","Intervention Weekday",240,09:26:02,"Shelf","Sitting","Resting",NA,15,195,"Inactive"
"1225",2023-06-09,"Citrine","Intervention Weekday",240,09:26:17,"Shelf","Sitting","Resting",NA,30,210,"Inactive"
"1226",2023-06-09,"Citrine","Intervention Weekday",240,09:26:32,"Shelf","Sitting","Resting",NA,45,225,"Inactive"
"1227",2023-06-09,"Citrine","Intervention Weekday",240,09:26:47,"Shelf","Sitting","Resting",NA,0,240,"Inactive"
"1228",2023-06-09,"Citrine","Intervention Weekday",240,09:27:02,"Shelf","Sitting","Resting",NA,15,0,"Inactive"
"1229",2023-06-09,"Citrine","Intervention Weekday",240,09:27:17,"Shelf","Sitting","Resting",NA,30,15,"Inactive"
"1230",2023-06-09,"Citrine","Intervention Weekday",240,09:27:32,"Shelf","Sitting","Resting",NA,45,30,"Inactive"
"1231",2023-06-09,"Citrine","Intervention Weekday",240,09:27:47,"Shelf","Sitting","Resting",NA,0,45,"Inactive"
"1232",2023-06-09,"Citrine","Intervention Weekday",240,09:28:02,"Shelf","Sitting","Resting",NA,15,60,"Inactive"
"1233",2023-06-09,"Citrine","Intervention Weekday",240,09:28:17,"Shelf","Sitting","Resting",NA,30,75,"Inactive"
"1234",2023-06-09,"Citrine","Intervention Weekday",240,09:28:32,"Shelf","Sitting","Resting",NA,45,90,"Inactive"
"1235",2023-06-09,"Citrine","Intervention Weekday",240,09:28:47,"Shelf","Sitting","Resting",NA,0,105,"Inactive"
"1236",2023-06-09,"Citrine","Intervention Weekday",240,09:29:02,"6","Standing","Eating",NA,15,120,"Active"
"1237",2023-06-09,"Citrine","Intervention Weekday",240,09:29:17,"Feeder","Standing","Pause",NA,30,135,"Inactive"
"1238",2023-06-09,"Citrine","Intervention Weekday",240,09:29:32,"Feeder","Sitting","Grooming",NA,45,150,"Active"
"1239",2023-06-09,"Citrine","Intervention Weekday",240,09:29:47,"Feeder","Sitting","Resting",NA,0,165,"Inactive"
"1240",2023-06-09,"Citrine","Intervention Weekday",240,09:30:02,"Feeder","Sitting","Resting",NA,15,180,"Inactive"
"1241",2023-06-09,"Citrine","Intervention Weekday",240,09:30:17,"Feeder","Sitting","Resting",NA,30,195,"Inactive"
"1242",2023-06-09,"Citrine","Intervention Weekday",240,09:30:32,"Feeder","Sitting","Resting",NA,45,210,"Inactive"
"1243",2023-06-09,"Citrine","Intervention Weekday",240,09:30:47,"Feeder","Sitting","Resting",NA,0,225,"Inactive"
"1244",2023-06-09,"Citrine","Intervention Weekday",240,09:31:02,"Feeder","Sitting","Resting",NA,15,240,"Inactive"
"1245",2023-06-09,"Citrine","Intervention Weekday",240,09:31:17,"Feeder","Sitting","Resting",NA,30,0,"Inactive"
"1246",2023-06-09,"Citrine","Intervention Weekday",240,09:31:32,"Feeder","Sitting","Resting",NA,45,15,"Inactive"
"1247",2023-06-09,"Citrine","Intervention Weekday",240,09:31:47,"Feeder","Sitting","Resting",NA,0,30,"Inactive"
"1248",2023-06-09,"Citrine","Intervention Weekday",240,09:32:02,"Feeder","Sitting","Resting",NA,15,45,"Inactive"
"1249",2023-06-09,"Citrine","Intervention Weekday",240,09:32:17,"Feeder","Sitting","Resting",NA,30,60,"Inactive"
"1250",2023-06-09,"Citrine","Intervention Weekday",240,09:32:32,"Feeder","Sitting","Resting",NA,45,75,"Inactive"
"1251",2023-06-09,"Citrine","Intervention Weekday",240,09:32:47,"Feeder","Sitting","Resting",NA,0,90,"Inactive"
"1252",2023-06-09,"Citrine","Intervention Weekday",240,09:33:02,"6","Standing","Eating",NA,15,105,"Active"
"1253",2023-06-09,"Citrine","Intervention Weekday",240,09:33:17,"5","Standing","Locomotion",NA,30,120,"Active"
"1254",2023-06-09,"Citrine","Intervention Weekday",240,09:33:32,"Feeder","Standing","Pause",NA,45,135,"Inactive"
"1255",2023-06-09,"Citrine","Intervention Weekday",240,09:33:47,"Feeder","Sitting","Resting",NA,0,150,"Inactive"
"1256",2023-06-09,"Citrine","Intervention Weekday",240,09:34:02,"Feeder","Sitting","Grooming",NA,15,165,"Active"
"1257",2023-06-09,"Citrine","Intervention Weekday",240,09:34:17,"Feeder","Sitting","Resting",NA,30,180,"Inactive"
"1258",2023-06-09,"Citrine","Intervention Weekday",240,09:34:32,"Feeder","Sitting","Resting",NA,45,195,"Inactive"
"1259",2023-06-09,"Citrine","Intervention Weekday",240,09:34:47,"Feeder","Sitting","Resting",NA,0,210,"Inactive"
"1260",2023-06-09,"Citrine","Intervention Weekday",240,09:35:02,"Feeder","Sitting","Resting",NA,15,225,"Inactive"
"1261",2023-06-09,"Citrine","Intervention Weekday",240,09:35:17,"Feeder","Sitting","Resting",NA,30,240,"Inactive"
"1262",2023-06-09,"Citrine","Intervention Weekday",240,09:35:32,"Feeder","Sitting","Resting",NA,45,0,"Inactive"
"1263",2023-06-09,"Citrine","Intervention Weekday",240,09:35:47,"Feeder","Sitting","Resting",NA,0,15,"Inactive"
"1264",2023-06-09,"Citrine","Intervention Weekday",240,09:36:02,"Feeder","Sitting","Resting",NA,15,30,"Inactive"
"1265",2023-07-12,"Citrine","Intervention Weekday",60,10:41:57,"5","Standing","Eating",NA,15,15,"Active"
"1266",2023-07-12,"Citrine","Intervention Weekday",60,10:42:12,"Fence","Standing","Locomotion",NA,30,30,"Active"
"1267",2023-07-12,"Citrine","Intervention Weekday",60,10:42:27,"6","Standing","Locomotion",NA,45,45,"Active"
"1268",2023-07-12,"Citrine","Intervention Weekday",60,10:42:42,"2","Standing","Locomotion",NA,0,60,"Active"
"1269",2023-07-12,"Citrine","Intervention Weekday",60,10:42:57,"6","Standing","Eating",NA,15,0,"Active"
"1270",2023-07-12,"Citrine","Intervention Weekday",60,10:43:12,"Feeder","Standing","Pause",NA,30,15,"Inactive"
"1271",2023-07-12,"Citrine","Intervention Weekday",60,10:43:27,"Shelf","Sitting","Resting",NA,45,30,"Inactive"
"1272",2023-07-12,"Citrine","Intervention Weekday",60,10:43:42,"Shelf","Sitting","Resting",NA,0,45,"Inactive"
"1273",2023-07-12,"Citrine","Intervention Weekday",60,10:43:57,"5","Standing","Eating",NA,15,60,"Active"
"1274",2023-07-12,"Citrine","Intervention Weekday",60,10:44:12,"5","Rearing","Locomotion",NA,30,0,"Active"
"1275",2023-07-12,"Citrine","Intervention Weekday",60,10:44:27,"Feeder","Sitting","Resting",NA,45,15,"Inactive"
"1276",2023-07-12,"Citrine","Intervention Weekday",60,10:44:42,"Fence","Standing","Locomotion",NA,0,30,"Active"
"1277",2023-07-12,"Citrine","Intervention Weekday",60,10:44:57,"5","Standing","Eating",NA,15,45,"Active"
"1278",2023-07-12,"Citrine","Intervention Weekday",60,10:45:12,"Feeder","Standing","Locomotion",NA,30,60,"Active"
"1279",2023-07-12,"Citrine","Intervention Weekday",60,10:45:27,"Shelf","Sitting","Resting",NA,45,0,"Inactive"
"1280",2023-07-12,"Citrine","Intervention Weekday",60,10:45:42,"Shelf","Sitting","Resting",NA,0,15,"Inactive"
"1281",2023-07-12,"Citrine","Intervention Weekday",60,10:45:57,"6","Standing","Eating",NA,15,30,"Active"
"1282",2023-07-12,"Citrine","Intervention Weekday",60,10:46:12,"6","Standing","Eating",NA,30,45,"Active"
"1283",2023-07-12,"Citrine","Intervention Weekday",60,10:46:27,"4","Standing","Locomotion",NA,45,60,"Active"
"1284",2023-07-12,"Citrine","Intervention Weekday",60,10:46:42,"Fence","Standing","Locomotion",NA,0,0,"Active"
"1285",2023-07-12,"Citrine","Intervention Weekday",60,10:46:57,"Shelf","Sitting","Resting",NA,15,15,"Inactive"
"1286",2023-07-12,"Citrine","Intervention Weekday",60,10:47:12,"6","Standing","Eating",NA,30,30,"Active"
"1287",2023-07-12,"Citrine","Intervention Weekday",60,10:47:27,"Feeder","Standing","Pause",NA,45,45,"Inactive"
"1288",2023-07-12,"Citrine","Intervention Weekday",60,10:47:42,"Feeder","Standing","Pause",NA,0,60,"Inactive"
"1289",2023-07-12,"Citrine","Intervention Weekday",60,10:47:57,"Feeder","Sitting","Resting",NA,15,0,"Inactive"
"1290",2023-07-12,"Citrine","Intervention Weekday",60,10:48:12,"6","Standing","Eating",NA,30,15,"Active"
"1291",2023-07-12,"Citrine","Intervention Weekday",60,10:48:27,"Feeder","Sitting","Resting",NA,45,30,"Inactive"
"1292",2023-07-12,"Citrine","Intervention Weekday",60,10:48:42,"Feeder","Sitting","Resting",NA,0,45,"Inactive"
"1293",2023-07-12,"Citrine","Intervention Weekday",60,10:48:57,"Feeder","Sitting","Resting",NA,15,60,"Inactive"
"1294",2023-07-12,"Citrine","Intervention Weekday",60,10:49:12,"6","Standing","Eating",NA,30,0,"Active"
"1295",2023-07-12,"Citrine","Intervention Weekday",60,10:49:27,"Shelf","Sitting","Resting",NA,45,15,"Inactive"
"1296",2023-07-12,"Citrine","Intervention Weekday",60,10:49:42,"Shelf","Sitting","Resting",NA,0,30,"Inactive"
"1297",2023-07-12,"Citrine","Intervention Weekday",60,10:49:57,"Shelf","Sitting","Resting",NA,15,45,"Inactive"
"1298",2023-07-12,"Citrine","Intervention Weekday",60,10:50:12,"6","Standing","Pause",NA,30,60,"Inactive"
"1299",2023-07-12,"Citrine","Intervention Weekday",60,10:50:27,"Shelf","Sitting","Resting",NA,45,0,"Inactive"
"1300",2023-07-12,"Citrine","Intervention Weekday",60,10:50:42,"Shelf","Sitting","Resting",NA,0,15,"Inactive"
"1301",2023-07-12,"Citrine","Intervention Weekday",60,10:50:57,"Shelf","Sitting","Grooming",NA,15,30,"Active"
"1302",2023-07-12,"Citrine","Intervention Weekday",60,10:51:12,"6","Standing","Eating",NA,30,45,"Active"
"1303",2023-07-12,"Citrine","Intervention Weekday",60,10:51:27,"4","Standing","Locomotion",NA,45,60,"Active"
"1304",2023-07-12,"Citrine","Intervention Weekday",60,10:51:42,"Shelf","Sitting","Resting",NA,0,0,"Inactive"
"1305",2023-07-12,"Citrine","Intervention Weekday",60,10:51:57,"Shelf","Sitting","Resting",NA,15,15,"Inactive"
"1306",2023-07-12,"Citrine","Intervention Weekday",60,10:52:12,"Shelf","Sitting","Resting",NA,30,30,"Inactive"
"1307",2023-07-12,"Citrine","Intervention Weekday",60,10:52:27,"5","Standing","Eating",NA,45,45,"Active"
"1308",2023-07-12,"Citrine","Intervention Weekday",60,10:52:42,"Feeder","Sitting","Resting",NA,0,60,"Inactive"
"1309",2023-07-12,"Citrine","Intervention Weekday",60,10:52:57,"Feeder","Sitting","Resting",NA,15,0,"Inactive"
"1310",2023-07-12,"Citrine","Intervention Weekday",60,10:53:12,"1","Standing","Locomotion",NA,30,15,"Active"
"1311",2023-07-12,"Citrine","Intervention Weekday",60,10:53:27,"5","Standing","Eating",NA,45,30,"Active"
"1312",2023-07-12,"Citrine","Intervention Weekday",60,10:53:42,"Shelf","Sitting","Resting",NA,0,45,"Inactive"
"1313",2023-07-12,"Citrine","Intervention Weekday",60,10:53:57,"Shelf","Sitting","Resting",NA,15,60,"Inactive"
"1314",2023-07-12,"Citrine","Intervention Weekday",60,10:54:12,"Shelf","Sitting","Resting",NA,30,0,"Inactive"
"1315",2023-07-12,"Citrine","Intervention Weekday",60,10:54:27,"5","Rearing","Locomotion",NA,45,15,"Active"
"1316",2023-07-12,"Citrine","Intervention Weekday",60,10:54:42,"Feeder","Standing","Pause",NA,0,30,"Inactive"
"1317",2023-07-12,"Citrine","Intervention Weekday",60,10:54:57,"Feeder","Sitting","Resting",NA,15,45,"Inactive"
"1318",2023-07-12,"Citrine","Intervention Weekday",60,10:55:12,"Feeder","Sitting","Resting",NA,30,60,"Inactive"
"1319",2023-07-12,"Citrine","Intervention Weekday",60,10:55:27,"6","Standing","Eating",NA,45,0,"Active"
"1320",2023-07-12,"Citrine","Intervention Weekday",60,10:55:42,"Feeder","Standing","Locomotion",NA,0,15,"Active"
"1321",2023-07-12,"Citrine","Intervention Weekday",60,10:55:57,"Feeder","Sitting","Resting",NA,15,30,"Inactive"
"1322",2023-07-12,"Citrine","Intervention Weekday",60,10:56:12,"Feeder","Sitting","Resting",NA,30,45,"Inactive"
"1323",2023-07-12,"Citrine","Intervention Weekday",60,10:56:27,"6","Standing","Eating",NA,45,60,"Active"
"1324",2023-07-12,"Citrine","Intervention Weekday",60,10:56:42,"Shelf","Sitting","Resting",NA,0,0,"Inactive"
"1325",2023-07-12,"Citrine","Intervention Weekday",60,10:56:57,"Shelf","Sitting","Resting",NA,15,15,"Inactive"
"1326",2023-06-01,"Elia","Intervention_weekday",60,09:58:19,"5","Sitting","Eating",NA,15,15,"Active"
"1327",2023-06-01,"Elia","Intervention_weekday",60,09:58:34,"5","Sitting","Grooming",NA,30,30,"Active"
"1328",2023-06-01,"Elia","Intervention_weekday",60,09:58:49,"5","Sitting","Resting",NA,45,45,"Inactive"
"1329",2023-06-01,"Elia","Intervention_weekday",60,09:59:04,"5","Sitting","Resting",NA,0,60,"Inactive"
"1330",2023-06-01,"Elia","Intervention_weekday",60,09:59:19,"6","Sitting","Drinking",NA,15,0,"Active"
"1331",2023-06-01,"Elia","Intervention_weekday",60,09:59:34,"1","Standing","Locomotion",NA,30,15,"Active"
"1332",2023-06-01,"Elia","Intervention_weekday",60,09:59:49,"5","Sitting","Resting",NA,45,30,"Inactive"
"1333",2023-06-01,"Elia","Intervention_weekday",60,10:00:04,"6","Sitting","Drinking",NA,0,45,"Active"
"1334",2023-06-01,"Elia","Intervention_weekday",60,10:00:19,"6","Sitting","Drinking",NA,15,60,"Active"
"1335",2023-06-01,"Elia","Intervention_weekday",60,10:00:34,"6","Sitting","Drinking",NA,30,0,"Active"
"1336",2023-06-01,"Elia","Intervention_weekday",60,10:00:49,"5","Sitting","Eating",NA,45,15,"Active"
"1337",2023-06-01,"Elia","Intervention_weekday",60,10:01:04,"5","Sitting","Resting",NA,0,30,"Inactive"
"1338",2023-06-01,"Elia","Intervention_weekday",60,10:01:19,"5","Sitting","Resting",NA,15,45,"Inactive"
"1339",2023-06-01,"Elia","Intervention_weekday",60,10:01:34,"5","Sitting","Resting",NA,30,60,"Inactive"
"1340",2023-06-01,"Elia","Intervention_weekday",60,10:01:49,"5","Sitting","Resting",NA,45,0,"Inactive"
"1341",2023-06-01,"Elia","Intervention_weekday",60,10:02:04,"5","Sitting","Resting",NA,0,15,"Inactive"
"1342",2023-06-01,"Elia","Intervention_weekday",60,10:02:19,"5","Sitting","Resting",NA,15,30,"Inactive"
"1343",2023-06-01,"Elia","Intervention_weekday",60,10:02:34,"5","Sitting","Resting",NA,30,45,"Inactive"
"1344",2023-06-01,"Elia","Intervention_weekday",60,10:02:49,"5","Sitting","Resting",NA,45,60,"Inactive"
"1345",2023-06-01,"Elia","Intervention_weekday",60,10:03:04,"5","Sitting","Resting",NA,0,0,"Inactive"
"1346",2023-06-01,"Elia","Intervention_weekday",60,10:03:19,"5","Standing","Pause",NA,15,15,"Inactive"
"1347",2023-06-01,"Elia","Intervention_weekday",60,10:03:34,"5","Sitting","Grooming",NA,30,30,"Active"
"1348",2023-06-01,"Elia","Intervention_weekday",60,10:03:49,"5","Sitting","Resting",NA,45,45,"Inactive"
"1349",2023-06-01,"Elia","Intervention_weekday",60,10:04:04,"5","Sitting","Resting",NA,0,60,"Inactive"
"1350",2023-06-01,"Elia","Intervention_weekday",60,10:04:19,"5","Sitting","Resting",NA,15,0,"Inactive"
"1351",2023-06-01,"Elia","Intervention_weekday",60,10:04:34,"5","Sitting","Resting",NA,30,15,"Inactive"
"1352",2023-06-01,"Elia","Intervention_weekday",60,10:04:49,"5","Sitting","Resting",NA,45,30,"Inactive"
"1353",2023-06-01,"Elia","Intervention_weekday",60,10:05:04,"5","Sitting","Resting",NA,0,45,"Inactive"
"1354",2023-06-01,"Elia","Intervention_weekday",60,10:05:19,"5","Sitting","Resting",NA,15,60,"Inactive"
"1355",2023-06-01,"Elia","Intervention_weekday",60,10:05:34,"5","Sitting","Resting",NA,30,0,"Inactive"
"1356",2023-06-01,"Elia","Intervention_weekday",60,10:05:49,"5","Sitting","Resting",NA,45,15,"Inactive"
"1357",2023-06-01,"Elia","Intervention_weekday",60,10:06:04,"5","Sitting","Resting",NA,0,30,"Inactive"
"1358",2023-06-01,"Elia","Intervention_weekday",60,10:06:19,"5","Standing","Pause",NA,15,45,"Inactive"
"1359",2023-06-01,"Elia","Intervention_weekday",60,10:06:34,"5","Sitting","Grooming",NA,30,60,"Active"
"1360",2023-06-01,"Elia","Intervention_weekday",60,10:06:49,"5","Sitting","Resting",NA,45,0,"Inactive"
"1361",2023-06-01,"Elia","Intervention_weekday",60,10:07:04,"5","Sitting","Resting",NA,0,15,"Inactive"
"1362",2023-06-01,"Elia","Intervention_weekday",60,10:07:19,"5","Sitting","Resting",NA,15,30,"Inactive"
"1363",2023-06-01,"Elia","Intervention_weekday",60,10:07:34,"5","Sitting","Resting",NA,30,45,"Inactive"
"1364",2023-06-01,"Elia","Intervention_weekday",60,10:07:49,"5","Sitting","Resting",NA,45,60,"Inactive"
"1365",2023-06-01,"Elia","Intervention_weekday",60,10:08:04,"5","Sitting","Resting",NA,0,0,"Inactive"
"1366",2023-06-01,"Elia","Intervention_weekday",60,10:08:19,"5","Sitting","Resting",NA,15,15,"Inactive"
"1367",2023-06-01,"Elia","Intervention_weekday",60,10:08:34,"5","Sitting","Resting",NA,30,30,"Inactive"
"1368",2023-06-01,"Elia","Intervention_weekday",60,10:08:49,"5","Sitting","Resting",NA,45,45,"Inactive"
"1369",2023-06-01,"Elia","Intervention_weekday",60,10:09:04,"5","Sitting","Resting",NA,0,60,"Inactive"
"1370",2023-06-01,"Elia","Intervention_weekday",60,10:09:19,"5","Sitting","Resting",NA,15,0,"Inactive"
"1371",2023-06-01,"Elia","Intervention_weekday",60,10:09:34,"5","Sitting","Resting",NA,30,15,"Inactive"
"1372",2023-06-01,"Elia","Intervention_weekday",60,10:09:49,"5","Sitting","Resting",NA,45,30,"Inactive"
"1373",2023-06-01,"Elia","Intervention_weekday",60,10:10:04,"5","Sitting","Resting",NA,0,45,"Inactive"
"1374",2023-06-01,"Elia","Intervention_weekday",60,10:10:19,"5","Standing","Pause",NA,15,60,"Inactive"
"1375",2023-06-01,"Elia","Intervention_weekday",60,10:10:34,"5","Sitting","Resting",NA,30,0,"Inactive"
"1376",2023-06-01,"Elia","Intervention_weekday",60,10:10:49,"5","Sitting","Resting",NA,45,15,"Inactive"
"1377",2023-06-01,"Elia","Intervention_weekday",60,10:11:04,"5","Sitting","Resting",NA,0,30,"Inactive"
"1378",2023-06-01,"Elia","Intervention_weekday",60,10:11:19,"5","Sitting","Resting",NA,15,45,"Inactive"
"1379",2023-06-01,"Elia","Intervention_weekday",60,10:11:34,"5","Sitting","Resting",NA,30,60,"Inactive"
"1380",2023-06-01,"Elia","Intervention_weekday",60,10:11:49,"5","Sitting","Resting",NA,45,0,"Inactive"
"1381",2023-06-01,"Elia","Intervention_weekday",60,10:12:04,"5","Sitting","Resting",NA,0,15,"Inactive"
"1382",2023-06-01,"Elia","Intervention_weekday",60,10:12:19,"5","Sitting","Resting",NA,15,30,"Inactive"
"1383",2023-06-01,"Elia","Intervention_weekday",60,10:12:34,"5","Sitting","Resting",NA,30,45,"Inactive"
"1384",2023-06-01,"Elia","Intervention_weekday",60,10:12:49,"5","Sitting","Resting",NA,45,60,"Inactive"
"1385",2023-06-01,"Elia","Intervention_weekday",60,10:13:04,"5","Sitting","Resting",NA,0,0,"Inactive"
"1386",2023-06-01,"Elia","Intervention_weekday",60,10:13:19,"5","Sitting","Resting",NA,15,15,"Inactive"
"1387",2023-06-02,"Elia","Intervention_weekday",60,09:59:43,"5","Sitting","Pause",NA,15,15,"Inactive"
"1388",2023-06-02,"Elia","Intervention_weekday",60,09:59:58,"5","Sitting","Resting",NA,30,30,"Inactive"
"1389",2023-06-02,"Elia","Intervention_weekday",60,10:00:13,"3","Standing","Locomotion",NA,45,45,"Active"
"1390",2023-06-02,"Elia","Intervention_weekday",60,10:00:28,"5","Standing","Eating",NA,0,60,"Active"
"1391",2023-06-02,"Elia","Intervention_weekday",60,10:00:43,"5","Standing","Eating",NA,15,0,"Active"
"1392",2023-06-02,"Elia","Intervention_weekday",60,10:00:58,"3","Sitting","Pause",NA,30,15,"Inactive"
"1393",2023-06-02,"Elia","Intervention_weekday",60,10:01:13,"3","Standing","Locomotion",NA,45,30,"Active"
"1394",2023-06-02,"Elia","Intervention_weekday",60,10:01:28,"5","Standing","Eating",NA,0,45,"Active"
"1395",2023-06-02,"Elia","Intervention_weekday",60,10:01:43,"5","Sitting","Grooming",NA,15,60,"Active"
"1396",2023-06-02,"Elia","Intervention_weekday",60,10:01:58,"3","Sitting","Resting",NA,30,0,"Inactive"
"1397",2023-06-02,"Elia","Intervention_weekday",60,10:02:13,"3","Sitting","Resting",NA,45,15,"Inactive"
"1398",2023-06-02,"Elia","Intervention_weekday",60,10:02:28,"5","Sitting","Eating",NA,0,30,"Active"
"1399",2023-06-02,"Elia","Intervention_weekday",60,10:02:43,"5","Sitting","Resting",NA,15,45,"Inactive"
"1400",2023-06-02,"Elia","Intervention_weekday",60,10:02:58,"5","Sitting","Resting",NA,30,60,"Inactive"
"1401",2023-06-02,"Elia","Intervention_weekday",60,10:03:13,"5","Sitting","Resting",NA,45,0,"Inactive"
"1402",2023-06-02,"Elia","Intervention_weekday",60,10:03:28,"5","Sitting","Eating",NA,0,15,"Active"
"1403",2023-06-02,"Elia","Intervention_weekday",60,10:03:43,"5","Sitting","Eating",NA,15,30,"Active"
"1404",2023-06-02,"Elia","Intervention_weekday",60,10:03:58,"5","Sitting","Resting",NA,30,45,"Inactive"
"1405",2023-06-02,"Elia","Intervention_weekday",60,10:04:13,"5","Sitting","Resting",NA,45,60,"Inactive"
"1406",2023-06-02,"Elia","Intervention_weekday",60,10:04:28,"5","Sitting","Manipulating Object","Feeder",0,0,"Active"
"1407",2023-06-02,"Elia","Intervention_weekday",60,10:04:43,"5","Sitting","Resting",NA,15,15,"Inactive"
"1408",2023-06-02,"Elia","Intervention_weekday",60,10:04:58,"5","Sitting","Resting",NA,30,30,"Inactive"
"1409",2023-06-02,"Elia","Intervention_weekday",60,10:05:13,"5","Sitting","Resting",NA,45,45,"Inactive"
"1410",2023-06-02,"Elia","Intervention_weekday",60,10:05:28,"5","Sitting","Manipulating Object","Feeder",0,60,"Active"
"1411",2023-06-02,"Elia","Intervention_weekday",60,10:05:43,"5","Sitting","Pause",NA,15,0,"Inactive"
"1412",2023-06-02,"Elia","Intervention_weekday",60,10:05:58,"5","Sitting","Manipulating Object","Feeder",30,15,"Active"
"1413",2023-06-02,"Elia","Intervention_weekday",60,10:06:13,"5","Sitting","Resting",NA,45,30,"Inactive"
"1414",2023-06-02,"Elia","Intervention_weekday",60,10:06:28,"6","Standing","Drinking",NA,0,45,"Active"
"1415",2023-06-02,"Elia","Intervention_weekday",60,10:06:43,"5","Sitting","Eating",NA,15,60,"Active"
"1416",2023-06-02,"Elia","Intervention_weekday",60,10:06:58,"3","Standing","Locomotion",NA,30,0,"Active"
"1417",2023-06-02,"Elia","Intervention_weekday",60,10:07:13,"3","Sitting","Resting",NA,45,15,"Inactive"
"1418",2023-06-02,"Elia","Intervention_weekday",60,10:07:28,"5","Standing","Locomotion",NA,0,30,"Active"
"1419",2023-06-02,"Elia","Intervention_weekday",60,10:07:43,"5","Sitting","Eating",NA,15,45,"Active"
"1420",2023-06-02,"Elia","Intervention_weekday",60,10:07:58,"5","Sitting","Resting",NA,30,60,"Inactive"
"1421",2023-06-02,"Elia","Intervention_weekday",60,10:08:13,"5","Sitting","Resting",NA,45,0,"Inactive"
"1422",2023-06-02,"Elia","Intervention_weekday",60,10:08:28,"5","Sitting","Manipulating Object","Feeder",0,15,"Active"
"1423",2023-06-02,"Elia","Intervention_weekday",60,10:08:43,"5","Sitting","Eating",NA,15,30,"Active"
"1424",2023-06-02,"Elia","Intervention_weekday",60,10:08:58,"5","Sitting","Resting",NA,30,45,"Inactive"
"1425",2023-06-02,"Elia","Intervention_weekday",60,10:09:13,"5","Sitting","Resting",NA,45,60,"Inactive"
"1426",2023-06-02,"Elia","Intervention_weekday",60,10:09:28,"5","Sitting","Resting",NA,0,0,"Inactive"
"1427",2023-06-02,"Elia","Intervention_weekday",60,10:09:43,"5","Sitting","Eating",NA,15,15,"Active"
"1428",2023-06-02,"Elia","Intervention_weekday",60,10:09:58,"5","Sitting","Eating",NA,30,30,"Active"
"1429",2023-06-02,"Elia","Intervention_weekday",60,10:10:13,"5","Sitting","Resting",NA,45,45,"Inactive"
"1430",2023-06-02,"Elia","Intervention_weekday",60,10:10:28,"5","Sitting","Resting",NA,0,60,"Inactive"
"1431",2023-06-02,"Elia","Intervention_weekday",60,10:10:43,"5","Sitting","Eating",NA,15,0,"Active"
"1432",2023-06-02,"Elia","Intervention_weekday",60,10:10:58,"5","Sitting","Resting",NA,30,15,"Inactive"
"1433",2023-06-02,"Elia","Intervention_weekday",60,10:11:13,"5","Sitting","Resting",NA,45,30,"Inactive"
"1434",2023-06-02,"Elia","Intervention_weekday",60,10:11:28,"5","Sitting","Resting",NA,0,45,"Inactive"
"1435",2023-06-02,"Elia","Intervention_weekday",60,10:11:43,"5","Sitting","Eating",NA,15,60,"Active"
"1436",2023-06-02,"Elia","Intervention_weekday",60,10:11:58,"5","Sitting","Resting",NA,30,0,"Inactive"
"1437",2023-06-02,"Elia","Intervention_weekday",60,10:12:13,"5","Sitting","Resting",NA,45,15,"Inactive"
"1438",2023-06-02,"Elia","Intervention_weekday",60,10:12:28,"5","Sitting","Resting",NA,0,30,"Inactive"
"1439",2023-06-02,"Elia","Intervention_weekday",60,10:12:43,"5","Sitting","Eating",NA,15,45,"Active"
"1440",2023-06-02,"Elia","Intervention_weekday",60,10:12:58,"5","Sitting","Resting",NA,30,60,"Inactive"
"1441",2023-06-02,"Elia","Intervention_weekday",60,10:13:13,"5","Sitting","Resting",NA,45,0,"Inactive"
"1442",2023-06-02,"Elia","Intervention_weekday",60,10:13:28,"5","Sitting","Resting",NA,0,15,"Inactive"
"1443",2023-06-02,"Elia","Intervention_weekday",60,10:13:43,"5","Sitting","Eating",NA,15,30,"Active"
"1444",2023-06-02,"Elia","Intervention_weekday",60,10:13:58,"5","Sitting","Resting",NA,30,45,"Inactive"
"1445",2023-06-02,"Elia","Intervention_weekday",60,10:14:13,"3","Standing","Locomotion",NA,45,60,"Active"
"1446",2023-06-02,"Elia","Intervention_weekday",60,10:14:28,"3","Sitting","Resting",NA,0,0,"Inactive"
"1447",2023-06-02,"Elia","Intervention_weekday",60,10:14:43,"5","Sitting","Resting",NA,15,15,"Inactive"
"1448",2023-06-30,"Elia","Intervention_weekday",180,08:46:00,"5","Sitting","Resting",NA,15,135,"Inactive"
"1449",2023-06-30,"Elia","Intervention_weekday",180,08:46:15,"5","Sitting","Resting",NA,30,150,"Inactive"
"1450",2023-06-30,"Elia","Intervention_weekday",180,08:46:30,"5","Sitting","Resting",NA,45,165,"Inactive"
"1451",2023-06-30,"Elia","Intervention_weekday",180,08:46:45,"5","Sitting","Resting",NA,0,180,"Inactive"
"1452",2023-06-30,"Elia","Intervention_weekday",180,08:47:00,"5","Sitting","Resting",NA,15,0,"Inactive"
"1453",2023-06-30,"Elia","Intervention_weekday",180,08:47:15,"5","Sitting","Resting",NA,30,15,"Inactive"
"1454",2023-06-30,"Elia","Intervention_weekday",180,08:47:30,"5","Sitting","Resting",NA,45,30,"Inactive"
"1455",2023-06-30,"Elia","Intervention_weekday",180,08:47:45,"5","Sitting","Resting",NA,0,45,"Inactive"
"1456",2023-06-30,"Elia","Intervention_weekday",180,08:48:00,"5","Sitting","Resting",NA,15,60,"Inactive"
"1457",2023-06-30,"Elia","Intervention_weekday",180,08:48:15,"5","Sitting","Resting",NA,30,75,"Inactive"
"1458",2023-06-30,"Elia","Intervention_weekday",180,08:48:30,"5","Sitting","Resting",NA,45,90,"Inactive"
"1459",2023-06-30,"Elia","Intervention_weekday",180,08:48:45,"5","Standing","Eating",NA,0,105,"Active"
"1460",2023-06-30,"Elia","Intervention_weekday",180,08:49:00,"5","Sitting","Resting",NA,15,120,"Inactive"
"1461",2023-06-30,"Elia","Intervention_weekday",180,08:49:15,"6","Sitting","Drinking",NA,30,135,"Active"
"1462",2023-06-30,"Elia","Intervention_weekday",180,08:49:30,"Fence","Other","Locomotion","Fencing",45,150,"Active"
"1463",2023-06-30,"Elia","Intervention_weekday",180,08:49:45,"3","Standing","Locomotion",NA,0,165,"Active"
"1464",2023-06-30,"Elia","Intervention_weekday",180,08:50:00,"5","Standing","Pause",NA,15,180,"Inactive"
"1465",2023-06-30,"Elia","Intervention_weekday",180,08:50:15,"5","Sitting","Resting",NA,30,0,"Inactive"
"1466",2023-06-30,"Elia","Intervention_weekday",180,08:50:30,"5","Sitting","Resting",NA,45,15,"Inactive"
"1467",2023-06-30,"Elia","Intervention_weekday",180,08:50:45,"5","Sitting","Resting",NA,0,30,"Inactive"
"1468",2023-06-30,"Elia","Intervention_weekday",180,08:51:00,"5","Sitting","Resting",NA,15,45,"Inactive"
"1469",2023-06-30,"Elia","Intervention_weekday",180,08:51:15,"5","Sitting","Resting",NA,30,60,"Inactive"
"1470",2023-06-30,"Elia","Intervention_weekday",180,08:51:30,"5","Sitting","Resting",NA,45,75,"Inactive"
"1471",2023-06-30,"Elia","Intervention_weekday",180,08:51:45,"5","Sitting","Grooming",NA,0,90,"Active"
"1472",2023-06-30,"Elia","Intervention_weekday",180,08:52:00,"5","Sitting","Resting",NA,15,105,"Inactive"
"1473",2023-06-30,"Elia","Intervention_weekday",180,08:52:15,"5","Sitting","Resting",NA,30,120,"Inactive"
"1474",2023-06-30,"Elia","Intervention_weekday",180,08:52:30,"5","Sitting","Resting",NA,45,135,"Inactive"
"1475",2023-06-30,"Elia","Intervention_weekday",180,08:52:45,"5","Sitting","Resting",NA,0,150,"Inactive"
"1476",2023-06-30,"Elia","Intervention_weekday",180,08:53:00,"5","Sitting","Resting",NA,15,165,"Inactive"
"1477",2023-06-30,"Elia","Intervention_weekday",180,08:53:15,"5","Sitting","Resting",NA,30,180,"Inactive"
"1478",2023-06-30,"Elia","Intervention_weekday",180,08:53:30,"5","Sitting","Resting",NA,45,0,"Inactive"
"1479",2023-06-30,"Elia","Intervention_weekday",180,08:53:45,"5","Sitting","Resting",NA,0,15,"Inactive"
"1480",2023-06-30,"Elia","Intervention_weekday",180,08:54:00,"5","Sitting","Resting",NA,15,30,"Inactive"
"1481",2023-06-30,"Elia","Intervention_weekday",180,08:54:15,"5","Sitting","Resting",NA,30,45,"Inactive"
"1482",2023-06-30,"Elia","Intervention_weekday",180,08:54:30,"5","Sitting","Resting",NA,45,60,"Inactive"
"1483",2023-06-30,"Elia","Intervention_weekday",180,08:54:45,"5","Sitting","Eating",NA,0,75,"Active"
"1484",2023-06-30,"Elia","Intervention_weekday",180,08:55:00,"6","Standing","Locomotion",NA,15,90,"Active"
"1485",2023-06-30,"Elia","Intervention_weekday",180,08:55:15,"6","Sitting","Drinking",NA,30,105,"Active"
"1486",2023-06-30,"Elia","Intervention_weekday",180,08:55:30,"6","Sitting","Drinking",NA,45,120,"Active"
"1487",2023-06-30,"Elia","Intervention_weekday",180,08:55:45,"5","Sitting","Resting",NA,0,135,"Inactive"
"1488",2023-06-30,"Elia","Intervention_weekday",180,08:56:00,"5","Sitting","Resting",NA,15,150,"Inactive"
"1489",2023-06-30,"Elia","Intervention_weekday",180,08:56:15,"5","Sitting","Grooming",NA,30,165,"Active"
"1490",2023-06-30,"Elia","Intervention_weekday",180,08:56:30,"5","Sitting","Grooming",NA,45,180,"Active"
"1491",2023-06-30,"Elia","Intervention_weekday",180,08:56:45,"5","Sitting","Grooming",NA,0,0,"Active"
"1492",2023-06-30,"Elia","Intervention_weekday",180,08:57:00,"5","Sitting","Pause",NA,15,15,"Inactive"
"1493",2023-06-30,"Elia","Intervention_weekday",180,08:57:15,"3","Sitting","Grooming",NA,30,30,"Active"
"1494",2023-06-30,"Elia","Intervention_weekday",180,08:57:30,"5","Sitting","Grooming",NA,45,45,"Active"
"1495",2023-06-30,"Elia","Intervention_weekday",180,08:57:45,"5","Sitting","Resting",NA,0,60,"Inactive"
"1496",2023-06-30,"Elia","Intervention_weekday",180,08:58:00,"5","Sitting","Resting",NA,15,75,"Inactive"
"1497",2023-06-30,"Elia","Intervention_weekday",180,08:58:15,"5","Sitting","Resting",NA,30,90,"Inactive"
"1498",2023-06-30,"Elia","Intervention_weekday",180,08:58:30,"5","Sitting","Resting",NA,45,105,"Inactive"
"1499",2023-06-30,"Elia","Intervention_weekday",180,08:58:45,"5","Sitting","Resting",NA,0,120,"Inactive"
"1500",2023-06-30,"Elia","Intervention_weekday",180,08:59:00,"5","Sitting","Resting",NA,15,135,"Inactive"
"1501",2023-06-30,"Elia","Intervention_weekday",180,08:59:15,"5","Sitting","Resting",NA,30,150,"Inactive"
"1502",2023-06-30,"Elia","Intervention_weekday",180,08:59:30,"5","Sitting","Resting",NA,45,165,"Inactive"
"1503",2023-06-30,"Elia","Intervention_weekday",180,08:59:45,"5","Sitting","Resting",NA,0,180,"Inactive"
"1504",2023-06-30,"Elia","Intervention_weekday",180,09:00:00,"2","Sitting","Resting",NA,15,0,"Inactive"
"1505",2023-06-30,"Elia","Intervention_weekday",180,09:00:15,"6","Sitting","Drinking",NA,30,15,"Active"
"1506",2023-06-30,"Elia","Intervention_weekday",180,09:00:30,"6","Sitting","Drinking",NA,45,30,"Active"
"1507",2023-06-30,"Elia","Intervention_weekday",180,09:00:45,"6","Sitting","Drinking",NA,0,45,"Active"
"1508",2023-06-30,"Elia","Intervention_weekday",180,09:01:00,"5","Sitting","Eating",NA,15,60,"Active"
"1509",2023-10-19,"Bernie","Intervention Weekday",120,08:54:02,"6","Sitting","Eating",NA,45,75,"Active"
"1510",2023-10-19,"Bernie","Intervention Weekday",120,08:54:17,"5","Rearing","Locomotion","Outside Object",0,90,"Active"
"1511",2023-10-19,"Bernie","Intervention Weekday",120,08:54:32,"6","Standing","Locomotion",NA,15,105,"Active"
"1512",2023-10-19,"Bernie","Intervention Weekday",120,08:54:47,"6","Standing","Locomotion",NA,30,120,"Active"
"1513",2023-10-19,"Bernie","Intervention Weekday",120,08:55:02,"5","Rearing","Locomotion","Outside Object",45,0,"Active"
"1514",2023-10-19,"Bernie","Intervention Weekday",120,08:55:17,"2","Standing","Locomotion",NA,0,15,"Active"
"1515",2023-10-19,"Bernie","Intervention Weekday",120,08:55:32,"2","Standing","Locomotion",NA,15,30,"Active"
"1516",2023-10-19,"Bernie","Intervention Weekday",120,08:55:47,"6","Standing","Locomotion",NA,30,45,"Active"
"1517",2023-10-19,"Bernie","Intervention Weekday",120,08:56:02,"6","Standing","Locomotion",NA,45,60,"Active"
"1518",2023-10-19,"Bernie","Intervention Weekday",120,08:56:17,"6","Standing","Eating",NA,0,75,"Active"
"1519",2023-10-19,"Bernie","Intervention Weekday",120,08:56:32,"6","Standing","Eating",NA,15,90,"Active"
"1520",2023-10-19,"Bernie","Intervention Weekday",120,08:56:47,"5","Standing","Eating",NA,30,105,"Active"
"1521",2023-10-19,"Bernie","Intervention Weekday",120,08:57:02,"5","Rearing","Locomotion","Outside Object",45,120,"Active"
"1522",2023-10-19,"Bernie","Intervention Weekday",120,08:57:17,"5","Standing","Locomotion",NA,0,0,"Active"
"1523",2023-10-19,"Bernie","Intervention Weekday",120,08:57:32,"Shelf","Standing","Locomotion",NA,15,15,"Active"
"1524",2023-10-19,"Bernie","Intervention Weekday",120,08:57:47,"Fence","Other","Locomotion","Outside Object",30,30,"Active"
"1525",2023-10-19,"Bernie","Intervention Weekday",120,08:58:02,"Fence","Other","Locomotion","Outside Object",45,45,"Active"
"1526",2023-10-19,"Bernie","Intervention Weekday",120,08:58:17,"1","Standing","Locomotion",NA,0,60,"Active"
"1527",2023-10-19,"Bernie","Intervention Weekday",120,08:58:32,"5","Rearing","Locomotion",NA,15,75,"Active"
"1528",2023-10-19,"Bernie","Intervention Weekday",120,08:58:47,"6","Sitting","Eating",NA,30,90,"Active"
"1529",2023-10-19,"Bernie","Intervention Weekday",120,08:59:02,"6","Sitting","Pause",NA,45,105,"Inactive"
"1530",2023-10-19,"Bernie","Intervention Weekday",120,08:59:17,"1","Standing","Locomotion",NA,0,120,"Active"
"1531",2023-10-19,"Bernie","Intervention Weekday",120,08:59:32,"6","Sitting","Pause",NA,15,0,"Inactive"
"1532",2023-10-19,"Bernie","Intervention Weekday",120,08:59:47,"6","Sitting","Eating",NA,30,15,"Active"
"1533",2023-10-19,"Bernie","Intervention Weekday",120,09:00:02,"5","Standing","Pace",NA,45,30,"Pace"
"1534",2023-10-19,"Bernie","Intervention Weekday",120,09:00:17,"Shelf","Lying Down","Resting",NA,0,45,"Inactive"
"1535",2023-10-19,"Bernie","Intervention Weekday",120,09:00:32,"6","Sitting","Eating",NA,15,60,"Active"
"1536",2023-10-19,"Bernie","Intervention Weekday",120,09:00:47,"6","Sitting","Pause",NA,30,75,"Inactive"
"1537",2023-10-19,"Bernie","Intervention Weekday",120,09:01:02,"6","Sitting","Pause",NA,45,90,"Inactive"
"1538",2023-10-19,"Bernie","Intervention Weekday",120,09:01:17,"Shelf","Lying Down","Resting",NA,0,105,"Inactive"
"1539",2023-10-19,"Bernie","Intervention Weekday",120,09:01:32,"Shelf","Lying Down","Resting",NA,15,120,"Inactive"
"1540",2023-10-19,"Bernie","Intervention Weekday",120,09:01:47,"Shelf","Lying Down","Resting",NA,30,0,"Inactive"
"1541",2023-10-19,"Bernie","Intervention Weekday",120,09:02:02,"Shelf","Lying Down","Resting",NA,45,15,"Inactive"
"1542",2023-10-19,"Bernie","Intervention Weekday",120,09:02:17,"Shelf","Lying Down","Resting",NA,0,30,"Inactive"
"1543",2023-10-19,"Bernie","Intervention Weekday",120,09:02:32,"6","Sitting","Eating",NA,15,45,"Active"
"1544",2023-10-19,"Bernie","Intervention Weekday",120,09:02:47,"3","Standing","Locomotion",NA,30,60,"Active"
"1545",2023-10-19,"Bernie","Intervention Weekday",120,09:03:02,"6","Sitting","Eating",NA,45,75,"Active"
"1546",2023-10-19,"Bernie","Intervention Weekday",120,09:03:17,"6","Sitting","Eating",NA,0,90,"Active"
"1547",2023-10-19,"Bernie","Intervention Weekday",120,09:03:32,"Out of View","Out of View","Out of View",NA,15,105,"OutofView"
"1548",2023-10-19,"Bernie","Intervention Weekday",120,09:03:47,"Shelf","Lying Down","Resting",NA,30,120,"Inactive"
"1549",2023-10-19,"Bernie","Intervention Weekday",120,09:04:02,"Shelf","Lying Down","Resting",NA,45,0,"Inactive"
"1550",2023-10-19,"Bernie","Intervention Weekday",120,09:04:17,"Shelf","Lying Down","Resting",NA,0,15,"Inactive"
"1551",2023-10-19,"Bernie","Intervention Weekday",120,09:04:32,"6","Sitting","Eating",NA,15,30,"Active"
"1552",2023-10-19,"Bernie","Intervention Weekday",120,09:04:47,"6","Sitting","Eating",NA,30,45,"Active"
"1553",2023-10-19,"Bernie","Intervention Weekday",120,09:05:02,"6","Sitting","Manipulating Object","Feeder",45,60,"Active"
"1554",2023-10-19,"Bernie","Intervention Weekday",120,09:05:17,"6","Standing","Locomotion",NA,0,75,"Active"
"1555",2023-10-19,"Bernie","Intervention Weekday",120,09:05:32,"Shelf","Out of View","Out of View",NA,15,90,"OutofView"
"1556",2023-10-19,"Bernie","Intervention Weekday",120,09:05:47,"Shelf","Lying Down","Resting",NA,30,105,"Inactive"
"1557",2023-10-19,"Bernie","Intervention Weekday",120,09:06:02,"Shelf","Lying Down","Resting",NA,45,120,"Inactive"
"1558",2023-10-19,"Bernie","Intervention Weekday",120,09:06:17,"Out of View","Out of View","Out of View",NA,0,0,"OutofView"
"1559",2023-10-19,"Bernie","Intervention Weekday",120,09:06:32,"6","Standing","Locomotion",NA,15,15,"Active"
"1560",2023-10-19,"Bernie","Intervention Weekday",120,09:06:47,"2","Sitting","Grooming",NA,30,30,"Active"
"1561",2023-10-19,"Bernie","Intervention Weekday",120,09:07:02,"2","Sitting","Grooming",NA,45,45,"Active"
"1562",2023-10-19,"Bernie","Intervention Weekday",120,09:07:17,"2","Sitting","Grooming",NA,0,60,"Active"
"1563",2023-10-19,"Bernie","Intervention Weekday",120,09:07:32,"6","Sitting","Resting",NA,15,75,"Inactive"
"1564",2023-10-19,"Bernie","Intervention Weekday",120,09:07:47,"3","Standing","Locomotion",NA,30,90,"Active"
"1565",2023-10-19,"Bernie","Intervention Weekday",120,09:08:02,"3","Standing","Locomotion",NA,45,105,"Active"
"1566",2023-10-19,"Bernie","Intervention Weekday",120,09:08:17,"5","Standing","Locomotion",NA,0,120,"Active"
"1567",2023-10-19,"Bernie","Intervention Weekday",120,09:08:32,"6","Sitting","Eating",NA,15,0,"Active"
"1568",2023-11-03,"Bernie","Intervention Weekday",180,09:21:35,"Shelf","Lying Down","Resting",NA,45,105,"Inactive"
"1569",2023-11-03,"Bernie","Intervention Weekday",180,09:21:50,"Shelf","Lying Down","Resting",NA,0,120,"Inactive"
"1570",2023-11-03,"Bernie","Intervention Weekday",180,09:22:05,"5","Sitting","Eating",NA,15,135,"Active"
"1571",2023-11-03,"Bernie","Intervention Weekday",180,09:22:20,"5","Sitting","Eating",NA,30,150,"Active"
"1572",2023-11-03,"Bernie","Intervention Weekday",180,09:22:35,"5","Sitting","Eating",NA,45,165,"Active"
"1573",2023-11-03,"Bernie","Intervention Weekday",180,09:22:50,"6","Standing","Locomotion",NA,0,180,"Active"
"1574",2023-11-03,"Bernie","Intervention Weekday",180,09:23:05,"Fence","Standing","Locomotion",NA,15,0,"Active"
"1575",2023-11-03,"Bernie","Intervention Weekday",180,09:23:20,"5","Sitting","Drinking",NA,30,15,"Active"
"1576",2023-11-03,"Bernie","Intervention Weekday",180,09:23:35,"5","Sitting","Pause",NA,45,30,"Inactive"
"1577",2023-11-03,"Bernie","Intervention Weekday",180,09:23:50,"5","Sitting","Drinking",NA,0,45,"Active"
"1578",2023-11-03,"Bernie","Intervention Weekday",180,09:24:05,"5","Sitting","Drinking",NA,15,60,"Active"
"1579",2023-11-03,"Bernie","Intervention Weekday",180,09:24:20,"5","Sitting","Drinking",NA,30,75,"Active"
"1580",2023-11-03,"Bernie","Intervention Weekday",180,09:24:35,"3","Standing","Locomotion",NA,45,90,"Active"
"1581",2023-11-03,"Bernie","Intervention Weekday",180,09:24:50,"Shelf","Out of View","Out of View",NA,0,105,"OutofView"
"1582",2023-11-03,"Bernie","Intervention Weekday",180,09:25:05,"Shelf","Out of View","Out of View",NA,15,120,"OutofView"
"1583",2023-11-03,"Bernie","Intervention Weekday",180,09:25:20,"Shelf","Lying Down","Resting",NA,30,135,"Inactive"
"1584",2023-11-03,"Bernie","Intervention Weekday",180,09:25:35,"5","Standing","Locomotion",NA,45,150,"Active"
"1585",2023-11-03,"Bernie","Intervention Weekday",180,09:25:50,"5","Sitting","Eating",NA,0,165,"Active"
"1586",2023-11-03,"Bernie","Intervention Weekday",180,09:26:05,"5","Sitting","Eating",NA,15,180,"Active"
"1587",2023-11-03,"Bernie","Intervention Weekday",180,09:26:20,"5","Sitting","Eating",NA,30,0,"Active"
"1588",2023-11-03,"Bernie","Intervention Weekday",180,09:26:35,"5","Sitting","Eating",NA,45,15,"Active"
"1589",2023-11-03,"Bernie","Intervention Weekday",180,09:26:50,"3","Standing","Locomotion",NA,0,30,"Active"
"1590",2023-11-03,"Bernie","Intervention Weekday",180,09:27:05,"1","Out of View","Out of View",NA,15,45,"OutofView"
"1591",2023-11-03,"Bernie","Intervention Weekday",180,09:27:20,"5","Standing","Pause",NA,30,60,"Inactive"
"1592",2023-11-03,"Bernie","Intervention Weekday",180,09:27:35,"5","Rearing","Pause",NA,45,75,"Inactive"
"1593",2023-11-03,"Bernie","Intervention Weekday",180,09:27:50,"3","Standing","Locomotion",NA,0,90,"Active"
"1594",2023-11-03,"Bernie","Intervention Weekday",180,09:28:05,"6","Standing","Locomotion",NA,15,105,"Active"
"1595",2023-11-03,"Bernie","Intervention Weekday",180,09:28:20,"Shelf","Out of View","Out of View",NA,30,120,"OutofView"
"1596",2023-11-03,"Bernie","Intervention Weekday",180,09:28:35,"Shelf","Lying Down","Resting",NA,45,135,"Inactive"
"1597",2023-11-03,"Bernie","Intervention Weekday",180,09:28:50,"Shelf","Lying Down","Resting",NA,0,150,"Inactive"
"1598",2023-11-03,"Bernie","Intervention Weekday",180,09:29:05,"Shelf","Lying Down","Resting",NA,15,165,"Inactive"
"1599",2023-11-03,"Bernie","Intervention Weekday",180,09:29:20,"Shelf","Lying Down","Resting",NA,30,180,"Inactive"
"1600",2023-11-03,"Bernie","Intervention Weekday",180,09:29:35,"Shelf","Lying Down","Resting",NA,45,0,"Inactive"
"1601",2023-11-03,"Bernie","Intervention Weekday",180,09:29:50,"6","Standing","Locomotion",NA,0,15,"Active"
"1602",2023-11-03,"Bernie","Intervention Weekday",180,09:30:05,"Fence","Standing","Locomotion",NA,15,30,"Active"
"1603",2023-11-03,"Bernie","Intervention Weekday",180,09:30:20,"5","Standing","Locomotion",NA,30,45,"Active"
"1604",2023-11-03,"Bernie","Intervention Weekday",180,09:30:35,"5","Standing","Locomotion",NA,45,60,"Active"
"1605",2023-11-03,"Bernie","Intervention Weekday",180,09:30:50,"5","Standing","Locomotion",NA,0,75,"Active"
"1606",2023-11-03,"Bernie","Intervention Weekday",180,09:31:05,"1","Out of View","Out of View",NA,15,90,"OutofView"
"1607",2023-11-03,"Bernie","Intervention Weekday",180,09:31:20,"Shelf","Lying Down","Resting",NA,30,105,"Inactive"
"1608",2023-11-03,"Bernie","Intervention Weekday",180,09:31:35,"Shelf","Lying Down","Resting",NA,45,120,"Inactive"
"1609",2023-11-03,"Bernie","Intervention Weekday",180,09:31:50,"Shelf","Lying Down","Resting",NA,0,135,"Inactive"
"1610",2023-11-03,"Bernie","Intervention Weekday",180,09:32:05,"Shelf","Lying Down","Resting",NA,15,150,"Inactive"
"1611",2023-11-03,"Bernie","Intervention Weekday",180,09:32:20,"Shelf","Lying Down","Resting",NA,30,165,"Inactive"
"1612",2023-11-03,"Bernie","Intervention Weekday",180,09:32:35,"Shelf","Lying Down","Resting",NA,45,180,"Inactive"
"1613",2023-11-03,"Bernie","Intervention Weekday",180,09:32:50,"Shelf","Lying Down","Resting",NA,0,0,"Inactive"
"1614",2023-11-03,"Bernie","Intervention Weekday",180,09:33:05,"Shelf","Lying Down","Resting",NA,15,15,"Inactive"
"1615",2023-11-03,"Bernie","Intervention Weekday",180,09:33:20,"Shelf","Lying Down","Resting",NA,30,30,"Inactive"
"1616",2023-11-03,"Bernie","Intervention Weekday",180,09:33:35,"Shelf","Lying Down","Resting",NA,45,45,"Inactive"
"1617",2023-11-03,"Bernie","Intervention Weekday",180,09:33:50,"5","Standing","Locomotion",NA,0,60,"Active"
"1618",2023-11-03,"Bernie","Intervention Weekday",180,09:34:05,"Fence","Standing","Pause",NA,15,75,"Inactive"
"1619",2023-11-03,"Bernie","Intervention Weekday",180,09:34:20,"1","Standing","Locomotion",NA,30,90,"Active"
"1620",2023-11-03,"Bernie","Intervention Weekday",180,09:34:35,"Shelf","Standing","Pause",NA,45,105,"Inactive"
"1621",2023-11-03,"Bernie","Intervention Weekday",180,09:34:50,"Shelf","Sitting","Resting",NA,0,120,"Inactive"
"1622",2023-11-03,"Bernie","Intervention Weekday",180,09:35:05,"Shelf","Sitting","Resting",NA,15,135,"Inactive"
"1623",2023-11-03,"Bernie","Intervention Weekday",180,09:35:20,"Shelf","Sitting","Resting",NA,30,150,"Inactive"
"1624",2023-11-03,"Bernie","Intervention Weekday",180,09:35:35,"Shelf","Sitting","Resting",NA,45,165,"Inactive"
"1625",2023-11-03,"Bernie","Intervention Weekday",180,09:35:50,"Shelf","Sitting","Resting",NA,0,180,"Inactive"
"1626",2023-11-03,"Bernie","Intervention Weekday",180,09:36:05,"Shelf","Sitting","Resting",NA,15,0,"Inactive"
"1627",2023-11-16,"Bernie","Intervention Weekday",240,09:53:38,"Shelf","Lying Down","Resting",NA,45,120,"Inactive"
"1628",2023-11-16,"Bernie","Intervention Weekday",240,09:53:53,"Shelf","Lying Down","Resting",NA,0,135,"Inactive"
"1629",2023-11-16,"Bernie","Intervention Weekday",240,09:54:08,"Shelf","Lying Down","Resting",NA,15,150,"Inactive"
"1630",2023-11-16,"Bernie","Intervention Weekday",240,09:54:23,"Shelf","Lying Down","Resting",NA,30,165,"Inactive"
"1631",2023-11-16,"Bernie","Intervention Weekday",240,09:54:38,"6","Standing","Locomotion",NA,45,180,"Active"
"1632",2023-11-16,"Bernie","Intervention Weekday",240,09:54:53,"6","Rearing","Locomotion",NA,0,195,"Active"
"1633",2023-11-16,"Bernie","Intervention Weekday",240,09:55:08,"6","Rearing","Locomotion",NA,15,210,"Active"
"1634",2023-11-16,"Bernie","Intervention Weekday",240,09:55:23,"4","Standing","Locomotion",NA,30,225,"Active"
"1635",2023-11-16,"Bernie","Intervention Weekday",240,09:55:38,"6","Standing","Locomotion",NA,45,240,"Active"
"1636",2023-11-16,"Bernie","Intervention Weekday",240,09:55:53,"Fence","Standing","Pause",NA,0,0,"Inactive"
"1637",2023-11-16,"Bernie","Intervention Weekday",240,09:56:08,"4","Standing","Locomotion",NA,15,15,"Active"
"1638",2023-11-16,"Bernie","Intervention Weekday",240,09:56:23,"6","Rearing","Locomotion",NA,30,30,"Active"
"1639",2023-11-16,"Bernie","Intervention Weekday",240,09:56:38,"6","Rearing","Locomotion",NA,45,45,"Active"
"1640",2023-11-16,"Bernie","Intervention Weekday",240,09:56:53,"Fence","Standing","Locomotion",NA,0,60,"Active"
"1641",2023-11-16,"Bernie","Intervention Weekday",240,09:57:08,"6","Standing","Locomotion",NA,15,75,"Active"
"1642",2023-11-16,"Bernie","Intervention Weekday",240,09:57:23,"Shelf","Sitting","Resting",NA,30,90,"Inactive"
"1643",2023-11-16,"Bernie","Intervention Weekday",240,09:57:38,"6","Standing","Locomotion",NA,45,105,"Active"
"1644",2023-11-16,"Bernie","Intervention Weekday",240,09:57:53,"1","Standing","Locomotion",NA,0,120,"Active"
"1645",2023-11-16,"Bernie","Intervention Weekday",240,09:58:08,"Shelf","Out of View","Out of View",NA,15,135,"OutofView"
"1646",2023-11-16,"Bernie","Intervention Weekday",240,09:58:23,"Fence","Standing","Locomotion",NA,30,150,"Active"
"1647",2023-11-16,"Bernie","Intervention Weekday",240,09:58:38,"5","Rearing","Locomotion",NA,45,165,"Active"
"1648",2023-11-16,"Bernie","Intervention Weekday",240,09:58:53,"5","Rearing","Locomotion",NA,0,180,"Active"
"1649",2023-11-16,"Bernie","Intervention Weekday",240,09:59:08,"2","Standing","Locomotion",NA,15,195,"Active"
"1650",2023-11-16,"Bernie","Intervention Weekday",240,09:59:23,"Shelf","Sitting","Resting",NA,30,210,"Inactive"
"1651",2023-11-16,"Bernie","Intervention Weekday",240,09:59:38,"6","Rearing","Pause",NA,45,225,"Inactive"
"1652",2023-11-16,"Bernie","Intervention Weekday",240,09:59:53,"6","Standing","Locomotion",NA,0,240,"Active"
"1653",2023-11-16,"Bernie","Intervention Weekday",240,10:00:08,"6","Rearing","Locomotion",NA,15,0,"Active"
"1654",2023-11-16,"Bernie","Intervention Weekday",240,10:00:23,"Shelf","Sitting","Resting",NA,30,15,"Inactive"
"1655",2023-11-16,"Bernie","Intervention Weekday",240,10:00:38,"Shelf","Sitting","Resting",NA,45,30,"Inactive"
"1656",2023-11-16,"Bernie","Intervention Weekday",240,10:00:53,"Fence","Standing","Locomotion",NA,0,45,"Active"
"1657",2023-11-16,"Bernie","Intervention Weekday",240,10:01:08,"Fence","Standing","Locomotion",NA,15,60,"Active"
"1658",2023-11-16,"Bernie","Intervention Weekday",240,10:01:23,"Shelf","Standing","Locomotion",NA,30,75,"Active"
"1659",2023-11-16,"Bernie","Intervention Weekday",240,10:01:38,"Shelf","Sitting","Resting",NA,45,90,"Inactive"
"1660",2023-11-16,"Bernie","Intervention Weekday",240,10:01:53,"Shelf","Sitting","Resting",NA,0,105,"Inactive"
"1661",2023-11-16,"Bernie","Intervention Weekday",240,10:02:08,"Shelf","Lying Down","Resting",NA,15,120,"Inactive"
"1662",2023-11-16,"Bernie","Intervention Weekday",240,10:02:23,"Shelf","Lying Down","Resting",NA,30,135,"Inactive"
"1663",2023-11-16,"Bernie","Intervention Weekday",240,10:02:38,"Shelf","Lying Down","Resting",NA,45,150,"Inactive"
"1664",2023-11-16,"Bernie","Intervention Weekday",240,10:02:53,"Shelf","Lying Down","Resting",NA,0,165,"Inactive"
"1665",2023-11-16,"Bernie","Intervention Weekday",240,10:03:08,"Shelf","Lying Down","Resting",NA,15,180,"Inactive"
"1666",2023-11-16,"Bernie","Intervention Weekday",240,10:03:23,"Shelf","Out of View","Out of View",NA,30,195,"OutofView"
"1667",2023-11-16,"Bernie","Intervention Weekday",240,10:03:38,"Shelf","Sitting","Resting",NA,45,210,"Inactive"
"1668",2023-11-16,"Bernie","Intervention Weekday",240,10:03:53,"Shelf","Sitting","Resting",NA,0,225,"Inactive"
"1669",2023-11-16,"Bernie","Intervention Weekday",240,10:04:08,"6","Rearing","Pause",NA,15,240,"Inactive"
"1670",2023-11-16,"Bernie","Intervention Weekday",240,10:04:23,"Fence","Standing","Pause",NA,30,0,"Inactive"
"1671",2023-11-16,"Bernie","Intervention Weekday",240,10:04:38,"6","Sitting","Eating",NA,45,15,"Active"
"1672",2023-11-16,"Bernie","Intervention Weekday",240,10:04:53,"6","Sitting","Eating",NA,0,30,"Active"
"1673",2023-11-16,"Bernie","Intervention Weekday",240,10:05:08,"6","Sitting","Eating",NA,15,45,"Active"
"1674",2023-11-16,"Bernie","Intervention Weekday",240,10:05:23,"6","Sitting","Eating",NA,30,60,"Active"
"1675",2023-11-16,"Bernie","Intervention Weekday",240,10:05:38,"6","Sitting","Eating",NA,45,75,"Active"
"1676",2023-11-16,"Bernie","Intervention Weekday",240,10:05:53,"6","Sitting","Eating",NA,0,90,"Active"
"1677",2023-11-16,"Bernie","Intervention Weekday",240,10:06:08,"6","Sitting","Eating",NA,15,105,"Active"
"1678",2023-11-16,"Bernie","Intervention Weekday",240,10:06:23,"6","Sitting","Pause",NA,30,120,"Inactive"
"1679",2023-11-16,"Bernie","Intervention Weekday",240,10:06:38,"Fence","Standing","Locomotion",NA,45,135,"Active"
"1680",2023-11-16,"Bernie","Intervention Weekday",240,10:06:53,"6","Standing","Locomotion",NA,0,150,"Active"
"1681",2023-11-16,"Bernie","Intervention Weekday",240,10:07:08,"6","Sitting","Drinking",NA,15,165,"Active"
"1682",2023-11-16,"Bernie","Intervention Weekday",240,10:07:23,"Fence","Standing","Pause",NA,30,180,"Inactive"
"1683",2023-11-16,"Bernie","Intervention Weekday",240,10:07:38,"6","Sitting","Drinking",NA,45,195,"Active"
"1684",2023-11-16,"Bernie","Intervention Weekday",240,10:07:53,"6","Rearing","Locomotion",NA,0,210,"Active"
"1685",2023-11-16,"Bernie","Intervention Weekday",240,10:08:08,"6","Standing","Locomotion",NA,15,225,"Active"
"1686",2023-12-01,"Bernie","Intervention Weekday",300,10:13:35,"5","Sitting","Eating",NA,45,255,"Active"
"1687",2023-12-01,"Bernie","Intervention Weekday",300,10:13:50,"6","Rearing","Pause",NA,0,270,"Inactive"
"1688",2023-12-01,"Bernie","Intervention Weekday",300,10:14:05,"6","Rearing","Pause",NA,15,285,"Inactive"
"1689",2023-12-01,"Bernie","Intervention Weekday",300,10:14:20,"Fence","Standing","Locomotion",NA,30,300,"Active"
"1690",2023-12-01,"Bernie","Intervention Weekday",300,10:14:35,"Shelf","Sitting","Resting",NA,45,0,"Inactive"
"1691",2023-12-01,"Bernie","Intervention Weekday",300,10:14:50,"Shelf","Sitting","Resting",NA,0,15,"Inactive"
"1692",2023-12-01,"Bernie","Intervention Weekday",300,10:15:05,"6","Rearing","Locomotion",NA,15,30,"Active"
"1693",2023-12-01,"Bernie","Intervention Weekday",300,10:15:20,"Fence","Standing","Pause",NA,30,45,"Inactive"
"1694",2023-12-01,"Bernie","Intervention Weekday",300,10:15:35,"Shelf","Sitting","Resting",NA,45,60,"Inactive"
"1695",2023-12-01,"Bernie","Intervention Weekday",300,10:15:50,"Shelf","Lying Down","Resting",NA,0,75,"Inactive"
"1696",2023-12-01,"Bernie","Intervention Weekday",300,10:16:05,"Shelf","Lying Down","Resting",NA,15,90,"Inactive"
"1697",2023-12-01,"Bernie","Intervention Weekday",300,10:16:20,"Shelf","Lying Down","Resting",NA,30,105,"Inactive"
"1698",2023-12-01,"Bernie","Intervention Weekday",300,10:16:35,"Shelf","Lying Down","Resting",NA,45,120,"Inactive"
"1699",2023-12-01,"Bernie","Intervention Weekday",300,10:16:50,"Shelf","Lying Down","Resting",NA,0,135,"Inactive"
"1700",2023-12-01,"Bernie","Intervention Weekday",300,10:17:05,"Shelf","Lying Down","Resting",NA,15,150,"Inactive"
"1701",2023-12-01,"Bernie","Intervention Weekday",300,10:17:20,"6","Standing","Locomotion",NA,30,165,"Active"
"1702",2023-12-01,"Bernie","Intervention Weekday",300,10:17:35,"5","Rearing","Pause",NA,45,180,"Inactive"
"1703",2023-12-01,"Bernie","Intervention Weekday",300,10:17:50,"4","Standing","Locomotion",NA,0,195,"Active"
"1704",2023-12-01,"Bernie","Intervention Weekday",300,10:18:05,"Out of View","Out of View","Out of View",NA,15,210,"OutofView"
"1705",2023-12-01,"Bernie","Intervention Weekday",300,10:18:20,"Out of View","Out of View","Out of View",NA,30,225,"OutofView"
"1706",2023-12-01,"Bernie","Intervention Weekday",300,10:18:35,"5","Sitting","Eating",NA,45,240,"Active"
"1707",2023-12-01,"Bernie","Intervention Weekday",300,10:18:50,"5","Standing","Locomotion",NA,0,255,"Active"
"1708",2023-12-01,"Bernie","Intervention Weekday",300,10:19:05,"4","Sitting","Drinking",NA,15,270,"Active"
"1709",2023-12-01,"Bernie","Intervention Weekday",300,10:19:20,"4","Sitting","Drinking",NA,30,285,"Active"
"1710",2023-12-01,"Bernie","Intervention Weekday",300,10:19:35,"4","Sitting","Drinking",NA,45,300,"Active"
"1711",2023-12-01,"Bernie","Intervention Weekday",300,10:19:50,"6","Rearing","Pause",NA,0,0,"Inactive"
"1712",2023-12-01,"Bernie","Intervention Weekday",300,10:20:05,"4","Standing","Locomotion",NA,15,15,"Active"
"1713",2023-12-01,"Bernie","Intervention Weekday",300,10:20:20,"6","Standing","Grooming",NA,30,30,"Active"
"1714",2023-12-01,"Bernie","Intervention Weekday",300,10:20:35,"6","Sitting","Eating",NA,45,45,"Active"
"1715",2023-12-01,"Bernie","Intervention Weekday",300,10:20:50,"6","Sitting","Grooming",NA,0,60,"Active"
"1716",2023-12-01,"Bernie","Intervention Weekday",300,10:21:05,"6","Sitting","Grooming",NA,15,75,"Active"
"1717",2023-12-01,"Bernie","Intervention Weekday",300,10:21:20,"6","Sitting","Grooming",NA,30,90,"Active"
"1718",2023-12-01,"Bernie","Intervention Weekday",300,10:21:35,"6","Sitting","Resting",NA,45,105,"Inactive"
"1719",2023-12-01,"Bernie","Intervention Weekday",300,10:21:50,"6","Rearing","Pause",NA,0,120,"Inactive"
"1720",2023-12-01,"Bernie","Intervention Weekday",300,10:22:05,"Shelf","Out of View","Out of View",NA,15,135,"OutofView"
"1721",2023-12-01,"Bernie","Intervention Weekday",300,10:22:20,"Shelf","Lying Down","Resting",NA,30,150,"Inactive"
"1722",2023-12-01,"Bernie","Intervention Weekday",300,10:22:35,"Shelf","Lying Down","Resting",NA,45,165,"Inactive"
"1723",2023-12-01,"Bernie","Intervention Weekday",300,10:22:50,"Shelf","Lying Down","Resting",NA,0,180,"Inactive"
"1724",2023-12-01,"Bernie","Intervention Weekday",300,10:23:05,"6","Rearing","Locomotion",NA,15,195,"Active"
"1725",2023-12-01,"Bernie","Intervention Weekday",300,10:23:20,"4","Standing","Locomotion",NA,30,210,"Active"
"1726",2023-12-01,"Bernie","Intervention Weekday",300,10:23:35,"6","Sitting","Eating",NA,45,225,"Active"
"1727",2023-12-01,"Bernie","Intervention Weekday",300,10:23:50,"6","Sitting","Eating",NA,0,240,"Active"
"1728",2023-12-01,"Bernie","Intervention Weekday",300,10:24:05,"6","Sitting","Eating",NA,15,255,"Active"
"1729",2023-12-01,"Bernie","Intervention Weekday",300,10:24:20,"6","Sitting","Eating",NA,30,270,"Active"
"1730",2023-12-01,"Bernie","Intervention Weekday",300,10:24:35,"4","Sitting","Drinking",NA,45,285,"Active"
"1731",2023-12-01,"Bernie","Intervention Weekday",300,10:24:50,"4","Sitting","Drinking",NA,0,300,"Active"
"1732",2023-12-01,"Bernie","Intervention Weekday",300,10:25:05,"4","Sitting","Drinking",NA,15,0,"Active"
"1733",2023-12-01,"Bernie","Intervention Weekday",300,10:25:20,"4","Sitting","Drinking",NA,30,15,"Active"
"1734",2023-12-01,"Bernie","Intervention Weekday",300,10:25:35,"4","Standing","Locomotion",NA,45,30,"Active"
"1735",2023-12-01,"Bernie","Intervention Weekday",300,10:25:50,"Fence","Standing","Pause",NA,0,45,"Inactive"
"1736",2023-12-01,"Bernie","Intervention Weekday",300,10:26:05,"Shelf","Out of View","Out of View",NA,15,60,"OutofView"
"1737",2023-12-01,"Bernie","Intervention Weekday",300,10:26:20,"Shelf","Lying Down","Resting",NA,30,75,"Inactive"
"1738",2023-12-01,"Bernie","Intervention Weekday",300,10:26:35,"Shelf","Lying Down","Resting",NA,45,90,"Inactive"
"1739",2023-12-01,"Bernie","Intervention Weekday",300,10:26:50,"Shelf","Lying Down","Resting",NA,0,105,"Inactive"
"1740",2023-12-01,"Bernie","Intervention Weekday",300,10:27:05,"Shelf","Lying Down","Resting",NA,15,120,"Inactive"
"1741",2023-12-01,"Bernie","Intervention Weekday",300,10:27:20,"Shelf","Lying Down","Resting",NA,30,135,"Inactive"
"1742",2023-12-01,"Bernie","Intervention Weekday",300,10:27:35,"Shelf","Lying Down","Resting",NA,45,150,"Inactive"
"1743",2023-12-01,"Bernie","Intervention Weekday",300,10:27:50,"Shelf","Lying Down","Resting",NA,0,165,"Inactive"
"1744",2023-12-01,"Bernie","Intervention Weekday",300,10:28:05,"Shelf","Lying Down","Resting",NA,15,180,"Inactive"
"1745",2023-07-13,"Minerva","Intervention Weekday",60,09:46:44,"5","Sitting","Resting",NA,45,60,"Inactive"
"1746",2023-07-13,"Minerva","Intervention Weekday",60,09:46:59,"5","Sitting","Resting",NA,0,0,"Inactive"
"1747",2023-07-13,"Minerva","Intervention Weekday",60,09:47:14,"5","Sitting","Resting",NA,15,15,"Inactive"
"1748",2023-07-13,"Minerva","Intervention Weekday",60,09:47:29,"5","Sitting","Resting",NA,30,30,"Inactive"
"1749",2023-07-13,"Minerva","Intervention Weekday",60,09:47:44,"5","Sitting","Resting",NA,45,45,"Inactive"
"1750",2023-07-13,"Minerva","Intervention Weekday",60,09:47:59,"5","Sitting","Resting",NA,0,60,"Inactive"
"1751",2023-07-13,"Minerva","Intervention Weekday",60,09:48:14,"5","Sitting","Resting",NA,15,0,"Inactive"
"1752",2023-07-13,"Minerva","Intervention Weekday",60,09:48:29,"5","Sitting","Resting",NA,30,15,"Inactive"
"1753",2023-07-13,"Minerva","Intervention Weekday",60,09:48:44,"5","Sitting","Resting",NA,45,30,"Inactive"
"1754",2023-07-13,"Minerva","Intervention Weekday",60,09:48:59,"5","Sitting","Resting",NA,0,45,"Inactive"
"1755",2023-07-13,"Minerva","Intervention Weekday",60,09:49:14,"5","Sitting","Resting",NA,15,60,"Inactive"
"1756",2023-07-13,"Minerva","Intervention Weekday",60,09:49:29,"5","Sitting","Resting",NA,30,0,"Inactive"
"1757",2023-07-13,"Minerva","Intervention Weekday",60,09:49:44,"5","Sitting","Resting",NA,45,15,"Inactive"
"1758",2023-07-13,"Minerva","Intervention Weekday",60,09:49:59,"5","Sitting","Resting",NA,0,30,"Inactive"
"1759",2023-07-13,"Minerva","Intervention Weekday",60,09:50:14,"6","Sitting","Pause",NA,15,45,"Inactive"
"1760",2023-07-13,"Minerva","Intervention Weekday",60,09:50:29,"6","Sitting","Drinking",NA,30,60,"Active"
"1761",2023-07-13,"Minerva","Intervention Weekday",60,09:50:44,"6","Sitting","Drinking",NA,45,0,"Active"
"1762",2023-07-13,"Minerva","Intervention Weekday",60,09:50:59,"6","Sitting","Drinking",NA,0,15,"Active"
"1763",2023-07-13,"Minerva","Intervention Weekday",60,09:51:14,"5","Standing","Locomotion",NA,15,30,"Active"
"1764",2023-07-13,"Minerva","Intervention Weekday",60,09:51:29,"5","Sitting","Resting",NA,30,45,"Inactive"
"1765",2023-07-13,"Minerva","Intervention Weekday",60,09:51:44,"5","Sitting","Resting",NA,45,60,"Inactive"
"1766",2023-07-13,"Minerva","Intervention Weekday",60,09:51:59,"5","Sitting","Resting",NA,0,0,"Inactive"
"1767",2023-07-13,"Minerva","Intervention Weekday",60,09:52:14,"5","Sitting","Resting",NA,15,15,"Inactive"
"1768",2023-07-13,"Minerva","Intervention Weekday",60,09:52:29,"5","Sitting","Resting",NA,30,30,"Inactive"
"1769",2023-07-13,"Minerva","Intervention Weekday",60,09:52:44,"5","Sitting","Resting",NA,45,45,"Inactive"
"1770",2023-07-13,"Minerva","Intervention Weekday",60,09:52:59,"5","Sitting","Resting",NA,0,60,"Inactive"
"1771",2023-07-13,"Minerva","Intervention Weekday",60,09:53:14,"5","Sitting","Resting",NA,15,0,"Inactive"
"1772",2023-07-13,"Minerva","Intervention Weekday",60,09:53:29,"5","Sitting","Resting",NA,30,15,"Inactive"
"1773",2023-07-13,"Minerva","Intervention Weekday",60,09:53:44,"5","Sitting","Resting",NA,45,30,"Inactive"
"1774",2023-07-13,"Minerva","Intervention Weekday",60,09:53:59,"5","Sitting","Resting",NA,0,45,"Inactive"
"1775",2023-07-13,"Minerva","Intervention Weekday",60,09:54:14,"5","Sitting","Resting",NA,15,60,"Inactive"
"1776",2023-07-13,"Minerva","Intervention Weekday",60,09:54:29,"5","Sitting","Resting",NA,30,0,"Inactive"
"1777",2023-07-13,"Minerva","Intervention Weekday",60,09:54:44,"5","Sitting","Resting",NA,45,15,"Inactive"
"1778",2023-07-13,"Minerva","Intervention Weekday",60,09:54:59,"5","Sitting","Resting",NA,0,30,"Inactive"
"1779",2023-07-13,"Minerva","Intervention Weekday",60,09:55:14,"5","Sitting","Manipulating Object","Fencing",15,45,"Active"
"1780",2023-07-13,"Minerva","Intervention Weekday",60,09:55:29,"5","Sitting","Manipulating Object","Fencing",30,60,"Active"
"1781",2023-07-13,"Minerva","Intervention Weekday",60,09:55:44,"5","Sitting","Resting",NA,45,0,"Inactive"
"1782",2023-07-13,"Minerva","Intervention Weekday",60,09:55:59,"5","Sitting","Resting",NA,0,15,"Inactive"
"1783",2023-07-13,"Minerva","Intervention Weekday",60,09:56:14,"5","Sitting","Resting",NA,15,30,"Inactive"
"1784",2023-07-13,"Minerva","Intervention Weekday",60,09:56:29,"5","Sitting","Resting",NA,30,45,"Inactive"
"1785",2023-07-13,"Minerva","Intervention Weekday",60,09:56:44,"4","Sitting","Resting",NA,45,60,"Inactive"
"1786",2023-07-13,"Minerva","Intervention Weekday",60,09:56:59,"4","Sitting","Resting",NA,0,0,"Inactive"
"1787",2023-07-13,"Minerva","Intervention Weekday",60,09:57:14,"4","Sitting","Resting",NA,15,15,"Inactive"
"1788",2023-07-13,"Minerva","Intervention Weekday",60,09:57:29,"5","Sitting","Resting",NA,30,30,"Inactive"
"1789",2023-07-13,"Minerva","Intervention Weekday",60,09:57:44,"5","Sitting","Resting",NA,45,45,"Inactive"
"1790",2023-07-13,"Minerva","Intervention Weekday",60,09:57:59,"5","Sitting","Resting",NA,0,60,"Inactive"
"1791",2023-07-13,"Minerva","Intervention Weekday",60,09:58:14,"5","Sitting","Resting",NA,15,0,"Inactive"
"1792",2023-07-13,"Minerva","Intervention Weekday",60,09:58:29,"5","Sitting","Resting",NA,30,15,"Inactive"
"1793",2023-07-13,"Minerva","Intervention Weekday",60,09:58:44,"5","Sitting","Resting",NA,45,30,"Inactive"
"1794",2023-07-13,"Minerva","Intervention Weekday",60,09:58:59,"5","Sitting","Resting",NA,0,45,"Inactive"
"1795",2023-07-13,"Minerva","Intervention Weekday",60,09:59:14,"5","Sitting","Resting",NA,15,60,"Inactive"
"1796",2023-07-13,"Minerva","Intervention Weekday",60,09:59:29,"5","Sitting","Resting",NA,30,0,"Inactive"
"1797",2023-07-13,"Minerva","Intervention Weekday",60,09:59:44,"5","Sitting","Resting",NA,45,15,"Inactive"
"1798",2023-07-13,"Minerva","Intervention Weekday",60,09:59:59,"5","Sitting","Resting",NA,0,30,"Inactive"
"1799",2023-07-13,"Minerva","Intervention Weekday",60,10:00:14,"5","Sitting","Resting",NA,15,45,"Inactive"
"1800",2023-07-13,"Minerva","Intervention Weekday",60,10:00:29,"5","Lying Down","Resting",NA,30,60,"Inactive"
"1801",2023-07-13,"Minerva","Intervention Weekday",60,10:00:44,"5","Lying Down","Resting",NA,45,0,"Inactive"
"1802",2023-07-13,"Minerva","Intervention Weekday",60,10:00:59,"5","Lying Down","Resting",NA,0,15,"Inactive"
"1803",2023-07-13,"Minerva","Intervention Weekday",60,10:01:14,"5","Lying Down","Resting",NA,15,30,"Inactive"
"1804",2023-07-14,"Minerva","Intervention Weekday",60,09:02:04,"5","Sitting","Eating",NA,45,60,"Active"
"1805",2023-07-14,"Minerva","Intervention Weekday",60,09:02:19,"5","Sitting","Eating",NA,0,0,"Active"
"1806",2023-07-14,"Minerva","Intervention Weekday",60,09:02:34,"5","Sitting","Resting",NA,15,15,"Inactive"
"1807",2023-07-14,"Minerva","Intervention Weekday",60,09:02:49,"5","Sitting","Resting",NA,30,30,"Inactive"
"1808",2023-07-14,"Minerva","Intervention Weekday",60,09:03:04,"5","Sitting","Resting",NA,45,45,"Inactive"
"1809",2023-07-14,"Minerva","Intervention Weekday",60,09:03:19,"5","Sitting","Eating",NA,0,60,"Active"
"1810",2023-07-14,"Minerva","Intervention Weekday",60,09:03:34,"5","Sitting","Resting",NA,15,0,"Inactive"
"1811",2023-07-14,"Minerva","Intervention Weekday",60,09:03:49,"5","Sitting","Resting",NA,30,15,"Inactive"
"1812",2023-07-14,"Minerva","Intervention Weekday",60,09:04:04,"5","Sitting","Resting",NA,45,30,"Inactive"
"1813",2023-07-14,"Minerva","Intervention Weekday",60,09:04:19,"5","Sitting","Eating",NA,0,45,"Active"
"1814",2023-07-14,"Minerva","Intervention Weekday",60,09:04:34,"5","Sitting","Resting",NA,15,60,"Inactive"
"1815",2023-07-14,"Minerva","Intervention Weekday",60,09:04:49,"5","Sitting","Resting",NA,30,0,"Inactive"
"1816",2023-07-14,"Minerva","Intervention Weekday",60,09:05:04,"5","Sitting","Resting",NA,45,15,"Inactive"
"1817",2023-07-14,"Minerva","Intervention Weekday",60,09:05:19,"5","Sitting","Pause",NA,0,30,"Inactive"
"1818",2023-07-14,"Minerva","Intervention Weekday",60,09:05:34,"5","Sitting","Resting",NA,15,45,"Inactive"
"1819",2023-07-14,"Minerva","Intervention Weekday",60,09:05:49,"5","Standing","Locomotion",NA,30,60,"Active"
"1820",2023-07-14,"Minerva","Intervention Weekday",60,09:06:04,"5","Sitting","Resting",NA,45,0,"Inactive"
"1821",2023-07-14,"Minerva","Intervention Weekday",60,09:06:19,"5","Standing","Locomotion",NA,0,15,"Active"
"1822",2023-07-14,"Minerva","Intervention Weekday",60,09:06:34,"5","Sitting","Resting",NA,15,30,"Inactive"
"1823",2023-07-14,"Minerva","Intervention Weekday",60,09:06:49,"5","Sitting","Resting",NA,30,45,"Inactive"
"1824",2023-07-14,"Minerva","Intervention Weekday",60,09:07:04,"5","Sitting","Resting",NA,45,60,"Inactive"
"1825",2023-07-14,"Minerva","Intervention Weekday",60,09:07:19,"5","Sitting","Eating",NA,0,0,"Active"
"1826",2023-07-14,"Minerva","Intervention Weekday",60,09:07:34,"5","Sitting","Resting",NA,15,15,"Inactive"
"1827",2023-07-14,"Minerva","Intervention Weekday",60,09:07:49,"5","Sitting","Resting",NA,30,30,"Inactive"
"1828",2023-07-14,"Minerva","Intervention Weekday",60,09:08:04,"5","Sitting","Resting",NA,45,45,"Inactive"
"1829",2023-07-14,"Minerva","Intervention Weekday",60,09:08:19,"5","Sitting","Eating",NA,0,60,"Active"
"1830",2023-07-14,"Minerva","Intervention Weekday",60,09:08:34,"5","Sitting","Pause",NA,15,0,"Inactive"
"1831",2023-07-14,"Minerva","Intervention Weekday",60,09:08:49,"5","Standing","Locomotion",NA,30,15,"Active"
"1832",2023-07-14,"Minerva","Intervention Weekday",60,09:09:04,"5","Sitting","Resting",NA,45,30,"Inactive"
"1833",2023-07-14,"Minerva","Intervention Weekday",60,09:09:19,"5","Sitting","Eating",NA,0,45,"Active"
"1834",2023-07-14,"Minerva","Intervention Weekday",60,09:09:34,"5","Sitting","Resting",NA,15,60,"Inactive"
"1835",2023-07-14,"Minerva","Intervention Weekday",60,09:09:49,"5","Sitting","Resting",NA,30,0,"Inactive"
"1836",2023-07-14,"Minerva","Intervention Weekday",60,09:10:04,"5","Standing","Locomotion",NA,45,15,"Active"
"1837",2023-07-14,"Minerva","Intervention Weekday",60,09:10:19,"5","Sitting","Eating",NA,0,30,"Active"
"1838",2023-07-14,"Minerva","Intervention Weekday",60,09:10:34,"5","Sitting","Resting",NA,15,45,"Inactive"
"1839",2023-07-14,"Minerva","Intervention Weekday",60,09:10:49,"5","Sitting","Resting",NA,30,60,"Inactive"
"1840",2023-07-14,"Minerva","Intervention Weekday",60,09:11:04,"5","Sitting","Resting",NA,45,0,"Inactive"
"1841",2023-07-14,"Minerva","Intervention Weekday",60,09:11:19,"5","Sitting","Eating",NA,0,15,"Active"
"1842",2023-07-14,"Minerva","Intervention Weekday",60,09:11:34,"5","Sitting","Manipulating Object","Feeder",15,30,"Active"
"1843",2023-07-14,"Minerva","Intervention Weekday",60,09:11:49,"5","Sitting","Resting",NA,30,45,"Inactive"
"1844",2023-07-14,"Minerva","Intervention Weekday",60,09:12:04,"5","Sitting","Resting",NA,45,60,"Inactive"
"1845",2023-07-14,"Minerva","Intervention Weekday",60,09:12:19,"5","Sitting","Eating",NA,0,0,"Active"
"1846",2023-07-14,"Minerva","Intervention Weekday",60,09:12:34,"5","Sitting","Resting",NA,15,15,"Inactive"
"1847",2023-07-14,"Minerva","Intervention Weekday",60,09:12:49,"5","Sitting","Resting",NA,30,30,"Inactive"
"1848",2023-07-14,"Minerva","Intervention Weekday",60,09:13:04,"5","Sitting","Resting",NA,45,45,"Inactive"
"1849",2023-07-14,"Minerva","Intervention Weekday",60,09:13:19,"5","Sitting","Eating",NA,0,60,"Active"
"1850",2023-07-14,"Minerva","Intervention Weekday",60,09:13:34,"5","Sitting","Resting",NA,15,0,"Inactive"
"1851",2023-07-14,"Minerva","Intervention Weekday",60,09:13:49,"5","Sitting","Resting",NA,30,15,"Inactive"
"1852",2023-07-14,"Minerva","Intervention Weekday",60,09:14:04,"5","Sitting","Resting",NA,45,30,"Inactive"
"1853",2023-07-14,"Minerva","Intervention Weekday",60,09:14:19,"5","Sitting","Eating",NA,0,45,"Active"
"1854",2023-07-14,"Minerva","Intervention Weekday",60,09:14:34,"5","Sitting","Eating",NA,15,60,"Active"
"1855",2023-07-14,"Minerva","Intervention Weekday",60,09:14:49,"5","Sitting","Resting",NA,30,0,"Inactive"
"1856",2023-07-14,"Minerva","Intervention Weekday",60,09:15:04,"5","Sitting","Resting",NA,45,15,"Inactive"
"1857",2023-07-14,"Minerva","Intervention Weekday",60,09:15:19,"5","Sitting","Resting",NA,0,30,"Inactive"
"1858",2023-07-14,"Minerva","Intervention Weekday",60,09:15:34,"5","Sitting","Eating",NA,15,45,"Active"
"1859",2023-07-14,"Minerva","Intervention Weekday",60,09:15:49,"5","Sitting","Resting",NA,30,60,"Inactive"
"1860",2023-07-14,"Minerva","Intervention Weekday",60,09:16:04,"5","Sitting","Resting",NA,45,0,"Inactive"
"1861",2023-07-14,"Minerva","Intervention Weekday",60,09:16:19,"5","Sitting","Resting",NA,0,15,"Inactive"
"1862",2023-07-14,"Minerva","Intervention Weekday",60,09:16:34,"5","Sitting","Eating",NA,15,30,"Active"
"1863",2023-09-01,"Minerva","Intervention Weekday",240,12:53:57,"5","Sitting","Eating",NA,0,0,"Active"
"1864",2023-09-01,"Minerva","Intervention Weekday",240,12:54:12,"5","Sitting","Resting",NA,15,15,"Inactive"
"1865",2023-09-01,"Minerva","Intervention Weekday",240,12:54:27,"6","Standing","Pause",NA,30,30,"Inactive"
"1866",2023-09-01,"Minerva","Intervention Weekday",240,12:54:42,"5","Sitting","Resting",NA,45,45,"Inactive"
"1867",2023-09-01,"Minerva","Intervention Weekday",240,12:54:57,"6","Standing","Pause",NA,0,60,"Inactive"
"1868",2023-09-01,"Minerva","Intervention Weekday",240,12:55:12,"6","Sitting","Resting",NA,15,75,"Inactive"
"1869",2023-09-01,"Minerva","Intervention Weekday",240,12:55:27,"6","Sitting","Resting",NA,30,90,"Inactive"
"1870",2023-09-01,"Minerva","Intervention Weekday",240,12:55:42,"6","Sitting","Resting",NA,45,105,"Inactive"
"1871",2023-09-01,"Minerva","Intervention Weekday",240,12:55:57,"6","Sitting","Resting",NA,0,120,"Inactive"
"1872",2023-09-01,"Minerva","Intervention Weekday",240,12:56:12,"6","Sitting","Resting",NA,15,135,"Inactive"
"1873",2023-09-01,"Minerva","Intervention Weekday",240,12:56:27,"6","Sitting","Resting",NA,30,150,"Inactive"
"1874",2023-09-01,"Minerva","Intervention Weekday",240,12:56:42,"6","Sitting","Resting",NA,45,165,"Inactive"
"1875",2023-09-01,"Minerva","Intervention Weekday",240,12:56:57,"6","Sitting","Resting",NA,0,180,"Inactive"
"1876",2023-09-01,"Minerva","Intervention Weekday",240,12:57:12,"6","Sitting","Resting",NA,15,195,"Inactive"
"1877",2023-09-01,"Minerva","Intervention Weekday",240,12:57:27,"6","Sitting","Resting",NA,30,210,"Inactive"
"1878",2023-09-01,"Minerva","Intervention Weekday",240,12:57:42,"5","Sitting","Eating",NA,45,225,"Active"
"1879",2023-09-01,"Minerva","Intervention Weekday",240,12:57:57,"5","Sitting","Eating",NA,0,240,"Active"
"1880",2023-09-01,"Minerva","Intervention Weekday",240,12:58:12,"5","Sitting","Resting",NA,15,0,"Inactive"
"1881",2023-09-01,"Minerva","Intervention Weekday",240,12:58:27,"5","Sitting","Resting",NA,30,15,"Inactive"
"1882",2023-09-01,"Minerva","Intervention Weekday",240,12:58:42,"5","Sitting","Resting",NA,45,30,"Inactive"
"1883",2023-09-01,"Minerva","Intervention Weekday",240,12:58:57,"5","Sitting","Resting",NA,0,45,"Inactive"
"1884",2023-09-01,"Minerva","Intervention Weekday",240,12:59:12,"5","Sitting","Resting",NA,15,60,"Inactive"
"1885",2023-09-01,"Minerva","Intervention Weekday",240,12:59:27,"5","Sitting","Resting",NA,30,75,"Inactive"
"1886",2023-09-01,"Minerva","Intervention Weekday",240,12:59:42,"5","Sitting","Resting",NA,45,90,"Inactive"
"1887",2023-09-01,"Minerva","Intervention Weekday",240,12:59:57,"5","Sitting","Resting",NA,0,105,"Inactive"
"1888",2023-09-01,"Minerva","Intervention Weekday",240,13:00:12,"5","Sitting","Resting",NA,15,120,"Inactive"
"1889",2023-09-01,"Minerva","Intervention Weekday",240,13:00:27,"5","Sitting","Resting",NA,30,135,"Inactive"
"1890",2023-09-01,"Minerva","Intervention Weekday",240,13:00:42,"5","Sitting","Resting",NA,45,150,"Inactive"
"1891",2023-09-01,"Minerva","Intervention Weekday",240,13:00:57,"5","Sitting","Resting",NA,0,165,"Inactive"
"1892",2023-09-01,"Minerva","Intervention Weekday",240,13:01:12,"5","Sitting","Resting",NA,15,180,"Inactive"
"1893",2023-09-01,"Minerva","Intervention Weekday",240,13:01:27,"5","Sitting","Resting",NA,30,195,"Inactive"
"1894",2023-09-01,"Minerva","Intervention Weekday",240,13:01:42,"5","Sitting","Resting",NA,45,210,"Inactive"
"1895",2023-09-01,"Minerva","Intervention Weekday",240,13:01:57,"5","Sitting","Eating",NA,0,225,"Active"
"1896",2023-09-01,"Minerva","Intervention Weekday",240,13:02:12,"5","Sitting","Resting",NA,15,240,"Inactive"
"1897",2023-09-01,"Minerva","Intervention Weekday",240,13:02:27,"5","Sitting","Resting",NA,30,0,"Inactive"
"1898",2023-09-01,"Minerva","Intervention Weekday",240,13:02:42,"5","Sitting","Resting",NA,45,15,"Inactive"
"1899",2023-09-01,"Minerva","Intervention Weekday",240,13:02:57,"5","Sitting","Resting",NA,0,30,"Inactive"
"1900",2023-09-01,"Minerva","Intervention Weekday",240,13:03:12,"5","Sitting","Resting",NA,15,45,"Inactive"
"1901",2023-09-01,"Minerva","Intervention Weekday",240,13:03:27,"5","Sitting","Resting",NA,30,60,"Inactive"
"1902",2023-09-01,"Minerva","Intervention Weekday",240,13:03:42,"5","Sitting","Resting",NA,45,75,"Inactive"
"1903",2023-09-01,"Minerva","Intervention Weekday",240,13:03:57,"5","Sitting","Resting",NA,0,90,"Inactive"
"1904",2023-09-01,"Minerva","Intervention Weekday",240,13:04:12,"5","Sitting","Resting",NA,15,105,"Inactive"
"1905",2023-09-01,"Minerva","Intervention Weekday",240,13:04:27,"5","Sitting","Resting",NA,30,120,"Inactive"
"1906",2023-09-01,"Minerva","Intervention Weekday",240,13:04:42,"5","Sitting","Resting",NA,45,135,"Inactive"
"1907",2023-09-01,"Minerva","Intervention Weekday",240,13:04:57,"5","Sitting","Resting",NA,0,150,"Inactive"
"1908",2023-09-01,"Minerva","Intervention Weekday",240,13:05:12,"5","Sitting","Resting",NA,15,165,"Inactive"
"1909",2023-09-01,"Minerva","Intervention Weekday",240,13:05:27,"5","Sitting","Resting",NA,30,180,"Inactive"
"1910",2023-09-01,"Minerva","Intervention Weekday",240,13:05:42,"5","Sitting","Resting",NA,45,195,"Inactive"
"1911",2023-09-01,"Minerva","Intervention Weekday",240,13:05:57,"5","Sitting","Eating",NA,0,210,"Active"
"1912",2023-09-01,"Minerva","Intervention Weekday",240,13:06:12,"6","Standing","Locomotion",NA,15,225,"Active"
"1913",2023-09-01,"Minerva","Intervention Weekday",240,13:06:27,"Litter Box","Out of View","Out of View",NA,30,240,"OutofView"
"1914",2023-09-01,"Minerva","Intervention Weekday",240,13:06:42,"Litter Box","Out of View","Out of View",NA,45,0,"OutofView"
"1915",2023-09-01,"Minerva","Intervention Weekday",240,13:06:57,"5","Standing","Pause",NA,0,15,"Inactive"
"1916",2023-09-01,"Minerva","Intervention Weekday",240,13:07:12,"5","Sitting","Resting",NA,15,30,"Inactive"
"1917",2023-09-01,"Minerva","Intervention Weekday",240,13:07:27,"5","Sitting","Resting",NA,30,45,"Inactive"
"1918",2023-09-01,"Minerva","Intervention Weekday",240,13:07:42,"5","Sitting","Resting",NA,45,60,"Inactive"
"1919",2023-09-01,"Minerva","Intervention Weekday",240,13:07:57,"5","Sitting","Resting",NA,0,75,"Inactive"
"1920",2023-09-01,"Minerva","Intervention Weekday",240,13:08:12,"5","Sitting","Resting",NA,15,90,"Inactive"
"1921",2023-09-01,"Minerva","Intervention Weekday",240,13:08:27,"5","Sitting","Resting",NA,30,105,"Inactive"
"1922",2023-08-11,"Minerva","Intervention Weekday",180,08:43:50,"5","Sitting","Eating",NA,0,0,"Active"
"1923",2023-08-11,"Minerva","Intervention Weekday",180,08:44:05,"6","Sitting","Drinking",NA,15,15,"Active"
"1924",2023-08-11,"Minerva","Intervention Weekday",180,08:44:20,"5","Sitting","Resting",NA,30,30,"Inactive"
"1925",2023-08-11,"Minerva","Intervention Weekday",180,08:44:35,"5","Sitting","Resting",NA,45,45,"Inactive"
"1926",2023-08-11,"Minerva","Intervention Weekday",180,08:44:50,"4","Sitting","Resting",NA,0,60,"Inactive"
"1927",2023-08-11,"Minerva","Intervention Weekday",180,08:45:05,"5","Sitting","Resting",NA,15,75,"Inactive"
"1928",2023-08-11,"Minerva","Intervention Weekday",180,08:45:20,"5","Sitting","Resting",NA,30,90,"Inactive"
"1929",2023-08-11,"Minerva","Intervention Weekday",180,08:45:35,"5","Sitting","Resting",NA,45,105,"Inactive"
"1930",2023-08-11,"Minerva","Intervention Weekday",180,08:45:50,"5","Sitting","Resting",NA,0,120,"Inactive"
"1931",2023-08-11,"Minerva","Intervention Weekday",180,08:46:05,"5","Sitting","Resting",NA,15,135,"Inactive"
"1932",2023-08-11,"Minerva","Intervention Weekday",180,08:46:20,"5","Sitting","Resting",NA,30,150,"Inactive"
"1933",2023-08-11,"Minerva","Intervention Weekday",180,08:46:35,"5","Sitting","Eating",NA,45,165,"Active"
"1934",2023-08-11,"Minerva","Intervention Weekday",180,08:46:50,"5","Sitting","Eating",NA,0,180,"Active"
"1935",2023-08-11,"Minerva","Intervention Weekday",180,08:47:05,"5","Sitting","Resting",NA,15,0,"Inactive"
"1936",2023-08-11,"Minerva","Intervention Weekday",180,08:47:20,"5","Sitting","Resting",NA,30,15,"Inactive"
"1937",2023-08-11,"Minerva","Intervention Weekday",180,08:47:35,"5","Sitting","Resting",NA,45,30,"Inactive"
"1938",2023-08-11,"Minerva","Intervention Weekday",180,08:47:50,"5","Sitting","Resting",NA,0,45,"Inactive"
"1939",2023-08-11,"Minerva","Intervention Weekday",180,08:48:05,"5","Sitting","Resting",NA,15,60,"Inactive"
"1940",2023-08-11,"Minerva","Intervention Weekday",180,08:48:20,"5","Sitting","Resting",NA,30,75,"Inactive"
"1941",2023-08-11,"Minerva","Intervention Weekday",180,08:48:35,"5","Sitting","Resting",NA,45,90,"Inactive"
"1942",2023-08-11,"Minerva","Intervention Weekday",180,08:48:50,"5","Sitting","Resting",NA,0,105,"Inactive"
"1943",2023-08-11,"Minerva","Intervention Weekday",180,08:49:05,"5","Sitting","Resting",NA,15,120,"Inactive"
"1944",2023-08-11,"Minerva","Intervention Weekday",180,08:49:20,"5","Sitting","Resting",NA,30,135,"Inactive"
"1945",2023-08-11,"Minerva","Intervention Weekday",180,08:49:35,"5","Sitting","Eating",NA,45,150,"Active"
"1946",2023-08-11,"Minerva","Intervention Weekday",180,08:49:50,"5","Sitting","Eating",NA,0,165,"Active"
"1947",2023-08-11,"Minerva","Intervention Weekday",180,08:50:05,"6","Sitting","Drinking",NA,15,180,"Active"
"1948",2023-08-11,"Minerva","Intervention Weekday",180,08:50:20,"6","Sitting","Resting",NA,30,0,"Inactive"
"1949",2023-08-11,"Minerva","Intervention Weekday",180,08:50:35,"5","Sitting","Resting",NA,45,15,"Inactive"
"1950",2023-08-11,"Minerva","Intervention Weekday",180,08:50:50,"5","Sitting","Resting",NA,0,30,"Inactive"
"1951",2023-08-11,"Minerva","Intervention Weekday",180,08:51:05,"5","Sitting","Resting",NA,15,45,"Inactive"
"1952",2023-08-11,"Minerva","Intervention Weekday",180,08:51:20,"5","Sitting","Resting",NA,30,60,"Inactive"
"1953",2023-08-11,"Minerva","Intervention Weekday",180,08:51:35,"5","Sitting","Resting",NA,45,75,"Inactive"
"1954",2023-08-11,"Minerva","Intervention Weekday",180,08:51:50,"5","Sitting","Resting",NA,0,90,"Inactive"
"1955",2023-08-11,"Minerva","Intervention Weekday",180,08:52:05,"5","Sitting","Resting",NA,15,105,"Inactive"
"1956",2023-08-11,"Minerva","Intervention Weekday",180,08:52:20,"5","Sitting","Resting",NA,30,120,"Inactive"
"1957",2023-08-11,"Minerva","Intervention Weekday",180,08:52:35,"5","Sitting","Resting",NA,45,135,"Inactive"
"1958",2023-08-11,"Minerva","Intervention Weekday",180,08:52:50,"5","Sitting","Resting",NA,0,150,"Inactive"
"1959",2023-08-11,"Minerva","Intervention Weekday",180,08:53:05,"5","Sitting","Resting",NA,15,165,"Inactive"
"1960",2023-08-11,"Minerva","Intervention Weekday",180,08:53:20,"5","Sitting","Resting",NA,30,180,"Inactive"
"1961",2023-08-11,"Minerva","Intervention Weekday",180,08:53:35,"5","Sitting","Resting",NA,45,0,"Inactive"
"1962",2023-08-11,"Minerva","Intervention Weekday",180,08:53:50,"5","Sitting","Resting",NA,0,15,"Inactive"
"1963",2023-08-11,"Minerva","Intervention Weekday",180,08:54:05,"5","Sitting","Resting",NA,15,30,"Inactive"
"1964",2023-08-11,"Minerva","Intervention Weekday",180,08:54:20,"5","Sitting","Resting",NA,30,45,"Inactive"
"1965",2023-08-11,"Minerva","Intervention Weekday",180,08:54:35,"5","Sitting","Resting",NA,45,60,"Inactive"
"1966",2023-08-11,"Minerva","Intervention Weekday",180,08:54:50,"5","Sitting","Resting",NA,0,75,"Inactive"
"1967",2023-08-11,"Minerva","Intervention Weekday",180,08:55:05,"5","Sitting","Resting",NA,15,90,"Inactive"
"1968",2023-08-11,"Minerva","Intervention Weekday",180,08:55:20,"5","Sitting","Resting",NA,30,105,"Inactive"
"1969",2023-08-11,"Minerva","Intervention Weekday",180,08:55:35,"5","Sitting","Resting",NA,45,120,"Inactive"
"1970",2023-08-11,"Minerva","Intervention Weekday",180,08:55:50,"5","Sitting","Eating",NA,0,135,"Active"
"1971",2023-08-11,"Minerva","Intervention Weekday",180,08:56:05,"6","Standing","Manipulating Object","Fencing",15,150,"Active"
"1972",2023-08-11,"Minerva","Intervention Weekday",180,08:56:20,"5","Sitting","Resting",NA,30,165,"Inactive"
"1973",2023-08-11,"Minerva","Intervention Weekday",180,08:56:35,"5","Sitting","Resting",NA,45,180,"Inactive"
"1974",2023-08-11,"Minerva","Intervention Weekday",180,08:56:50,"5","Sitting","Resting",NA,0,0,"Inactive"
"1975",2023-08-11,"Minerva","Intervention Weekday",180,08:57:05,"5","Sitting","Resting",NA,15,15,"Inactive"
"1976",2023-08-11,"Minerva","Intervention Weekday",180,08:57:20,"5","Sitting","Resting",NA,30,30,"Inactive"
"1977",2023-08-11,"Minerva","Intervention Weekday",180,08:57:35,"5","Sitting","Resting",NA,45,45,"Inactive"
"1978",2023-08-11,"Minerva","Intervention Weekday",180,08:57:50,"5","Sitting","Resting",NA,0,60,"Inactive"
"1979",2023-08-11,"Minerva","Intervention Weekday",180,08:58:05,"5","Sitting","Resting",NA,15,75,"Inactive"
"1980",2023-08-11,"Minerva","Intervention Weekday",180,08:58:20,"5","Sitting","Resting",NA,30,90,"Inactive"
"1981",2023-05-11,"Citrine","Intervention Weekday",120,11:54:23,"5","Standing","Locomotion",NA,0,90,"Active"
"1982",2023-05-11,"Citrine","Intervention Weekday",120,11:54:38,"Shelf","Out of View","Out of View",NA,15,105,"OutofView"
"1983",2023-05-11,"Citrine","Intervention Weekday",120,11:54:53,"Shelf","Sitting","Resting",NA,30,120,"Inactive"
"1984",2023-05-11,"Citrine","Intervention Weekday",120,11:55:08,"Shelf","Sitting","Resting",NA,45,0,"Inactive"
"1985",2023-05-11,"Citrine","Intervention Weekday",120,11:55:23,"Shelf","Sitting","Resting",NA,0,15,"Inactive"
"1986",2023-05-11,"Citrine","Intervention Weekday",120,11:55:38,"Shelf","Sitting","Resting",NA,15,30,"Inactive"
"1987",2023-05-11,"Citrine","Intervention Weekday",120,11:55:53,"Shelf","Sitting","Resting",NA,30,45,"Inactive"
"1988",2023-05-11,"Citrine","Intervention Weekday",120,11:56:08,"6","Standing","Eating",NA,45,60,"Active"
"1989",2023-05-11,"Citrine","Intervention Weekday",120,11:56:23,"3","Standing","Locomotion",NA,0,75,"Active"
"1990",2023-05-11,"Citrine","Intervention Weekday",120,11:56:38,"Shelf","Sitting","Resting",NA,15,90,"Inactive"
"1991",2023-05-11,"Citrine","Intervention Weekday",120,11:56:53,"Shelf","Lying Down","Resting",NA,30,105,"Inactive"
"1992",2023-05-11,"Citrine","Intervention Weekday",120,11:57:08,"Shelf","Lying Down","Resting",NA,45,120,"Inactive"
"1993",2023-05-11,"Citrine","Intervention Weekday",120,11:57:23,"Shelf","Lying Down","Resting",NA,0,0,"Inactive"
"1994",2023-05-11,"Citrine","Intervention Weekday",120,11:57:38,"Shelf","Lying Down","Resting",NA,15,15,"Inactive"
"1995",2023-05-11,"Citrine","Intervention Weekday",120,11:57:53,"Shelf","Lying Down","Resting",NA,30,30,"Inactive"
"1996",2023-05-11,"Citrine","Intervention Weekday",120,11:58:08,"Shelf","Lying Down","Resting",NA,45,45,"Inactive"
"1997",2023-05-11,"Citrine","Intervention Weekday",120,11:58:23,"Feeder","Standing","Pause",NA,0,60,"Inactive"
"1998",2023-05-11,"Citrine","Intervention Weekday",120,11:58:38,"Feeder","Standing","Pause",NA,15,75,"Inactive"
"1999",2023-05-11,"Citrine","Intervention Weekday",120,11:58:53,"Feeder","Sitting","Resting",NA,30,90,"Inactive"
"2000",2023-05-11,"Citrine","Intervention Weekday",120,11:59:08,"Feeder","Sitting","Resting",NA,45,105,"Inactive"
"2001",2023-05-11,"Citrine","Intervention Weekday",120,11:59:23,"Feeder","Sitting","Resting",NA,0,120,"Inactive"
"2002",2023-05-11,"Citrine","Intervention Weekday",120,11:59:38,"Feeder","Sitting","Resting",NA,15,0,"Inactive"
"2003",2023-05-11,"Citrine","Intervention Weekday",120,11:59:53,"Feeder","Sitting","Resting",NA,30,15,"Inactive"
"2004",2023-05-11,"Citrine","Intervention Weekday",120,12:00:08,"Feeder","Sitting","Resting",NA,45,30,"Inactive"
"2005",2023-05-11,"Citrine","Intervention Weekday",120,12:00:23,"6","Sitting","Eating",NA,0,45,"Active"
"2006",2023-05-11,"Citrine","Intervention Weekday",120,12:00:38,"5","Standing","Drinking",NA,15,60,"Active"
"2007",2023-05-11,"Citrine","Intervention Weekday",120,12:00:53,"5","Standing","Drinking",NA,30,75,"Active"
"2008",2023-05-11,"Citrine","Intervention Weekday",120,12:01:08,"5","Standing","Drinking",NA,45,90,"Active"
"2009",2023-05-11,"Citrine","Intervention Weekday",120,12:01:23,"6","Standing","Pause",NA,0,105,"Inactive"
"2010",2023-05-11,"Citrine","Intervention Weekday",120,12:01:38,"Feeder","Standing","Pause",NA,15,120,"Inactive"
"2011",2023-05-11,"Citrine","Intervention Weekday",120,12:01:53,"Feeder","Sitting","Resting",NA,30,0,"Inactive"
"2012",2023-05-11,"Citrine","Intervention Weekday",120,12:02:08,"Feeder","Sitting","Resting",NA,45,15,"Inactive"
"2013",2023-05-11,"Citrine","Intervention Weekday",120,12:02:23,"6","Standing","Eating",NA,0,30,"Active"
"2014",2023-05-11,"Citrine","Intervention Weekday",120,12:02:38,"5","Standing","Locomotion",NA,15,45,"Active"
"2015",2023-05-11,"Citrine","Intervention Weekday",120,12:02:53,"Shelf","Sitting","Resting",NA,30,60,"Inactive"
"2016",2023-05-11,"Citrine","Intervention Weekday",120,12:03:08,"Shelf","Sitting","Resting",NA,45,75,"Inactive"
"2017",2023-05-11,"Citrine","Intervention Weekday",120,12:03:23,"Shelf","Sitting","Resting",NA,0,90,"Inactive"
"2018",2023-05-11,"Citrine","Intervention Weekday",120,12:03:38,"Shelf","Sitting","Resting",NA,15,105,"Inactive"
"2019",2023-05-11,"Citrine","Intervention Weekday",120,12:03:53,"Shelf","Sitting","Resting",NA,30,120,"Inactive"
"2020",2023-05-11,"Citrine","Intervention Weekday",120,12:04:08,"Shelf","Sitting","Resting",NA,45,0,"Inactive"
"2021",2023-05-11,"Citrine","Intervention Weekday",120,12:04:23,"5","Sitting","Eating",NA,0,15,"Active"
"2022",2023-05-11,"Citrine","Intervention Weekday",120,12:04:38,"6","Sitting","Eating",NA,15,30,"Active"
"2023",2023-05-11,"Citrine","Intervention Weekday",120,12:04:53,"Feeder","Sitting","Resting",NA,30,45,"Inactive"
"2024",2023-05-11,"Citrine","Intervention Weekday",120,12:05:08,"Feeder","Sitting","Resting",NA,45,60,"Inactive"
"2025",2023-05-11,"Citrine","Intervention Weekday",120,12:05:23,"Feeder","Sitting","Resting",NA,0,75,"Inactive"
"2026",2023-05-11,"Citrine","Intervention Weekday",120,12:05:38,"Feeder","Sitting","Resting",NA,15,90,"Inactive"
"2027",2023-05-11,"Citrine","Intervention Weekday",120,12:05:53,"Feeder","Sitting","Resting",NA,30,105,"Inactive"
"2028",2023-05-11,"Citrine","Intervention Weekday",120,12:06:08,"Feeder","Sitting","Resting",NA,45,120,"Inactive"
"2029",2023-05-11,"Citrine","Intervention Weekday",120,12:06:23,"5","Standing","Eating",NA,0,0,"Active"
"2030",2023-05-11,"Citrine","Intervention Weekday",120,12:06:38,"5","Standing","Pause",NA,15,15,"Inactive"
"2031",2023-05-11,"Citrine","Intervention Weekday",120,12:06:53,"Shelf","Out of View","Out of View",NA,30,30,"OutofView"
"2032",2023-05-11,"Citrine","Intervention Weekday",120,12:07:08,"Shelf","Sitting","Resting",NA,45,45,"Inactive"
"2033",2023-05-11,"Citrine","Intervention Weekday",120,12:07:23,"Shelf","Sitting","Resting",NA,0,60,"Inactive"
"2034",2023-05-11,"Citrine","Intervention Weekday",120,12:07:38,"Shelf","Sitting","Resting",NA,15,75,"Inactive"
"2035",2023-05-11,"Citrine","Intervention Weekday",120,12:07:53,"Shelf","Sitting","Resting",NA,30,90,"Inactive"
"2036",2023-05-11,"Citrine","Intervention Weekday",120,12:08:08,"Shelf","Sitting","Resting",NA,45,105,"Inactive"
"2037",2023-05-11,"Citrine","Intervention Weekday",120,12:08:23,"4","Standing","Locomotion",NA,0,120,"Active"
"2038",2023-05-11,"Citrine","Intervention Weekday",120,12:08:38,"4","Standing","Locomotion",NA,15,0,"Active"
"2039",2023-05-11,"Citrine","Intervention Weekday",120,12:08:53,"Feeder","Sitting","Resting",NA,30,15,"Inactive"
"2040",2023-07-14,"Minerva","Intervention Weekday",60,08:47:31,"5","Sitting","Eating",NA,30,45,"Active"
"2041",2023-07-14,"Minerva","Intervention Weekday",60,08:47:46,"5","Sitting","Eating",NA,45,60,"Active"
"2042",2023-07-14,"Minerva","Intervention Weekday",60,08:48:01,"5","Sitting","Eating",NA,0,0,"Active"
"2043",2023-07-14,"Minerva","Intervention Weekday",60,08:48:16,"5","Sitting","Resting",NA,15,15,"Inactive"
"2044",2023-07-14,"Minerva","Intervention Weekday",60,08:48:31,"5","Sitting","Resting",NA,30,30,"Inactive"
"2045",2023-07-14,"Minerva","Intervention Weekday",60,08:48:46,"5","Sitting","Resting",NA,45,45,"Inactive"
"2046",2023-07-14,"Minerva","Intervention Weekday",60,08:49:01,"5","Sitting","Eating",NA,0,60,"Active"
"2047",2023-07-14,"Minerva","Intervention Weekday",60,08:49:16,"5","Sitting","Resting",NA,15,0,"Inactive"
"2048",2023-07-14,"Minerva","Intervention Weekday",60,08:49:31,"3","Sitting","Resting",NA,30,15,"Inactive"
"2049",2023-07-14,"Minerva","Intervention Weekday",60,08:49:46,"3","Sitting","Resting",NA,45,30,"Inactive"
"2050",2023-07-14,"Minerva","Intervention Weekday",60,08:50:01,"5","Sitting","Eating",NA,0,45,"Active"
"2051",2023-07-14,"Minerva","Intervention Weekday",60,08:50:16,"5","Sitting","Eating",NA,15,60,"Active"
"2052",2023-07-14,"Minerva","Intervention Weekday",60,08:50:31,"5","Sitting","Resting",NA,30,0,"Inactive"
"2053",2023-07-14,"Minerva","Intervention Weekday",60,08:50:46,"5","Standing","Locomotion",NA,45,15,"Active"
"2054",2023-07-14,"Minerva","Intervention Weekday",60,08:51:01,"5","Sitting","Eating",NA,0,30,"Active"
"2055",2023-07-14,"Minerva","Intervention Weekday",60,08:51:16,"3","Sitting","Resting",NA,15,45,"Inactive"
"2056",2023-07-14,"Minerva","Intervention Weekday",60,08:51:31,"3","Sitting","Resting",NA,30,60,"Inactive"
"2057",2023-07-14,"Minerva","Intervention Weekday",60,08:51:46,"3","Sitting","Resting",NA,45,0,"Inactive"
"2058",2023-07-14,"Minerva","Intervention Weekday",60,08:52:01,"5","Sitting","Eating",NA,0,15,"Active"
"2059",2023-07-14,"Minerva","Intervention Weekday",60,08:52:16,"3","Sitting","Resting",NA,15,30,"Inactive"
"2060",2023-07-14,"Minerva","Intervention Weekday",60,08:52:31,"3","Sitting","Resting",NA,30,45,"Inactive"
"2061",2023-07-14,"Minerva","Intervention Weekday",60,08:52:46,"3","Sitting","Resting",NA,45,60,"Inactive"
"2062",2023-07-14,"Minerva","Intervention Weekday",60,08:53:01,"5","Sitting","Eating",NA,0,0,"Active"
"2063",2023-07-14,"Minerva","Intervention Weekday",60,08:53:16,"5","Standing","Pause",NA,15,15,"Inactive"
"2064",2023-07-14,"Minerva","Intervention Weekday",60,08:53:31,"3","Sitting","Resting",NA,30,30,"Inactive"
"2065",2023-07-14,"Minerva","Intervention Weekday",60,08:53:46,"3","Sitting","Resting",NA,45,45,"Inactive"
"2066",2023-07-14,"Minerva","Intervention Weekday",60,08:54:01,"5","Sitting","Eating",NA,0,60,"Active"
"2067",2023-07-14,"Minerva","Intervention Weekday",60,08:54:16,"5","Sitting","Eating",NA,15,0,"Active"
"2068",2023-07-14,"Minerva","Intervention Weekday",60,08:54:31,"5","Standing","Locomotion",NA,30,15,"Active"
"2069",2023-07-14,"Minerva","Intervention Weekday",60,08:54:46,"5","Sitting","Pause",NA,45,30,"Inactive"
"2070",2023-07-14,"Minerva","Intervention Weekday",60,08:55:01,"5","Sitting","Eating",NA,0,45,"Active"
"2071",2023-07-14,"Minerva","Intervention Weekday",60,08:55:16,"5","Sitting","Eating",NA,15,60,"Active"
"2072",2023-07-14,"Minerva","Intervention Weekday",60,08:55:31,"5","Standing","Manipulating Object","Feeder",30,0,"Active"
"2073",2023-07-14,"Minerva","Intervention Weekday",60,08:55:46,"3","Sitting","Resting",NA,45,15,"Inactive"
"2074",2023-07-14,"Minerva","Intervention Weekday",60,08:56:01,"5","Sitting","Eating",NA,0,30,"Active"
"2075",2023-07-14,"Minerva","Intervention Weekday",60,08:56:16,"5","Sitting","Pause",NA,15,45,"Inactive"
"2076",2023-07-14,"Minerva","Intervention Weekday",60,08:56:31,"5","Sitting","Resting",NA,30,60,"Inactive"
"2077",2023-07-14,"Minerva","Intervention Weekday",60,08:56:46,"3","Sitting","Resting",NA,45,0,"Inactive"
"2078",2023-07-14,"Minerva","Intervention Weekday",60,08:57:01,"5","Sitting","Eating",NA,0,15,"Active"
"2079",2023-07-14,"Minerva","Intervention Weekday",60,08:57:16,"5","Sitting","Eating",NA,15,30,"Active"
"2080",2023-07-14,"Minerva","Intervention Weekday",60,08:57:31,"5","Standing","Locomotion",NA,30,45,"Active"
"2081",2023-07-14,"Minerva","Intervention Weekday",60,08:57:46,"5","Sitting","Resting",NA,45,60,"Inactive"
"2082",2023-07-14,"Minerva","Intervention Weekday",60,08:58:01,"5","Sitting","Eating",NA,0,0,"Active"
"2083",2023-07-14,"Minerva","Intervention Weekday",60,08:58:16,"5","Sitting","Eating",NA,15,15,"Active"
"2084",2023-07-14,"Minerva","Intervention Weekday",60,08:58:31,"5","Sitting","Resting",NA,30,30,"Inactive"
"2085",2023-07-14,"Minerva","Intervention Weekday",60,08:58:46,"6","Sitting","Resting",NA,45,45,"Inactive"
"2086",2023-07-14,"Minerva","Intervention Weekday",60,08:59:01,"5","Sitting","Eating",NA,0,60,"Active"
"2087",2023-07-14,"Minerva","Intervention Weekday",60,08:59:16,"5","Sitting","Eating",NA,15,0,"Active"
"2088",2023-07-14,"Minerva","Intervention Weekday",60,08:59:31,"5","Sitting","Resting",NA,30,15,"Inactive"
"2089",2023-07-14,"Minerva","Intervention Weekday",60,08:59:46,"3","Sitting","Resting",NA,45,30,"Inactive"
"2090",2023-07-14,"Minerva","Intervention Weekday",60,09:00:01,"3","Sitting","Resting",NA,0,45,"Inactive"
"2091",2023-07-14,"Minerva","Intervention Weekday",60,09:00:16,"5","Sitting","Manipulating Object","Feeder",15,60,"Active"
"2092",2023-07-14,"Minerva","Intervention Weekday",60,09:00:31,"3","Sitting","Resting",NA,30,0,"Inactive"
"2093",2023-07-14,"Minerva","Intervention Weekday",60,09:00:46,"5","Sitting","Resting",NA,45,15,"Inactive"
"2094",2023-07-14,"Minerva","Intervention Weekday",60,09:01:01,"5","Sitting","Resting",NA,0,30,"Inactive"
"2095",2023-07-14,"Minerva","Intervention Weekday",60,09:01:16,"5","Sitting","Eating",NA,15,45,"Active"
"2096",2023-07-14,"Minerva","Intervention Weekday",60,09:01:31,"5","Sitting","Resting",NA,30,60,"Inactive"
"2097",2023-07-14,"Minerva","Intervention Weekday",60,09:01:46,"5","Sitting","Resting",NA,45,0,"Inactive"
"2098",2023-07-14,"Minerva","Intervention Weekday",60,09:02:01,"5","Sitting","Manipulating Object","Feeder",0,15,"Active"
"2099",2023-06-15,"Elia","Intervention Weekday",120,09:54:25,"5","Sitting","Eating",NA,0,0,"Active"
"2100",2023-06-15,"Elia","Intervention Weekday",120,09:54:40,"5","Sitting","Resting",NA,15,15,"Inactive"
"2101",2023-06-15,"Elia","Intervention Weekday",120,09:54:55,"5","Sitting","Resting",NA,30,30,"Inactive"
"2102",2023-06-15,"Elia","Intervention Weekday",120,09:55:10,"5","Sitting","Eating",NA,45,45,"Active"
"2103",2023-06-15,"Elia","Intervention Weekday",120,09:55:25,"5","Sitting","Grooming",NA,0,60,"Active"
"2104",2023-06-15,"Elia","Intervention Weekday",120,09:55:40,"5","Sitting","Grooming",NA,15,75,"Active"
"2105",2023-06-15,"Elia","Intervention Weekday",120,09:55:55,"5","Sitting","Resting",NA,30,90,"Inactive"
"2106",2023-06-15,"Elia","Intervention Weekday",120,09:56:10,"6","Standing","Locomotion",NA,45,105,"Active"
"2107",2023-06-15,"Elia","Intervention Weekday",120,09:56:25,"5","Sitting","Grooming",NA,0,120,"Active"
"2108",2023-06-15,"Elia","Intervention Weekday",120,09:56:40,"5","Sitting","Eating",NA,15,0,"Active"
"2109",2023-06-15,"Elia","Intervention Weekday",120,09:56:55,"5","Sitting","Eating",NA,30,15,"Active"
"2110",2023-06-15,"Elia","Intervention Weekday",120,09:57:10,"5","Sitting","Resting",NA,45,30,"Inactive"
"2111",2023-06-15,"Elia","Intervention Weekday",120,09:57:25,"5","Standing","Locomotion",NA,0,45,"Active"
"2112",2023-06-15,"Elia","Intervention Weekday",120,09:57:40,"1","Sitting","Grooming",NA,15,60,"Active"
"2113",2023-06-15,"Elia","Intervention Weekday",120,09:57:55,"3","Standing","Locomotion",NA,30,75,"Active"
"2114",2023-06-15,"Elia","Intervention Weekday",120,09:58:10,"3","Sitting","Resting",NA,45,90,"Inactive"
"2115",2023-06-15,"Elia","Intervention Weekday",120,09:58:25,"5","Sitting","Eating",NA,0,105,"Active"
"2116",2023-06-15,"Elia","Intervention Weekday",120,09:58:40,"5","Sitting","Eating",NA,15,120,"Active"
"2117",2023-06-15,"Elia","Intervention Weekday",120,09:58:55,"5","Sitting","Resting",NA,30,0,"Inactive"
"2118",2023-06-15,"Elia","Intervention Weekday",120,09:59:10,"5","Sitting","Resting",NA,45,15,"Inactive"
"2119",2023-06-15,"Elia","Intervention Weekday",120,09:59:25,"5","Sitting","Grooming",NA,0,30,"Active"
"2120",2023-06-15,"Elia","Intervention Weekday",120,09:59:40,"5","Sitting","Grooming",NA,15,45,"Active"
"2121",2023-06-15,"Elia","Intervention Weekday",120,09:59:55,"5","Sitting","Resting",NA,30,60,"Inactive"
"2122",2023-06-15,"Elia","Intervention Weekday",120,10:00:10,"5","Sitting","Resting",NA,45,75,"Inactive"
"2123",2023-06-15,"Elia","Intervention Weekday",120,10:00:25,"5","Sitting","Eating",NA,0,90,"Active"
"2124",2023-06-15,"Elia","Intervention Weekday",120,10:00:40,"5","Sitting","Pause",NA,15,105,"Inactive"
"2125",2023-06-15,"Elia","Intervention Weekday",120,10:00:55,"5","Sitting","Resting",NA,30,120,"Inactive"
"2126",2023-06-15,"Elia","Intervention Weekday",120,10:01:10,"5","Sitting","Resting",NA,45,0,"Inactive"
"2127",2023-06-15,"Elia","Intervention Weekday",120,10:01:25,"5","Sitting","Resting",NA,0,15,"Inactive"
"2128",2023-06-15,"Elia","Intervention Weekday",120,10:01:40,"5","Sitting","Resting",NA,15,30,"Inactive"
"2129",2023-06-15,"Elia","Intervention Weekday",120,10:01:55,"5","Sitting","Resting",NA,30,45,"Inactive"
"2130",2023-06-15,"Elia","Intervention Weekday",120,10:02:10,"5","Sitting","Resting",NA,45,60,"Inactive"
"2131",2023-06-15,"Elia","Intervention Weekday",120,10:02:25,"5","Sitting","Eating",NA,0,75,"Active"
"2132",2023-06-15,"Elia","Intervention Weekday",120,10:02:40,"5","Sitting","Eating",NA,15,90,"Active"
"2133",2023-06-15,"Elia","Intervention Weekday",120,10:02:55,"6","Sitting","Drinking",NA,30,105,"Active"
"2134",2023-06-15,"Elia","Intervention Weekday",120,10:03:10,"6","Sitting","Drinking",NA,45,120,"Active"
"2135",2023-06-15,"Elia","Intervention Weekday",120,10:03:25,"6","Sitting","Drinking",NA,0,0,"Active"
"2136",2023-06-15,"Elia","Intervention Weekday",120,10:03:40,"6","Standing","Locomotion",NA,15,15,"Active"
"2137",2023-06-15,"Elia","Intervention Weekday",120,10:03:55,"5","Sitting","Resting",NA,30,30,"Inactive"
"2138",2023-06-15,"Elia","Intervention Weekday",120,10:04:10,"5","Sitting","Resting",NA,45,45,"Inactive"
"2139",2023-06-15,"Elia","Intervention Weekday",120,10:04:25,"5","Sitting","Eating",NA,0,60,"Active"
"2140",2023-06-15,"Elia","Intervention Weekday",120,10:04:40,"5","Sitting","Eating",NA,15,75,"Active"
"2141",2023-06-15,"Elia","Intervention Weekday",120,10:04:55,"5","Sitting","Eating",NA,30,90,"Active"
"2142",2023-06-15,"Elia","Intervention Weekday",120,10:05:10,"5","Sitting","Resting",NA,45,105,"Inactive"
"2143",2023-06-15,"Elia","Intervention Weekday",120,10:05:25,"5","Sitting","Resting",NA,0,120,"Inactive"
"2144",2023-06-15,"Elia","Intervention Weekday",120,10:05:40,"5","Sitting","Resting",NA,15,0,"Inactive"
"2145",2023-06-15,"Elia","Intervention Weekday",120,10:05:55,"5","Sitting","Resting",NA,30,15,"Inactive"
"2146",2023-06-15,"Elia","Intervention Weekday",120,10:06:10,"5","Sitting","Resting",NA,45,30,"Inactive"
"2147",2023-06-15,"Elia","Intervention Weekday",120,10:06:25,"5","Sitting","Eating",NA,0,45,"Active"
"2148",2023-06-15,"Elia","Intervention Weekday",120,10:06:40,"5","Sitting","Pause",NA,15,60,"Inactive"
"2149",2023-06-15,"Elia","Intervention Weekday",120,10:06:55,"5","Sitting","Resting",NA,30,75,"Inactive"
"2150",2023-06-15,"Elia","Intervention Weekday",120,10:07:10,"5","Sitting","Resting",NA,45,90,"Inactive"
"2151",2023-06-15,"Elia","Intervention Weekday",120,10:07:25,"5","Sitting","Resting",NA,0,105,"Inactive"
"2152",2023-06-15,"Elia","Intervention Weekday",120,10:07:40,"5","Sitting","Resting",NA,15,120,"Inactive"
"2153",2023-06-15,"Elia","Intervention Weekday",120,10:07:55,"5","Sitting","Resting",NA,30,0,"Inactive"
"2154",2023-06-15,"Elia","Intervention Weekday",120,10:08:10,"5","Sitting","Resting",NA,45,15,"Inactive"
"2155",2023-06-15,"Elia","Intervention Weekday",120,10:08:25,"5","Sitting","Resting",NA,0,30,"Inactive"
"2156",2023-06-15,"Elia","Intervention Weekday",120,10:08:40,"5","Sitting","Eating",NA,15,45,"Active"
"2157",2023-06-15,"Elia","Intervention Weekday",120,10:08:55,"5","Sitting","Resting",NA,30,60,"Inactive"
"2158",2023-09-22,"Elia","Intervention Weekday",300,10:55:19,"5","Standing","Drinking",NA,0,0,"Active"
"2159",2023-09-22,"Elia","Intervention Weekday",300,10:55:34,"5","Sitting","Drinking",NA,15,15,"Active"
"2160",2023-09-22,"Elia","Intervention Weekday",300,10:55:49,"2","Standing","Locomotion",NA,30,30,"Active"
"2161",2023-09-22,"Elia","Intervention Weekday",300,10:56:04,"Litter Box","Sitting","Elimination",NA,45,45,"Active"
"2162",2023-09-22,"Elia","Intervention Weekday",300,10:56:19,"5","Standing","Locomotion",NA,0,60,"Active"
"2163",2023-09-22,"Elia","Intervention Weekday",300,10:56:34,"5","Sitting","Resting",NA,15,75,"Inactive"
"2164",2023-09-22,"Elia","Intervention Weekday",300,10:56:49,"5","Sitting","Resting",NA,30,90,"Inactive"
"2165",2023-09-22,"Elia","Intervention Weekday",300,10:57:04,"5","Sitting","Resting",NA,45,105,"Inactive"
"2166",2023-09-22,"Elia","Intervention Weekday",300,10:57:19,"5","Sitting","Resting",NA,0,120,"Inactive"
"2167",2023-09-22,"Elia","Intervention Weekday",300,10:57:34,"5","Sitting","Resting",NA,15,135,"Inactive"
"2168",2023-09-22,"Elia","Intervention Weekday",300,10:57:49,"5","Sitting","Resting",NA,30,150,"Inactive"
"2169",2023-09-22,"Elia","Intervention Weekday",300,10:58:04,"5","Sitting","Resting",NA,45,165,"Inactive"
"2170",2023-09-22,"Elia","Intervention Weekday",300,10:58:19,"5","Sitting","Resting",NA,0,180,"Inactive"
"2171",2023-09-22,"Elia","Intervention Weekday",300,10:58:34,"5","Sitting","Resting",NA,15,195,"Inactive"
"2172",2023-09-22,"Elia","Intervention Weekday",300,10:58:49,"5","Sitting","Resting",NA,30,210,"Inactive"
"2173",2023-09-22,"Elia","Intervention Weekday",300,10:59:04,"5","Sitting","Resting",NA,45,225,"Inactive"
"2174",2023-09-22,"Elia","Intervention Weekday",300,10:59:19,"5","Sitting","Resting",NA,0,240,"Inactive"
"2175",2023-09-22,"Elia","Intervention Weekday",300,10:59:34,"5","Sitting","Resting",NA,15,255,"Inactive"
"2176",2023-09-22,"Elia","Intervention Weekday",300,10:59:49,"5","Sitting","Resting",NA,30,270,"Inactive"
"2177",2023-09-22,"Elia","Intervention Weekday",300,11:00:04,"5","Sitting","Eating",NA,45,285,"Active"
"2178",2023-09-22,"Elia","Intervention Weekday",300,11:00:19,"5","Sitting","Eating",NA,0,300,"Active"
"2179",2023-09-22,"Elia","Intervention Weekday",300,11:00:34,"5","Standing","Locomotion",NA,15,0,"Active"
"2180",2023-09-22,"Elia","Intervention Weekday",300,11:00:49,"5","Sitting","Resting",NA,30,15,"Inactive"
"2181",2023-09-22,"Elia","Intervention Weekday",300,11:01:04,"5","Sitting","Resting",NA,45,30,"Inactive"
"2182",2023-09-22,"Elia","Intervention Weekday",300,11:01:19,"5","Sitting","Resting",NA,0,45,"Inactive"
"2183",2023-09-22,"Elia","Intervention Weekday",300,11:01:34,"5","Sitting","Resting",NA,15,60,"Inactive"
"2184",2023-09-22,"Elia","Intervention Weekday",300,11:01:49,"5","Sitting","Resting",NA,30,75,"Inactive"
"2185",2023-09-22,"Elia","Intervention Weekday",300,11:02:04,"6","Standing","Pause",NA,45,90,"Inactive"
"2186",2023-09-22,"Elia","Intervention Weekday",300,11:02:19,"6","Sitting","Resting",NA,0,105,"Inactive"
"2187",2023-09-22,"Elia","Intervention Weekday",300,11:02:34,"6","Sitting","Resting",NA,15,120,"Inactive"
"2188",2023-09-22,"Elia","Intervention Weekday",300,11:02:49,"6","Sitting","Resting",NA,30,135,"Inactive"
"2189",2023-09-22,"Elia","Intervention Weekday",300,11:03:04,"6","Sitting","Resting",NA,45,150,"Inactive"
"2190",2023-09-22,"Elia","Intervention Weekday",300,11:03:19,"6","Sitting","Resting",NA,0,165,"Inactive"
"2191",2023-09-22,"Elia","Intervention Weekday",300,11:03:34,"5","Sitting","Resting",NA,15,180,"Inactive"
"2192",2023-09-22,"Elia","Intervention Weekday",300,11:03:49,"5","Sitting","Resting",NA,30,195,"Inactive"
"2193",2023-09-22,"Elia","Intervention Weekday",300,11:04:04,"5","Sitting","Resting",NA,45,210,"Inactive"
"2194",2023-09-22,"Elia","Intervention Weekday",300,11:04:19,"5","Sitting","Resting",NA,0,225,"Inactive"
"2195",2023-09-22,"Elia","Intervention Weekday",300,11:04:34,"5","Sitting","Resting",NA,15,240,"Inactive"
"2196",2023-09-22,"Elia","Intervention Weekday",300,11:04:49,"5","Sitting","Resting",NA,30,255,"Inactive"
"2197",2023-09-22,"Elia","Intervention Weekday",300,11:05:04,"5","Sitting","Resting",NA,45,270,"Inactive"
"2198",2023-09-22,"Elia","Intervention Weekday",300,11:05:19,"5","Sitting","Resting",NA,0,285,"Inactive"
"2199",2023-09-22,"Elia","Intervention Weekday",300,11:05:34,"5","Sitting","Resting",NA,15,300,"Inactive"
"2200",2023-09-22,"Elia","Intervention Weekday",300,11:05:49,"5","Sitting","Resting",NA,30,0,"Inactive"
"2201",2023-09-22,"Elia","Intervention Weekday",300,11:06:04,"5","Sitting","Resting",NA,45,15,"Inactive"
"2202",2023-09-22,"Elia","Intervention Weekday",300,11:06:19,"5","Sitting","Resting",NA,0,30,"Inactive"
"2203",2023-09-22,"Elia","Intervention Weekday",300,11:06:34,"5","Sitting","Resting",NA,15,45,"Inactive"
"2204",2023-09-22,"Elia","Intervention Weekday",300,11:06:49,"5","Sitting","Resting",NA,30,60,"Inactive"
"2205",2023-09-22,"Elia","Intervention Weekday",300,11:07:04,"5","Sitting","Resting",NA,45,75,"Inactive"
"2206",2023-09-22,"Elia","Intervention Weekday",300,11:07:19,"5","Sitting","Resting",NA,0,90,"Inactive"
"2207",2023-09-22,"Elia","Intervention Weekday",300,11:07:34,"5","Sitting","Resting",NA,15,105,"Inactive"
"2208",2023-09-22,"Elia","Intervention Weekday",300,11:07:49,"5","Sitting","Resting",NA,30,120,"Inactive"
"2209",2023-09-22,"Elia","Intervention Weekday",300,11:08:04,"5","Sitting","Resting",NA,45,135,"Inactive"
"2210",2023-09-22,"Elia","Intervention Weekday",300,11:08:19,"5","Sitting","Resting",NA,0,150,"Inactive"
"2211",2023-09-22,"Elia","Intervention Weekday",300,11:08:34,"5","Sitting","Resting",NA,15,165,"Inactive"
"2212",2023-09-22,"Elia","Intervention Weekday",300,11:08:49,"5","Sitting","Resting",NA,30,180,"Inactive"
"2213",2023-09-22,"Elia","Intervention Weekday",300,11:09:04,"5","Sitting","Resting",NA,45,195,"Inactive"
"2214",2023-09-22,"Elia","Intervention Weekday",300,11:09:19,"5","Sitting","Resting",NA,0,210,"Inactive"
"2215",2023-09-22,"Elia","Intervention Weekday",300,11:09:34,"5","Sitting","Resting",NA,15,225,"Inactive"
"2216",2023-09-22,"Elia","Intervention Weekday",300,11:09:49,"5","Sitting","Resting",NA,30,240,"Inactive"
"2217",2023-07-14,"Elia","Intervention Weekday",240,09:18:56,"Litter Box","Standing","Locomotion",NA,0,0,"Active"
"2218",2023-07-14,"Elia","Intervention Weekday",240,09:19:11,"Litter Box","Standing","Locomotion",NA,15,15,"Active"
"2219",2023-07-14,"Elia","Intervention Weekday",240,09:19:26,"Litter Box","Sitting","Elimination",NA,30,30,"Active"
"2220",2023-07-14,"Elia","Intervention Weekday",240,09:19:41,"Litter Box","Sitting","Elimination",NA,45,45,"Active"
"2221",2023-07-14,"Elia","Intervention Weekday",240,09:19:56,"Litter Box","Rearing","Manipulating Object","Fencing",0,60,"Active"
"2222",2023-07-14,"Elia","Intervention Weekday",240,09:20:11,"Litter Box","Standing","Grooming",NA,15,75,"Active"
"2223",2023-07-14,"Elia","Intervention Weekday",240,09:20:26,"4","Standing","Locomotion",NA,30,90,"Active"
"2224",2023-07-14,"Elia","Intervention Weekday",240,09:20:41,"5","Sitting","Resting",NA,45,105,"Inactive"
"2225",2023-07-14,"Elia","Intervention Weekday",240,09:20:56,"5","Sitting","Resting",NA,0,120,"Inactive"
"2226",2023-07-14,"Elia","Intervention Weekday",240,09:21:11,"5","Sitting","Resting",NA,15,135,"Inactive"
"2227",2023-07-14,"Elia","Intervention Weekday",240,09:21:26,"6","Sitting","Resting",NA,30,150,"Inactive"
"2228",2023-07-14,"Elia","Intervention Weekday",240,09:21:41,"5","Sitting","Resting",NA,45,165,"Inactive"
"2229",2023-07-14,"Elia","Intervention Weekday",240,09:21:56,"5","Sitting","Resting",NA,0,180,"Inactive"
"2230",2023-07-14,"Elia","Intervention Weekday",240,09:22:11,"5","Sitting","Resting",NA,15,195,"Inactive"
"2231",2023-07-14,"Elia","Intervention Weekday",240,09:22:26,"5","Sitting","Resting",NA,30,210,"Inactive"
"2232",2023-07-14,"Elia","Intervention Weekday",240,09:22:41,"5","Sitting","Resting",NA,45,225,"Inactive"
"2233",2023-07-14,"Elia","Intervention Weekday",240,09:22:56,"5","Sitting","Resting",NA,0,240,"Inactive"
"2234",2023-07-14,"Elia","Intervention Weekday",240,09:23:11,"5","Sitting","Resting",NA,15,0,"Inactive"
"2235",2023-07-14,"Elia","Intervention Weekday",240,09:23:26,"6","Standing","Pause",NA,30,15,"Inactive"
"2236",2023-07-14,"Elia","Intervention Weekday",240,09:23:41,"5","Standing","Pause",NA,45,30,"Inactive"
"2237",2023-07-14,"Elia","Intervention Weekday",240,09:23:56,"5","Sitting","Resting",NA,0,45,"Inactive"
"2238",2023-07-14,"Elia","Intervention Weekday",240,09:24:11,"5","Sitting","Resting",NA,15,60,"Inactive"
"2239",2023-07-14,"Elia","Intervention Weekday",240,09:24:26,"5","Sitting","Resting",NA,30,75,"Inactive"
"2240",2023-07-14,"Elia","Intervention Weekday",240,09:24:41,"5","Standing","Pause",NA,45,90,"Inactive"
"2241",2023-07-14,"Elia","Intervention Weekday",240,09:24:56,"5","Sitting","Manipulating Object","Fencing",0,105,"Active"
"2242",2023-07-14,"Elia","Intervention Weekday",240,09:25:11,"5","Sitting","Manipulating Object","Fencing",15,120,"Active"
"2243",2023-07-14,"Elia","Intervention Weekday",240,09:25:26,"5","Sitting","Resting",NA,30,135,"Inactive"
"2244",2023-07-14,"Elia","Intervention Weekday",240,09:25:41,"5","Sitting","Resting",NA,45,150,"Inactive"
"2245",2023-07-14,"Elia","Intervention Weekday",240,09:25:56,"5","Sitting","Resting","Puzzle Toys",0,165,"Inactive"
"2246",2023-07-14,"Elia","Intervention Weekday",240,09:26:11,"5","Standing","Locomotion",NA,15,180,"Active"
"2247",2023-07-14,"Elia","Intervention Weekday",240,09:26:26,"6","Standing","Locomotion",NA,30,195,"Active"
"2248",2023-07-14,"Elia","Intervention Weekday",240,09:26:41,"5","Sitting","Eating",NA,45,210,"Active"
"2249",2023-07-14,"Elia","Intervention Weekday",240,09:26:56,"5","Sitting","Eating",NA,0,225,"Active"
"2250",2023-07-14,"Elia","Intervention Weekday",240,09:27:11,"5","Standing","Pause",NA,15,240,"Inactive"
"2251",2023-07-14,"Elia","Intervention Weekday",240,09:27:26,"6","Sitting","Resting",NA,30,0,"Inactive"
"2252",2023-07-14,"Elia","Intervention Weekday",240,09:27:41,"6","Sitting","Resting",NA,45,15,"Inactive"
"2253",2023-07-14,"Elia","Intervention Weekday",240,09:27:56,"6","Sitting","Resting",NA,0,30,"Inactive"
"2254",2023-07-14,"Elia","Intervention Weekday",240,09:28:11,"3","Standing","Locomotion",NA,15,45,"Active"
"2255",2023-07-14,"Elia","Intervention Weekday",240,09:28:26,"5","Sitting","Resting",NA,30,60,"Inactive"
"2256",2023-07-14,"Elia","Intervention Weekday",240,09:28:41,"5","Sitting","Resting",NA,45,75,"Inactive"
"2257",2023-07-14,"Elia","Intervention Weekday",240,09:28:56,"5","Sitting","Resting",NA,0,90,"Inactive"
"2258",2023-07-14,"Elia","Intervention Weekday",240,09:29:11,"5","Sitting","Resting",NA,15,105,"Inactive"
"2259",2023-07-14,"Elia","Intervention Weekday",240,09:29:26,"5","Sitting","Resting",NA,30,120,"Inactive"
"2260",2023-07-14,"Elia","Intervention Weekday",240,09:29:41,"5","Sitting","Resting",NA,45,135,"Inactive"
"2261",2023-07-14,"Elia","Intervention Weekday",240,09:29:56,"5","Sitting","Resting",NA,0,150,"Inactive"
"2262",2023-07-14,"Elia","Intervention Weekday",240,09:30:11,"5","Sitting","Resting",NA,15,165,"Inactive"
"2263",2023-07-14,"Elia","Intervention Weekday",240,09:30:26,"5","Sitting","Resting",NA,30,180,"Inactive"
"2264",2023-07-14,"Elia","Intervention Weekday",240,09:30:41,"5","Sitting","Eating",NA,45,195,"Active"
"2265",2023-07-14,"Elia","Intervention Weekday",240,09:30:56,"5","Sitting","Resting",NA,0,210,"Inactive"
"2266",2023-07-14,"Elia","Intervention Weekday",240,09:31:11,"6","Standing","Locomotion",NA,15,225,"Active"
"2267",2023-07-14,"Elia","Intervention Weekday",240,09:31:26,"Litter Box","Standing","Locomotion",NA,30,240,"Active"
"2268",2023-07-14,"Elia","Intervention Weekday",240,09:31:41,"2","Standing","Locomotion",NA,45,0,"Active"
"2269",2023-07-14,"Elia","Intervention Weekday",240,09:31:56,"5","Standing","Locomotion",NA,0,15,"Active"
"2270",2023-07-14,"Elia","Intervention Weekday",240,09:32:11,"4","Sitting","Resting",NA,15,30,"Inactive"
"2271",2023-07-14,"Elia","Intervention Weekday",240,09:32:26,"4","Sitting","Resting",NA,30,45,"Inactive"
"2272",2023-07-14,"Elia","Intervention Weekday",240,09:32:41,"4","Sitting","Resting",NA,45,60,"Inactive"
"2273",2023-07-14,"Elia","Intervention Weekday",240,09:32:56,"4","Sitting","Resting",NA,0,75,"Inactive"
"2274",2023-07-14,"Elia","Intervention Weekday",240,09:33:11,"4","Sitting","Resting",NA,15,90,"Inactive"
"2275",2023-07-14,"Elia","Intervention Weekday",240,09:33:26,"4","Sitting","Resting",NA,30,105,"Inactive"
"2276",2023-06-16,"Elia","Intervention Weekday",120,11:45:09,"5","Sitting","Eating",NA,0,0,"Active"
"2277",2023-06-16,"Elia","Intervention Weekday",120,11:45:24,"5","Sitting","Eating",NA,15,15,"Active"
"2278",2023-06-16,"Elia","Intervention Weekday",120,11:45:39,"5","Sitting","Resting",NA,30,30,"Inactive"
"2279",2023-06-16,"Elia","Intervention Weekday",120,11:45:54,"5","Sitting","Resting",NA,45,45,"Inactive"
"2280",2023-06-16,"Elia","Intervention Weekday",120,11:46:09,"3","Sitting","Resting",NA,0,60,"Inactive"
"2281",2023-06-16,"Elia","Intervention Weekday",120,11:46:24,"2","Sitting","Resting",NA,15,75,"Inactive"
"2282",2023-06-16,"Elia","Intervention Weekday",120,11:46:39,"2","Sitting","Grooming",NA,30,90,"Active"
"2283",2023-06-16,"Elia","Intervention Weekday",120,11:46:54,"5","Sitting","Eating",NA,45,105,"Active"
"2284",2023-06-16,"Elia","Intervention Weekday",120,11:47:09,"6","Standing","Locomotion",NA,0,120,"Active"
"2285",2023-06-16,"Elia","Intervention Weekday",120,11:47:24,"6","Sitting","Drinking",NA,15,0,"Active"
"2286",2023-06-16,"Elia","Intervention Weekday",120,11:47:39,"6","Sitting","Drinking",NA,30,15,"Active"
"2287",2023-06-16,"Elia","Intervention Weekday",120,11:47:54,"5","Sitting","Locomotion",NA,45,30,"Active"
"2288",2023-06-16,"Elia","Intervention Weekday",120,11:48:09,"5","Sitting","Resting",NA,0,45,"Inactive"
"2289",2023-06-16,"Elia","Intervention Weekday",120,11:48:24,"5","Sitting","Resting",NA,15,60,"Inactive"
"2290",2023-06-16,"Elia","Intervention Weekday",120,11:48:39,"5","Sitting","Resting",NA,30,75,"Inactive"
"2291",2023-06-16,"Elia","Intervention Weekday",120,11:48:54,"5","Sitting","Eating",NA,45,90,"Active"
"2292",2023-06-16,"Elia","Intervention Weekday",120,11:49:09,"5","Sitting","Eating",NA,0,105,"Active"
"2293",2023-06-16,"Elia","Intervention Weekday",120,11:49:24,"5","Sitting","Resting",NA,15,120,"Inactive"
"2294",2023-06-16,"Elia","Intervention Weekday",120,11:49:39,"3","Sitting","Resting",NA,30,0,"Inactive"
"2295",2023-06-16,"Elia","Intervention Weekday",120,11:49:54,"3","Sitting","Resting",NA,45,15,"Inactive"
"2296",2023-06-16,"Elia","Intervention Weekday",120,11:50:09,"3","Sitting","Resting",NA,0,30,"Inactive"
"2297",2023-06-16,"Elia","Intervention Weekday",120,11:50:24,"3","Sitting","Resting",NA,15,45,"Inactive"
"2298",2023-06-16,"Elia","Intervention Weekday",120,11:50:39,"3","Sitting","Resting",NA,30,60,"Inactive"
"2299",2023-06-16,"Elia","Intervention Weekday",120,11:50:54,"3","Sitting","Resting",NA,45,75,"Inactive"
"2300",2023-06-16,"Elia","Intervention Weekday",120,11:51:09,"5","Sitting","Resting",NA,0,90,"Inactive"
"2301",2023-06-16,"Elia","Intervention Weekday",120,11:51:24,"3","Sitting","Resting",NA,15,105,"Inactive"
"2302",2023-06-16,"Elia","Intervention Weekday",120,11:51:39,"3","Sitting","Resting",NA,30,120,"Inactive"
"2303",2023-06-16,"Elia","Intervention Weekday",120,11:51:54,"3","Sitting","Resting",NA,45,0,"Inactive"
"2304",2023-06-16,"Elia","Intervention Weekday",120,11:52:09,"3","Sitting","Resting",NA,0,15,"Inactive"
"2305",2023-06-16,"Elia","Intervention Weekday",120,11:52:24,"3","Sitting","Resting",NA,15,30,"Inactive"
"2306",2023-06-16,"Elia","Intervention Weekday",120,11:52:39,"3","Lying Down","Resting",NA,30,45,"Inactive"
"2307",2023-06-16,"Elia","Intervention Weekday",120,11:52:54,"3","Lying Down","Resting",NA,45,60,"Inactive"
"2308",2023-06-16,"Elia","Intervention Weekday",120,11:53:09,"3","Lying Down","Resting",NA,0,75,"Inactive"
"2309",2023-06-16,"Elia","Intervention Weekday",120,11:53:24,"3","Lying Down","Resting",NA,15,90,"Inactive"
"2310",2023-06-16,"Elia","Intervention Weekday",120,11:53:39,"3","Lying Down","Resting",NA,30,105,"Inactive"
"2311",2023-06-16,"Elia","Intervention Weekday",120,11:53:54,"3","Lying Down","Resting",NA,45,120,"Inactive"
"2312",2023-06-16,"Elia","Intervention Weekday",120,11:54:09,"3","Lying Down","Resting",NA,0,0,"Inactive"
"2313",2023-06-16,"Elia","Intervention Weekday",120,11:54:24,"3","Lying Down","Resting",NA,15,15,"Inactive"
"2314",2023-06-16,"Elia","Intervention Weekday",120,11:54:39,"3","Lying Down","Resting",NA,30,30,"Inactive"
"2315",2023-06-16,"Elia","Intervention Weekday",120,11:54:54,"3","Lying Down","Resting",NA,45,45,"Inactive"
"2316",2023-06-16,"Elia","Intervention Weekday",120,11:55:09,"3","Lying Down","Resting",NA,0,60,"Inactive"
"2317",2023-06-16,"Elia","Intervention Weekday",120,11:55:24,"3","Lying Down","Resting",NA,15,75,"Inactive"
"2318",2023-06-16,"Elia","Intervention Weekday",120,11:55:39,"3","Lying Down","Resting",NA,30,90,"Inactive"
"2319",2023-06-16,"Elia","Intervention Weekday",120,11:55:54,"3","Lying Down","Resting",NA,45,105,"Inactive"
"2320",2023-06-16,"Elia","Intervention Weekday",120,11:56:09,"3","Lying Down","Resting",NA,0,120,"Inactive"
"2321",2023-06-16,"Elia","Intervention Weekday",120,11:56:24,"3","Lying Down","Resting",NA,15,0,"Inactive"
"2322",2023-06-16,"Elia","Intervention Weekday",120,11:56:39,"3","Lying Down","Resting",NA,30,15,"Inactive"
"2323",2023-06-16,"Elia","Intervention Weekday",120,11:56:54,"3","Lying Down","Resting",NA,45,30,"Inactive"
"2324",2023-06-16,"Elia","Intervention Weekday",120,11:57:09,"3","Lying Down","Resting",NA,0,45,"Inactive"
"2325",2023-06-16,"Elia","Intervention Weekday",120,11:57:24,"3","Lying Down","Resting",NA,15,60,"Inactive"
"2326",2023-06-16,"Elia","Intervention Weekday",120,11:57:39,"3","Lying Down","Resting",NA,30,75,"Inactive"
"2327",2023-06-16,"Elia","Intervention Weekday",120,11:57:54,"3","Lying Down","Resting",NA,45,90,"Inactive"
"2328",2023-06-16,"Elia","Intervention Weekday",120,11:58:09,"3","Lying Down","Resting",NA,0,105,"Inactive"
"2329",2023-06-16,"Elia","Intervention Weekday",120,11:58:24,"3","Lying Down","Resting",NA,15,120,"Inactive"
"2330",2023-06-16,"Elia","Intervention Weekday",120,11:58:39,"3","Lying Down","Resting",NA,30,0,"Inactive"
"2331",2023-06-16,"Elia","Intervention Weekday",120,11:58:54,"3","Lying Down","Resting",NA,45,15,"Inactive"
"2332",2023-06-16,"Elia","Intervention Weekday",120,11:59:09,"3","Lying Down","Resting",NA,0,30,"Inactive"
"2333",2023-06-16,"Elia","Intervention Weekday",120,11:59:24,"3","Lying Down","Resting",NA,15,45,"Inactive"
"2334",2023-06-16,"Elia","Intervention Weekday",120,11:59:39,"3","Lying Down","Resting",NA,30,60,"Inactive"
"2335",2023-09-01,"Elia","Intervention Weekday",60,10:15:06,"6","Standing","Locomotion",NA,0,0,"Active"
"2336",2023-09-01,"Elia","Intervention Weekday",60,10:15:21,"5","Sitting","Resting",NA,15,15,"Inactive"
"2337",2023-09-01,"Elia","Intervention Weekday",60,10:15:36,"5","Sitting","Resting",NA,30,30,"Inactive"
"2338",2023-09-01,"Elia","Intervention Weekday",60,10:15:51,"5","Sitting","Eating",NA,45,45,"Active"
"2339",2023-09-01,"Elia","Intervention Weekday",60,10:16:06,"6","Sitting","Resting",NA,0,60,"Inactive"
"2340",2023-09-01,"Elia","Intervention Weekday",60,10:16:21,"6","Sitting","Resting",NA,15,0,"Inactive"
"2341",2023-09-01,"Elia","Intervention Weekday",60,10:16:36,"6","Sitting","Resting",NA,30,15,"Inactive"
"2342",2023-09-01,"Elia","Intervention Weekday",60,10:16:51,"6","Standing","Locomotion",NA,45,30,"Active"
"2343",2023-09-01,"Elia","Intervention Weekday",60,10:17:06,"4","Standing","Locomotion",NA,0,45,"Active"
"2344",2023-09-01,"Elia","Intervention Weekday",60,10:17:21,"5","Sitting","Resting",NA,15,60,"Inactive"
"2345",2023-09-01,"Elia","Intervention Weekday",60,10:17:36,"5","Sitting","Resting",NA,30,0,"Inactive"
"2346",2023-09-01,"Elia","Intervention Weekday",60,10:17:51,"6","Standing","Locomotion",NA,45,15,"Active"
"2347",2023-09-01,"Elia","Intervention Weekday",60,10:18:06,"5","Standing","Locomotion",NA,0,30,"Active"
"2348",2023-09-01,"Elia","Intervention Weekday",60,10:18:21,"4","Standing","Locomotion",NA,15,45,"Active"
"2349",2023-09-01,"Elia","Intervention Weekday",60,10:18:36,"5","Sitting","Resting",NA,30,60,"Inactive"
"2350",2023-09-01,"Elia","Intervention Weekday",60,10:18:51,"5","Sitting","Resting",NA,45,0,"Inactive"
"2351",2023-09-01,"Elia","Intervention Weekday",60,10:19:06,"5","Sitting","Resting",NA,0,15,"Inactive"
"2352",2023-09-01,"Elia","Intervention Weekday",60,10:19:21,"6","Sitting","Resting",NA,15,30,"Inactive"
"2353",2023-09-01,"Elia","Intervention Weekday",60,10:19:36,"6","Sitting","Resting",NA,30,45,"Inactive"
"2354",2023-09-01,"Elia","Intervention Weekday",60,10:19:51,"5","Sitting","Eating",NA,45,60,"Active"
"2355",2023-09-01,"Elia","Intervention Weekday",60,10:20:06,"6","Standing","Locomotion",NA,0,0,"Active"
"2356",2023-09-01,"Elia","Intervention Weekday",60,10:20:21,"6","Standing","Pause",NA,15,15,"Inactive"
"2357",2023-09-01,"Elia","Intervention Weekday",60,10:20:36,"3","Standing","Locomotion",NA,30,30,"Active"
"2358",2023-09-01,"Elia","Intervention Weekday",60,10:20:51,"5","Sitting","Grooming",NA,45,45,"Active"
"2359",2023-09-01,"Elia","Intervention Weekday",60,10:21:06,"6","Sitting","Resting",NA,0,60,"Inactive"
"2360",2023-09-01,"Elia","Intervention Weekday",60,10:21:21,"6","Sitting","Resting",NA,15,0,"Inactive"
"2361",2023-09-01,"Elia","Intervention Weekday",60,10:21:36,"6","Sitting","Resting",NA,30,15,"Inactive"
"2362",2023-09-01,"Elia","Intervention Weekday",60,10:21:51,"5","Sitting","Grooming",NA,45,30,"Active"
"2363",2023-09-01,"Elia","Intervention Weekday",60,10:22:06,"6","Sitting","Resting",NA,0,45,"Inactive"
"2364",2023-09-01,"Elia","Intervention Weekday",60,10:22:21,"5","Sitting","Resting",NA,15,60,"Inactive"
"2365",2023-09-01,"Elia","Intervention Weekday",60,10:22:36,"5","Sitting","Resting",NA,30,0,"Inactive"
"2366",2023-09-01,"Elia","Intervention Weekday",60,10:22:51,"5","Sitting","Resting",NA,45,15,"Inactive"
"2367",2023-09-01,"Elia","Intervention Weekday",60,10:23:06,"5","Sitting","Resting",NA,0,30,"Inactive"
"2368",2023-09-01,"Elia","Intervention Weekday",60,10:23:21,"5","Sitting","Resting",NA,15,45,"Inactive"
"2369",2023-09-01,"Elia","Intervention Weekday",60,10:23:36,"5","Sitting","Resting",NA,30,60,"Inactive"
"2370",2023-09-01,"Elia","Intervention Weekday",60,10:23:51,"5","Sitting","Resting",NA,45,0,"Inactive"
"2371",2023-09-01,"Elia","Intervention Weekday",60,10:24:06,"5","Sitting","Resting",NA,0,15,"Inactive"
"2372",2023-09-01,"Elia","Intervention Weekday",60,10:24:21,"5","Sitting","Resting",NA,15,30,"Inactive"
"2373",2023-09-01,"Elia","Intervention Weekday",60,10:24:36,"5","Sitting","Resting",NA,30,45,"Inactive"
"2374",2023-09-01,"Elia","Intervention Weekday",60,10:24:51,"5","Sitting","Resting",NA,45,60,"Inactive"
"2375",2023-09-01,"Elia","Intervention Weekday",60,10:25:06,"5","Sitting","Resting",NA,0,0,"Inactive"
"2376",2023-09-01,"Elia","Intervention Weekday",60,10:25:21,"5","Sitting","Resting",NA,15,15,"Inactive"
"2377",2023-09-01,"Elia","Intervention Weekday",60,10:25:36,"5","Sitting","Resting",NA,30,30,"Inactive"
"2378",2023-09-01,"Elia","Intervention Weekday",60,10:25:51,"5","Sitting","Resting",NA,45,45,"Inactive"
"2379",2023-09-01,"Elia","Intervention Weekday",60,10:26:06,"5","Sitting","Resting",NA,0,60,"Inactive"
"2380",2023-09-01,"Elia","Intervention Weekday",60,10:26:21,"5","Sitting","Resting",NA,15,0,"Inactive"
"2381",2023-09-01,"Elia","Intervention Weekday",60,10:26:36,"5","Sitting","Resting",NA,30,15,"Inactive"
"2382",2023-09-01,"Elia","Intervention Weekday",60,10:26:51,"5","Sitting","Resting",NA,45,30,"Inactive"
"2383",2023-09-01,"Elia","Intervention Weekday",60,10:27:06,"5","Sitting","Resting",NA,0,45,"Inactive"
"2384",2023-09-01,"Elia","Intervention Weekday",60,10:27:21,"5","Sitting","Resting",NA,15,60,"Inactive"
"2385",2023-09-01,"Elia","Intervention Weekday",60,10:27:36,"4","Sitting","Grooming",NA,30,0,"Active"
"2386",2023-09-01,"Elia","Intervention Weekday",60,10:27:51,"6","Sitting","Resting",NA,45,15,"Inactive"
"2387",2023-09-01,"Elia","Intervention Weekday",60,10:28:06,"5","Standing","Locomotion",NA,0,30,"Active"
"2388",2023-09-01,"Elia","Intervention Weekday",60,10:28:21,"6","Standing","Pause",NA,15,45,"Inactive"
"2389",2023-09-01,"Elia","Intervention Weekday",60,10:28:36,"5","Sitting","Resting",NA,30,60,"Inactive"
"2390",2023-09-01,"Elia","Intervention Weekday",60,10:28:51,"5","Sitting","Resting",NA,45,0,"Inactive"
"2391",2023-09-01,"Elia","Intervention Weekday",60,10:29:06,"6","Standing","Locomotion",NA,0,15,"Active"
"2392",2023-09-01,"Elia","Intervention Weekday",60,10:29:21,"6","Sitting","Resting",NA,15,30,"Inactive"
"2393",2023-09-01,"Elia","Intervention Weekday",60,10:29:36,"6","Sitting","Resting",NA,30,45,"Inactive"
"2394",2023-08-11,"Minerva","Intervention Weekday",60,08:49:25,"5","Sitting","Resting",NA,45,60,"Inactive"
"2395",2023-08-11,"Minerva","Intervention Weekday",60,08:49:40,"5","Sitting","Resting",NA,0,0,"Inactive"
"2396",2023-08-11,"Minerva","Intervention Weekday",60,08:49:55,"5","Sitting","Resting",NA,15,15,"Inactive"
"2397",2023-08-11,"Minerva","Intervention Weekday",60,08:50:10,"5","Sitting","Eating",NA,30,30,"Active"
"2398",2023-08-11,"Minerva","Intervention Weekday",60,08:50:25,"5","Standing","Locomotion",NA,45,45,"Active"
"2399",2023-08-11,"Minerva","Intervention Weekday",60,08:50:40,"5","Sitting","Resting",NA,0,60,"Inactive"
"2400",2023-08-11,"Minerva","Intervention Weekday",60,08:50:55,"5","Sitting","Resting",NA,15,0,"Inactive"
"2401",2023-08-11,"Minerva","Intervention Weekday",60,08:51:10,"5","Sitting","Eating",NA,30,15,"Active"
"2402",2023-08-11,"Minerva","Intervention Weekday",60,08:51:25,"5","Sitting","Pause",NA,45,30,"Inactive"
"2403",2023-08-11,"Minerva","Intervention Weekday",60,08:51:40,"6","Sitting","Resting",NA,0,45,"Inactive"
"2404",2023-08-11,"Minerva","Intervention Weekday",60,08:51:55,"5","Sitting","Resting",NA,15,60,"Inactive"
"2405",2023-08-11,"Minerva","Intervention Weekday",60,08:52:10,"5","Sitting","Resting",NA,30,0,"Inactive"
"2406",2023-08-11,"Minerva","Intervention Weekday",60,08:52:25,"5","Sitting","Eating",NA,45,15,"Active"
"2407",2023-08-11,"Minerva","Intervention Weekday",60,08:52:40,"3","Sitting","Resting",NA,0,30,"Inactive"
"2408",2023-08-11,"Minerva","Intervention Weekday",60,08:52:55,"3","Sitting","Resting",NA,15,45,"Inactive"
"2409",2023-08-11,"Minerva","Intervention Weekday",60,08:53:10,"3","Sitting","Resting",NA,30,60,"Inactive"
"2410",2023-08-11,"Minerva","Intervention Weekday",60,08:53:25,"5","Sitting","Eating",NA,45,0,"Active"
"2411",2023-08-11,"Minerva","Intervention Weekday",60,08:53:40,"5","Sitting","Resting",NA,0,15,"Inactive"
"2412",2023-08-11,"Minerva","Intervention Weekday",60,08:53:55,"5","Sitting","Resting",NA,15,30,"Inactive"
"2413",2023-08-11,"Minerva","Intervention Weekday",60,08:54:10,"5","Sitting","Resting",NA,30,45,"Inactive"
"2414",2023-08-11,"Minerva","Intervention Weekday",60,08:54:25,"5","Sitting","Resting",NA,45,60,"Inactive"
"2415",2023-08-11,"Minerva","Intervention Weekday",60,08:54:40,"5","Sitting","Resting",NA,0,0,"Inactive"
"2416",2023-08-11,"Minerva","Intervention Weekday",60,08:54:55,"5","Sitting","Resting",NA,15,15,"Inactive"
"2417",2023-08-11,"Minerva","Intervention Weekday",60,08:55:10,"5","Sitting","Resting",NA,30,30,"Inactive"
"2418",2023-08-11,"Minerva","Intervention Weekday",60,08:55:25,"5","Sitting","Eating",NA,45,45,"Active"
"2419",2023-08-11,"Minerva","Intervention Weekday",60,08:55:40,"5","Sitting","Resting",NA,0,60,"Inactive"
"2420",2023-08-11,"Minerva","Intervention Weekday",60,08:55:55,"5","Sitting","Resting",NA,15,0,"Inactive"
"2421",2023-08-11,"Minerva","Intervention Weekday",60,08:56:10,"5","Sitting","Resting",NA,30,15,"Inactive"
"2422",2023-08-11,"Minerva","Intervention Weekday",60,08:56:25,"5","Sitting","Eating",NA,45,30,"Active"
"2423",2023-08-11,"Minerva","Intervention Weekday",60,08:56:40,"5","Standing","Locomotion",NA,0,45,"Active"
"2424",2023-08-11,"Minerva","Intervention Weekday",60,08:56:55,"5","Sitting","Resting",NA,15,60,"Inactive"
"2425",2023-08-11,"Minerva","Intervention Weekday",60,08:57:10,"5","Sitting","Resting",NA,30,0,"Inactive"
"2426",2023-08-11,"Minerva","Intervention Weekday",60,08:57:25,"5","Sitting","Eating",NA,45,15,"Active"
"2427",2023-08-11,"Minerva","Intervention Weekday",60,08:57:40,"5","Sitting","Resting",NA,0,30,"Inactive"
"2428",2023-08-11,"Minerva","Intervention Weekday",60,08:57:55,"5","Sitting","Resting",NA,15,45,"Inactive"
"2429",2023-08-11,"Minerva","Intervention Weekday",60,08:58:10,"5","Sitting","Resting",NA,30,60,"Inactive"
"2430",2023-08-11,"Minerva","Intervention Weekday",60,08:58:25,"5","Sitting","Eating",NA,45,0,"Active"
"2431",2023-08-11,"Minerva","Intervention Weekday",60,08:58:40,"3","Sitting","Resting",NA,0,15,"Inactive"
"2432",2023-08-11,"Minerva","Intervention Weekday",60,08:58:55,"3","Sitting","Resting",NA,15,30,"Inactive"
"2433",2023-08-11,"Minerva","Intervention Weekday",60,08:59:10,"5","Standing","Locomotion",NA,30,45,"Active"
"2434",2023-08-11,"Minerva","Intervention Weekday",60,08:59:25,"5","Sitting","Eating",NA,45,60,"Active"
"2435",2023-08-11,"Minerva","Intervention Weekday",60,08:59:40,"5","Sitting","Resting",NA,0,0,"Inactive"
"2436",2023-08-11,"Minerva","Intervention Weekday",60,08:59:55,"5","Sitting","Resting",NA,15,15,"Inactive"
"2437",2023-08-11,"Minerva","Intervention Weekday",60,09:00:10,"5","Sitting","Resting",NA,30,30,"Inactive"
"2438",2023-08-11,"Minerva","Intervention Weekday",60,09:00:25,"5","Sitting","Eating",NA,45,45,"Active"
"2439",2023-08-11,"Minerva","Intervention Weekday",60,09:00:40,"5","Sitting","Eating",NA,0,60,"Active"
"2440",2023-08-11,"Minerva","Intervention Weekday",60,09:00:55,"5","Sitting","Resting",NA,15,0,"Inactive"
"2441",2023-08-11,"Minerva","Intervention Weekday",60,09:01:10,"5","Sitting","Resting",NA,30,15,"Inactive"
"2442",2023-08-11,"Minerva","Intervention Weekday",60,09:01:25,"5","Sitting","Eating",NA,45,30,"Active"
"2443",2023-08-11,"Minerva","Intervention Weekday",60,09:01:40,"5","Sitting","Resting",NA,0,45,"Inactive"
"2444",2023-08-11,"Minerva","Intervention Weekday",60,09:01:55,"5","Sitting","Resting",NA,15,60,"Inactive"
"2445",2023-08-11,"Minerva","Intervention Weekday",60,09:02:10,"5","Sitting","Resting",NA,30,0,"Inactive"
"2446",2023-08-11,"Minerva","Intervention Weekday",60,09:02:25,"5","Sitting","Eating",NA,45,15,"Active"
"2447",2023-08-11,"Minerva","Intervention Weekday",60,09:02:40,"3","Sitting","Resting",NA,0,30,"Inactive"
"2448",2023-08-11,"Minerva","Intervention Weekday",60,09:02:55,"3","Sitting","Resting",NA,15,45,"Inactive"
"2449",2023-08-11,"Minerva","Intervention Weekday",60,09:03:10,"3","Sitting","Resting",NA,30,60,"Inactive"
"2450",2023-08-11,"Minerva","Intervention Weekday",60,09:03:25,"3","Sitting","Resting",NA,45,0,"Inactive"
"2451",2023-08-11,"Minerva","Intervention Weekday",60,09:03:40,"5","Standing","Locomotion",NA,0,15,"Active"
"2452",2023-08-11,"Minerva","Intervention Weekday",60,09:03:55,"5","Sitting","Resting",NA,15,30,"Inactive"
"2453",2023-07-13,"Elia","Intervention Weekday",240,09:31:29,"5","Sitting","Resting",NA,0,0,"Inactive"
"2454",2023-07-13,"Elia","Intervention Weekday",240,09:31:44,"5","Sitting","Resting",NA,15,15,"Inactive"
"2455",2023-07-13,"Elia","Intervention Weekday",240,09:31:59,"5","Sitting","Resting",NA,30,30,"Inactive"
"2456",2023-07-13,"Elia","Intervention Weekday",240,09:32:14,"5","Sitting","Eating",NA,45,45,"Active"
"2457",2023-07-13,"Elia","Intervention Weekday",240,09:32:29,"5","Sitting","Resting",NA,0,60,"Inactive"
"2458",2023-07-13,"Elia","Intervention Weekday",240,09:32:44,"5","Sitting","Resting",NA,15,75,"Inactive"
"2459",2023-07-13,"Elia","Intervention Weekday",240,09:32:59,"5","Sitting","Resting",NA,30,90,"Inactive"
"2460",2023-07-13,"Elia","Intervention Weekday",240,09:33:14,"5","Sitting","Eating",NA,45,105,"Active"
"2461",2023-07-13,"Elia","Intervention Weekday",240,09:33:29,"5","Sitting","Resting",NA,0,120,"Inactive"
"2462",2023-07-13,"Elia","Intervention Weekday",240,09:33:44,"5","Sitting","Resting",NA,15,135,"Inactive"
"2463",2023-07-13,"Elia","Intervention Weekday",240,09:33:59,"5","Sitting","Resting",NA,30,150,"Inactive"
"2464",2023-07-13,"Elia","Intervention Weekday",240,09:34:14,"5","Sitting","Resting",NA,45,165,"Inactive"
"2465",2023-07-13,"Elia","Intervention Weekday",240,09:34:29,"5","Sitting","Resting",NA,0,180,"Inactive"
"2466",2023-07-13,"Elia","Intervention Weekday",240,09:34:44,"5","Sitting","Resting",NA,15,195,"Inactive"
"2467",2023-07-13,"Elia","Intervention Weekday",240,09:34:59,"5","Standing","Locomotion",NA,30,210,"Active"
"2468",2023-07-13,"Elia","Intervention Weekday",240,09:35:14,"5","Sitting","Resting",NA,45,225,"Inactive"
"2469",2023-07-13,"Elia","Intervention Weekday",240,09:35:29,"5","Sitting","Resting",NA,0,240,"Inactive"
"2470",2023-07-13,"Elia","Intervention Weekday",240,09:35:44,"5","Sitting","Resting",NA,15,0,"Inactive"
"2471",2023-07-13,"Elia","Intervention Weekday",240,09:35:59,"5","Sitting","Resting",NA,30,15,"Inactive"
"2472",2023-07-13,"Elia","Intervention Weekday",240,09:36:14,"5","Sitting","Resting",NA,45,30,"Inactive"
"2473",2023-07-13,"Elia","Intervention Weekday",240,09:36:29,"5","Sitting","Resting",NA,0,45,"Inactive"
"2474",2023-07-13,"Elia","Intervention Weekday",240,09:36:44,"5","Sitting","Resting",NA,15,60,"Inactive"
"2475",2023-07-13,"Elia","Intervention Weekday",240,09:36:59,"5","Sitting","Resting",NA,30,75,"Inactive"
"2476",2023-07-13,"Elia","Intervention Weekday",240,09:37:14,"5","Sitting","Resting",NA,45,90,"Inactive"
"2477",2023-07-13,"Elia","Intervention Weekday",240,09:37:29,"5","Sitting","Eating",NA,0,105,"Active"
"2478",2023-07-13,"Elia","Intervention Weekday",240,09:37:44,"3","Sitting","Resting",NA,15,120,"Inactive"
"2479",2023-07-13,"Elia","Intervention Weekday",240,09:37:59,"5","Sitting","Resting",NA,30,135,"Inactive"
"2480",2023-07-13,"Elia","Intervention Weekday",240,09:38:14,"5","Sitting","Resting",NA,45,150,"Inactive"
"2481",2023-07-13,"Elia","Intervention Weekday",240,09:38:29,"3","Sitting","Resting",NA,0,165,"Inactive"
"2482",2023-07-13,"Elia","Intervention Weekday",240,09:38:44,"3","Sitting","Resting",NA,15,180,"Inactive"
"2483",2023-07-13,"Elia","Intervention Weekday",240,09:38:59,"3","Sitting","Resting",NA,30,195,"Inactive"
"2484",2023-07-13,"Elia","Intervention Weekday",240,09:39:14,"5","Sitting","Resting",NA,45,210,"Inactive"
"2485",2023-07-13,"Elia","Intervention Weekday",240,09:39:29,"5","Sitting","Resting",NA,0,225,"Inactive"
"2486",2023-07-13,"Elia","Intervention Weekday",240,09:39:44,"5","Sitting","Resting",NA,15,240,"Inactive"
"2487",2023-07-13,"Elia","Intervention Weekday",240,09:39:59,"5","Sitting","Resting",NA,30,0,"Inactive"
"2488",2023-07-13,"Elia","Intervention Weekday",240,09:40:14,"5","Sitting","Resting",NA,45,15,"Inactive"
"2489",2023-07-13,"Elia","Intervention Weekday",240,09:40:29,"5","Sitting","Resting",NA,0,30,"Inactive"
"2490",2023-07-13,"Elia","Intervention Weekday",240,09:40:44,"5","Sitting","Resting",NA,15,45,"Inactive"
"2491",2023-07-13,"Elia","Intervention Weekday",240,09:40:59,"5","Sitting","Resting",NA,30,60,"Inactive"
"2492",2023-07-13,"Elia","Intervention Weekday",240,09:41:14,"5","Sitting","Resting",NA,45,75,"Inactive"
"2493",2023-07-13,"Elia","Intervention Weekday",240,09:41:29,"5","Standing","Locomotion",NA,0,90,"Active"
"2494",2023-07-13,"Elia","Intervention Weekday",240,09:41:44,"5","Sitting","Resting",NA,15,105,"Inactive"
"2495",2023-07-13,"Elia","Intervention Weekday",240,09:41:59,"5","Sitting","Resting",NA,30,120,"Inactive"
"2496",2023-07-13,"Elia","Intervention Weekday",240,09:42:14,"5","Sitting","Resting",NA,45,135,"Inactive"
"2497",2023-07-13,"Elia","Intervention Weekday",240,09:42:29,"5","Sitting","Resting",NA,0,150,"Inactive"
"2498",2023-07-13,"Elia","Intervention Weekday",240,09:42:44,"5","Sitting","Resting",NA,15,165,"Inactive"
"2499",2023-07-13,"Elia","Intervention Weekday",240,09:42:59,"5","Sitting","Resting",NA,30,180,"Inactive"
"2500",2023-07-13,"Elia","Intervention Weekday",240,09:43:14,"5","Sitting","Resting",NA,45,195,"Inactive"
"2501",2023-07-13,"Elia","Intervention Weekday",240,09:43:29,"5","Sitting","Resting",NA,0,210,"Inactive"
"2502",2023-07-13,"Elia","Intervention Weekday",240,09:43:44,"3","Sitting","Resting",NA,15,225,"Inactive"
"2503",2023-07-13,"Elia","Intervention Weekday",240,09:43:59,"3","Sitting","Resting",NA,30,240,"Inactive"
"2504",2023-07-13,"Elia","Intervention Weekday",240,09:44:14,"5","Sitting","Resting",NA,45,0,"Inactive"
"2505",2023-07-13,"Elia","Intervention Weekday",240,09:44:29,"5","Sitting","Resting",NA,0,15,"Inactive"
"2506",2023-07-13,"Elia","Intervention Weekday",240,09:44:44,"5","Sitting","Resting",NA,15,30,"Inactive"
"2507",2023-07-13,"Elia","Intervention Weekday",240,09:44:59,"5","Sitting","Resting",NA,30,45,"Inactive"
"2508",2023-07-13,"Elia","Intervention Weekday",240,09:45:14,"5","Sitting","Resting",NA,45,60,"Inactive"
"2509",2023-07-13,"Elia","Intervention Weekday",240,09:45:29,"5","Sitting","Resting",NA,0,75,"Inactive"
"2510",2023-07-13,"Elia","Intervention Weekday",240,09:45:44,"5","Sitting","Resting",NA,15,90,"Inactive"
"2511",2023-07-13,"Elia","Intervention Weekday",240,09:45:59,"5","Sitting","Resting",NA,30,105,"Inactive"
"2512",2023-06-29,"Elia","Intervention Weekday",180,12:01:13,"5","Sitting","Eating",NA,0,0,"Active"
"2513",2023-06-29,"Elia","Intervention Weekday",180,12:01:28,"5","Sitting","Resting",NA,15,15,"Inactive"
"2514",2023-06-29,"Elia","Intervention Weekday",180,12:01:43,"5","Sitting","Resting",NA,30,30,"Inactive"
"2515",2023-06-29,"Elia","Intervention Weekday",180,12:01:58,"5","Sitting","Resting",NA,45,45,"Inactive"
"2516",2023-06-29,"Elia","Intervention Weekday",180,12:02:13,"5","Sitting","Resting",NA,0,60,"Inactive"
"2517",2023-06-29,"Elia","Intervention Weekday",180,12:02:28,"5","Sitting","Resting",NA,15,75,"Inactive"
"2518",2023-06-29,"Elia","Intervention Weekday",180,12:02:43,"5","Sitting","Resting",NA,30,90,"Inactive"
"2519",2023-06-29,"Elia","Intervention Weekday",180,12:02:58,"5","Sitting","Resting",NA,45,105,"Inactive"
"2520",2023-06-29,"Elia","Intervention Weekday",180,12:03:13,"5","Sitting","Resting",NA,0,120,"Inactive"
"2521",2023-06-29,"Elia","Intervention Weekday",180,12:03:28,"5","Sitting","Resting",NA,15,135,"Inactive"
"2522",2023-06-29,"Elia","Intervention Weekday",180,12:03:43,"5","Sitting","Resting",NA,30,150,"Inactive"
"2523",2023-06-29,"Elia","Intervention Weekday",180,12:03:58,"5","Sitting","Eating",NA,45,165,"Active"
"2524",2023-06-29,"Elia","Intervention Weekday",180,12:04:13,"5","Sitting","Resting",NA,0,180,"Inactive"
"2525",2023-06-29,"Elia","Intervention Weekday",180,12:04:28,"5","Sitting","Resting",NA,15,0,"Inactive"
"2526",2023-06-29,"Elia","Intervention Weekday",180,12:04:43,"5","Sitting","Resting",NA,30,15,"Inactive"
"2527",2023-06-29,"Elia","Intervention Weekday",180,12:04:58,"5","Sitting","Resting",NA,45,30,"Inactive"
"2528",2023-06-29,"Elia","Intervention Weekday",180,12:05:13,"5","Sitting","Resting",NA,0,45,"Inactive"
"2529",2023-06-29,"Elia","Intervention Weekday",180,12:05:28,"5","Sitting","Resting",NA,15,60,"Inactive"
"2530",2023-06-29,"Elia","Intervention Weekday",180,12:05:43,"5","Sitting","Resting",NA,30,75,"Inactive"
"2531",2023-06-29,"Elia","Intervention Weekday",180,12:05:58,"5","Sitting","Resting",NA,45,90,"Inactive"
"2532",2023-06-29,"Elia","Intervention Weekday",180,12:06:13,"5","Sitting","Resting",NA,0,105,"Inactive"
"2533",2023-06-29,"Elia","Intervention Weekday",180,12:06:28,"5","Sitting","Resting",NA,15,120,"Inactive"
"2534",2023-06-29,"Elia","Intervention Weekday",180,12:06:43,"5","Sitting","Resting",NA,30,135,"Inactive"
"2535",2023-06-29,"Elia","Intervention Weekday",180,12:06:58,"5","Sitting","Resting",NA,45,150,"Inactive"
"2536",2023-06-29,"Elia","Intervention Weekday",180,12:07:13,"5","Sitting","Resting",NA,0,165,"Inactive"
"2537",2023-06-29,"Elia","Intervention Weekday",180,12:07:28,"5","Sitting","Resting",NA,15,180,"Inactive"
"2538",2023-06-29,"Elia","Intervention Weekday",180,12:07:43,"5","Sitting","Resting",NA,30,0,"Inactive"
"2539",2023-06-29,"Elia","Intervention Weekday",180,12:07:58,"5","Sitting","Resting",NA,45,15,"Inactive"
"2540",2023-06-29,"Elia","Intervention Weekday",180,12:08:13,"5","Sitting","Resting",NA,0,30,"Inactive"
"2541",2023-06-29,"Elia","Intervention Weekday",180,12:08:28,"5","Sitting","Resting",NA,15,45,"Inactive"
"2542",2023-06-29,"Elia","Intervention Weekday",180,12:08:43,"5","Sitting","Resting",NA,30,60,"Inactive"
"2543",2023-06-29,"Elia","Intervention Weekday",180,12:08:58,"5","Sitting","Resting",NA,45,75,"Inactive"
"2544",2023-06-29,"Elia","Intervention Weekday",180,12:09:13,"5","Sitting","Resting",NA,0,90,"Inactive"
"2545",2023-06-29,"Elia","Intervention Weekday",180,12:09:28,"5","Sitting","Resting",NA,15,105,"Inactive"
"2546",2023-06-29,"Elia","Intervention Weekday",180,12:09:43,"5","Sitting","Resting",NA,30,120,"Inactive"
"2547",2023-06-29,"Elia","Intervention Weekday",180,12:09:58,"5","Sitting","Resting",NA,45,135,"Inactive"
"2548",2023-06-29,"Elia","Intervention Weekday",180,12:10:13,"5","Sitting","Resting",NA,0,150,"Inactive"
"2549",2023-06-29,"Elia","Intervention Weekday",180,12:10:28,"5","Sitting","Resting",NA,15,165,"Inactive"
"2550",2023-06-29,"Elia","Intervention Weekday",180,12:10:43,"5","Sitting","Resting",NA,30,180,"Inactive"
"2551",2023-06-29,"Elia","Intervention Weekday",180,12:10:58,"5","Sitting","Resting",NA,45,0,"Inactive"
"2552",2023-06-29,"Elia","Intervention Weekday",180,12:11:13,"5","Sitting","Resting",NA,0,15,"Inactive"
"2553",2023-06-29,"Elia","Intervention Weekday",180,12:11:28,"5","Sitting","Resting",NA,15,30,"Inactive"
"2554",2023-06-29,"Elia","Intervention Weekday",180,12:11:43,"5","Sitting","Resting",NA,30,45,"Inactive"
"2555",2023-06-29,"Elia","Intervention Weekday",180,12:11:58,"5","Sitting","Resting",NA,45,60,"Inactive"
"2556",2023-06-29,"Elia","Intervention Weekday",180,12:12:13,"5","Sitting","Resting",NA,0,75,"Inactive"
"2557",2023-06-29,"Elia","Intervention Weekday",180,12:12:28,"5","Sitting","Resting",NA,15,90,"Inactive"
"2558",2023-06-29,"Elia","Intervention Weekday",180,12:12:43,"5","Sitting","Resting",NA,30,105,"Inactive"
"2559",2023-06-29,"Elia","Intervention Weekday",180,12:12:58,"5","Sitting","Resting",NA,45,120,"Inactive"
"2560",2023-06-29,"Elia","Intervention Weekday",180,12:13:13,"5","Sitting","Resting",NA,0,135,"Inactive"
"2561",2023-06-29,"Elia","Intervention Weekday",180,12:13:28,"5","Sitting","Resting",NA,15,150,"Inactive"
"2562",2023-06-29,"Elia","Intervention Weekday",180,12:13:43,"5","Sitting","Resting",NA,30,165,"Inactive"
"2563",2023-06-29,"Elia","Intervention Weekday",180,12:13:58,"5","Sitting","Resting",NA,45,180,"Inactive"
"2564",2023-06-29,"Elia","Intervention Weekday",180,12:14:13,"5","Sitting","Resting",NA,0,0,"Inactive"
"2565",2023-06-29,"Elia","Intervention Weekday",180,12:14:28,"5","Sitting","Resting",NA,15,15,"Inactive"
"2566",2023-06-29,"Elia","Intervention Weekday",180,12:14:43,"5","Sitting","Resting",NA,30,30,"Inactive"
"2567",2023-06-29,"Elia","Intervention Weekday",180,12:14:58,"5","Sitting","Resting",NA,45,45,"Inactive"
"2568",2023-06-29,"Elia","Intervention Weekday",180,12:15:13,"5","Sitting","Resting",NA,0,60,"Inactive"
"2569",2023-06-29,"Elia","Intervention Weekday",180,12:15:28,"5","Sitting","Resting",NA,15,75,"Inactive"
"2570",2023-06-29,"Elia","Intervention Weekday",180,12:15:43,"5","Sitting","Resting",NA,30,90,"Inactive"
"2571",2023-08-31,"Elia","Intervention Weekday",60,08:59:04,"5","Sitting","Resting",NA,0,0,"Inactive"
"2572",2023-08-31,"Elia","Intervention Weekday",60,08:59:19,"6","Standing","Drinking",NA,15,15,"Active"
"2573",2023-08-31,"Elia","Intervention Weekday",60,08:59:34,"6","Standing","Drinking",NA,30,30,"Active"
"2574",2023-08-31,"Elia","Intervention Weekday",60,08:59:49,"5","Sitting","Eating",NA,45,45,"Active"
"2575",2023-08-31,"Elia","Intervention Weekday",60,09:00:04,"5","Sitting","Resting",NA,0,60,"Inactive"
"2576",2023-08-31,"Elia","Intervention Weekday",60,09:00:19,"5","Sitting","Resting",NA,15,0,"Inactive"
"2577",2023-08-31,"Elia","Intervention Weekday",60,09:00:34,"5","Sitting","Resting",NA,30,15,"Inactive"
"2578",2023-08-31,"Elia","Intervention Weekday",60,09:00:49,"5","Sitting","Eating",NA,45,30,"Active"
"2579",2023-08-31,"Elia","Intervention Weekday",60,09:01:04,"5","Sitting","Resting",NA,0,45,"Inactive"
"2580",2023-08-31,"Elia","Intervention Weekday",60,09:01:19,"5","Sitting","Resting",NA,15,60,"Inactive"
"2581",2023-08-31,"Elia","Intervention Weekday",60,09:01:34,"6","Sitting","Drinking",NA,30,0,"Active"
"2582",2023-08-31,"Elia","Intervention Weekday",60,09:01:49,"6","Sitting","Pause",NA,45,15,"Inactive"
"2583",2023-08-31,"Elia","Intervention Weekday",60,09:02:04,"6","Sitting","Pause",NA,0,30,"Inactive"
"2584",2023-08-31,"Elia","Intervention Weekday",60,09:02:19,"6","Standing","Pause",NA,15,45,"Inactive"
"2585",2023-08-31,"Elia","Intervention Weekday",60,09:02:34,"3","Standing","Locomotion",NA,30,60,"Active"
"2586",2023-08-31,"Elia","Intervention Weekday",60,09:02:49,"6","Sitting","Resting",NA,45,0,"Inactive"
"2587",2023-08-31,"Elia","Intervention Weekday",60,09:03:04,"5","Sitting","Eating",NA,0,15,"Active"
"2588",2023-08-31,"Elia","Intervention Weekday",60,09:03:19,"5","Sitting","Resting",NA,15,30,"Inactive"
"2589",2023-08-31,"Elia","Intervention Weekday",60,09:03:34,"5","Sitting","Resting",NA,30,45,"Inactive"
"2590",2023-08-31,"Elia","Intervention Weekday",60,09:03:49,"5","Sitting","Resting",NA,45,60,"Inactive"
"2591",2023-08-31,"Elia","Intervention Weekday",60,09:04:04,"5","Sitting","Resting",NA,0,0,"Inactive"
"2592",2023-08-31,"Elia","Intervention Weekday",60,09:04:19,"5","Sitting","Resting",NA,15,15,"Inactive"
"2593",2023-08-31,"Elia","Intervention Weekday",60,09:04:34,"5","Sitting","Resting",NA,30,30,"Inactive"
"2594",2023-08-31,"Elia","Intervention Weekday",60,09:04:49,"6","Standing","Pause",NA,45,45,"Inactive"
"2595",2023-08-31,"Elia","Intervention Weekday",60,09:05:04,"5","Sitting","Resting",NA,0,60,"Inactive"
"2596",2023-08-31,"Elia","Intervention Weekday",60,09:05:19,"5","Sitting","Resting",NA,15,0,"Inactive"
"2597",2023-08-31,"Elia","Intervention Weekday",60,09:05:34,"6","Sitting","Drinking",NA,30,15,"Active"
"2598",2023-08-31,"Elia","Intervention Weekday",60,09:05:49,"6","Sitting","Drinking",NA,45,30,"Active"
"2599",2023-08-31,"Elia","Intervention Weekday",60,09:06:04,"5","Sitting","Eating",NA,0,45,"Active"
"2600",2023-08-31,"Elia","Intervention Weekday",60,09:06:19,"5","Sitting","Resting",NA,15,60,"Inactive"
"2601",2023-08-31,"Elia","Intervention Weekday",60,09:06:34,"5","Sitting","Resting",NA,30,0,"Inactive"
"2602",2023-08-31,"Elia","Intervention Weekday",60,09:06:49,"5","Sitting","Resting",NA,45,15,"Inactive"
"2603",2023-08-31,"Elia","Intervention Weekday",60,09:07:04,"5","Sitting","Eating",NA,0,30,"Active"
"2604",2023-08-31,"Elia","Intervention Weekday",60,09:07:19,"6","Sitting","Resting",NA,15,45,"Inactive"
"2605",2023-08-31,"Elia","Intervention Weekday",60,09:07:34,"6","Sitting","Resting",NA,30,60,"Inactive"
"2606",2023-08-31,"Elia","Intervention Weekday",60,09:07:49,"6","Sitting","Resting",NA,45,0,"Inactive"
"2607",2023-08-31,"Elia","Intervention Weekday",60,09:08:04,"5","Sitting","Eating",NA,0,15,"Active"
"2608",2023-08-31,"Elia","Intervention Weekday",60,09:08:19,"6","Standing","Locomotion",NA,15,30,"Active"
"2609",2023-08-31,"Elia","Intervention Weekday",60,09:08:34,"6","Sitting","Drinking",NA,30,45,"Active"
"2610",2023-08-31,"Elia","Intervention Weekday",60,09:08:49,"6","Sitting","Drinking",NA,45,60,"Active"
"2611",2023-08-31,"Elia","Intervention Weekday",60,09:09:04,"5","Sitting","Pause",NA,0,0,"Inactive"
"2612",2023-08-31,"Elia","Intervention Weekday",60,09:09:19,"5","Sitting","Resting",NA,15,15,"Inactive"
"2613",2023-08-31,"Elia","Intervention Weekday",60,09:09:34,"5","Sitting","Resting",NA,30,30,"Inactive"
"2614",2023-08-31,"Elia","Intervention Weekday",60,09:09:49,"5","Sitting","Resting",NA,45,45,"Inactive"
"2615",2023-08-31,"Elia","Intervention Weekday",60,09:10:04,"5","Sitting","Resting",NA,0,60,"Inactive"
"2616",2023-08-31,"Elia","Intervention Weekday",60,09:10:19,"5","Sitting","Resting",NA,15,0,"Inactive"
"2617",2023-08-31,"Elia","Intervention Weekday",60,09:10:34,"5","Sitting","Resting",NA,30,15,"Inactive"
"2618",2023-08-31,"Elia","Intervention Weekday",60,09:10:49,"5","Sitting","Resting",NA,45,30,"Inactive"
"2619",2023-08-31,"Elia","Intervention Weekday",60,09:11:04,"5","Sitting","Resting",NA,0,45,"Inactive"
"2620",2023-08-31,"Elia","Intervention Weekday",60,09:11:19,"5","Sitting","Resting",NA,15,60,"Inactive"
"2621",2023-08-31,"Elia","Intervention Weekday",60,09:11:34,"5","Sitting","Resting",NA,30,0,"Inactive"
"2622",2023-08-31,"Elia","Intervention Weekday",60,09:11:49,"5","Sitting","Resting",NA,45,15,"Inactive"
"2623",2023-08-31,"Elia","Intervention Weekday",60,09:12:04,"5","Sitting","Eating",NA,0,30,"Active"
"2624",2023-08-31,"Elia","Intervention Weekday",60,09:12:19,"5","Sitting","Resting",NA,15,45,"Inactive"
"2625",2023-08-31,"Elia","Intervention Weekday",60,09:12:34,"5","Sitting","Resting",NA,30,60,"Inactive"
"2626",2023-08-31,"Elia","Intervention Weekday",60,09:12:49,"5","Sitting","Resting",NA,45,0,"Inactive"
"2627",2023-08-31,"Elia","Intervention Weekday",60,09:13:04,"5","Sitting","Resting",NA,0,15,"Inactive"
"2628",2023-08-31,"Elia","Intervention Weekday",60,09:13:19,"5","Sitting","Resting",NA,15,30,"Inactive"
"2629",2023-08-31,"Elia","Intervention Weekday",60,09:13:34,"6","Sitting","Resting",NA,30,45,"Inactive"
"2630",2023-05-03,"Citrine","Intervention_Weekday",60,10:49:11,"6","Sitting","Pause",NA,0,0,"Inactive"
"2631",2023-05-03,"Citrine","Intervention_Weekday",60,10:49:26,"6","Sitting","Manipulating Object","Feeder",15,15,"Active"
"2632",2023-05-03,"Citrine","Intervention_Weekday",60,10:49:41,"4","Standing","Pause",NA,30,30,"Inactive"
"2633",2023-05-03,"Citrine","Intervention_Weekday",60,10:49:56,"6","Standing","Pause",NA,45,45,"Inactive"
"2634",2023-05-03,"Citrine","Intervention_Weekday",60,10:50:11,"6","Sitting","Pause",NA,0,60,"Inactive"
"2635",2023-05-03,"Citrine","Intervention_Weekday",60,10:50:26,"Feeder","Standing","Locomotion",NA,15,0,"Active"
"2636",2023-05-03,"Citrine","Intervention_Weekday",60,10:50:41,"6","Sitting","Manipulating Object","Feeder",30,15,"Active"
"2637",2023-05-03,"Citrine","Intervention_Weekday",60,10:50:56,"6","Sitting","Locomotion",NA,45,30,"Active"
"2638",2023-05-03,"Citrine","Intervention_Weekday",60,10:51:11,"5","Standing","Eating",NA,0,45,"Active"
"2639",2023-05-03,"Citrine","Intervention_Weekday",60,10:51:26,"6","Sitting","Manipulating Object","Feeder",15,60,"Active"
"2640",2023-05-03,"Citrine","Intervention_Weekday",60,10:51:41,"6","Sitting","Pause",NA,30,0,"Inactive"
"2641",2023-05-03,"Citrine","Intervention_Weekday",60,10:51:56,"6","Lying Down","Grooming",NA,45,15,"Active"
"2642",2023-05-03,"Citrine","Intervention_Weekday",60,10:52:11,"6","Sitting","Pause",NA,0,30,"Inactive"
"2643",2023-05-03,"Citrine","Intervention_Weekday",60,10:52:26,"6","Sitting","Pause",NA,15,45,"Inactive"
"2644",2023-05-03,"Citrine","Intervention_Weekday",60,10:52:41,"6","Sitting","Resting",NA,30,60,"Inactive"
"2645",2023-05-03,"Citrine","Intervention_Weekday",60,10:52:56,"6","Lying Down","Pause",NA,45,0,"Inactive"
"2646",2023-05-03,"Citrine","Intervention_Weekday",60,10:53:11,"6","Standing","Locomotion",NA,0,15,"Active"
"2647",2023-05-03,"Citrine","Intervention_Weekday",60,10:53:26,"Feeder","Sitting","Pause",NA,15,30,"Inactive"
"2648",2023-05-03,"Citrine","Intervention_Weekday",60,10:53:41,"6","Sitting","Manipulating Object","Feeder",30,45,"Active"
"2649",2023-05-03,"Citrine","Intervention_Weekday",60,10:53:56,"Feeder","Sitting","Pause",NA,45,60,"Inactive"
"2650",2023-05-03,"Citrine","Intervention_Weekday",60,10:54:11,"5","Standing","Eating",NA,0,0,"Active"
"2651",2023-05-03,"Citrine","Intervention_Weekday",60,10:54:26,"Feeder","Standing","Pause",NA,15,15,"Inactive"
"2652",2023-05-03,"Citrine","Intervention_Weekday",60,10:54:41,"Feeder","Standing","Manipulating Object","Wall",30,30,"Active"
"2653",2023-05-03,"Citrine","Intervention_Weekday",60,10:54:56,"Feeder","Sitting","Pause",NA,45,45,"Inactive"
"2654",2023-05-03,"Citrine","Intervention_Weekday",60,10:55:11,"6","Standing","Locomotion",NA,0,60,"Active"
"2655",2023-05-03,"Citrine","Intervention_Weekday",60,10:55:26,"Feeder","Sitting","Pause",NA,15,0,"Inactive"
"2656",2023-05-03,"Citrine","Intervention_Weekday",60,10:55:41,"Feeder","Sitting","Pause",NA,30,15,"Inactive"
"2657",2023-05-03,"Citrine","Intervention_Weekday",60,10:55:56,"Feeder","Sitting","Pause",NA,45,30,"Inactive"
"2658",2023-05-03,"Citrine","Intervention_Weekday",60,10:56:11,"5","Standing","Eating",NA,0,45,"Active"
"2659",2023-05-03,"Citrine","Intervention_Weekday",60,10:56:26,"Feeder","Standing","Pause",NA,15,60,"Inactive"
"2660",2023-05-03,"Citrine","Intervention_Weekday",60,10:56:41,"Fence","Standing","Pause",NA,30,0,"Inactive"
"2661",2023-05-03,"Citrine","Intervention_Weekday",60,10:56:56,"1","Standing","Locomotion",NA,45,15,"Active"
"2662",2023-05-03,"Citrine","Intervention_Weekday",60,10:57:11,"5","Standing","Eating",NA,0,30,"Active"
"2663",2023-05-03,"Citrine","Intervention_Weekday",60,10:57:26,"6","Sitting","Resting",NA,15,45,"Inactive"
"2664",2023-05-03,"Citrine","Intervention_Weekday",60,10:57:41,"Feeder","Sitting","Pause",NA,30,60,"Inactive"
"2665",2023-05-03,"Citrine","Intervention_Weekday",60,10:57:56,"Feeder","Sitting","Pause",NA,45,0,"Inactive"
"2666",2023-05-03,"Citrine","Intervention_Weekday",60,10:58:11,"5","Standing","Eating",NA,0,15,"Active"
"2667",2023-05-03,"Citrine","Intervention_Weekday",60,10:58:26,"5","Standing","Eating",NA,15,30,"Active"
"2668",2023-05-03,"Citrine","Intervention_Weekday",60,10:58:41,"Feeder","Sitting","Pause",NA,30,45,"Inactive"
"2669",2023-05-03,"Citrine","Intervention_Weekday",60,10:58:56,"Feeder","Sitting","Pause",NA,45,60,"Inactive"
"2670",2023-05-03,"Citrine","Intervention_Weekday",60,10:59:11,"5","Standing","Eating",NA,0,0,"Active"
"2671",2023-05-03,"Citrine","Intervention_Weekday",60,10:59:26,"6","Sitting","Pause",NA,15,15,"Inactive"
"2672",2023-05-03,"Citrine","Intervention_Weekday",60,10:59:41,"Feeder","Sitting","Pause",NA,30,30,"Inactive"
"2673",2023-05-03,"Citrine","Intervention_Weekday",60,10:59:56,"Feeder","Sitting","Pause",NA,45,45,"Inactive"
"2674",2023-05-03,"Citrine","Intervention_Weekday",60,11:00:11,"5","Standing","Eating",NA,0,60,"Active"
"2675",2023-05-03,"Citrine","Intervention_Weekday",60,11:00:26,"5","Standing","Eating",NA,15,0,"Active"
"2676",2023-05-03,"Citrine","Intervention_Weekday",60,11:00:41,"6","Standing","Locomotion",NA,30,15,"Active"
"2677",2023-05-03,"Citrine","Intervention_Weekday",60,11:00:56,"Out of View","Out of View","Out of View",NA,45,30,"OutofView"
"2678",2023-05-03,"Citrine","Intervention_Weekday",60,11:01:11,"Shelf","Out of View","Out of View",NA,0,45,"OutofView"
"2679",2023-05-03,"Citrine","Intervention_Weekday",60,11:01:26,"5","Standing","Pause",NA,15,60,"Inactive"
"2680",2023-05-03,"Citrine","Intervention_Weekday",60,11:01:41,"Feeder","Standing","Pause",NA,30,0,"Inactive"
"2681",2023-05-03,"Citrine","Intervention_Weekday",60,11:01:56,"Feeder","Sitting","Pause",NA,45,15,"Inactive"
"2682",2023-05-03,"Citrine","Intervention_Weekday",60,11:02:11,"Feeder","Sitting","Pause",NA,0,30,"Inactive"
"2683",2023-05-03,"Citrine","Intervention_Weekday",60,11:02:26,"Out of View","Out of View","Out of View",NA,15,45,"OutofView"
"2684",2023-05-03,"Citrine","Intervention_Weekday",60,11:02:41,"Shelf","Sitting","Resting",NA,30,60,"Inactive"
"2685",2023-05-03,"Citrine","Intervention_Weekday",60,11:02:56,"Shelf","Sitting","Pause",NA,45,0,"Inactive"
"2686",2023-05-03,"Citrine","Intervention_Weekday",60,11:03:11,"Shelf","Sitting","Resting",NA,0,15,"Inactive"
"2687",2023-05-03,"Citrine","Intervention_Weekday",60,11:03:26,"1","Standing","Locomotion",NA,15,30,"Active"
"2688",2023-05-03,"Citrine","Intervention_Weekday",60,11:03:41,"Feeder","Sitting","Pause",NA,30,45,"Inactive"
"2689",2023-05-03,"Citrine","Intervention_Weekday",60,11:03:56,"Feeder","Sitting","Pause",NA,45,60,"Inactive"
"2690",2023-05-10,"Citrine","Intervention_Weekday",120,09:24:35,"5","Sitting","Eating",NA,0,0,"Active"
"2691",2023-05-10,"Citrine","Intervention_Weekday",120,09:24:50,"Feeder","Sitting","Pause",NA,15,15,"Inactive"
"2692",2023-05-10,"Citrine","Intervention_Weekday",120,09:25:05,"Feeder","Sitting","Resting",NA,30,30,"Inactive"
"2693",2023-05-10,"Citrine","Intervention_Weekday",120,09:25:20,"Feeder","Sitting","Pause",NA,45,45,"Inactive"
"2694",2023-05-10,"Citrine","Intervention_Weekday",120,09:25:35,"Feeder","Sitting","Pause",NA,0,60,"Inactive"
"2695",2023-05-10,"Citrine","Intervention_Weekday",120,09:25:50,"Feeder","Sitting","Pause",NA,15,75,"Inactive"
"2696",2023-05-10,"Citrine","Intervention_Weekday",120,09:26:05,"Feeder","Sitting","Pause",NA,30,90,"Inactive"
"2697",2023-05-10,"Citrine","Intervention_Weekday",120,09:26:20,"Feeder","Sitting","Locomotion",NA,45,105,"Active"
"2698",2023-05-10,"Citrine","Intervention_Weekday",120,09:26:35,"5","Rearing","Rubbing","Fencing",0,120,"Active"
"2699",2023-05-10,"Citrine","Intervention_Weekday",120,09:26:50,"3","Standing","Pace",NA,15,0,"Pace"
"2700",2023-05-10,"Citrine","Intervention_Weekday",120,09:27:05,"Fence","Standing","Pause",NA,30,15,"Inactive"
"2701",2023-05-10,"Citrine","Intervention_Weekday",120,09:27:20,"Shelf","Sitting","Grooming",NA,45,30,"Active"
"2702",2023-05-10,"Citrine","Intervention_Weekday",120,09:27:35,"Shelf","Sitting","Pause",NA,0,45,"Inactive"
"2703",2023-05-10,"Citrine","Intervention_Weekday",120,09:27:50,"Shelf","Sitting","Pause",NA,15,60,"Inactive"
"2704",2023-05-10,"Citrine","Intervention_Weekday",120,09:28:05,"Shelf","Sitting","Pause",NA,30,75,"Inactive"
"2705",2023-05-10,"Citrine","Intervention_Weekday",120,09:28:20,"Shelf","Sitting","Pause",NA,45,90,"Inactive"
"2706",2023-05-10,"Citrine","Intervention_Weekday",120,09:28:35,"5","Standing","Eating",NA,0,105,"Active"
"2707",2023-05-10,"Citrine","Intervention_Weekday",120,09:28:50,"Feeder","Standing","Pause",NA,15,120,"Inactive"
"2708",2023-05-10,"Citrine","Intervention_Weekday",120,09:29:05,"Feeder","Standing","Pause",NA,30,0,"Inactive"
"2709",2023-05-10,"Citrine","Intervention_Weekday",120,09:29:20,"Feeder","Sitting","Pause",NA,45,15,"Inactive"
"2710",2023-05-10,"Citrine","Intervention_Weekday",120,09:29:35,"Feeder","Sitting","Pause",NA,0,30,"Inactive"
"2711",2023-05-10,"Citrine","Intervention_Weekday",120,09:29:50,"Fence","Standing","Pause",NA,15,45,"Inactive"
"2712",2023-05-10,"Citrine","Intervention_Weekday",120,09:30:05,"Shelf","Standing","Pause",NA,30,60,"Inactive"
"2713",2023-05-10,"Citrine","Intervention_Weekday",120,09:30:20,"Shelf","Sitting","Pause",NA,45,75,"Inactive"
"2714",2023-05-10,"Citrine","Intervention_Weekday",120,09:30:35,"5","Rearing","Rubbing","Fencing",0,90,"Active"
"2715",2023-05-10,"Citrine","Intervention_Weekday",120,09:30:50,"6","Standing","Pause",NA,15,105,"Inactive"
"2716",2023-05-10,"Citrine","Intervention_Weekday",120,09:31:05,"5","Rearing","Rubbing","Fencing",30,120,"Active"
"2717",2023-05-10,"Citrine","Intervention_Weekday",120,09:31:20,"5","Rearing","Rubbing","Fencing",45,0,"Active"
"2718",2023-05-10,"Citrine","Intervention_Weekday",120,09:31:35,"6","Standing","Manipulating Object","Outside Object",0,15,"Active"
"2719",2023-05-10,"Citrine","Intervention_Weekday",120,09:31:50,"6","Rearing","Manipulating Object","Feeder",15,30,"Active"
"2720",2023-05-10,"Citrine","Intervention_Weekday",120,09:32:05,"6","Rearing","Manipulating Object","Feeder",30,45,"Active"
"2721",2023-05-10,"Citrine","Intervention_Weekday",120,09:32:20,"6","Standing","Pause",NA,45,60,"Inactive"
"2722",2023-05-10,"Citrine","Intervention_Weekday",120,09:32:35,"5","Standing","Eating",NA,0,75,"Active"
"2723",2023-05-10,"Citrine","Intervention_Weekday",120,09:32:50,"6","Standing","Locomotion",NA,15,90,"Active"
"2724",2023-05-10,"Citrine","Intervention_Weekday",120,09:33:05,"Out of View","Standing","Locomotion",NA,30,105,"Active"
"2725",2023-05-10,"Citrine","Intervention_Weekday",120,09:33:20,"6","Standing","Locomotion",NA,45,120,"Active"
"2726",2023-05-10,"Citrine","Intervention_Weekday",120,09:33:35,"5","Standing","Pause",NA,0,0,"Inactive"
"2727",2023-05-10,"Citrine","Intervention_Weekday",120,09:33:50,"Fence","Rearing","Manipulating Object","Fencing",15,15,"Active"
"2728",2023-05-10,"Citrine","Intervention_Weekday",120,09:34:05,"Out of View","Out of View","Out of View",NA,30,30,"OutofView"
"2729",2023-05-10,"Citrine","Intervention_Weekday",120,09:34:20,"Shelf","Standing","Pause",NA,45,45,"Inactive"
"2730",2023-05-10,"Citrine","Intervention_Weekday",120,09:34:35,"6","Standing","Eating",NA,0,60,"Active"
"2731",2023-05-10,"Citrine","Intervention_Weekday",120,09:34:50,"1","Standing","Locomotion",NA,15,75,"Active"
"2732",2023-05-10,"Citrine","Intervention_Weekday",120,09:35:05,"Feeder","Rearing","Manipulating Object","Fencing",30,90,"Active"
"2733",2023-05-10,"Citrine","Intervention_Weekday",120,09:35:20,"Feeder","Sitting","Pause",NA,45,105,"Inactive"
"2734",2023-05-10,"Citrine","Intervention_Weekday",120,09:35:35,"Feeder","Sitting","Pause",NA,0,120,"Inactive"
"2735",2023-05-10,"Citrine","Intervention_Weekday",120,09:35:50,"Feeder","Sitting","Manipulating Object","Fencing",15,0,"Active"
"2736",2023-05-10,"Citrine","Intervention_Weekday",120,09:36:05,"Feeder","Sitting","Pause",NA,30,15,"Inactive"
"2737",2023-05-10,"Citrine","Intervention_Weekday",120,09:36:20,"6","Standing","Manipulating Object","Feeder",45,30,"Active"
"2738",2023-05-10,"Citrine","Intervention_Weekday",120,09:36:35,"5","Standing","Eating",NA,0,45,"Active"
"2739",2023-05-10,"Citrine","Intervention_Weekday",120,09:36:50,"5","Standing","Pause",NA,15,60,"Inactive"
"2740",2023-05-10,"Citrine","Intervention_Weekday",120,09:37:05,"6","Standing","Manipulating Object","Feeder",30,75,"Active"
"2741",2023-05-10,"Citrine","Intervention_Weekday",120,09:37:20,"3","Standing","Locomotion",NA,45,90,"Active"
"2742",2023-05-10,"Citrine","Intervention_Weekday",120,09:37:35,"Shelf","Standing","Pause",NA,0,105,"Inactive"
"2743",2023-05-10,"Citrine","Intervention_Weekday",120,09:37:50,"Shelf","Standing","Pause",NA,15,120,"Inactive"
"2744",2023-05-10,"Citrine","Intervention_Weekday",120,09:38:05,"Shelf","Lying Down","Pause",NA,30,0,"Inactive"
"2745",2023-05-10,"Citrine","Intervention_Weekday",120,09:38:20,"Shelf","Lying Down","Pause",NA,45,15,"Inactive"
"2746",2023-05-10,"Citrine","Intervention_Weekday",120,09:38:35,"6","Standing","Eating",NA,0,30,"Active"
"2747",2023-05-10,"Citrine","Intervention_Weekday",120,09:38:50,"5","Rearing","Rubbing","Fencing",15,45,"Active"
"2748",2023-05-10,"Citrine","Intervention_Weekday",120,09:39:05,"Feeder","Standing","Pause",NA,30,60,"Inactive"
"2749",2023-05-10,"Citrine","Intervention_Weekday",120,09:39:20,"Feeder","Standing","Manipulating Object","Fencing",45,75,"Active"
