,date,Subject,Phase,Feeder_Interval,Time,Location,Body_Position,Activity,Interaction,period,rel_time,action_cat,TimeToFeeding,Active,Feeder,Intervention
1,2023-05-24,Citrine,Intervention_Weekday,180,09:30:42,5,Rearing,Locomotion,,0,0,Active,180,1,False,True
2,2023-05-24,Citrine,Intervention_Weekday,180,09:30:57,5,Standing,Pause,,15,15,Inactive,165,0,False,True
3,2023-05-24,Citrine,Intervention_Weekday,180,09:31:12,Shelf,Sitting,Resting,,30,30,Inactive,150,0,False,True
4,2023-05-24,Citrine,Intervention_Weekday,180,09:31:27,Shelf,Sitting,Resting,,45,45,Inactive,135,0,False,True
5,2023-05-24,Citrine,Intervention_Weekday,180,09:31:42,Shelf,Sitting,Resting,,0,60,Inactive,120,0,False,True
6,2023-05-24,Citrine,Intervention_Weekday,180,09:31:57,Shelf,Sitting,Resting,,15,75,Inactive,105,0,False,True
7,2023-05-24,Citrine,Intervention_Weekday,180,09:32:12,Shelf,Sitting,Resting,,30,90,Inactive,90,0,False,True
8,2023-05-24,Citrine,Intervention_Weekday,180,09:32:27,Shelf,Sitting,Resting,,45,105,Inactive,75,0,False,True
9,2023-05-24,Citrine,Intervention_Weekday,180,09:32:42,Shelf,Sitting,Resting,,0,120,Inactive,60,0,False,True
10,2023-05-24,Citrine,Intervention_Weekday,180,09:32:57,Shelf,Sitting,Resting,,15,135,Inactive,45,0,False,True
11,2023-05-24,Citrine,Intervention_Weekday,180,09:33:12,Feeder,Sitting,Pause,,30,150,Inactive,30,0,True,True
12,2023-05-24,Citrine,Intervention_Weekday,180,09:33:27,Feeder,Sitting,Pause,,45,165,Inactive,15,0,True,True
13,2023-05-24,Citrine,Intervention_Weekday,180,09:33:42,4,Standing,Locomotion,,0,180,Active,0,1,False,True
14,2023-05-24,Citrine,Intervention_Weekday,180,09:33:57,Shelf,Standing,Locomotion,,15,0,Active,180,1,False,True
15,2023-05-24,Citrine,Intervention_Weekday,180,09:34:12,4,Standing,Locomotion,,30,15,Active,165,1,False,True
16,2023-05-24,Citrine,Intervention_Weekday,180,09:34:27,Feeder,Standing,Pause,,45,30,Inactive,150,0,True,True
17,2023-05-24,Citrine,Intervention_Weekday,180,09:34:42,Feeder,Standing,Pause,,0,45,Inactive,135,0,True,True
18,2023-05-24,Citrine,Intervention_Weekday,180,09:34:57,Fence,Standing,Pause,,15,60,Inactive,120,0,False,True
19,2023-05-24,Citrine,Intervention_Weekday,180,09:35:12,3,Standing,Locomotion,,30,75,Active,105,1,False,True
20,2023-05-24,Citrine,Intervention_Weekday,180,09:35:27,Shelf,Standing,Pause,,45,90,Inactive,90,0,False,True
21,2023-05-24,Citrine,Intervention_Weekday,180,09:35:42,3,Standing,Locomotion,,0,105,Active,75,1,False,True
22,2023-05-24,Citrine,Intervention_Weekday,180,09:35:57,5,Rearing,Pause,,15,120,Inactive,60,0,False,True
23,2023-05-24,Citrine,Intervention_Weekday,180,09:36:12,6,Standing,Manipulating Object,Feeder,30,135,Active,45,1,False,True
24,2023-05-24,Citrine,Intervention_Weekday,180,09:36:27,4,Standing,Locomotion,,45,150,Active,30,1,False,True
25,2023-05-24,Citrine,Intervention_Weekday,180,09:36:42,5,Rearing,Pause,,0,165,Inactive,15,0,False,True
26,2023-05-24,Citrine,Intervention_Weekday,180,09:36:57,5,Rearing,Pause,,15,180,Inactive,0,0,False,True
27,2023-05-24,Citrine,Intervention_Weekday,180,09:37:12,Shelf,Standing,Pause,,30,0,Inactive,180,0,False,True
28,2023-05-24,Citrine,Intervention_Weekday,180,09:37:27,Shelf,Standing,Pause,,45,15,Inactive,165,0,False,True
29,2023-05-24,Citrine,Intervention_Weekday,180,09:37:42,Shelf,Standing,Pause,,0,30,Inactive,150,0,False,True
30,2023-05-24,Citrine,Intervention_Weekday,180,09:37:57,Shelf,Standing,Pause,,15,45,Inactive,135,0,False,True
31,2023-05-24,Citrine,Intervention_Weekday,180,09:38:12,Fence,Standing,Pause,,30,60,Inactive,120,0,False,True
32,2023-05-24,Citrine,Intervention_Weekday,180,09:38:27,Fence,Standing,Pause,,45,75,Inactive,105,0,False,True
33,2023-05-24,Citrine,Intervention_Weekday,180,09:38:42,5,Rearing,Pause,,0,90,Inactive,90,0,False,True
34,2023-05-24,Citrine,Intervention_Weekday,180,09:38:57,5,Rearing,Locomotion,,15,105,Active,75,1,False,True
35,2023-05-24,Citrine,Intervention_Weekday,180,09:39:12,5,Rearing,Pause,,30,120,Inactive,60,0,False,True
36,2023-05-24,Citrine,Intervention_Weekday,180,09:39:27,5,Rearing,Pause,,45,135,Inactive,45,0,False,True
37,2023-05-24,Citrine,Intervention_Weekday,180,09:39:42,6,Rearing,Pause,,0,150,Inactive,30,0,False,True
38,2023-05-24,Citrine,Intervention_Weekday,180,09:39:57,3,Standing,Locomotion,,15,165,Active,15,1,False,True
39,2023-05-24,Citrine,Intervention_Weekday,180,09:40:12,Shelf,Sitting,Resting,,30,180,Inactive,0,0,False,True
40,2023-05-24,Citrine,Intervention_Weekday,180,09:40:27,Shelf,Sitting,Resting,,45,0,Inactive,180,0,False,True
41,2023-05-24,Citrine,Intervention_Weekday,180,09:40:42,Shelf,Standing,Resting,,0,15,Inactive,165,0,False,True
42,2023-05-24,Citrine,Intervention_Weekday,180,09:40:57,Shelf,Sitting,Resting,,15,30,Inactive,150,0,False,True
43,2023-05-24,Citrine,Intervention_Weekday,180,09:41:12,Shelf,Sitting,Resting,,30,45,Inactive,135,0,False,True
44,2023-05-24,Citrine,Intervention_Weekday,180,09:41:27,Feeder,Standing,Pause,,45,60,Inactive,120,0,True,True
45,2023-05-24,Citrine,Intervention_Weekday,180,09:41:42,Feeder,Sitting,Resting,,0,75,Inactive,105,0,True,True
46,2023-05-24,Citrine,Intervention_Weekday,180,09:41:57,Feeder,Sitting,Resting,,15,90,Inactive,90,0,True,True
47,2023-05-24,Citrine,Intervention_Weekday,180,09:42:12,Feeder,Sitting,Resting,,30,105,Inactive,75,0,True,True
48,2023-05-24,Citrine,Intervention_Weekday,180,09:42:27,Feeder,Sitting,Resting,,45,120,Inactive,60,0,True,True
49,2023-05-24,Citrine,Intervention_Weekday,180,09:42:42,5,Standing,Eating,,0,135,Active,45,1,False,True
50,2023-05-24,Citrine,Intervention_Weekday,180,09:42:57,4,Standing,Drinking,,15,150,Active,30,1,False,True
51,2023-05-24,Citrine,Intervention_Weekday,180,09:43:12,4,Standing,Drinking,,30,165,Active,15,1,False,True
52,2023-05-24,Citrine,Intervention_Weekday,180,09:43:27,4,Standing,Drinking,,45,180,Active,0,1,False,True
53,2023-05-24,Citrine,Intervention_Weekday,180,09:43:42,4,Standing,Drinking,,0,0,Active,180,1,False,True
54,2023-05-24,Citrine,Intervention_Weekday,180,09:43:57,4,Standing,Pause,,15,15,Inactive,165,0,False,True
55,2023-05-24,Citrine,Intervention_Weekday,180,09:44:12,5,Rearing,Pause,,30,30,Inactive,150,0,False,True
56,2023-05-24,Citrine,Intervention_Weekday,180,09:44:27,4,Standing,Locomotion,,45,45,Active,135,1,False,True
57,2023-05-24,Citrine,Intervention_Weekday,180,09:44:42,Feeder,Sitting,Resting,,0,60,Inactive,120,0,True,True
58,2023-05-24,Citrine,Intervention_Weekday,180,09:44:57,Feeder,Sitting,Resting,,15,75,Inactive,105,0,True,True
59,2023-05-24,Citrine,Intervention_Weekday,180,09:45:12,Feeder,Sitting,Resting,,30,90,Inactive,90,0,True,True
60,2023-05-24,Citrine,Intervention_Weekday,180,09:45:27,Feeder,Sitting,Resting,,45,105,Inactive,75,0,True,True
61,2023-05-25,Citrine,Intervention_Weekday,180,10:25:40,3,Standing,Drinking,,0,0,Active,180,1,False,True
62,2023-05-25,Citrine,Intervention_Weekday,180,10:25:55,3,Standing,Drinking,,15,15,Active,165,1,False,True
63,2023-05-25,Citrine,Intervention_Weekday,180,10:26:10,3,Standing,Drinking,,30,30,Active,150,1,False,True
64,2023-05-25,Citrine,Intervention_Weekday,180,10:26:25,3,Standing,Drinking,,45,45,Active,135,1,False,True
65,2023-05-25,Citrine,Intervention_Weekday,180,10:26:40,3,Standing,Drinking,,0,60,Active,120,1,False,True
66,2023-05-25,Citrine,Intervention_Weekday,180,10:26:55,Feeder,Standing,Pause,,15,75,Inactive,105,0,True,True
67,2023-05-25,Citrine,Intervention_Weekday,180,10:27:10,Feeder,Sitting,Resting,,30,90,Inactive,90,0,True,True
68,2023-05-25,Citrine,Intervention_Weekday,180,10:27:25,Feeder,Sitting,Resting,,45,105,Inactive,75,0,True,True
69,2023-05-25,Citrine,Intervention_Weekday,180,10:27:40,Feeder,Sitting,Resting,,0,120,Inactive,60,0,True,True
70,2023-05-25,Citrine,Intervention_Weekday,180,10:27:55,Feeder,Sitting,Resting,,15,135,Inactive,45,0,True,True
71,2023-05-25,Citrine,Intervention_Weekday,180,10:28:10,Feeder,Sitting,Resting,,30,150,Inactive,30,0,True,True
72,2023-05-25,Citrine,Intervention_Weekday,180,10:28:25,Fence,Standing,Locomotion,,45,165,Active,15,1,False,True
73,2023-05-25,Citrine,Intervention_Weekday,180,10:28:40,4,Standing,Locomotion,,0,180,Active,0,1,False,True
74,2023-05-25,Citrine,Intervention_Weekday,180,10:28:55,3,Standing,Locomotion,,15,0,Active,180,1,False,True
75,2023-05-25,Citrine,Intervention_Weekday,180,10:29:10,Shelf,Standing,Locomotion,,30,15,Active,165,1,False,True
76,2023-05-25,Citrine,Intervention_Weekday,180,10:29:25,Shelf,Standing,Pause,,45,30,Inactive,150,0,False,True
77,2023-05-25,Citrine,Intervention_Weekday,180,10:29:40,Fence,Standing,Pause,,0,45,Inactive,135,0,False,True
78,2023-05-25,Citrine,Intervention_Weekday,180,10:29:55,Feeder,Sitting,Resting,,15,60,Inactive,120,0,True,True
79,2023-05-25,Citrine,Intervention_Weekday,180,10:30:10,Feeder,Sitting,Resting,,30,75,Inactive,105,0,True,True
80,2023-05-25,Citrine,Intervention_Weekday,180,10:30:25,Feeder,Sitting,Resting,,45,90,Inactive,90,0,True,True
81,2023-05-25,Citrine,Intervention_Weekday,180,10:30:40,Feeder,Sitting,Resting,,0,105,Inactive,75,0,True,True
82,2023-05-25,Citrine,Intervention_Weekday,180,10:30:55,Feeder,Sitting,Resting,,15,120,Inactive,60,0,True,True
83,2023-05-25,Citrine,Intervention_Weekday,180,10:31:10,Feeder,Sitting,Resting,,30,135,Inactive,45,0,True,True
84,2023-05-25,Citrine,Intervention_Weekday,180,10:31:25,Feeder,Sitting,Resting,,45,150,Inactive,30,0,True,True
85,2023-05-25,Citrine,Intervention_Weekday,180,10:31:40,5,Sitting,Eating,,0,165,Active,15,1,False,True
86,2023-05-25,Citrine,Intervention_Weekday,180,10:31:55,3,Standing,Drinking,,15,180,Active,0,1,False,True
87,2023-05-25,Citrine,Intervention_Weekday,180,10:32:10,3,Standing,Drinking,,30,0,Active,180,1,False,True
88,2023-05-25,Citrine,Intervention_Weekday,180,10:32:25,3,Sitting,Drinking,,45,15,Active,165,1,False,True
89,2023-05-25,Citrine,Intervention_Weekday,180,10:32:40,3,Sitting,Drinking,,0,30,Active,150,1,False,True
90,2023-05-25,Citrine,Intervention_Weekday,180,10:32:55,3,Sitting,Drinking,,15,45,Active,135,1,False,True
91,2023-05-25,Citrine,Intervention_Weekday,180,10:33:10,Feeder,Standing,Pause,,30,60,Inactive,120,0,True,True
92,2023-05-25,Citrine,Intervention_Weekday,180,10:33:25,Feeder,Sitting,Pause,,45,75,Inactive,105,0,True,True
93,2023-05-25,Citrine,Intervention_Weekday,180,10:33:40,3,Standing,Locomotion,,0,90,Active,90,1,False,True
94,2023-05-25,Citrine,Intervention_Weekday,180,10:33:55,Shelf,Sitting,Resting,,15,105,Inactive,75,0,False,True
95,2023-05-25,Citrine,Intervention_Weekday,180,10:34:10,Shelf,Sitting,Resting,,30,120,Inactive,60,0,False,True
96,2023-05-25,Citrine,Intervention_Weekday,180,10:34:25,Shelf,Sitting,Resting,,45,135,Inactive,45,0,False,True
97,2023-05-25,Citrine,Intervention_Weekday,180,10:34:40,5,Rearing,Pause,,0,150,Inactive,30,0,False,True
98,2023-05-25,Citrine,Intervention_Weekday,180,10:34:55,3,Standing,Locomotion,,15,165,Active,15,1,False,True
99,2023-05-25,Citrine,Intervention_Weekday,180,10:35:10,Shelf,Sitting,Resting,,30,180,Inactive,0,0,False,True
100,2023-05-25,Citrine,Intervention_Weekday,180,10:35:25,Shelf,Sitting,Resting,,45,0,Inactive,180,0,False,True
101,2023-05-25,Citrine,Intervention_Weekday,180,10:35:40,Shelf,Sitting,Resting,,0,15,Inactive,165,0,False,True
102,2023-05-25,Citrine,Intervention_Weekday,180,10:35:55,Shelf,Sitting,Resting,,15,30,Inactive,150,0,False,True
103,2023-05-25,Citrine,Intervention_Weekday,180,10:36:10,Shelf,Sitting,Resting,,30,45,Inactive,135,0,False,True
104,2023-05-25,Citrine,Intervention_Weekday,180,10:36:25,Shelf,Sitting,Resting,,45,60,Inactive,120,0,False,True
105,2023-05-25,Citrine,Intervention_Weekday,180,10:36:40,Shelf,Sitting,Resting,,0,75,Inactive,105,0,False,True
106,2023-05-25,Citrine,Intervention_Weekday,180,10:36:55,Shelf,Sitting,Resting,,15,90,Inactive,90,0,False,True
107,2023-05-25,Citrine,Intervention_Weekday,180,10:37:10,5,Rearing,Pause,,30,105,Inactive,75,0,False,True
108,2023-05-25,Citrine,Intervention_Weekday,180,10:37:25,Fence,Standing,Locomotion,,45,120,Active,60,1,False,True
109,2023-05-25,Citrine,Intervention_Weekday,180,10:37:40,5,Standing,Eating,,0,135,Active,45,1,False,True
110,2023-05-25,Citrine,Intervention_Weekday,180,10:37:55,5,Standing,Locomotion,,15,150,Active,30,1,False,True
111,2023-05-25,Citrine,Intervention_Weekday,180,10:38:10,Shelf,Standing,Locomotion,,30,165,Active,15,1,False,True
112,2023-05-25,Citrine,Intervention_Weekday,180,10:38:25,Shelf,Standing,Pause,,45,180,Inactive,0,0,False,True
113,2023-05-25,Citrine,Intervention_Weekday,180,10:38:40,Shelf,Out of View,Resting,,0,0,Inactive,180,0,False,True
114,2023-05-25,Citrine,Intervention_Weekday,180,10:38:55,Shelf,Out of View,Resting,,15,15,Inactive,165,0,False,True
115,2023-05-25,Citrine,Intervention_Weekday,180,10:39:10,Shelf,Out of View,Resting,,30,30,Inactive,150,0,False,True
116,2023-05-25,Citrine,Intervention_Weekday,180,10:39:25,Shelf,Out of View,Resting,,45,45,Inactive,135,0,False,True
117,2023-05-25,Citrine,Intervention_Weekday,180,10:39:40,Shelf,Out of View,Resting,,0,60,Inactive,120,0,False,True
118,2023-05-25,Citrine,Intervention_Weekday,180,10:39:55,Shelf,Out of View,Resting,,15,75,Inactive,105,0,False,True
119,2023-05-25,Citrine,Intervention_Weekday,180,10:40:10,Shelf,Out of View,Resting,,30,90,Inactive,90,0,False,True
120,2023-05-25,Citrine,Intervention_Weekday,180,10:40:25,Shelf,Out of View,Resting,,45,105,Inactive,75,0,False,True
121,2023-05-11,Citrine,Intervention_Weekday,120,11:09:51,5,Rearing,Pause,,0,0,Inactive,120,0,False,True
122,2023-05-11,Citrine,Intervention_Weekday,120,11:10:06,5,Standing,Locomotion,,15,15,Active,105,1,False,True
123,2023-05-11,Citrine,Intervention_Weekday,120,11:10:21,Shelf,Sitting,Resting,,30,30,Inactive,90,0,False,True
124,2023-05-11,Citrine,Intervention_Weekday,120,11:10:36,Shelf,Sitting,Resting,,45,45,Inactive,75,0,False,True
125,2023-05-11,Citrine,Intervention_Weekday,120,11:10:51,Shelf,Sitting,Resting,,0,60,Inactive,60,0,False,True
126,2023-05-11,Citrine,Intervention_Weekday,120,11:11:06,Shelf,Sitting,Resting,,15,75,Inactive,45,0,False,True
127,2023-05-11,Citrine,Intervention_Weekday,120,11:11:21,Shelf,Sitting,Resting,,30,90,Inactive,30,0,False,True
128,2023-05-11,Citrine,Intervention_Weekday,120,11:11:36,Shelf,Sitting,Resting,,45,105,Inactive,15,0,False,True
129,2023-05-11,Citrine,Intervention_Weekday,120,11:11:51,3,Standing,Locomotion,,0,120,Active,0,1,False,True
130,2023-05-11,Citrine,Intervention_Weekday,120,11:12:06,Feeder,Standing,Pause,,15,0,Inactive,120,0,True,True
131,2023-05-11,Citrine,Intervention_Weekday,120,11:12:21,Shelf,Standing,Pause,,30,15,Inactive,105,0,False,True
132,2023-05-11,Citrine,Intervention_Weekday,120,11:12:36,Shelf,Standing,Pause,,45,30,Inactive,90,0,False,True
133,2023-05-11,Citrine,Intervention_Weekday,120,11:12:51,Shelf,Sitting,Resting,,0,45,Inactive,75,0,False,True
134,2023-05-11,Citrine,Intervention_Weekday,120,11:13:06,Shelf,Sitting,Resting,,15,60,Inactive,60,0,False,True
135,2023-05-11,Citrine,Intervention_Weekday,120,11:13:21,Shelf,Sitting,Resting,,30,75,Inactive,45,0,False,True
136,2023-05-11,Citrine,Intervention_Weekday,120,11:13:36,Shelf,Sitting,Resting,,45,90,Inactive,30,0,False,True
137,2023-05-11,Citrine,Intervention_Weekday,120,11:13:51,Shelf,Standing,Locomotion,,0,105,Active,15,1,False,True
138,2023-05-11,Citrine,Intervention_Weekday,120,11:14:06,Shelf,Standing,Pause,,15,120,Inactive,0,0,False,True
139,2023-05-11,Citrine,Intervention_Weekday,120,11:14:21,Shelf,Standing,Pause,,30,0,Inactive,120,0,False,True
140,2023-05-11,Citrine,Intervention_Weekday,120,11:14:36,5,Rearing,Locomotion,,45,15,Active,105,1,False,True
141,2023-05-11,Citrine,Intervention_Weekday,120,11:14:51,Fence,Standing,Pause,,0,30,Inactive,90,0,False,True
142,2023-05-11,Citrine,Intervention_Weekday,120,11:15:06,Shelf,Standing,Locomotion,,15,45,Active,75,1,False,True
143,2023-05-11,Citrine,Intervention_Weekday,120,11:15:21,Shelf,Standing,Pause,,30,60,Inactive,60,0,False,True
144,2023-05-11,Citrine,Intervention_Weekday,120,11:15:36,Shelf,Standing,Pause,,45,75,Inactive,45,0,False,True
145,2023-05-11,Citrine,Intervention_Weekday,120,11:15:51,6,Standing,Eating,,0,90,Active,30,1,False,True
146,2023-05-11,Citrine,Intervention_Weekday,120,11:16:06,5,Sitting,Pause,,15,105,Inactive,15,0,False,True
147,2023-05-11,Citrine,Intervention_Weekday,120,11:16:21,6,Standing,Locomotion,,30,120,Active,0,1,False,True
148,2023-05-11,Citrine,Intervention_Weekday,120,11:16:36,2,Standing,Locomotion,,45,0,Active,120,1,False,True
149,2023-05-11,Citrine,Intervention_Weekday,120,11:16:51,Shelf,Standing,Pause,,0,15,Inactive,105,0,False,True
150,2023-05-11,Citrine,Intervention_Weekday,120,11:17:06,Shelf,Sitting,Pause,,15,30,Inactive,90,0,False,True
151,2023-05-11,Citrine,Intervention_Weekday,120,11:17:21,Shelf,Sitting,Resting,,30,45,Inactive,75,0,False,True
152,2023-05-11,Citrine,Intervention_Weekday,120,11:17:36,Shelf,Sitting,Pause,,45,60,Inactive,60,0,False,True
153,2023-05-11,Citrine,Intervention_Weekday,120,11:17:51,5,Standing,Eating,,0,75,Active,45,1,False,True
154,2023-05-11,Citrine,Intervention_Weekday,120,11:18:06,5,Standing,Locomotion,,15,90,Active,30,1,False,True
155,2023-05-11,Citrine,Intervention_Weekday,120,11:18:21,1,Standing,Locomotion,,30,105,Active,15,1,False,True
156,2023-05-11,Citrine,Intervention_Weekday,120,11:18:36,Feeder,Sitting,Pause,,45,120,Inactive,0,0,True,True
157,2023-05-11,Citrine,Intervention_Weekday,120,11:18:51,Shelf,Standing,Pause,,0,0,Inactive,120,0,False,True
159,2023-05-11,Citrine,Intervention_Weekday,120,11:19:21,5,Rearing,Pause,,30,30,Inactive,90,0,False,True
160,2023-05-11,Citrine,Intervention_Weekday,120,11:19:36,Feeder,Standing,Pause,,45,45,Inactive,75,0,True,True
161,2023-05-11,Citrine,Intervention_Weekday,120,11:19:51,5,Standing,Eating,,0,60,Active,60,1,False,True
162,2023-05-11,Citrine,Intervention_Weekday,120,11:20:06,5,Standing,Manipulating Object,Feeder,15,75,Active,45,1,False,True
163,2023-05-11,Citrine,Intervention_Weekday,120,11:20:21,Feeder,Standing,Pause,,30,90,Inactive,30,0,True,True
164,2023-05-11,Citrine,Intervention_Weekday,120,11:20:36,3,Standing,Locomotion,,45,105,Active,15,1,False,True
165,2023-05-11,Citrine,Intervention_Weekday,120,11:20:51,3,Standing,Locomotion,,0,120,Active,0,1,False,True
166,2023-05-11,Citrine,Intervention_Weekday,120,11:21:06,5,Rearing,Pause,,15,0,Inactive,120,0,False,True
167,2023-05-11,Citrine,Intervention_Weekday,120,11:21:21,Feeder,Standing,Pause,,30,15,Inactive,105,0,True,True
168,2023-05-11,Citrine,Intervention_Weekday,120,11:21:36,Fence,Standing,Pause,,45,30,Inactive,90,0,False,True
169,2023-05-11,Citrine,Intervention_Weekday,120,11:21:51,5,Standing,Eating,,0,45,Active,75,1,False,True
170,2023-05-11,Citrine,Intervention_Weekday,120,11:22:06,5,Rearing,Pause,,15,60,Inactive,60,0,False,True
171,2023-05-11,Citrine,Intervention_Weekday,120,11:22:21,Feeder,Standing,Pause,,30,75,Inactive,45,0,True,True
172,2023-05-11,Citrine,Intervention_Weekday,120,11:22:36,Feeder,Standing,Pause,,45,90,Inactive,30,0,True,True
173,2023-05-11,Citrine,Intervention_Weekday,120,11:22:51,Feeder,Standing,Pause,,0,105,Inactive,15,0,True,True
174,2023-05-11,Citrine,Intervention_Weekday,120,11:23:06,Feeder,Standing,Pause,,15,120,Inactive,0,0,True,True
175,2023-05-11,Citrine,Intervention_Weekday,120,11:23:21,1,Standing,Locomotion,,30,0,Active,120,1,False,True
176,2023-05-11,Citrine,Intervention_Weekday,120,11:23:36,Feeder,Standing,Pause,,45,15,Inactive,105,0,True,True
177,2023-05-11,Citrine,Intervention_Weekday,120,11:23:51,5,Standing,Eating,,0,30,Active,90,1,False,True
178,2023-05-11,Citrine,Intervention_Weekday,120,11:24:06,5,Standing,Pause,,15,45,Inactive,75,0,False,True
179,2023-05-11,Citrine,Intervention_Weekday,120,11:24:21,Feeder,Standing,Pause,,30,60,Inactive,60,0,True,True
180,2023-05-11,Citrine,Intervention_Weekday,120,11:24:36,Fence,Standing,Locomotion,,45,75,Active,45,1,False,True
181,2023-06-08,Citrine,Intervention_Weekday,240,10:26:59,4,Standing,Locomotion,,0,0,Active,240,1,False,True
182,2023-06-08,Citrine,Intervention_Weekday,240,10:27:14,Shelf,Out of View,Pause,,15,15,Inactive,225,0,False,True
183,2023-06-08,Citrine,Intervention_Weekday,240,10:27:29,Shelf,Sitting,Pause,,30,30,Inactive,210,0,False,True
184,2023-06-08,Citrine,Intervention_Weekday,240,10:27:44,Shelf,Sitting,Pause,,45,45,Inactive,195,0,False,True
185,2023-06-08,Citrine,Intervention_Weekday,240,10:27:59,Shelf,Sitting,Pause,,0,60,Inactive,180,0,False,True
186,2023-06-08,Citrine,Intervention_Weekday,240,10:28:14,Shelf,Sitting,Pause,,15,75,Inactive,165,0,False,True
187,2023-06-08,Citrine,Intervention_Weekday,240,10:28:29,Shelf,Sitting,Pause,,30,90,Inactive,150,0,False,True
188,2023-06-08,Citrine,Intervention_Weekday,240,10:28:44,Fence,Standing,Pause,,45,105,Inactive,135,0,False,True
189,2023-06-08,Citrine,Intervention_Weekday,240,10:28:59,5,Rearing,Locomotion,,0,120,Active,120,1,False,True
190,2023-06-08,Citrine,Intervention_Weekday,240,10:29:14,Fence,Standing,Locomotion,,15,135,Active,105,1,False,True
191,2023-06-08,Citrine,Intervention_Weekday,240,10:29:29,3,Standing,Locomotion,,30,150,Active,90,1,False,True
192,2023-06-08,Citrine,Intervention_Weekday,240,10:29:44,Shelf,Standing,Locomotion,,45,165,Active,75,1,False,True
193,2023-06-08,Citrine,Intervention_Weekday,240,10:29:59,6,Standing,Locomotion,,0,180,Active,60,1,False,True
194,2023-06-08,Citrine,Intervention_Weekday,240,10:30:14,Shelf,Out of View,Pause,,15,195,Inactive,45,0,False,True
195,2023-06-08,Citrine,Intervention_Weekday,240,10:30:29,Shelf,Out of View,Pause,,30,210,Inactive,30,0,False,True
196,2023-06-08,Citrine,Intervention_Weekday,240,10:30:44,Shelf,Standing,Locomotion,,45,225,Active,15,1,False,True
197,2023-06-08,Citrine,Intervention_Weekday,240,10:30:59,5,Standing,Eating,,0,240,Active,0,1,False,True
198,2023-06-08,Citrine,Intervention_Weekday,240,10:31:14,4,Standing,Locomotion,,15,0,Active,240,1,False,True
199,2023-06-08,Citrine,Intervention_Weekday,240,10:31:29,Shelf,Standing,Pause,,30,15,Inactive,225,0,False,True
200,2023-06-08,Citrine,Intervention_Weekday,240,10:31:44,Shelf,Sitting,Resting,,45,30,Inactive,210,0,False,True
201,2023-06-08,Citrine,Intervention_Weekday,240,10:31:59,Shelf,Sitting,Resting,,0,45,Inactive,195,0,False,True
202,2023-06-08,Citrine,Intervention_Weekday,240,10:32:14,Shelf,Sitting,Resting,,15,60,Inactive,180,0,False,True
203,2023-06-08,Citrine,Intervention_Weekday,240,10:32:29,Shelf,Sitting,Resting,,30,75,Inactive,165,0,False,True
204,2023-06-08,Citrine,Intervention_Weekday,240,10:32:44,Shelf,Lying Down,Resting,,45,90,Inactive,150,0,False,True
205,2023-06-08,Citrine,Intervention_Weekday,240,10:32:59,Shelf,Lying Down,Resting,,0,105,Inactive,135,0,False,True
206,2023-06-08,Citrine,Intervention_Weekday,240,10:33:14,Shelf,Lying Down,Resting,,15,120,Inactive,120,0,False,True
207,2023-06-08,Citrine,Intervention_Weekday,240,10:33:29,Shelf,Lying Down,Resting,,30,135,Inactive,105,0,False,True
208,2023-06-08,Citrine,Intervention_Weekday,240,10:33:44,Shelf,Lying Down,Resting,,45,150,Inactive,90,0,False,True
209,2023-06-08,Citrine,Intervention_Weekday,240,10:33:59,Shelf,Lying Down,Resting,,0,165,Inactive,75,0,False,True
210,2023-06-08,Citrine,Intervention_Weekday,240,10:34:14,Shelf,Lying Down,Resting,,15,180,Inactive,60,0,False,True
211,2023-06-08,Citrine,Intervention_Weekday,240,10:34:29,Shelf,Lying Down,Resting,,30,195,Inactive,45,0,False,True
212,2023-06-08,Citrine,Intervention_Weekday,240,10:34:44,5,Rearing,Pause,,45,210,Inactive,30,0,False,True
213,2023-06-08,Citrine,Intervention_Weekday,240,10:34:59,5,Standing,Eating,,0,225,Active,15,1,False,True
214,2023-06-08,Citrine,Intervention_Weekday,240,10:35:14,Shelf,Standing,Pause,,15,240,Inactive,0,0,False,True
215,2023-06-08,Citrine,Intervention_Weekday,240,10:35:29,Shelf,Standing,Pause,,30,0,Inactive,240,0,False,True
216,2023-06-08,Citrine,Intervention_Weekday,240,10:35:44,Shelf,Lying Down,Resting,,45,15,Inactive,225,0,False,True
217,2023-06-08,Citrine,Intervention_Weekday,240,10:35:59,Shelf,Lying Down,Resting,,0,30,Inactive,210,0,False,True
218,2023-06-08,Citrine,Intervention_Weekday,240,10:36:14,Shelf,Lying Down,Resting,,15,45,Inactive,195,0,False,True
219,2023-06-08,Citrine,Intervention_Weekday,240,10:36:29,Shelf,Lying Down,Resting,,30,60,Inactive,180,0,False,True
220,2023-06-08,Citrine,Intervention_Weekday,240,10:36:44,Shelf,Lying Down,Resting,,45,75,Inactive,165,0,False,True
221,2023-06-08,Citrine,Intervention_Weekday,240,10:36:59,Shelf,Lying Down,Resting,,0,90,Inactive,150,0,False,True
222,2023-06-08,Citrine,Intervention_Weekday,240,10:37:14,Shelf,Lying Down,Resting,,15,105,Inactive,135,0,False,True
223,2023-06-08,Citrine,Intervention_Weekday,240,10:37:29,Shelf,Lying Down,Resting,,30,120,Inactive,120,0,False,True
224,2023-06-08,Citrine,Intervention_Weekday,240,10:37:44,3,Standing,Drinking,,45,135,Active,105,1,False,True
225,2023-06-08,Citrine,Intervention_Weekday,240,10:37:59,3,Standing,Drinking,,0,150,Active,90,1,False,True
226,2023-06-08,Citrine,Intervention_Weekday,240,10:38:14,3,Standing,Drinking,,15,165,Active,75,1,False,True
227,2023-06-08,Citrine,Intervention_Weekday,240,10:38:29,3,Standing,Drinking,,30,180,Active,60,1,False,True
228,2023-06-08,Citrine,Intervention_Weekday,240,10:38:44,3,Standing,Locomotion,,45,195,Active,45,1,False,True
229,2023-06-08,Citrine,Intervention_Weekday,240,10:38:59,5,Standing,Eating,,0,210,Active,30,1,False,True
230,2023-06-08,Citrine,Intervention_Weekday,240,10:39:14,Shelf,Standing,Pause,,15,225,Inactive,15,0,False,True
231,2023-06-08,Citrine,Intervention_Weekday,240,10:39:29,Shelf,Out of View,Pause,,30,240,Inactive,0,0,False,True
232,2023-06-08,Citrine,Intervention_Weekday,240,10:39:44,Shelf,Out of View,Pause,,45,0,Inactive,240,0,False,True
235,2023-06-08,Citrine,Intervention_Weekday,240,10:40:29,Shelf,Sitting,Resting,,30,45,Inactive,195,0,False,True
236,2023-06-08,Citrine,Intervention_Weekday,240,10:40:44,Shelf,Sitting,Resting,,45,60,Inactive,180,0,False,True
237,2023-06-08,Citrine,Intervention_Weekday,240,10:40:59,Shelf,Sitting,Resting,,0,75,Inactive,165,0,False,True
238,2023-06-08,Citrine,Intervention_Weekday,240,10:41:14,Shelf,Sitting,Resting,,15,90,Inactive,150,0,False,True
239,2023-06-08,Citrine,Intervention_Weekday,240,10:41:29,Shelf,Sitting,Resting,,30,105,Inactive,135,0,False,True
240,2023-06-08,Citrine,Intervention_Weekday,240,10:41:44,Shelf,Sitting,Resting,,45,120,Inactive,120,0,False,True
241,2023-06-19,Citrine,Intervention_Weekday,300,11:45:59,Fence,Standing,Locomotion,,0,0,Active,300,1,False,True
242,2023-06-19,Citrine,Intervention_Weekday,300,11:46:14,Shelf,Standing,Pause,,15,15,Inactive,285,0,False,True
243,2023-06-19,Citrine,Intervention_Weekday,300,11:46:29,Shelf,Sitting,Resting,,30,30,Inactive,270,0,False,True
244,2023-06-19,Citrine,Intervention_Weekday,300,11:46:44,Shelf,Lying Down,Resting,,45,45,Inactive,255,0,False,True
245,2023-06-19,Citrine,Intervention_Weekday,300,11:46:59,Shelf,Lying Down,Resting,,0,60,Inactive,240,0,False,True
246,2023-06-19,Citrine,Intervention_Weekday,300,11:47:14,Shelf,Lying Down,Resting,,15,75,Inactive,225,0,False,True
247,2023-06-19,Citrine,Intervention_Weekday,300,11:47:29,Shelf,Lying Down,Resting,,30,90,Inactive,210,0,False,True
248,2023-06-19,Citrine,Intervention_Weekday,300,11:47:44,Shelf,Lying Down,Resting,,45,105,Inactive,195,0,False,True
249,2023-06-19,Citrine,Intervention_Weekday,300,11:47:59,Shelf,Lying Down,Resting,,0,120,Inactive,180,0,False,True
250,2023-06-19,Citrine,Intervention_Weekday,300,11:48:14,Shelf,Lying Down,Resting,,15,135,Inactive,165,0,False,True
251,2023-06-19,Citrine,Intervention_Weekday,300,11:48:29,Shelf,Lying Down,Resting,,30,150,Inactive,150,0,False,True
252,2023-06-19,Citrine,Intervention_Weekday,300,11:48:44,5,Rearing,Locomotion,,45,165,Active,135,1,False,True
254,2023-06-19,Citrine,Intervention_Weekday,300,11:49:14,Shelf,Out of View,Pause,,15,195,Inactive,105,0,False,True
255,2023-06-19,Citrine,Intervention_Weekday,300,11:49:29,Fence,Standing,Pause,,30,210,Inactive,90,0,False,True
256,2023-06-19,Citrine,Intervention_Weekday,300,11:49:44,Fence,Standing,Pause,,45,225,Inactive,75,0,False,True
257,2023-06-19,Citrine,Intervention_Weekday,300,11:49:59,Fence,Standing,Pause,,0,240,Inactive,60,0,False,True
258,2023-06-19,Citrine,Intervention_Weekday,300,11:50:14,Fence,Standing,Pause,,15,255,Inactive,45,0,False,True
259,2023-06-19,Citrine,Intervention_Weekday,300,11:50:29,Fence,Standing,Pause,,30,270,Inactive,30,0,False,True
260,2023-06-19,Citrine,Intervention_Weekday,300,11:50:44,Fence,Standing,Pause,,45,285,Inactive,15,0,False,True
261,2023-06-19,Citrine,Intervention_Weekday,300,11:50:59,4,Standing,Locomotion,,0,300,Active,0,1,False,True
262,2023-06-19,Citrine,Intervention_Weekday,300,11:51:14,Shelf,Standing,Pause,,15,0,Inactive,300,0,False,True
263,2023-06-19,Citrine,Intervention_Weekday,300,11:51:29,Shelf,Standing,Pause,,30,15,Inactive,285,0,False,True
264,2023-06-19,Citrine,Intervention_Weekday,300,11:51:44,Shelf,Lying Down,Resting,,45,30,Inactive,270,0,False,True
265,2023-06-19,Citrine,Intervention_Weekday,300,11:51:59,Shelf,Lying Down,Resting,,0,45,Inactive,255,0,False,True
266,2023-06-19,Citrine,Intervention_Weekday,300,11:52:14,Shelf,Lying Down,Resting,,15,60,Inactive,240,0,False,True
267,2023-06-19,Citrine,Intervention_Weekday,300,11:52:29,Shelf,Lying Down,Resting,,30,75,Inactive,225,0,False,True
268,2023-06-19,Citrine,Intervention_Weekday,300,11:52:44,4,Standing,Locomotion,,45,90,Active,210,1,False,True
269,2023-06-19,Citrine,Intervention_Weekday,300,11:52:59,Fence,Standing,Pause,,0,105,Inactive,195,0,False,True
270,2023-06-19,Citrine,Intervention_Weekday,300,11:53:14,Shelf,Standing,Pause,,15,120,Inactive,180,0,False,True
271,2023-06-19,Citrine,Intervention_Weekday,300,11:53:29,Fence,Rearing,Pause,,30,135,Inactive,165,0,False,True
272,2023-06-19,Citrine,Intervention_Weekday,300,11:53:44,Fence,Standing,Pause,,45,150,Inactive,150,0,False,True
273,2023-06-19,Citrine,Intervention_Weekday,300,11:53:59,Shelf,Standing,Pause,,0,165,Inactive,135,0,False,True
274,2023-06-19,Citrine,Intervention_Weekday,300,11:54:14,Shelf,Standing,Pause,,15,180,Inactive,120,0,False,True
276,2023-06-19,Citrine,Intervention_Weekday,300,11:54:44,Feeder,Standing,Pause,,45,210,Inactive,90,0,True,True
277,2023-06-19,Citrine,Intervention_Weekday,300,11:54:59,Fence,Standing,Pause,,0,225,Inactive,75,0,False,True
278,2023-06-19,Citrine,Intervention_Weekday,300,11:55:14,Shelf,Out of View,Pause,,15,240,Inactive,60,0,False,True
279,2023-06-19,Citrine,Intervention_Weekday,300,11:55:29,Shelf,Standing,Pause,,30,255,Inactive,45,0,False,True
280,2023-06-19,Citrine,Intervention_Weekday,300,11:55:44,Shelf,Lying Down,Resting,,45,270,Inactive,30,0,False,True
281,2023-06-19,Citrine,Intervention_Weekday,300,11:55:59,5,Standing,Eating,,0,285,Active,15,1,False,True
282,2023-06-19,Citrine,Intervention_Weekday,300,11:56:14,4,Standing,Locomotion,,15,300,Active,0,1,False,True
283,2023-06-19,Citrine,Intervention_Weekday,300,11:56:29,Litter Box,Standing,Locomotion,,30,0,Active,300,1,False,True
284,2023-06-19,Citrine,Intervention_Weekday,300,11:56:44,Litter Box,Standing,Manipulating Object,Litter Box,45,15,Active,285,1,False,True
285,2023-06-19,Citrine,Intervention_Weekday,300,11:56:59,Litter Box,Standing,Elimination,,0,30,Active,270,1,False,True
286,2023-06-19,Citrine,Intervention_Weekday,300,11:57:14,Litter Box,Standing,Manipulating Object,Litter Box,15,45,Active,255,1,False,True
287,2023-06-19,Citrine,Intervention_Weekday,300,11:57:29,3,Standing,Pause,,30,60,Inactive,240,0,False,True
288,2023-06-19,Citrine,Intervention_Weekday,300,11:57:44,Fence,Standing,Pause,,45,75,Inactive,225,0,False,True
289,2023-06-19,Citrine,Intervention_Weekday,300,11:57:59,5,Rearing,Locomotion,,0,90,Active,210,1,False,True
290,2023-06-19,Citrine,Intervention_Weekday,300,11:58:14,Feeder,Standing,Pause,,15,105,Inactive,195,0,True,True
291,2023-06-19,Citrine,Intervention_Weekday,300,11:58:29,Fence,Standing,Pause,,30,120,Inactive,180,0,False,True
292,2023-06-19,Citrine,Intervention_Weekday,300,11:58:44,Fence,Standing,Pause,,45,135,Inactive,165,0,False,True
293,2023-06-19,Citrine,Intervention_Weekday,300,11:58:59,1,Standing,Locomotion,,0,150,Active,150,1,False,True
294,2023-06-19,Citrine,Intervention_Weekday,300,11:59:14,Shelf,Standing,Pause,,15,165,Inactive,135,0,False,True
295,2023-06-19,Citrine,Intervention_Weekday,300,11:59:29,Shelf,Standing,Pause,,30,180,Inactive,120,0,False,True
296,2023-06-19,Citrine,Intervention_Weekday,300,11:59:44,Shelf,Standing,Locomotion,,45,195,Active,105,1,False,True
297,2023-06-19,Citrine,Intervention_Weekday,300,11:59:59,Shelf,Lying Down,Resting,,0,210,Inactive,90,0,False,True
298,2023-06-19,Citrine,Intervention_Weekday,300,12:00:14,Shelf,Lying Down,Resting,,15,225,Inactive,75,0,False,True
299,2023-06-19,Citrine,Intervention_Weekday,300,12:00:29,Shelf,Lying Down,Resting,,30,240,Inactive,60,0,False,True
300,2023-06-19,Citrine,Intervention_Weekday,300,12:00:44,Shelf,Lying Down,Resting,,45,255,Inactive,45,0,False,True
301,2023-07-12,Elia,Intervention_Weekday,240,08:36:37,5,Sitting,Eating,,0,0,Active,240,1,False,True
302,2023-07-12,Elia,Intervention_Weekday,240,08:36:52,5,Sitting,Pause,,15,15,Inactive,225,0,False,True
303,2023-07-12,Elia,Intervention_Weekday,240,08:37:07,5,Sitting,Resting,,30,30,Inactive,210,0,False,True
304,2023-07-12,Elia,Intervention_Weekday,240,08:37:22,5,Sitting,Resting,,45,45,Inactive,195,0,False,True
305,2023-07-12,Elia,Intervention_Weekday,240,08:37:37,5,Sitting,Resting,,0,60,Inactive,180,0,False,True
306,2023-07-12,Elia,Intervention_Weekday,240,08:37:52,5,Sitting,Resting,,15,75,Inactive,165,0,False,True
307,2023-07-12,Elia,Intervention_Weekday,240,08:38:07,5,Sitting,Resting,,30,90,Inactive,150,0,False,True
308,2023-07-12,Elia,Intervention_Weekday,240,08:38:22,5,Sitting,Resting,,45,105,Inactive,135,0,False,True
309,2023-07-12,Elia,Intervention_Weekday,240,08:38:37,5,Sitting,Resting,,0,120,Inactive,120,0,False,True
310,2023-07-12,Elia,Intervention_Weekday,240,08:38:52,5,Sitting,Resting,,15,135,Inactive,105,0,False,True
311,2023-07-12,Elia,Intervention_Weekday,240,08:39:07,5,Sitting,Resting,,30,150,Inactive,90,0,False,True
312,2023-07-12,Elia,Intervention_Weekday,240,08:39:22,5,Sitting,Resting,,45,165,Inactive,75,0,False,True
313,2023-07-12,Elia,Intervention_Weekday,240,08:39:37,5,Sitting,Resting,,0,180,Inactive,60,0,False,True
314,2023-07-12,Elia,Intervention_Weekday,240,08:39:52,5,Sitting,Resting,,15,195,Inactive,45,0,False,True
315,2023-07-12,Elia,Intervention_Weekday,240,08:40:07,5,Sitting,Resting,,30,210,Inactive,30,0,False,True
316,2023-07-12,Elia,Intervention_Weekday,240,08:40:22,5,Sitting,Resting,,45,225,Inactive,15,0,False,True
317,2023-07-12,Elia,Intervention_Weekday,240,08:40:37,5,Sitting,Eating,,0,240,Active,0,1,False,True
318,2023-07-12,Elia,Intervention_Weekday,240,08:40:52,5,Sitting,Eating,,15,0,Active,240,1,False,True
319,2023-07-12,Elia,Intervention_Weekday,240,08:41:07,5,Sitting,Pause,,30,15,Inactive,225,0,False,True
320,2023-07-12,Elia,Intervention_Weekday,240,08:41:22,5,Sitting,Pause,,45,30,Inactive,210,0,False,True
321,2023-07-12,Elia,Intervention_Weekday,240,08:41:37,5,Sitting,Resting,,0,45,Inactive,195,0,False,True
322,2023-07-12,Elia,Intervention_Weekday,240,08:41:52,5,Sitting,Resting,,15,60,Inactive,180,0,False,True
323,2023-07-12,Elia,Intervention_Weekday,240,08:42:07,5,Sitting,Resting,,30,75,Inactive,165,0,False,True
324,2023-07-12,Elia,Intervention_Weekday,240,08:42:22,5,Sitting,Manipulating Object,Feeder,45,90,Active,150,1,False,True
325,2023-07-12,Elia,Intervention_Weekday,240,08:42:37,5,Standing,Locomotion,,0,105,Active,135,1,False,True
326,2023-07-12,Elia,Intervention_Weekday,240,08:42:52,5,Sitting,Pause,,15,120,Inactive,120,0,False,True
327,2023-07-12,Elia,Intervention_Weekday,240,08:43:07,5,Sitting,Pause,,30,135,Inactive,105,0,False,True
328,2023-07-12,Elia,Intervention_Weekday,240,08:43:22,5,Sitting,Resting,,45,150,Inactive,90,0,False,True
329,2023-07-12,Elia,Intervention_Weekday,240,08:43:37,5,Sitting,Resting,,0,165,Inactive,75,0,False,True
330,2023-07-12,Elia,Intervention_Weekday,240,08:43:52,5,Sitting,Resting,,15,180,Inactive,60,0,False,True
331,2023-07-12,Elia,Intervention_Weekday,240,08:44:07,5,Sitting,Resting,,30,195,Inactive,45,0,False,True
332,2023-07-12,Elia,Intervention_Weekday,240,08:44:22,5,Sitting,Resting,,45,210,Inactive,30,0,False,True
333,2023-07-12,Elia,Intervention_Weekday,240,08:44:37,5,Sitting,Eating,,0,225,Active,15,1,False,True
334,2023-07-12,Elia,Intervention_Weekday,240,08:44:52,6,Sitting,Drinking,,15,240,Active,0,1,False,True
335,2023-07-12,Elia,Intervention_Weekday,240,08:45:07,6,Sitting,Drinking,,30,0,Active,240,1,False,True
336,2023-07-12,Elia,Intervention_Weekday,240,08:45:22,6,Sitting,Drinking,,45,15,Active,225,1,False,True
337,2023-07-12,Elia,Intervention_Weekday,240,08:45:37,6,Sitting,Drinking,,0,30,Active,210,1,False,True
338,2023-07-12,Elia,Intervention_Weekday,240,08:45:52,5,Sitting,Resting,,15,45,Inactive,195,0,False,True
339,2023-07-12,Elia,Intervention_Weekday,240,08:46:07,5,Sitting,Resting,,30,60,Inactive,180,0,False,True
340,2023-07-12,Elia,Intervention_Weekday,240,08:46:22,5,Sitting,Resting,,45,75,Inactive,165,0,False,True
341,2023-07-12,Elia,Intervention_Weekday,240,08:46:37,6,Standing,Pause,,0,90,Inactive,150,0,False,True
342,2023-07-12,Elia,Intervention_Weekday,240,08:46:52,5,Sitting,Resting,,15,105,Inactive,135,0,False,True
343,2023-07-12,Elia,Intervention_Weekday,240,08:47:07,5,Standing,Locomotion,,30,120,Active,120,1,False,True
344,2023-07-12,Elia,Intervention_Weekday,240,08:47:22,5,Sitting,Resting,,45,135,Inactive,105,0,False,True
345,2023-07-12,Elia,Intervention_Weekday,240,08:47:37,5,Sitting,Resting,,0,150,Inactive,90,0,False,True
346,2023-07-12,Elia,Intervention_Weekday,240,08:47:52,5,Sitting,Resting,,15,165,Inactive,75,0,False,True
347,2023-07-12,Elia,Intervention_Weekday,240,08:48:07,5,Sitting,Resting,,30,180,Inactive,60,0,False,True
348,2023-07-12,Elia,Intervention_Weekday,240,08:48:22,5,Sitting,Resting,,45,195,Inactive,45,0,False,True
349,2023-07-12,Elia,Intervention_Weekday,240,08:48:37,5,Sitting,Eating,,0,210,Active,30,1,False,True
350,2023-07-12,Elia,Intervention_Weekday,240,08:48:52,5,Sitting,Resting,,15,225,Inactive,15,0,False,True
351,2023-07-12,Elia,Intervention_Weekday,240,08:49:07,5,Sitting,Resting,,30,240,Inactive,0,0,False,True
352,2023-07-12,Elia,Intervention_Weekday,240,08:49:22,5,Sitting,Resting,,45,0,Inactive,240,0,False,True
353,2023-07-12,Elia,Intervention_Weekday,240,08:49:37,5,Sitting,Resting,,0,15,Inactive,225,0,False,True
354,2023-07-12,Elia,Intervention_Weekday,240,08:49:52,5,Sitting,Resting,,15,30,Inactive,210,0,False,True
355,2023-07-12,Elia,Intervention_Weekday,240,08:50:07,5,Sitting,Resting,,30,45,Inactive,195,0,False,True
356,2023-07-12,Elia,Intervention_Weekday,240,08:50:22,5,Sitting,Resting,,45,60,Inactive,180,0,False,True
357,2023-07-12,Elia,Intervention_Weekday,240,08:50:37,5,Sitting,Resting,,0,75,Inactive,165,0,False,True
358,2023-07-12,Elia,Intervention_Weekday,240,08:50:52,5,Sitting,Resting,,15,90,Inactive,150,0,False,True
359,2023-07-12,Elia,Intervention_Weekday,240,08:51:07,5,Sitting,Resting,,30,105,Inactive,135,0,False,True
360,2023-07-12,Elia,Intervention_Weekday,240,08:51:22,5,Sitting,Resting,,45,120,Inactive,120,0,False,True
421,2023-05-05,Citrine,Intervention_Weekday,60,11:27:40,6,Sitting,Resting,,0,0,Inactive,60,0,False,True
422,2023-05-05,Citrine,Intervention_Weekday,60,11:27:55,Feeder,Sitting,Resting,,15,15,Inactive,45,0,True,True
423,2023-05-05,Citrine,Intervention_Weekday,60,11:28:10,Feeder,Sitting,Resting,,30,30,Inactive,30,0,True,True
424,2023-05-05,Citrine,Intervention_Weekday,60,11:28:25,Shelf,Sitting,Locomotion,,45,45,Active,15,1,False,True
425,2023-05-05,Citrine,Intervention_Weekday,60,11:28:40,6,Standing,Eating,,0,60,Active,0,1,False,True
426,2023-05-05,Citrine,Intervention_Weekday,60,11:28:55,6,Sitting,Manipulating Object,Feeder,15,0,Active,60,1,False,True
427,2023-05-05,Citrine,Intervention_Weekday,60,11:29:10,6,Sitting,Resting,,30,15,Inactive,45,0,False,True
428,2023-05-05,Citrine,Intervention_Weekday,60,11:29:25,6,Sitting,Manipulating Object,Feeder,45,30,Active,30,1,False,True
429,2023-05-05,Citrine,Intervention_Weekday,60,11:29:40,6,Standing,Eating,,0,45,Active,15,1,False,True
430,2023-05-05,Citrine,Intervention_Weekday,60,11:29:55,6,Sitting,Manipulating Object,Feeder,15,60,Active,0,1,False,True
431,2023-05-05,Citrine,Intervention_Weekday,60,11:30:10,6,Sitting,Manipulating Object,Feeder,30,0,Active,60,1,False,True
432,2023-05-05,Citrine,Intervention_Weekday,60,11:30:25,6,Sitting,Resting,,45,15,Inactive,45,0,False,True
433,2023-05-05,Citrine,Intervention_Weekday,60,11:30:40,5,Standing,Eating,,0,30,Active,30,1,False,True
434,2023-05-05,Citrine,Intervention_Weekday,60,11:30:55,6,Sitting,Resting,,15,45,Inactive,15,0,False,True
435,2023-05-05,Citrine,Intervention_Weekday,60,11:31:10,6,Sitting,Manipulating Object,,30,60,Active,0,1,False,True
436,2023-05-05,Citrine,Intervention_Weekday,60,11:31:25,6,Sitting,Resting,,45,0,Inactive,60,0,False,True
437,2023-05-05,Citrine,Intervention_Weekday,60,11:31:40,6,Standing,Eating,,0,15,Active,45,1,False,True
438,2023-05-05,Citrine,Intervention_Weekday,60,11:31:55,6,Sitting,Resting,,15,30,Inactive,30,0,False,True
439,2023-05-05,Citrine,Intervention_Weekday,60,11:32:10,6,Sitting,Manipulating Object,Feeder,30,45,Active,15,1,False,True
440,2023-05-05,Citrine,Intervention_Weekday,60,11:32:25,6,Sitting,Manipulating Object,Feeder,45,60,Active,0,1,False,True
441,2023-05-05,Citrine,Intervention_Weekday,60,11:32:40,5,Standing,Eating,,0,0,Active,60,1,False,True
442,2023-05-05,Citrine,Intervention_Weekday,60,11:32:55,6,Sitting,Resting,,15,15,Inactive,45,0,False,True
443,2023-05-05,Citrine,Intervention_Weekday,60,11:33:10,6,Sitting,Resting,,30,30,Inactive,30,0,False,True
444,2023-05-05,Citrine,Intervention_Weekday,60,11:33:25,6,Sitting,Resting,,45,45,Inactive,15,0,False,True
445,2023-05-05,Citrine,Intervention_Weekday,60,11:33:40,6,Standing,Eating,,0,60,Active,0,1,False,True
446,2023-05-05,Citrine,Intervention_Weekday,60,11:33:55,6,Sitting,Manipulating Object,Feeder,15,0,Active,60,1,False,True
447,2023-05-05,Citrine,Intervention_Weekday,60,11:34:10,6,Sitting,Manipulating Object,Feeder,30,15,Active,45,1,False,True
448,2023-05-05,Citrine,Intervention_Weekday,60,11:34:25,6,Sitting,Resting,,45,30,Inactive,30,0,False,True
449,2023-05-05,Citrine,Intervention_Weekday,60,11:34:40,3,Standing,Locomotion,,0,45,Active,15,1,False,True
450,2023-05-05,Citrine,Intervention_Weekday,60,11:34:55,3,Standing,Locomotion,,15,60,Active,0,1,False,True
451,2023-05-05,Citrine,Intervention_Weekday,60,11:35:10,6,Sitting,Manipulating Object,Feeder,30,0,Active,60,1,False,True
452,2023-05-05,Citrine,Intervention_Weekday,60,11:35:25,Feeder,Sitting,Resting,,45,15,Inactive,45,0,True,True
453,2023-05-05,Citrine,Intervention_Weekday,60,11:35:40,6,Standing,Eating,,0,30,Active,30,1,False,True
454,2023-05-05,Citrine,Intervention_Weekday,60,11:35:55,4,Standing,Locomotion,,15,45,Active,15,1,False,True
455,2023-05-05,Citrine,Intervention_Weekday,60,11:36:10,Feeder,Sitting,Resting,,30,60,Inactive,0,0,True,True
456,2023-05-05,Citrine,Intervention_Weekday,60,11:36:25,Feeder,Sitting,Resting,,45,0,Inactive,60,0,True,True
457,2023-05-05,Citrine,Intervention_Weekday,60,11:36:40,5,Standing,Eating,,0,15,Active,45,1,False,True
458,2023-05-05,Citrine,Intervention_Weekday,60,11:36:55,3,Standing,Locomotion,,15,30,Active,30,1,False,True
459,2023-05-05,Citrine,Intervention_Weekday,60,11:37:10,Feeder,Sitting,Resting,,30,45,Inactive,15,0,True,True
460,2023-05-05,Citrine,Intervention_Weekday,60,11:37:25,Feeder,Sitting,Resting,,45,60,Inactive,0,0,True,True
461,2023-06-23,Citrine,Intervention Weekday,300,10:04:39,6,Standing,Locomotion,,0,0,Active,300,1,False,True
462,2023-06-23,Citrine,Intervention Weekday,300,10:04:54,5,Standing,Drinking,,15,15,Active,285,1,False,True
463,2023-06-23,Citrine,Intervention Weekday,300,10:05:09,5,Standing,Drinking,,30,30,Active,270,1,False,True
464,2023-06-23,Citrine,Intervention Weekday,300,10:05:24,5,Standing,Drinking,,45,45,Active,255,1,False,True
465,2023-06-23,Citrine,Intervention Weekday,300,10:05:39,5,Standing,Drinking,,0,60,Active,240,1,False,True
466,2023-06-23,Citrine,Intervention Weekday,300,10:05:54,Feeder,Standing,Locomotion,,15,75,Active,225,1,True,True
467,2023-06-23,Citrine,Intervention Weekday,300,10:06:09,Feeder,Sitting,Resting,,30,90,Inactive,210,0,True,True
468,2023-06-23,Citrine,Intervention Weekday,300,10:06:24,Feeder,Sitting,Resting,,45,105,Inactive,195,0,True,True
469,2023-06-23,Citrine,Intervention Weekday,300,10:06:39,Feeder,Sitting,Resting,,0,120,Inactive,180,0,True,True
470,2023-06-23,Citrine,Intervention Weekday,300,10:06:54,Feeder,Sitting,Resting,,15,135,Inactive,165,0,True,True
471,2023-06-23,Citrine,Intervention Weekday,300,10:07:09,Feeder,Sitting,Resting,,30,150,Inactive,150,0,True,True
472,2023-06-23,Citrine,Intervention Weekday,300,10:07:24,Feeder,Sitting,Resting,,45,165,Inactive,135,0,True,True
473,2023-06-23,Citrine,Intervention Weekday,300,10:07:39,Feeder,Sitting,Resting,,0,180,Inactive,120,0,True,True
474,2023-06-23,Citrine,Intervention Weekday,300,10:07:54,Feeder,Standing,Rubbing,Fencing,15,195,Active,105,1,True,True
475,2023-06-23,Citrine,Intervention Weekday,300,10:08:09,3,Standing,Locomotion,Outside Object,30,210,Active,90,1,False,True
476,2023-06-23,Citrine,Intervention Weekday,300,10:08:24,3,Standing,Locomotion,Outside Object,45,225,Active,75,1,False,True
477,2023-06-23,Citrine,Intervention Weekday,300,10:08:39,5,Standing,Eating,,0,240,Active,60,1,False,True
478,2023-06-23,Citrine,Intervention Weekday,300,10:08:54,5,Rearing,Locomotion,,15,255,Active,45,1,False,True
479,2023-06-23,Citrine,Intervention Weekday,300,10:09:09,Shelf,Standing,Locomotion,,30,270,Active,30,1,False,True
480,2023-06-23,Citrine,Intervention Weekday,300,10:09:24,Shelf,Sitting,Resting,,45,285,Inactive,15,0,False,True
481,2023-06-23,Citrine,Intervention Weekday,300,10:09:39,6,Standing,Pause,,0,300,Inactive,0,0,False,True
482,2023-06-23,Citrine,Intervention Weekday,300,10:09:54,Shelf,Standing,Locomotion,,15,0,Active,300,1,False,True
483,2023-06-23,Citrine,Intervention Weekday,300,10:10:09,Shelf,Lying Down,Resting,,30,15,Inactive,285,0,False,True
484,2023-06-23,Citrine,Intervention Weekday,300,10:10:24,Shelf,Lying Down,Resting,,45,30,Inactive,270,0,False,True
485,2023-06-23,Citrine,Intervention Weekday,300,10:10:39,Shelf,Standing,Locomotion,,0,45,Active,255,1,False,True
486,2023-06-23,Citrine,Intervention Weekday,300,10:10:54,Shelf,Standing,Locomotion,,15,60,Active,240,1,False,True
487,2023-06-23,Citrine,Intervention Weekday,300,10:11:09,Shelf,Lying Down,Resting,,30,75,Inactive,225,0,False,True
488,2023-06-23,Citrine,Intervention Weekday,300,10:11:24,Shelf,Lying Down,Resting,,45,90,Inactive,210,0,False,True
489,2023-06-23,Citrine,Intervention Weekday,300,10:11:39,Shelf,Lying Down,Resting,,0,105,Inactive,195,0,False,True
490,2023-06-23,Citrine,Intervention Weekday,300,10:11:54,5,Rearing,Locomotion,,15,120,Active,180,1,False,True
491,2023-06-23,Citrine,Intervention Weekday,300,10:12:09,5,Rearing,Locomotion,,30,135,Active,165,1,False,True
492,2023-06-23,Citrine,Intervention Weekday,300,10:12:24,Shelf,Standing,Locomotion,,45,150,Active,150,1,False,True
493,2023-06-23,Citrine,Intervention Weekday,300,10:12:39,Shelf,Standing,Locomotion,,0,165,Active,135,1,False,True
494,2023-06-23,Citrine,Intervention Weekday,300,10:12:54,Shelf,Lying Down,Resting,,15,180,Inactive,120,0,False,True
495,2023-06-23,Citrine,Intervention Weekday,300,10:13:09,Shelf,Lying Down,Resting,,30,195,Inactive,105,0,False,True
496,2023-06-23,Citrine,Intervention Weekday,300,10:13:24,Shelf,Lying Down,Resting,,45,210,Inactive,90,0,False,True
497,2023-06-23,Citrine,Intervention Weekday,300,10:13:39,Shelf,Lying Down,Resting,,0,225,Inactive,75,0,False,True
498,2023-06-23,Citrine,Intervention Weekday,300,10:13:54,Shelf,Lying Down,Resting,,15,240,Inactive,60,0,False,True
499,2023-06-23,Citrine,Intervention Weekday,300,10:14:09,Shelf,Lying Down,Resting,,30,255,Inactive,45,0,False,True
500,2023-06-23,Citrine,Intervention Weekday,300,10:14:24,Shelf,Lying Down,Resting,,45,270,Inactive,30,0,False,True
501,2023-06-23,Citrine,Intervention Weekday,300,10:14:39,6,Standing,Locomotion,,0,285,Active,15,1,False,True
502,2023-06-23,Citrine,Intervention Weekday,300,10:14:54,Feeder,Sitting,Resting,,15,300,Inactive,0,0,True,True
503,2023-06-23,Citrine,Intervention Weekday,300,10:15:09,Feeder,Sitting,Resting,,30,0,Inactive,300,0,True,True
504,2023-06-23,Citrine,Intervention Weekday,300,10:15:24,Feeder,Sitting,Resting,,45,15,Inactive,285,0,True,True
505,2023-06-23,Citrine,Intervention Weekday,300,10:15:39,Feeder,Sitting,Resting,,0,30,Inactive,270,0,True,True
506,2023-06-23,Citrine,Intervention Weekday,300,10:15:54,Feeder,Sitting,Resting,,15,45,Inactive,255,0,True,True
507,2023-06-23,Citrine,Intervention Weekday,300,10:16:09,Feeder,Sitting,Resting,,30,60,Inactive,240,0,True,True
508,2023-06-23,Citrine,Intervention Weekday,300,10:16:24,Feeder,Sitting,Grooming,,45,75,Active,225,1,True,True
509,2023-06-23,Citrine,Intervention Weekday,300,10:16:39,Feeder,Sitting,Resting,,0,90,Inactive,210,0,True,True
510,2023-06-23,Citrine,Intervention Weekday,300,10:16:54,5,Rearing,Locomotion,,15,105,Active,195,1,False,True
513,2023-06-23,Citrine,Intervention Weekday,300,10:17:39,5,Standing,Locomotion,,0,150,Active,150,1,False,True
514,2023-06-23,Citrine,Intervention Weekday,300,10:17:54,Feeder,Sitting,Resting,,15,165,Inactive,135,0,True,True
515,2023-06-23,Citrine,Intervention Weekday,300,10:18:09,Fence,Standing,Locomotion,,30,180,Active,120,1,False,True
516,2023-06-23,Citrine,Intervention Weekday,300,10:18:24,Shelf,Standing,Locomotion,,45,195,Active,105,1,False,True
517,2023-06-23,Citrine,Intervention Weekday,300,10:18:39,Shelf,Lying Down,Resting,,0,210,Inactive,90,0,False,True
518,2023-06-23,Citrine,Intervention Weekday,300,10:18:54,Shelf,Lying Down,Resting,,15,225,Inactive,75,0,False,True
519,2023-06-23,Citrine,Intervention Weekday,300,10:19:09,Shelf,Lying Down,Resting,,30,240,Inactive,60,0,False,True
520,2023-06-23,Citrine,Intervention Weekday,300,10:19:24,Shelf,Lying Down,Resting,,45,255,Inactive,45,0,False,True
521,2023-06-23,Citrine,Intervention Weekday,300,10:19:39,Shelf,Lying Down,Resting,,0,270,Inactive,30,0,False,True
583,2023-06-09,Citrine,Intervention Weekday,240,09:21:02,5,Standing,Drinking,,0,0,Active,240,1,False,True
584,2023-06-09,Citrine,Intervention Weekday,240,09:21:17,5,Standing,Drinking,,15,15,Active,225,1,False,True
585,2023-06-09,Citrine,Intervention Weekday,240,09:21:32,2,Standing,Locomotion,,30,30,Active,210,1,False,True
586,2023-06-09,Citrine,Intervention Weekday,240,09:21:47,Feeder,Standing,Pause,,45,45,Inactive,195,0,True,True
587,2023-06-09,Citrine,Intervention Weekday,240,09:22:02,Feeder,Sitting,Resting,,0,60,Inactive,180,0,True,True
588,2023-06-09,Citrine,Intervention Weekday,240,09:22:17,Feeder,Sitting,Resting,,15,75,Inactive,165,0,True,True
589,2023-06-09,Citrine,Intervention Weekday,240,09:22:32,Feeder,Sitting,Resting,,30,90,Inactive,150,0,True,True
590,2023-06-09,Citrine,Intervention Weekday,240,09:22:47,Feeder,Sitting,Resting,,45,105,Inactive,135,0,True,True
591,2023-06-09,Citrine,Intervention Weekday,240,09:23:02,Feeder,Sitting,Resting,,0,120,Inactive,120,0,True,True
592,2023-06-09,Citrine,Intervention Weekday,240,09:23:17,Feeder,Sitting,Resting,,15,135,Inactive,105,0,True,True
593,2023-06-09,Citrine,Intervention Weekday,240,09:23:32,Feeder,Sitting,Resting,,30,150,Inactive,90,0,True,True
594,2023-06-09,Citrine,Intervention Weekday,240,09:23:47,Feeder,Sitting,Resting,,45,165,Inactive,75,0,True,True
595,2023-06-09,Citrine,Intervention Weekday,240,09:24:02,Feeder,Sitting,Resting,,0,180,Inactive,60,0,True,True
596,2023-06-09,Citrine,Intervention Weekday,240,09:24:17,Feeder,Sitting,Resting,,15,195,Inactive,45,0,True,True
597,2023-06-09,Citrine,Intervention Weekday,240,09:24:32,Feeder,Sitting,Resting,,30,210,Inactive,30,0,True,True
598,2023-06-09,Citrine,Intervention Weekday,240,09:24:47,Feeder,Sitting,Resting,,45,225,Inactive,15,0,True,True
599,2023-06-09,Citrine,Intervention Weekday,240,09:25:02,6,Standing,Eating,,0,240,Active,0,1,False,True
600,2023-06-09,Citrine,Intervention Weekday,240,09:25:17,5,Rearing,Pause,,15,0,Inactive,240,0,False,True
601,2023-06-09,Citrine,Intervention Weekday,240,09:25:32,Shelf,Standing,Pause,,30,15,Inactive,225,0,False,True
602,2023-06-09,Citrine,Intervention Weekday,240,09:25:47,Shelf,Sitting,Resting,,45,30,Inactive,210,0,False,True
603,2023-06-09,Citrine,Intervention Weekday,240,09:26:02,Shelf,Sitting,Resting,,0,45,Inactive,195,0,False,True
604,2023-06-09,Citrine,Intervention Weekday,240,09:26:17,Shelf,Sitting,Resting,,15,60,Inactive,180,0,False,True
605,2023-06-09,Citrine,Intervention Weekday,240,09:26:32,Shelf,Sitting,Resting,,30,75,Inactive,165,0,False,True
606,2023-06-09,Citrine,Intervention Weekday,240,09:26:47,Shelf,Sitting,Resting,,45,90,Inactive,150,0,False,True
607,2023-06-09,Citrine,Intervention Weekday,240,09:27:02,Shelf,Sitting,Resting,,0,105,Inactive,135,0,False,True
608,2023-06-09,Citrine,Intervention Weekday,240,09:27:17,Shelf,Sitting,Resting,,15,120,Inactive,120,0,False,True
609,2023-06-09,Citrine,Intervention Weekday,240,09:27:32,Shelf,Sitting,Resting,,30,135,Inactive,105,0,False,True
610,2023-06-09,Citrine,Intervention Weekday,240,09:27:47,Shelf,Sitting,Resting,,45,150,Inactive,90,0,False,True
611,2023-06-09,Citrine,Intervention Weekday,240,09:28:02,Shelf,Sitting,Resting,,0,165,Inactive,75,0,False,True
612,2023-06-09,Citrine,Intervention Weekday,240,09:28:17,Shelf,Sitting,Resting,,15,180,Inactive,60,0,False,True
613,2023-06-09,Citrine,Intervention Weekday,240,09:28:32,Shelf,Sitting,Resting,,30,195,Inactive,45,0,False,True
614,2023-06-09,Citrine,Intervention Weekday,240,09:28:47,Shelf,Sitting,Resting,,45,210,Inactive,30,0,False,True
615,2023-06-09,Citrine,Intervention Weekday,240,09:29:02,6,Standing,Eating,,0,225,Active,15,1,False,True
616,2023-06-09,Citrine,Intervention Weekday,240,09:29:17,Feeder,Standing,Pause,,15,240,Inactive,0,0,True,True
617,2023-06-09,Citrine,Intervention Weekday,240,09:29:32,Feeder,Sitting,Grooming,,30,0,Active,240,1,True,True
618,2023-06-09,Citrine,Intervention Weekday,240,09:29:47,Feeder,Sitting,Resting,,45,15,Inactive,225,0,True,True
619,2023-06-09,Citrine,Intervention Weekday,240,09:30:02,Feeder,Sitting,Resting,,0,30,Inactive,210,0,True,True
620,2023-06-09,Citrine,Intervention Weekday,240,09:30:17,Feeder,Sitting,Resting,,15,45,Inactive,195,0,True,True
621,2023-06-09,Citrine,Intervention Weekday,240,09:30:32,Feeder,Sitting,Resting,,30,60,Inactive,180,0,True,True
622,2023-06-09,Citrine,Intervention Weekday,240,09:30:47,Feeder,Sitting,Resting,,45,75,Inactive,165,0,True,True
623,2023-06-09,Citrine,Intervention Weekday,240,09:31:02,Feeder,Sitting,Resting,,0,90,Inactive,150,0,True,True
624,2023-06-09,Citrine,Intervention Weekday,240,09:31:17,Feeder,Sitting,Resting,,15,105,Inactive,135,0,True,True
625,2023-06-09,Citrine,Intervention Weekday,240,09:31:32,Feeder,Sitting,Resting,,30,120,Inactive,120,0,True,True
626,2023-06-09,Citrine,Intervention Weekday,240,09:31:47,Feeder,Sitting,Resting,,45,135,Inactive,105,0,True,True
627,2023-06-09,Citrine,Intervention Weekday,240,09:32:02,Feeder,Sitting,Resting,,0,150,Inactive,90,0,True,True
628,2023-06-09,Citrine,Intervention Weekday,240,09:32:17,Feeder,Sitting,Resting,,15,165,Inactive,75,0,True,True
629,2023-06-09,Citrine,Intervention Weekday,240,09:32:32,Feeder,Sitting,Resting,,30,180,Inactive,60,0,True,True
630,2023-06-09,Citrine,Intervention Weekday,240,09:32:47,Feeder,Sitting,Resting,,45,195,Inactive,45,0,True,True
631,2023-06-09,Citrine,Intervention Weekday,240,09:33:02,6,Standing,Eating,,0,210,Active,30,1,False,True
632,2023-06-09,Citrine,Intervention Weekday,240,09:33:17,5,Standing,Locomotion,,15,225,Active,15,1,False,True
633,2023-06-09,Citrine,Intervention Weekday,240,09:33:32,Feeder,Standing,Pause,,30,240,Inactive,0,0,True,True
634,2023-06-09,Citrine,Intervention Weekday,240,09:33:47,Feeder,Sitting,Resting,,45,0,Inactive,240,0,True,True
635,2023-06-09,Citrine,Intervention Weekday,240,09:34:02,Feeder,Sitting,Grooming,,0,15,Active,225,1,True,True
636,2023-06-09,Citrine,Intervention Weekday,240,09:34:17,Feeder,Sitting,Resting,,15,30,Inactive,210,0,True,True
637,2023-06-09,Citrine,Intervention Weekday,240,09:34:32,Feeder,Sitting,Resting,,30,45,Inactive,195,0,True,True
638,2023-06-09,Citrine,Intervention Weekday,240,09:34:47,Feeder,Sitting,Resting,,45,60,Inactive,180,0,True,True
639,2023-06-09,Citrine,Intervention Weekday,240,09:35:02,Feeder,Sitting,Resting,,0,75,Inactive,165,0,True,True
640,2023-06-09,Citrine,Intervention Weekday,240,09:35:17,Feeder,Sitting,Resting,,15,90,Inactive,150,0,True,True
641,2023-06-09,Citrine,Intervention Weekday,240,09:35:32,Feeder,Sitting,Resting,,30,105,Inactive,135,0,True,True
642,2023-06-09,Citrine,Intervention Weekday,240,09:35:47,Feeder,Sitting,Resting,,45,120,Inactive,120,0,True,True
643,2023-06-09,Citrine,Intervention Weekday,240,09:36:02,Feeder,Sitting,Resting,,0,135,Inactive,105,0,True,True
766,2023-07-12,Citrine,Intervention Weekday,60,10:41:57,5,Standing,Eating,,0,0,Active,60,1,False,True
767,2023-07-12,Citrine,Intervention Weekday,60,10:42:12,Fence,Standing,Locomotion,,15,15,Active,45,1,False,True
768,2023-07-12,Citrine,Intervention Weekday,60,10:42:27,6,Standing,Locomotion,,30,30,Active,30,1,False,True
769,2023-07-12,Citrine,Intervention Weekday,60,10:42:42,2,Standing,Locomotion,,45,45,Active,15,1,False,True
770,2023-07-12,Citrine,Intervention Weekday,60,10:42:57,6,Standing,Eating,,0,60,Active,0,1,False,True
771,2023-07-12,Citrine,Intervention Weekday,60,10:43:12,Feeder,Standing,Pause,,15,0,Inactive,60,0,True,True
772,2023-07-12,Citrine,Intervention Weekday,60,10:43:27,Shelf,Sitting,Resting,,30,15,Inactive,45,0,False,True
773,2023-07-12,Citrine,Intervention Weekday,60,10:43:42,Shelf,Sitting,Resting,,45,30,Inactive,30,0,False,True
774,2023-07-12,Citrine,Intervention Weekday,60,10:43:57,5,Standing,Eating,,0,45,Active,15,1,False,True
775,2023-07-12,Citrine,Intervention Weekday,60,10:44:12,5,Rearing,Locomotion,,15,60,Active,0,1,False,True
776,2023-07-12,Citrine,Intervention Weekday,60,10:44:27,Feeder,Sitting,Resting,,30,0,Inactive,60,0,True,True
777,2023-07-12,Citrine,Intervention Weekday,60,10:44:42,Fence,Standing,Locomotion,,45,15,Active,45,1,False,True
778,2023-07-12,Citrine,Intervention Weekday,60,10:44:57,5,Standing,Eating,,0,30,Active,30,1,False,True
779,2023-07-12,Citrine,Intervention Weekday,60,10:45:12,Feeder,Standing,Locomotion,,15,45,Active,15,1,True,True
780,2023-07-12,Citrine,Intervention Weekday,60,10:45:27,Shelf,Sitting,Resting,,30,60,Inactive,0,0,False,True
781,2023-07-12,Citrine,Intervention Weekday,60,10:45:42,Shelf,Sitting,Resting,,45,0,Inactive,60,0,False,True
782,2023-07-12,Citrine,Intervention Weekday,60,10:45:57,6,Standing,Eating,,0,15,Active,45,1,False,True
783,2023-07-12,Citrine,Intervention Weekday,60,10:46:12,6,Standing,Eating,,15,30,Active,30,1,False,True
784,2023-07-12,Citrine,Intervention Weekday,60,10:46:27,4,Standing,Locomotion,,30,45,Active,15,1,False,True
785,2023-07-12,Citrine,Intervention Weekday,60,10:46:42,Fence,Standing,Locomotion,,45,60,Active,0,1,False,True
786,2023-07-12,Citrine,Intervention Weekday,60,10:46:57,Shelf,Sitting,Resting,,0,0,Inactive,60,0,False,True
787,2023-07-12,Citrine,Intervention Weekday,60,10:47:12,6,Standing,Eating,,15,15,Active,45,1,False,True
788,2023-07-12,Citrine,Intervention Weekday,60,10:47:27,Feeder,Standing,Pause,,30,30,Inactive,30,0,True,True
789,2023-07-12,Citrine,Intervention Weekday,60,10:47:42,Feeder,Standing,Pause,,45,45,Inactive,15,0,True,True
790,2023-07-12,Citrine,Intervention Weekday,60,10:47:57,Feeder,Sitting,Resting,,0,60,Inactive,0,0,True,True
791,2023-07-12,Citrine,Intervention Weekday,60,10:48:12,6,Standing,Eating,,15,0,Active,60,1,False,True
792,2023-07-12,Citrine,Intervention Weekday,60,10:48:27,Feeder,Sitting,Resting,,30,15,Inactive,45,0,True,True
793,2023-07-12,Citrine,Intervention Weekday,60,10:48:42,Feeder,Sitting,Resting,,45,30,Inactive,30,0,True,True
794,2023-07-12,Citrine,Intervention Weekday,60,10:48:57,Feeder,Sitting,Resting,,0,45,Inactive,15,0,True,True
795,2023-07-12,Citrine,Intervention Weekday,60,10:49:12,6,Standing,Eating,,15,60,Active,0,1,False,True
796,2023-07-12,Citrine,Intervention Weekday,60,10:49:27,Shelf,Sitting,Resting,,30,0,Inactive,60,0,False,True
797,2023-07-12,Citrine,Intervention Weekday,60,10:49:42,Shelf,Sitting,Resting,,45,15,Inactive,45,0,False,True
798,2023-07-12,Citrine,Intervention Weekday,60,10:49:57,Shelf,Sitting,Resting,,0,30,Inactive,30,0,False,True
799,2023-07-12,Citrine,Intervention Weekday,60,10:50:12,6,Standing,Pause,,15,45,Inactive,15,0,False,True
800,2023-07-12,Citrine,Intervention Weekday,60,10:50:27,Shelf,Sitting,Resting,,30,60,Inactive,0,0,False,True
801,2023-07-12,Citrine,Intervention Weekday,60,10:50:42,Shelf,Sitting,Resting,,45,0,Inactive,60,0,False,True
802,2023-07-12,Citrine,Intervention Weekday,60,10:50:57,Shelf,Sitting,Grooming,,0,15,Active,45,1,False,True
803,2023-07-12,Citrine,Intervention Weekday,60,10:51:12,6,Standing,Eating,,15,30,Active,30,1,False,True
804,2023-07-12,Citrine,Intervention Weekday,60,10:51:27,4,Standing,Locomotion,,30,45,Active,15,1,False,True
805,2023-07-12,Citrine,Intervention Weekday,60,10:51:42,Shelf,Sitting,Resting,,45,60,Inactive,0,0,False,True
806,2023-07-12,Citrine,Intervention Weekday,60,10:51:57,Shelf,Sitting,Resting,,0,0,Inactive,60,0,False,True
807,2023-07-12,Citrine,Intervention Weekday,60,10:52:12,Shelf,Sitting,Resting,,15,15,Inactive,45,0,False,True
808,2023-07-12,Citrine,Intervention Weekday,60,10:52:27,5,Standing,Eating,,30,30,Active,30,1,False,True
809,2023-07-12,Citrine,Intervention Weekday,60,10:52:42,Feeder,Sitting,Resting,,45,45,Inactive,15,0,True,True
810,2023-07-12,Citrine,Intervention Weekday,60,10:52:57,Feeder,Sitting,Resting,,0,60,Inactive,0,0,True,True
811,2023-07-12,Citrine,Intervention Weekday,60,10:53:12,1,Standing,Locomotion,,15,0,Active,60,1,False,True
812,2023-07-12,Citrine,Intervention Weekday,60,10:53:27,5,Standing,Eating,,30,15,Active,45,1,False,True
813,2023-07-12,Citrine,Intervention Weekday,60,10:53:42,Shelf,Sitting,Resting,,45,30,Inactive,30,0,False,True
814,2023-07-12,Citrine,Intervention Weekday,60,10:53:57,Shelf,Sitting,Resting,,0,45,Inactive,15,0,False,True
815,2023-07-12,Citrine,Intervention Weekday,60,10:54:12,Shelf,Sitting,Resting,,15,60,Inactive,0,0,False,True
816,2023-07-12,Citrine,Intervention Weekday,60,10:54:27,5,Rearing,Locomotion,,30,0,Active,60,1,False,True
817,2023-07-12,Citrine,Intervention Weekday,60,10:54:42,Feeder,Standing,Pause,,45,15,Inactive,45,0,True,True
818,2023-07-12,Citrine,Intervention Weekday,60,10:54:57,Feeder,Sitting,Resting,,0,30,Inactive,30,0,True,True
819,2023-07-12,Citrine,Intervention Weekday,60,10:55:12,Feeder,Sitting,Resting,,15,45,Inactive,15,0,True,True
820,2023-07-12,Citrine,Intervention Weekday,60,10:55:27,6,Standing,Eating,,30,60,Active,0,1,False,True
821,2023-07-12,Citrine,Intervention Weekday,60,10:55:42,Feeder,Standing,Locomotion,,45,0,Active,60,1,True,True
822,2023-07-12,Citrine,Intervention Weekday,60,10:55:57,Feeder,Sitting,Resting,,0,15,Inactive,45,0,True,True
823,2023-07-12,Citrine,Intervention Weekday,60,10:56:12,Feeder,Sitting,Resting,,15,30,Inactive,30,0,True,True
824,2023-07-12,Citrine,Intervention Weekday,60,10:56:27,6,Standing,Eating,,30,45,Active,15,1,False,True
825,2023-07-12,Citrine,Intervention Weekday,60,10:56:42,Shelf,Sitting,Resting,,45,60,Inactive,0,0,False,True
826,2023-07-12,Citrine,Intervention Weekday,60,10:56:57,Shelf,Sitting,Resting,,0,0,Inactive,60,0,False,True
888,2023-06-12,Elia,Intervention_weekday,120,09:11:02,5,Sitting,Resting,,0,0,Inactive,120,0,False,True
889,2023-06-12,Elia,Intervention_weekday,120,09:11:17,5,Sitting,Resting,,15,15,Inactive,105,0,False,True
890,2023-06-12,Elia,Intervention_weekday,120,09:11:32,5,Sitting,Resting,,30,30,Inactive,90,0,False,True
891,2023-06-12,Elia,Intervention_weekday,120,09:11:47,5,Sitting,Resting,,45,45,Inactive,75,0,False,True
892,2023-06-12,Elia,Intervention_weekday,120,09:12:02,5,Sitting,Resting,,0,60,Inactive,60,0,False,True
893,2023-06-12,Elia,Intervention_weekday,120,09:12:17,5,Sitting,Resting,,15,75,Inactive,45,0,False,True
894,2023-06-12,Elia,Intervention_weekday,120,09:12:32,5,Sitting,Resting,,30,90,Inactive,30,0,False,True
895,2023-06-12,Elia,Intervention_weekday,120,09:12:47,5,Sitting,Resting,,45,105,Inactive,15,0,False,True
896,2023-06-12,Elia,Intervention_weekday,120,09:13:02,6,Sitting,Drinking,,0,120,Active,0,1,False,True
897,2023-06-12,Elia,Intervention_weekday,120,09:13:17,6,Sitting,Drinking,,15,0,Active,120,1,False,True
898,2023-06-12,Elia,Intervention_weekday,120,09:13:32,6,Sitting,Grooming,,30,15,Active,105,1,False,True
899,2023-06-12,Elia,Intervention_weekday,120,09:13:47,6,Sitting,Grooming,,45,30,Active,90,1,False,True
900,2023-06-12,Elia,Intervention_weekday,120,09:14:02,6,Sitting,Resting,,0,45,Inactive,75,0,False,True
901,2023-06-12,Elia,Intervention_weekday,120,09:14:17,6,Sitting,Resting,,15,60,Inactive,60,0,False,True
902,2023-06-12,Elia,Intervention_weekday,120,09:14:32,6,Sitting,Resting,,30,75,Inactive,45,0,False,True
903,2023-06-12,Elia,Intervention_weekday,120,09:14:47,6,Sitting,Resting,,45,90,Inactive,30,0,False,True
904,2023-06-12,Elia,Intervention_weekday,120,09:15:02,6,Sitting,Resting,,0,105,Inactive,15,0,False,True
905,2023-06-12,Elia,Intervention_weekday,120,09:15:17,6,Sitting,Resting,,15,120,Inactive,0,0,False,True
906,2023-06-12,Elia,Intervention_weekday,120,09:15:32,6,Sitting,Resting,,30,0,Inactive,120,0,False,True
907,2023-06-12,Elia,Intervention_weekday,120,09:15:47,6,Sitting,Resting,,45,15,Inactive,105,0,False,True
908,2023-06-12,Elia,Intervention_weekday,120,09:16:02,6,Sitting,Resting,,0,30,Inactive,90,0,False,True
909,2023-06-12,Elia,Intervention_weekday,120,09:16:17,6,Sitting,Resting,,15,45,Inactive,75,0,False,True
910,2023-06-12,Elia,Intervention_weekday,120,09:16:32,6,Sitting,Resting,,30,60,Inactive,60,0,False,True
911,2023-06-12,Elia,Intervention_weekday,120,09:16:47,6,Sitting,Resting,,45,75,Inactive,45,0,False,True
912,2023-06-12,Elia,Intervention_weekday,120,09:17:02,6,Sitting,Resting,,0,90,Inactive,30,0,False,True
913,2023-06-12,Elia,Intervention_weekday,120,09:17:17,6,Sitting,Resting,,15,105,Inactive,15,0,False,True
914,2023-06-12,Elia,Intervention_weekday,120,09:17:32,6,Sitting,Resting,,30,120,Inactive,0,0,False,True
915,2023-06-12,Elia,Intervention_weekday,120,09:17:47,6,Sitting,Resting,,45,0,Inactive,120,0,False,True
916,2023-06-12,Elia,Intervention_weekday,120,09:18:02,6,Sitting,Resting,,0,15,Inactive,105,0,False,True
917,2023-06-12,Elia,Intervention_weekday,120,09:18:17,6,Sitting,Resting,,15,30,Inactive,90,0,False,True
918,2023-06-12,Elia,Intervention_weekday,120,09:18:32,6,Sitting,Resting,,30,45,Inactive,75,0,False,True
919,2023-06-12,Elia,Intervention_weekday,120,09:18:47,6,Sitting,Resting,,45,60,Inactive,60,0,False,True
920,2023-06-12,Elia,Intervention_weekday,120,09:19:02,6,Sitting,Resting,,0,75,Inactive,45,0,False,True
921,2023-06-12,Elia,Intervention_weekday,120,09:19:17,6,Sitting,Resting,,15,90,Inactive,30,0,False,True
922,2023-06-12,Elia,Intervention_weekday,120,09:19:32,6,Sitting,Resting,,30,105,Inactive,15,0,False,True
923,2023-06-12,Elia,Intervention_weekday,120,09:19:47,6,Lying Down,Resting,,45,120,Inactive,0,0,False,True
924,2023-06-12,Elia,Intervention_weekday,120,09:20:02,6,Lying Down,Resting,,0,0,Inactive,120,0,False,True
925,2023-06-12,Elia,Intervention_weekday,120,09:20:17,6,Lying Down,Resting,,15,15,Inactive,105,0,False,True
926,2023-06-12,Elia,Intervention_weekday,120,09:20:32,6,Lying Down,Resting,,30,30,Inactive,90,0,False,True
927,2023-06-12,Elia,Intervention_weekday,120,09:20:47,6,Lying Down,Resting,,45,45,Inactive,75,0,False,True
928,2023-06-12,Elia,Intervention_weekday,120,09:21:02,6,Lying Down,Resting,,0,60,Inactive,60,0,False,True
929,2023-06-12,Elia,Intervention_weekday,120,09:21:17,6,Lying Down,Resting,,15,75,Inactive,45,0,False,True
930,2023-06-12,Elia,Intervention_weekday,120,09:21:32,6,Lying Down,Resting,,30,90,Inactive,30,0,False,True
931,2023-06-12,Elia,Intervention_weekday,120,09:21:47,6,Lying Down,Resting,,45,105,Inactive,15,0,False,True
932,2023-06-12,Elia,Intervention_weekday,120,09:22:02,6,Lying Down,Resting,,0,120,Inactive,0,0,False,True
933,2023-06-12,Elia,Intervention_weekday,120,09:22:17,6,Lying Down,Resting,,15,0,Inactive,120,0,False,True
934,2023-06-12,Elia,Intervention_weekday,120,09:22:32,6,Lying Down,Resting,,30,15,Inactive,105,0,False,True
935,2023-06-12,Elia,Intervention_weekday,120,09:22:47,6,Lying Down,Resting,,45,30,Inactive,90,0,False,True
936,2023-06-12,Elia,Intervention_weekday,120,09:23:02,6,Lying Down,Resting,,0,45,Inactive,75,0,False,True
937,2023-06-12,Elia,Intervention_weekday,120,09:23:17,6,Lying Down,Resting,,15,60,Inactive,60,0,False,True
938,2023-06-12,Elia,Intervention_weekday,120,09:23:32,6,Lying Down,Resting,,30,75,Inactive,45,0,False,True
939,2023-06-12,Elia,Intervention_weekday,120,09:23:47,6,Lying Down,Resting,,45,90,Inactive,30,0,False,True
940,2023-06-12,Elia,Intervention_weekday,120,09:24:02,6,Lying Down,Resting,,0,105,Inactive,15,0,False,True
941,2023-06-12,Elia,Intervention_weekday,120,09:24:17,6,Lying Down,Resting,,15,120,Inactive,0,0,False,True
942,2023-06-12,Elia,Intervention_weekday,120,09:24:32,6,Lying Down,Resting,,30,0,Inactive,120,0,False,True
943,2023-06-12,Elia,Intervention_weekday,120,09:24:47,6,Lying Down,Resting,,45,15,Inactive,105,0,False,True
944,2023-06-12,Elia,Intervention_weekday,120,09:25:02,2,Standing,Locomotion,,0,30,Active,90,1,False,True
945,2023-06-12,Elia,Intervention_weekday,120,09:25:17,1,Sitting,Resting,,15,45,Inactive,75,0,False,True
946,2023-06-12,Elia,Intervention_weekday,120,09:25:32,6,Standing,Locomotion,,30,60,Active,60,1,False,True
947,2023-06-12,Elia,Intervention_weekday,120,09:25:47,6,Sitting,Resting,,45,75,Inactive,45,0,False,True
948,2023-06-12,Elia,Intervention_weekday,120,09:26:02,6,Sitting,Drinking,,0,90,Active,30,1,False,True
949,2023-06-01,Elia,Intervention_weekday,60,09:58:19,5,Sitting,Eating,,0,0,Active,60,1,False,True
950,2023-06-01,Elia,Intervention_weekday,60,09:58:34,5,Sitting,Grooming,,15,15,Active,45,1,False,True
951,2023-06-01,Elia,Intervention_weekday,60,09:58:49,5,Sitting,Resting,,30,30,Inactive,30,0,False,True
952,2023-06-01,Elia,Intervention_weekday,60,09:59:04,5,Sitting,Resting,,45,45,Inactive,15,0,False,True
953,2023-06-01,Elia,Intervention_weekday,60,09:59:19,6,Sitting,Drinking,,0,60,Active,0,1,False,True
954,2023-06-01,Elia,Intervention_weekday,60,09:59:34,1,Standing,Locomotion,,15,0,Active,60,1,False,True
955,2023-06-01,Elia,Intervention_weekday,60,09:59:49,5,Sitting,Resting,,30,15,Inactive,45,0,False,True
956,2023-06-01,Elia,Intervention_weekday,60,10:00:04,6,Sitting,Drinking,,45,30,Active,30,1,False,True
957,2023-06-01,Elia,Intervention_weekday,60,10:00:19,6,Sitting,Drinking,,0,45,Active,15,1,False,True
958,2023-06-01,Elia,Intervention_weekday,60,10:00:34,6,Sitting,Drinking,,15,60,Active,0,1,False,True
959,2023-06-01,Elia,Intervention_weekday,60,10:00:49,5,Sitting,Eating,,30,0,Active,60,1,False,True
960,2023-06-01,Elia,Intervention_weekday,60,10:01:04,5,Sitting,Resting,,45,15,Inactive,45,0,False,True
961,2023-06-01,Elia,Intervention_weekday,60,10:01:19,5,Sitting,Resting,,0,30,Inactive,30,0,False,True
962,2023-06-01,Elia,Intervention_weekday,60,10:01:34,5,Sitting,Resting,,15,45,Inactive,15,0,False,True
963,2023-06-01,Elia,Intervention_weekday,60,10:01:49,5,Sitting,Resting,,30,60,Inactive,0,0,False,True
964,2023-06-01,Elia,Intervention_weekday,60,10:02:04,5,Sitting,Resting,,45,0,Inactive,60,0,False,True
965,2023-06-01,Elia,Intervention_weekday,60,10:02:19,5,Sitting,Resting,,0,15,Inactive,45,0,False,True
966,2023-06-01,Elia,Intervention_weekday,60,10:02:34,5,Sitting,Resting,,15,30,Inactive,30,0,False,True
967,2023-06-01,Elia,Intervention_weekday,60,10:02:49,5,Sitting,Resting,,30,45,Inactive,15,0,False,True
968,2023-06-01,Elia,Intervention_weekday,60,10:03:04,5,Sitting,Resting,,45,60,Inactive,0,0,False,True
969,2023-06-01,Elia,Intervention_weekday,60,10:03:19,5,Standing,Pause,,0,0,Inactive,60,0,False,True
970,2023-06-01,Elia,Intervention_weekday,60,10:03:34,5,Sitting,Grooming,,15,15,Active,45,1,False,True
971,2023-06-01,Elia,Intervention_weekday,60,10:03:49,5,Sitting,Resting,,30,30,Inactive,30,0,False,True
972,2023-06-01,Elia,Intervention_weekday,60,10:04:04,5,Sitting,Resting,,45,45,Inactive,15,0,False,True
973,2023-06-01,Elia,Intervention_weekday,60,10:04:19,5,Sitting,Resting,,0,60,Inactive,0,0,False,True
974,2023-06-01,Elia,Intervention_weekday,60,10:04:34,5,Sitting,Resting,,15,0,Inactive,60,0,False,True
975,2023-06-01,Elia,Intervention_weekday,60,10:04:49,5,Sitting,Resting,,30,15,Inactive,45,0,False,True
976,2023-06-01,Elia,Intervention_weekday,60,10:05:04,5,Sitting,Resting,,45,30,Inactive,30,0,False,True
977,2023-06-01,Elia,Intervention_weekday,60,10:05:19,5,Sitting,Resting,,0,45,Inactive,15,0,False,True
978,2023-06-01,Elia,Intervention_weekday,60,10:05:34,5,Sitting,Resting,,15,60,Inactive,0,0,False,True
979,2023-06-01,Elia,Intervention_weekday,60,10:05:49,5,Sitting,Resting,,30,0,Inactive,60,0,False,True
980,2023-06-01,Elia,Intervention_weekday,60,10:06:04,5,Sitting,Resting,,45,15,Inactive,45,0,False,True
981,2023-06-01,Elia,Intervention_weekday,60,10:06:19,5,Standing,Pause,,0,30,Inactive,30,0,False,True
982,2023-06-01,Elia,Intervention_weekday,60,10:06:34,5,Sitting,Grooming,,15,45,Active,15,1,False,True
983,2023-06-01,Elia,Intervention_weekday,60,10:06:49,5,Sitting,Resting,,30,60,Inactive,0,0,False,True
984,2023-06-01,Elia,Intervention_weekday,60,10:07:04,5,Sitting,Resting,,45,0,Inactive,60,0,False,True
985,2023-06-01,Elia,Intervention_weekday,60,10:07:19,5,Sitting,Resting,,0,15,Inactive,45,0,False,True
986,2023-06-01,Elia,Intervention_weekday,60,10:07:34,5,Sitting,Resting,,15,30,Inactive,30,0,False,True
987,2023-06-01,Elia,Intervention_weekday,60,10:07:49,5,Sitting,Resting,,30,45,Inactive,15,0,False,True
988,2023-06-01,Elia,Intervention_weekday,60,10:08:04,5,Sitting,Resting,,45,60,Inactive,0,0,False,True
989,2023-06-01,Elia,Intervention_weekday,60,10:08:19,5,Sitting,Resting,,0,0,Inactive,60,0,False,True
990,2023-06-01,Elia,Intervention_weekday,60,10:08:34,5,Sitting,Resting,,15,15,Inactive,45,0,False,True
991,2023-06-01,Elia,Intervention_weekday,60,10:08:49,5,Sitting,Resting,,30,30,Inactive,30,0,False,True
992,2023-06-01,Elia,Intervention_weekday,60,10:09:04,5,Sitting,Resting,,45,45,Inactive,15,0,False,True
993,2023-06-01,Elia,Intervention_weekday,60,10:09:19,5,Sitting,Resting,,0,60,Inactive,0,0,False,True
994,2023-06-01,Elia,Intervention_weekday,60,10:09:34,5,Sitting,Resting,,15,0,Inactive,60,0,False,True
995,2023-06-01,Elia,Intervention_weekday,60,10:09:49,5,Sitting,Resting,,30,15,Inactive,45,0,False,True
996,2023-06-01,Elia,Intervention_weekday,60,10:10:04,5,Sitting,Resting,,45,30,Inactive,30,0,False,True
997,2023-06-01,Elia,Intervention_weekday,60,10:10:19,5,Standing,Pause,,0,45,Inactive,15,0,False,True
998,2023-06-01,Elia,Intervention_weekday,60,10:10:34,5,Sitting,Resting,,15,60,Inactive,0,0,False,True
999,2023-06-01,Elia,Intervention_weekday,60,10:10:49,5,Sitting,Resting,,30,0,Inactive,60,0,False,True
1000,2023-06-01,Elia,Intervention_weekday,60,10:11:04,5,Sitting,Resting,,45,15,Inactive,45,0,False,True
1001,2023-06-01,Elia,Intervention_weekday,60,10:11:19,5,Sitting,Resting,,0,30,Inactive,30,0,False,True
1002,2023-06-01,Elia,Intervention_weekday,60,10:11:34,5,Sitting,Resting,,15,45,Inactive,15,0,False,True
1003,2023-06-01,Elia,Intervention_weekday,60,10:11:49,5,Sitting,Resting,,30,60,Inactive,0,0,False,True
1004,2023-06-01,Elia,Intervention_weekday,60,10:12:04,5,Sitting,Resting,,45,0,Inactive,60,0,False,True
1005,2023-06-01,Elia,Intervention_weekday,60,10:12:19,5,Sitting,Resting,,0,15,Inactive,45,0,False,True
1006,2023-06-01,Elia,Intervention_weekday,60,10:12:34,5,Sitting,Resting,,15,30,Inactive,30,0,False,True
1007,2023-06-01,Elia,Intervention_weekday,60,10:12:49,5,Sitting,Resting,,30,45,Inactive,15,0,False,True
1008,2023-06-01,Elia,Intervention_weekday,60,10:13:04,5,Sitting,Resting,,45,60,Inactive,0,0,False,True
1009,2023-06-01,Elia,Intervention_weekday,60,10:13:19,5,Sitting,Resting,,0,0,Inactive,60,0,False,True
1010,2023-06-02,Elia,Intervention_weekday,60,09:59:43,5,Sitting,Pause,,0,0,Inactive,60,0,False,True
1011,2023-06-02,Elia,Intervention_weekday,60,09:59:58,5,Sitting,Resting,,15,15,Inactive,45,0,False,True
1012,2023-06-02,Elia,Intervention_weekday,60,10:00:13,3,Standing,Locomotion,,30,30,Active,30,1,False,True
1013,2023-06-02,Elia,Intervention_weekday,60,10:00:28,5,Standing,Eating,,45,45,Active,15,1,False,True
1014,2023-06-02,Elia,Intervention_weekday,60,10:00:43,5,Standing,Eating,,0,60,Active,0,1,False,True
1015,2023-06-02,Elia,Intervention_weekday,60,10:00:58,3,Sitting,Pause,,15,0,Inactive,60,0,False,True
1016,2023-06-02,Elia,Intervention_weekday,60,10:01:13,3,Standing,Locomotion,,30,15,Active,45,1,False,True
1017,2023-06-02,Elia,Intervention_weekday,60,10:01:28,5,Standing,Eating,,45,30,Active,30,1,False,True
1018,2023-06-02,Elia,Intervention_weekday,60,10:01:43,5,Sitting,Grooming,,0,45,Active,15,1,False,True
1019,2023-06-02,Elia,Intervention_weekday,60,10:01:58,3,Sitting,Resting,,15,60,Inactive,0,0,False,True
1020,2023-06-02,Elia,Intervention_weekday,60,10:02:13,3,Sitting,Resting,,30,0,Inactive,60,0,False,True
1021,2023-06-02,Elia,Intervention_weekday,60,10:02:28,5,Sitting,Eating,,45,15,Active,45,1,False,True
1022,2023-06-02,Elia,Intervention_weekday,60,10:02:43,5,Sitting,Resting,,0,30,Inactive,30,0,False,True
1023,2023-06-02,Elia,Intervention_weekday,60,10:02:58,5,Sitting,Resting,,15,45,Inactive,15,0,False,True
1024,2023-06-02,Elia,Intervention_weekday,60,10:03:13,5,Sitting,Resting,,30,60,Inactive,0,0,False,True
1025,2023-06-02,Elia,Intervention_weekday,60,10:03:28,5,Sitting,Eating,,45,0,Active,60,1,False,True
1026,2023-06-02,Elia,Intervention_weekday,60,10:03:43,5,Sitting,Eating,,0,15,Active,45,1,False,True
1027,2023-06-02,Elia,Intervention_weekday,60,10:03:58,5,Sitting,Resting,,15,30,Inactive,30,0,False,True
1028,2023-06-02,Elia,Intervention_weekday,60,10:04:13,5,Sitting,Resting,,30,45,Inactive,15,0,False,True
1029,2023-06-02,Elia,Intervention_weekday,60,10:04:28,5,Sitting,Manipulating Object,Feeder,45,60,Active,0,1,False,True
1030,2023-06-02,Elia,Intervention_weekday,60,10:04:43,5,Sitting,Resting,,0,0,Inactive,60,0,False,True
1031,2023-06-02,Elia,Intervention_weekday,60,10:04:58,5,Sitting,Resting,,15,15,Inactive,45,0,False,True
1032,2023-06-02,Elia,Intervention_weekday,60,10:05:13,5,Sitting,Resting,,30,30,Inactive,30,0,False,True
1033,2023-06-02,Elia,Intervention_weekday,60,10:05:28,5,Sitting,Manipulating Object,Feeder,45,45,Active,15,1,False,True
1034,2023-06-02,Elia,Intervention_weekday,60,10:05:43,5,Sitting,Pause,,0,60,Inactive,0,0,False,True
1035,2023-06-02,Elia,Intervention_weekday,60,10:05:58,5,Sitting,Manipulating Object,Feeder,15,0,Active,60,1,False,True
1036,2023-06-02,Elia,Intervention_weekday,60,10:06:13,5,Sitting,Resting,,30,15,Inactive,45,0,False,True
1037,2023-06-02,Elia,Intervention_weekday,60,10:06:28,6,Standing,Drinking,,45,30,Active,30,1,False,True
1038,2023-06-02,Elia,Intervention_weekday,60,10:06:43,5,Sitting,Eating,,0,45,Active,15,1,False,True
1039,2023-06-02,Elia,Intervention_weekday,60,10:06:58,3,Standing,Locomotion,,15,60,Active,0,1,False,True
1040,2023-06-02,Elia,Intervention_weekday,60,10:07:13,3,Sitting,Resting,,30,0,Inactive,60,0,False,True
1041,2023-06-02,Elia,Intervention_weekday,60,10:07:28,5,Standing,Locomotion,,45,15,Active,45,1,False,True
1042,2023-06-02,Elia,Intervention_weekday,60,10:07:43,5,Sitting,Eating,,0,30,Active,30,1,False,True
1043,2023-06-02,Elia,Intervention_weekday,60,10:07:58,5,Sitting,Resting,,15,45,Inactive,15,0,False,True
1044,2023-06-02,Elia,Intervention_weekday,60,10:08:13,5,Sitting,Resting,,30,60,Inactive,0,0,False,True
1045,2023-06-02,Elia,Intervention_weekday,60,10:08:28,5,Sitting,Manipulating Object,Feeder,45,0,Active,60,1,False,True
1046,2023-06-02,Elia,Intervention_weekday,60,10:08:43,5,Sitting,Eating,,0,15,Active,45,1,False,True
1047,2023-06-02,Elia,Intervention_weekday,60,10:08:58,5,Sitting,Resting,,15,30,Inactive,30,0,False,True
1048,2023-06-02,Elia,Intervention_weekday,60,10:09:13,5,Sitting,Resting,,30,45,Inactive,15,0,False,True
1049,2023-06-02,Elia,Intervention_weekday,60,10:09:28,5,Sitting,Resting,,45,60,Inactive,0,0,False,True
1050,2023-06-02,Elia,Intervention_weekday,60,10:09:43,5,Sitting,Eating,,0,0,Active,60,1,False,True
1051,2023-06-02,Elia,Intervention_weekday,60,10:09:58,5,Sitting,Eating,,15,15,Active,45,1,False,True
1052,2023-06-02,Elia,Intervention_weekday,60,10:10:13,5,Sitting,Resting,,30,30,Inactive,30,0,False,True
1053,2023-06-02,Elia,Intervention_weekday,60,10:10:28,5,Sitting,Resting,,45,45,Inactive,15,0,False,True
1054,2023-06-02,Elia,Intervention_weekday,60,10:10:43,5,Sitting,Eating,,0,60,Active,0,1,False,True
1055,2023-06-02,Elia,Intervention_weekday,60,10:10:58,5,Sitting,Resting,,15,0,Inactive,60,0,False,True
1056,2023-06-02,Elia,Intervention_weekday,60,10:11:13,5,Sitting,Resting,,30,15,Inactive,45,0,False,True
1057,2023-06-02,Elia,Intervention_weekday,60,10:11:28,5,Sitting,Resting,,45,30,Inactive,30,0,False,True
1058,2023-06-02,Elia,Intervention_weekday,60,10:11:43,5,Sitting,Eating,,0,45,Active,15,1,False,True
1059,2023-06-02,Elia,Intervention_weekday,60,10:11:58,5,Sitting,Resting,,15,60,Inactive,0,0,False,True
1060,2023-06-02,Elia,Intervention_weekday,60,10:12:13,5,Sitting,Resting,,30,0,Inactive,60,0,False,True
1061,2023-06-02,Elia,Intervention_weekday,60,10:12:28,5,Sitting,Resting,,45,15,Inactive,45,0,False,True
1062,2023-06-02,Elia,Intervention_weekday,60,10:12:43,5,Sitting,Eating,,0,30,Active,30,1,False,True
1063,2023-06-02,Elia,Intervention_weekday,60,10:12:58,5,Sitting,Resting,,15,45,Inactive,15,0,False,True
1064,2023-06-02,Elia,Intervention_weekday,60,10:13:13,5,Sitting,Resting,,30,60,Inactive,0,0,False,True
1065,2023-06-02,Elia,Intervention_weekday,60,10:13:28,5,Sitting,Resting,,45,0,Inactive,60,0,False,True
1066,2023-06-02,Elia,Intervention_weekday,60,10:13:43,5,Sitting,Eating,,0,15,Active,45,1,False,True
1067,2023-06-02,Elia,Intervention_weekday,60,10:13:58,5,Sitting,Resting,,15,30,Inactive,30,0,False,True
1068,2023-06-02,Elia,Intervention_weekday,60,10:14:13,3,Standing,Locomotion,,30,45,Active,15,1,False,True
1069,2023-06-02,Elia,Intervention_weekday,60,10:14:28,3,Sitting,Resting,,45,60,Inactive,0,0,False,True
1070,2023-06-02,Elia,Intervention_weekday,60,10:14:43,5,Sitting,Resting,,0,0,Inactive,60,0,False,True
1071,2023-06-30,Elia,Intervention_weekday,180,08:46:00,5,Sitting,Resting,,0,0,Inactive,180,0,False,True
1072,2023-06-30,Elia,Intervention_weekday,180,08:46:15,5,Sitting,Resting,,15,15,Inactive,165,0,False,True
1073,2023-06-30,Elia,Intervention_weekday,180,08:46:30,5,Sitting,Resting,,30,30,Inactive,150,0,False,True
1074,2023-06-30,Elia,Intervention_weekday,180,08:46:45,5,Sitting,Resting,,45,45,Inactive,135,0,False,True
1075,2023-06-30,Elia,Intervention_weekday,180,08:47:00,5,Sitting,Resting,,0,60,Inactive,120,0,False,True
1076,2023-06-30,Elia,Intervention_weekday,180,08:47:15,5,Sitting,Resting,,15,75,Inactive,105,0,False,True
1077,2023-06-30,Elia,Intervention_weekday,180,08:47:30,5,Sitting,Resting,,30,90,Inactive,90,0,False,True
1078,2023-06-30,Elia,Intervention_weekday,180,08:47:45,5,Sitting,Resting,,45,105,Inactive,75,0,False,True
1079,2023-06-30,Elia,Intervention_weekday,180,08:48:00,5,Sitting,Resting,,0,120,Inactive,60,0,False,True
1080,2023-06-30,Elia,Intervention_weekday,180,08:48:15,5,Sitting,Resting,,15,135,Inactive,45,0,False,True
1081,2023-06-30,Elia,Intervention_weekday,180,08:48:30,5,Sitting,Resting,,30,150,Inactive,30,0,False,True
1082,2023-06-30,Elia,Intervention_weekday,180,08:48:45,5,Standing,Eating,,45,165,Active,15,1,False,True
1083,2023-06-30,Elia,Intervention_weekday,180,08:49:00,5,Sitting,Resting,,0,180,Inactive,0,0,False,True
1084,2023-06-30,Elia,Intervention_weekday,180,08:49:15,6,Sitting,Drinking,,15,0,Active,180,1,False,True
1085,2023-06-30,Elia,Intervention_weekday,180,08:49:30,Fence,Other,Locomotion,Fencing,30,15,Active,165,1,False,True
1086,2023-06-30,Elia,Intervention_weekday,180,08:49:45,3,Standing,Locomotion,,45,30,Active,150,1,False,True
1087,2023-06-30,Elia,Intervention_weekday,180,08:50:00,5,Standing,Pause,,0,45,Inactive,135,0,False,True
1088,2023-06-30,Elia,Intervention_weekday,180,08:50:15,5,Sitting,Resting,,15,60,Inactive,120,0,False,True
1089,2023-06-30,Elia,Intervention_weekday,180,08:50:30,5,Sitting,Resting,,30,75,Inactive,105,0,False,True
1090,2023-06-30,Elia,Intervention_weekday,180,08:50:45,5,Sitting,Resting,,45,90,Inactive,90,0,False,True
1091,2023-06-30,Elia,Intervention_weekday,180,08:51:00,5,Sitting,Resting,,0,105,Inactive,75,0,False,True
1092,2023-06-30,Elia,Intervention_weekday,180,08:51:15,5,Sitting,Resting,,15,120,Inactive,60,0,False,True
1093,2023-06-30,Elia,Intervention_weekday,180,08:51:30,5,Sitting,Resting,,30,135,Inactive,45,0,False,True
1094,2023-06-30,Elia,Intervention_weekday,180,08:51:45,5,Sitting,Grooming,,45,150,Active,30,1,False,True
1095,2023-06-30,Elia,Intervention_weekday,180,08:52:00,5,Sitting,Resting,,0,165,Inactive,15,0,False,True
1096,2023-06-30,Elia,Intervention_weekday,180,08:52:15,5,Sitting,Resting,,15,180,Inactive,0,0,False,True
1097,2023-06-30,Elia,Intervention_weekday,180,08:52:30,5,Sitting,Resting,,30,0,Inactive,180,0,False,True
1098,2023-06-30,Elia,Intervention_weekday,180,08:52:45,5,Sitting,Resting,,45,15,Inactive,165,0,False,True
1099,2023-06-30,Elia,Intervention_weekday,180,08:53:00,5,Sitting,Resting,,0,30,Inactive,150,0,False,True
1100,2023-06-30,Elia,Intervention_weekday,180,08:53:15,5,Sitting,Resting,,15,45,Inactive,135,0,False,True
1101,2023-06-30,Elia,Intervention_weekday,180,08:53:30,5,Sitting,Resting,,30,60,Inactive,120,0,False,True
1102,2023-06-30,Elia,Intervention_weekday,180,08:53:45,5,Sitting,Resting,,45,75,Inactive,105,0,False,True
1103,2023-06-30,Elia,Intervention_weekday,180,08:54:00,5,Sitting,Resting,,0,90,Inactive,90,0,False,True
1104,2023-06-30,Elia,Intervention_weekday,180,08:54:15,5,Sitting,Resting,,15,105,Inactive,75,0,False,True
1105,2023-06-30,Elia,Intervention_weekday,180,08:54:30,5,Sitting,Resting,,30,120,Inactive,60,0,False,True
1106,2023-06-30,Elia,Intervention_weekday,180,08:54:45,5,Sitting,Eating,,45,135,Active,45,1,False,True
1107,2023-06-30,Elia,Intervention_weekday,180,08:55:00,6,Standing,Locomotion,,0,150,Active,30,1,False,True
1108,2023-06-30,Elia,Intervention_weekday,180,08:55:15,6,Sitting,Drinking,,15,165,Active,15,1,False,True
1109,2023-06-30,Elia,Intervention_weekday,180,08:55:30,6,Sitting,Drinking,,30,180,Active,0,1,False,True
1110,2023-06-30,Elia,Intervention_weekday,180,08:55:45,5,Sitting,Resting,,45,0,Inactive,180,0,False,True
1111,2023-06-30,Elia,Intervention_weekday,180,08:56:00,5,Sitting,Resting,,0,15,Inactive,165,0,False,True
1112,2023-06-30,Elia,Intervention_weekday,180,08:56:15,5,Sitting,Grooming,,15,30,Active,150,1,False,True
1113,2023-06-30,Elia,Intervention_weekday,180,08:56:30,5,Sitting,Grooming,,30,45,Active,135,1,False,True
1114,2023-06-30,Elia,Intervention_weekday,180,08:56:45,5,Sitting,Grooming,,45,60,Active,120,1,False,True
1115,2023-06-30,Elia,Intervention_weekday,180,08:57:00,5,Sitting,Pause,,0,75,Inactive,105,0,False,True
1116,2023-06-30,Elia,Intervention_weekday,180,08:57:15,3,Sitting,Grooming,,15,90,Active,90,1,False,True
1117,2023-06-30,Elia,Intervention_weekday,180,08:57:30,5,Sitting,Grooming,,30,105,Active,75,1,False,True
1118,2023-06-30,Elia,Intervention_weekday,180,08:57:45,5,Sitting,Resting,,45,120,Inactive,60,0,False,True
1119,2023-06-30,Elia,Intervention_weekday,180,08:58:00,5,Sitting,Resting,,0,135,Inactive,45,0,False,True
1120,2023-06-30,Elia,Intervention_weekday,180,08:58:15,5,Sitting,Resting,,15,150,Inactive,30,0,False,True
1121,2023-06-30,Elia,Intervention_weekday,180,08:58:30,5,Sitting,Resting,,30,165,Inactive,15,0,False,True
1122,2023-06-30,Elia,Intervention_weekday,180,08:58:45,5,Sitting,Resting,,45,180,Inactive,0,0,False,True
1123,2023-06-30,Elia,Intervention_weekday,180,08:59:00,5,Sitting,Resting,,0,0,Inactive,180,0,False,True
1124,2023-06-30,Elia,Intervention_weekday,180,08:59:15,5,Sitting,Resting,,15,15,Inactive,165,0,False,True
1125,2023-06-30,Elia,Intervention_weekday,180,08:59:30,5,Sitting,Resting,,30,30,Inactive,150,0,False,True
1126,2023-06-30,Elia,Intervention_weekday,180,08:59:45,5,Sitting,Resting,,45,45,Inactive,135,0,False,True
1127,2023-06-30,Elia,Intervention_weekday,180,09:00:00,2,Sitting,Resting,,0,60,Inactive,120,0,False,True
1128,2023-06-30,Elia,Intervention_weekday,180,09:00:15,6,Sitting,Drinking,,15,75,Active,105,1,False,True
1129,2023-06-30,Elia,Intervention_weekday,180,09:00:30,6,Sitting,Drinking,,30,90,Active,90,1,False,True
1130,2023-06-30,Elia,Intervention_weekday,180,09:00:45,6,Sitting,Drinking,,45,105,Active,75,1,False,True
1131,2023-06-30,Elia,Intervention_weekday,180,09:01:00,5,Sitting,Eating,,0,120,Active,60,1,False,True
1193,2023-07-25,Elia,Intervention Weekday,300,09:10:58,5,Sitting,Eating,,0,0,Active,300,1,False,True
1194,2023-07-25,Elia,Intervention Weekday,300,09:11:13,6,Standing,Locomotion,,15,15,Active,285,1,False,True
1195,2023-07-25,Elia,Intervention Weekday,300,09:11:28,6,Standing,Drinking,,30,30,Active,270,1,False,True
1196,2023-07-25,Elia,Intervention Weekday,300,09:11:43,5,Standing,Locomotion,,45,45,Active,255,1,False,True
1197,2023-07-25,Elia,Intervention Weekday,300,09:11:58,5,Sitting,Grooming,,0,60,Active,240,1,False,True
1198,2023-07-25,Elia,Intervention Weekday,300,09:12:13,6,Standing,Locomotion,,15,75,Active,225,1,False,True
1199,2023-07-25,Elia,Intervention Weekday,300,09:12:28,6,Standing,Locomotion,,30,90,Active,210,1,False,True
1200,2023-07-25,Elia,Intervention Weekday,300,09:12:43,5,Standing,Rubbing,Fencing,45,105,Active,195,1,False,True
1201,2023-07-25,Elia,Intervention Weekday,300,09:12:58,5,Standing,Locomotion,,0,120,Active,180,1,False,True
1202,2023-07-25,Elia,Intervention Weekday,300,09:13:13,5,Standing,Locomotion,,15,135,Active,165,1,False,True
1203,2023-07-25,Elia,Intervention Weekday,300,09:13:28,6,Sitting,Pause,,30,150,Inactive,150,0,False,True
1204,2023-07-25,Elia,Intervention Weekday,300,09:13:43,5,Standing,Locomotion,,45,165,Active,135,1,False,True
1205,2023-07-25,Elia,Intervention Weekday,300,09:13:58,6,Sitting,Drinking,,0,180,Active,120,1,False,True
1206,2023-07-25,Elia,Intervention Weekday,300,09:14:13,5,Sitting,Resting,,15,195,Inactive,105,0,False,True
1207,2023-07-25,Elia,Intervention Weekday,300,09:14:28,5,Sitting,Resting,,30,210,Inactive,90,0,False,True
1208,2023-07-25,Elia,Intervention Weekday,300,09:14:43,6,Standing,Locomotion,,45,225,Active,75,1,False,True
1209,2023-07-25,Elia,Intervention Weekday,300,09:14:58,5,Standing,Locomotion,,0,240,Active,60,1,False,True
1210,2023-07-25,Elia,Intervention Weekday,300,09:15:13,4,Standing,Locomotion,,15,255,Active,45,1,False,True
1211,2023-07-25,Elia,Intervention Weekday,300,09:15:28,5,Standing,Locomotion,,30,270,Active,30,1,False,True
1212,2023-07-25,Elia,Intervention Weekday,300,09:15:43,5,Standing,Locomotion,,45,285,Active,15,1,False,True
1213,2023-07-25,Elia,Intervention Weekday,300,09:15:58,5,Sitting,Eating,,0,300,Active,0,1,False,True
1214,2023-07-25,Elia,Intervention Weekday,300,09:16:13,6,Standing,Locomotion,,15,0,Active,300,1,False,True
1215,2023-07-25,Elia,Intervention Weekday,300,09:16:28,6,Standing,Locomotion,,30,15,Active,285,1,False,True
1216,2023-07-25,Elia,Intervention Weekday,300,09:16:43,5,Sitting,Resting,,45,30,Inactive,270,0,False,True
1217,2023-07-25,Elia,Intervention Weekday,300,09:16:58,5,Sitting,Resting,,0,45,Inactive,255,0,False,True
1218,2023-07-25,Elia,Intervention Weekday,300,09:17:13,6,Sitting,Drinking,,15,60,Active,240,1,False,True
1219,2023-07-25,Elia,Intervention Weekday,300,09:17:28,6,Sitting,Drinking,,30,75,Active,225,1,False,True
1220,2023-07-25,Elia,Intervention Weekday,300,09:17:43,6,Sitting,Drinking,,45,90,Active,210,1,False,True
1221,2023-07-25,Elia,Intervention Weekday,300,09:17:58,6,Sitting,Drinking,,0,105,Active,195,1,False,True
1222,2023-07-25,Elia,Intervention Weekday,300,09:18:13,6,Sitting,Drinking,,15,120,Active,180,1,False,True
1223,2023-07-25,Elia,Intervention Weekday,300,09:18:28,4,Sitting,Grooming,,30,135,Active,165,1,False,True
1224,2023-07-25,Elia,Intervention Weekday,300,09:18:43,4,Sitting,Resting,,45,150,Inactive,150,0,False,True
1225,2023-07-25,Elia,Intervention Weekday,300,09:18:58,5,Sitting,Resting,,0,165,Inactive,135,0,False,True
1226,2023-07-25,Elia,Intervention Weekday,300,09:19:13,1,Rearing,Locomotion,,15,180,Active,120,1,False,True
1227,2023-07-25,Elia,Intervention Weekday,300,09:19:28,6,Sitting,Drinking,,30,195,Active,105,1,False,True
1228,2023-07-25,Elia,Intervention Weekday,300,09:19:43,6,Sitting,Drinking,,45,210,Active,90,1,False,True
1229,2023-07-25,Elia,Intervention Weekday,300,09:19:58,5,Standing,Locomotion,,0,225,Active,75,1,False,True
1230,2023-07-25,Elia,Intervention Weekday,300,09:20:13,6,Sitting,Resting,,15,240,Inactive,60,0,False,True
1231,2023-07-25,Elia,Intervention Weekday,300,09:20:28,6,Sitting,Resting,,30,255,Inactive,45,0,False,True
1232,2023-07-25,Elia,Intervention Weekday,300,09:20:43,6,Sitting,Resting,,45,270,Inactive,30,0,False,True
1233,2023-07-25,Elia,Intervention Weekday,300,09:20:58,5,Standing,Eating,,0,285,Active,15,1,False,True
1234,2023-07-25,Elia,Intervention Weekday,300,09:21:13,5,Sitting,Resting,,15,300,Inactive,0,0,False,True
1235,2023-07-25,Elia,Intervention Weekday,300,09:21:28,5,Sitting,Resting,,30,0,Inactive,300,0,False,True
1236,2023-07-25,Elia,Intervention Weekday,300,09:21:43,5,Sitting,Resting,,45,15,Inactive,285,0,False,True
1237,2023-07-25,Elia,Intervention Weekday,300,09:21:58,5,Sitting,Resting,,0,30,Inactive,270,0,False,True
1238,2023-07-25,Elia,Intervention Weekday,300,09:22:13,6,Standing,Locomotion,,15,45,Active,255,1,False,True
1239,2023-07-25,Elia,Intervention Weekday,300,09:22:28,6,Sitting,Resting,,30,60,Inactive,240,0,False,True
1240,2023-07-25,Elia,Intervention Weekday,300,09:22:43,6,Sitting,Resting,,45,75,Inactive,225,0,False,True
1241,2023-07-25,Elia,Intervention Weekday,300,09:22:58,5,Standing,Locomotion,,0,90,Active,210,1,False,True
1242,2023-07-25,Elia,Intervention Weekday,300,09:23:13,6,Sitting,Resting,,15,105,Inactive,195,0,False,True
1243,2023-07-25,Elia,Intervention Weekday,300,09:23:28,6,Sitting,Resting,,30,120,Inactive,180,0,False,True
1244,2023-07-25,Elia,Intervention Weekday,300,09:23:43,6,Sitting,Resting,,45,135,Inactive,165,0,False,True
1245,2023-07-25,Elia,Intervention Weekday,300,09:23:58,6,Sitting,Resting,,0,150,Inactive,150,0,False,True
1246,2023-07-25,Elia,Intervention Weekday,300,09:24:13,6,Sitting,Resting,,15,165,Inactive,135,0,False,True
1247,2023-07-25,Elia,Intervention Weekday,300,09:24:28,6,Standing,Pause,,30,180,Inactive,120,0,False,True
1248,2023-07-25,Elia,Intervention Weekday,300,09:24:43,6,Sitting,Resting,,45,195,Inactive,105,0,False,True
1249,2023-07-25,Elia,Intervention Weekday,300,09:24:58,5,Sitting,Resting,,0,210,Inactive,90,0,False,True
1250,2023-07-25,Elia,Intervention Weekday,300,09:25:13,5,Sitting,Resting,,15,225,Inactive,75,0,False,True
1251,2023-07-25,Elia,Intervention Weekday,300,09:25:28,6,Sitting,Drinking,,30,240,Active,60,1,False,True
1252,2023-07-25,Elia,Intervention Weekday,300,09:25:43,6,Sitting,Drinking,,45,255,Active,45,1,False,True
1253,2023-07-25,Elia,Intervention Weekday,300,09:25:58,6,Standing,Locomotion,,0,270,Active,30,1,False,True
1435,2023-10-17,Bernie,Intervention Weekday,120,10:37:16,6,Sitting,Eating,,0,0,Active,120,1,False,True
1436,2023-10-17,Bernie,Intervention Weekday,120,10:37:31,6,Sitting,Eating,,15,15,Active,105,1,False,True
1437,2023-10-17,Bernie,Intervention Weekday,120,10:37:46,5,Sitting,Eating,,30,30,Active,90,1,False,True
1438,2023-10-17,Bernie,Intervention Weekday,120,10:38:01,6,Sitting,Eating,,45,45,Active,75,1,False,True
1439,2023-10-17,Bernie,Intervention Weekday,120,10:38:16,5,Standing,Eating,,0,60,Active,60,1,False,True
1440,2023-10-17,Bernie,Intervention Weekday,120,10:38:31,5,Standing,Eating,,15,75,Active,45,1,False,True
1441,2023-10-17,Bernie,Intervention Weekday,120,10:38:46,5,Standing,Eating,,30,90,Active,30,1,False,True
1443,2023-10-17,Bernie,Intervention Weekday,120,10:39:16,6,Sitting,Eating,,0,120,Active,0,1,False,True
1444,2023-10-17,Bernie,Intervention Weekday,120,10:39:31,5,Standing,Locomotion,,15,0,Active,120,1,False,True
1445,2023-10-17,Bernie,Intervention Weekday,120,10:39:46,Shelf,Standing,Locomotion,,30,15,Active,105,1,False,True
1446,2023-10-17,Bernie,Intervention Weekday,120,10:40:01,Shelf,Sitting,Resting,,45,30,Inactive,90,0,False,True
1447,2023-10-17,Bernie,Intervention Weekday,120,10:40:16,Shelf,Lying Down,Resting,,0,45,Inactive,75,0,False,True
1448,2023-10-17,Bernie,Intervention Weekday,120,10:40:31,Shelf,Lying Down,Resting,,15,60,Inactive,60,0,False,True
1449,2023-10-17,Bernie,Intervention Weekday,120,10:40:46,Shelf,Lying Down,Resting,,30,75,Inactive,45,0,False,True
1450,2023-10-17,Bernie,Intervention Weekday,120,10:41:01,Shelf,Lying Down,Resting,,45,90,Inactive,30,0,False,True
1451,2023-10-17,Bernie,Intervention Weekday,120,10:41:16,6,Standing,Eating,,0,105,Active,15,1,False,True
1452,2023-10-17,Bernie,Intervention Weekday,120,10:41:31,6,Sitting,Eating,,15,120,Active,0,1,False,True
1453,2023-10-17,Bernie,Intervention Weekday,120,10:41:46,5,Sitting,Eating,,30,0,Active,120,1,False,True
1454,2023-10-17,Bernie,Intervention Weekday,120,10:42:01,6,Sitting,Eating,,45,15,Active,105,1,False,True
1455,2023-10-17,Bernie,Intervention Weekday,120,10:42:16,3,Standing,Locomotion,,0,30,Active,90,1,False,True
1456,2023-10-17,Bernie,Intervention Weekday,120,10:42:31,Shelf,Out of View,Locomotion,,15,45,Active,75,1,False,True
1457,2023-10-17,Bernie,Intervention Weekday,120,10:42:46,Shelf,Out of View,Locomotion,,30,60,Active,60,1,False,True
1458,2023-10-17,Bernie,Intervention Weekday,120,10:43:01,Shelf,Lying Down,Locomotion,,45,75,Active,45,1,False,True
1459,2023-10-17,Bernie,Intervention Weekday,120,10:43:16,6,Sitting,Eating,,0,90,Active,30,1,False,True
1460,2023-10-17,Bernie,Intervention Weekday,120,10:43:31,5,Standing,Locomotion,,15,105,Active,15,1,False,True
1461,2023-10-17,Bernie,Intervention Weekday,120,10:43:46,6,Standing,Locomotion,,30,120,Active,0,1,False,True
1462,2023-10-17,Bernie,Intervention Weekday,120,10:44:01,Shelf,Out of View,Pause,,45,0,Inactive,120,0,False,True
1463,2023-10-17,Bernie,Intervention Weekday,120,10:44:16,Shelf,Lying Down,Resting,,0,15,Inactive,105,0,False,True
1464,2023-10-17,Bernie,Intervention Weekday,120,10:44:31,Shelf,Lying Down,Resting,,15,30,Inactive,90,0,False,True
1465,2023-10-17,Bernie,Intervention Weekday,120,10:44:46,Shelf,Lying Down,Resting,,30,45,Inactive,75,0,False,True
1466,2023-10-17,Bernie,Intervention Weekday,120,10:45:01,Shelf,Lying Down,Resting,,45,60,Inactive,60,0,False,True
1467,2023-10-17,Bernie,Intervention Weekday,120,10:45:16,6,Sitting,Eating,,0,75,Active,45,1,False,True
1468,2023-10-17,Bernie,Intervention Weekday,120,10:45:31,5,Sitting,Eating,,15,90,Active,30,1,False,True
1469,2023-10-17,Bernie,Intervention Weekday,120,10:45:46,3,Standing,Locomotion,,30,105,Active,15,1,False,True
1470,2023-10-17,Bernie,Intervention Weekday,120,10:46:01,Shelf,Out of View,Pause,,45,120,Inactive,0,0,False,True
1471,2023-10-17,Bernie,Intervention Weekday,120,10:46:16,Shelf,Lying Down,Resting,,0,0,Inactive,120,0,False,True
1472,2023-10-17,Bernie,Intervention Weekday,120,10:46:31,Shelf,Lying Down,Resting,,15,15,Inactive,105,0,False,True
1473,2023-10-17,Bernie,Intervention Weekday,120,10:46:46,Shelf,Lying Down,Resting,,30,30,Inactive,90,0,False,True
1474,2023-10-17,Bernie,Intervention Weekday,120,10:47:01,Shelf,Lying Down,Resting,,45,45,Inactive,75,0,False,True
1475,2023-10-17,Bernie,Intervention Weekday,120,10:47:16,6,Sitting,Eating,,0,60,Active,60,1,False,True
1476,2023-10-17,Bernie,Intervention Weekday,120,10:47:31,5,Sitting,Pause,,15,75,Inactive,45,0,False,True
1477,2023-10-17,Bernie,Intervention Weekday,120,10:47:46,5,Standing,Locomotion,Water Bowl,30,90,Active,30,1,False,True
1478,2023-10-17,Bernie,Intervention Weekday,120,10:48:01,4,Standing,Locomotion,,45,105,Active,15,1,False,True
1479,2023-10-17,Bernie,Intervention Weekday,120,10:48:16,6,Standing,Locomotion,Feeder,0,120,Active,0,1,False,True
1480,2023-10-17,Bernie,Intervention Weekday,120,10:48:31,Fence,Standing,Locomotion,,15,0,Active,120,1,False,True
1481,2023-10-17,Bernie,Intervention Weekday,120,10:48:46,6,Standing,Locomotion,,30,15,Active,105,1,False,True
1482,2023-10-17,Bernie,Intervention Weekday,120,10:49:01,5,Rearing,Locomotion,Fencing,45,30,Active,90,1,False,True
1483,2023-10-17,Bernie,Intervention Weekday,120,10:49:16,6,Sitting,Eating,,0,45,Active,75,1,False,True
1484,2023-10-17,Bernie,Intervention Weekday,120,10:49:31,5,Rearing,Locomotion,Fencing,15,60,Active,60,1,False,True
1485,2023-10-17,Bernie,Intervention Weekday,120,10:49:46,5,Standing,Locomotion,,30,75,Active,45,1,False,True
1486,2023-10-17,Bernie,Intervention Weekday,120,10:50:01,Shelf,Standing,Pause,,45,90,Inactive,30,0,False,True
1487,2023-10-17,Bernie,Intervention Weekday,120,10:50:16,Shelf,Standing,Pause,,0,105,Inactive,15,0,False,True
1488,2023-10-17,Bernie,Intervention Weekday,120,10:50:31,Shelf,Lying Down,Resting,,15,120,Inactive,0,0,False,True
1489,2023-10-17,Bernie,Intervention Weekday,120,10:50:46,Shelf,Lying Down,Resting,,30,0,Inactive,120,0,False,True
1490,2023-10-17,Bernie,Intervention Weekday,120,10:51:01,Shelf,Lying Down,Resting,,45,15,Inactive,105,0,False,True
1491,2023-10-17,Bernie,Intervention Weekday,120,10:51:16,Shelf,Lying Down,Resting,,0,30,Inactive,90,0,False,True
1492,2023-10-17,Bernie,Intervention Weekday,120,10:51:31,Shelf,Lying Down,Resting,,15,45,Inactive,75,0,False,True
1493,2023-10-17,Bernie,Intervention Weekday,120,10:51:46,Shelf,Lying Down,Resting,,30,60,Inactive,60,0,False,True
1494,2023-10-19,Bernie,Intervention Weekday,120,08:54:02,6,Sitting,Eating,,0,0,Active,120,1,False,True
1495,2023-10-19,Bernie,Intervention Weekday,120,08:54:17,5,Rearing,Locomotion,Outside Object,15,15,Active,105,1,False,True
1496,2023-10-19,Bernie,Intervention Weekday,120,08:54:32,6,Standing,Locomotion,,30,30,Active,90,1,False,True
1497,2023-10-19,Bernie,Intervention Weekday,120,08:54:47,6,Standing,Locomotion,,45,45,Active,75,1,False,True
1498,2023-10-19,Bernie,Intervention Weekday,120,08:55:02,5,Rearing,Locomotion,Outside Object,0,60,Active,60,1,False,True
1499,2023-10-19,Bernie,Intervention Weekday,120,08:55:17,2,Standing,Locomotion,,15,75,Active,45,1,False,True
1500,2023-10-19,Bernie,Intervention Weekday,120,08:55:32,2,Standing,Locomotion,,30,90,Active,30,1,False,True
1501,2023-10-19,Bernie,Intervention Weekday,120,08:55:47,6,Standing,Locomotion,,45,105,Active,15,1,False,True
1502,2023-10-19,Bernie,Intervention Weekday,120,08:56:02,6,Standing,Locomotion,,0,120,Active,0,1,False,True
1503,2023-10-19,Bernie,Intervention Weekday,120,08:56:17,6,Standing,Eating,,15,0,Active,120,1,False,True
1504,2023-10-19,Bernie,Intervention Weekday,120,08:56:32,6,Standing,Eating,,30,15,Active,105,1,False,True
1505,2023-10-19,Bernie,Intervention Weekday,120,08:56:47,5,Standing,Eating,,45,30,Active,90,1,False,True
1506,2023-10-19,Bernie,Intervention Weekday,120,08:57:02,5,Rearing,Locomotion,Outside Object,0,45,Active,75,1,False,True
1507,2023-10-19,Bernie,Intervention Weekday,120,08:57:17,5,Standing,Locomotion,,15,60,Active,60,1,False,True
1508,2023-10-19,Bernie,Intervention Weekday,120,08:57:32,Shelf,Standing,Locomotion,,30,75,Active,45,1,False,True
1509,2023-10-19,Bernie,Intervention Weekday,120,08:57:47,Fence,Other,Locomotion,Outside Object,45,90,Active,30,1,False,True
1510,2023-10-19,Bernie,Intervention Weekday,120,08:58:02,Fence,Other,Locomotion,Outside Object,0,105,Active,15,1,False,True
1511,2023-10-19,Bernie,Intervention Weekday,120,08:58:17,1,Standing,Locomotion,,15,120,Active,0,1,False,True
1512,2023-10-19,Bernie,Intervention Weekday,120,08:58:32,5,Rearing,Locomotion,,30,0,Active,120,1,False,True
1513,2023-10-19,Bernie,Intervention Weekday,120,08:58:47,6,Sitting,Eating,,45,15,Active,105,1,False,True
1514,2023-10-19,Bernie,Intervention Weekday,120,08:59:02,6,Sitting,Pause,,0,30,Inactive,90,0,False,True
1515,2023-10-19,Bernie,Intervention Weekday,120,08:59:17,1,Standing,Locomotion,,15,45,Active,75,1,False,True
1516,2023-10-19,Bernie,Intervention Weekday,120,08:59:32,6,Sitting,Pause,,30,60,Inactive,60,0,False,True
1517,2023-10-19,Bernie,Intervention Weekday,120,08:59:47,6,Sitting,Eating,,45,75,Active,45,1,False,True
1519,2023-10-19,Bernie,Intervention Weekday,120,09:00:17,Shelf,Lying Down,Resting,,15,105,Inactive,15,0,False,True
1520,2023-10-19,Bernie,Intervention Weekday,120,09:00:32,6,Sitting,Eating,,30,120,Active,0,1,False,True
1521,2023-10-19,Bernie,Intervention Weekday,120,09:00:47,6,Sitting,Pause,,45,0,Inactive,120,0,False,True
1522,2023-10-19,Bernie,Intervention Weekday,120,09:01:02,6,Sitting,Pause,,0,15,Inactive,105,0,False,True
1523,2023-10-19,Bernie,Intervention Weekday,120,09:01:17,Shelf,Lying Down,Resting,,15,30,Inactive,90,0,False,True
1524,2023-10-19,Bernie,Intervention Weekday,120,09:01:32,Shelf,Lying Down,Resting,,30,45,Inactive,75,0,False,True
1525,2023-10-19,Bernie,Intervention Weekday,120,09:01:47,Shelf,Lying Down,Resting,,45,60,Inactive,60,0,False,True
1526,2023-10-19,Bernie,Intervention Weekday,120,09:02:02,Shelf,Lying Down,Resting,,0,75,Inactive,45,0,False,True
1527,2023-10-19,Bernie,Intervention Weekday,120,09:02:17,Shelf,Lying Down,Resting,,15,90,Inactive,30,0,False,True
1528,2023-10-19,Bernie,Intervention Weekday,120,09:02:32,6,Sitting,Eating,,30,105,Active,15,1,False,True
1529,2023-10-19,Bernie,Intervention Weekday,120,09:02:47,3,Standing,Locomotion,,45,120,Active,0,1,False,True
1530,2023-10-19,Bernie,Intervention Weekday,120,09:03:02,6,Sitting,Eating,,0,0,Active,120,1,False,True
1531,2023-10-19,Bernie,Intervention Weekday,120,09:03:17,6,Sitting,Eating,,15,15,Active,105,1,False,True
1533,2023-10-19,Bernie,Intervention Weekday,120,09:03:47,Shelf,Lying Down,Resting,,45,45,Inactive,75,0,False,True
1534,2023-10-19,Bernie,Intervention Weekday,120,09:04:02,Shelf,Lying Down,Resting,,0,60,Inactive,60,0,False,True
1535,2023-10-19,Bernie,Intervention Weekday,120,09:04:17,Shelf,Lying Down,Resting,,15,75,Inactive,45,0,False,True
1536,2023-10-19,Bernie,Intervention Weekday,120,09:04:32,6,Sitting,Eating,,30,90,Active,30,1,False,True
1537,2023-10-19,Bernie,Intervention Weekday,120,09:04:47,6,Sitting,Eating,,45,105,Active,15,1,False,True
1538,2023-10-19,Bernie,Intervention Weekday,120,09:05:02,6,Sitting,Manipulating Object,Feeder,0,120,Active,0,1,False,True
1539,2023-10-19,Bernie,Intervention Weekday,120,09:05:17,6,Standing,Locomotion,,15,0,Active,120,1,False,True
1541,2023-10-19,Bernie,Intervention Weekday,120,09:05:47,Shelf,Lying Down,Resting,,45,30,Inactive,90,0,False,True
1542,2023-10-19,Bernie,Intervention Weekday,120,09:06:02,Shelf,Lying Down,Resting,,0,45,Inactive,75,0,False,True
1544,2023-10-19,Bernie,Intervention Weekday,120,09:06:32,6,Standing,Locomotion,,30,75,Active,45,1,False,True
1545,2023-10-19,Bernie,Intervention Weekday,120,09:06:47,2,Sitting,Grooming,,45,90,Active,30,1,False,True
1546,2023-10-19,Bernie,Intervention Weekday,120,09:07:02,2,Sitting,Grooming,,0,105,Active,15,1,False,True
1547,2023-10-19,Bernie,Intervention Weekday,120,09:07:17,2,Sitting,Grooming,,15,120,Active,0,1,False,True
1548,2023-10-19,Bernie,Intervention Weekday,120,09:07:32,6,Sitting,Resting,,30,0,Inactive,120,0,False,True
1549,2023-10-19,Bernie,Intervention Weekday,120,09:07:47,3,Standing,Locomotion,,45,15,Active,105,1,False,True
1550,2023-10-19,Bernie,Intervention Weekday,120,09:08:02,3,Standing,Locomotion,,0,30,Active,90,1,False,True
1551,2023-10-19,Bernie,Intervention Weekday,120,09:08:17,5,Standing,Locomotion,,15,45,Active,75,1,False,True
1552,2023-10-19,Bernie,Intervention Weekday,120,09:08:32,6,Sitting,Eating,,30,60,Active,60,1,False,True
1612,2023-10-31,Bernie,Intervention Weekday,180,08:52:33,6,Sitting,Eating,,0,0,Active,180,1,False,True
1613,2023-10-31,Bernie,Intervention Weekday,180,08:52:48,6,Sitting,Eating,,15,15,Active,165,1,False,True
1614,2023-10-31,Bernie,Intervention Weekday,180,08:53:03,6,Sitting,Eating,,30,30,Active,150,1,False,True
1615,2023-10-31,Bernie,Intervention Weekday,180,08:53:18,6,Sitting,Eating,,45,45,Active,135,1,False,True
1616,2023-10-31,Bernie,Intervention Weekday,180,08:53:33,5,Rearing,Locomotion,,0,60,Active,120,1,False,True
1617,2023-10-31,Bernie,Intervention Weekday,180,08:53:48,6,Sitting,Eating,,15,75,Active,105,1,False,True
1618,2023-10-31,Bernie,Intervention Weekday,180,08:54:03,6,Sitting,Eating,,30,90,Active,90,1,False,True
1619,2023-10-31,Bernie,Intervention Weekday,180,08:54:18,6,Sitting,Eating,,45,105,Active,75,1,False,True
1620,2023-10-31,Bernie,Intervention Weekday,180,08:54:33,5,Rearing,Locomotion,,0,120,Active,60,1,False,True
1621,2023-10-31,Bernie,Intervention Weekday,180,08:54:48,5,Sitting,Eating,,15,135,Active,45,1,False,True
1622,2023-10-31,Bernie,Intervention Weekday,180,08:55:03,5,Sitting,Grooming,,30,150,Active,30,1,False,True
1623,2023-10-31,Bernie,Intervention Weekday,180,08:55:18,5,Rearing,Locomotion,,45,165,Active,15,1,False,True
1624,2023-10-31,Bernie,Intervention Weekday,180,08:55:33,4,Standing,Locomotion,,0,180,Active,0,1,False,True
1625,2023-10-31,Bernie,Intervention Weekday,180,08:55:48,6,Sitting,Drinking,,15,0,Active,180,1,False,True
1626,2023-10-31,Bernie,Intervention Weekday,180,08:56:03,6,Sitting,Drinking,,30,15,Active,165,1,False,True
1627,2023-10-31,Bernie,Intervention Weekday,180,08:56:18,5,Rearing,Locomotion,,45,30,Active,150,1,False,True
1628,2023-10-31,Bernie,Intervention Weekday,180,08:56:33,Shelf,Sitting,Resting,,0,45,Inactive,135,0,False,True
1629,2023-10-31,Bernie,Intervention Weekday,180,08:56:48,6,Standing,Eating,,15,60,Active,120,1,False,True
1630,2023-10-31,Bernie,Intervention Weekday,180,08:57:03,6,Standing,Eating,,30,75,Active,105,1,False,True
1631,2023-10-31,Bernie,Intervention Weekday,180,08:57:18,6,Standing,Eating,,45,90,Active,90,1,False,True
1632,2023-10-31,Bernie,Intervention Weekday,180,08:57:33,6,Rearing,Locomotion,,0,105,Active,75,1,False,True
1633,2023-10-31,Bernie,Intervention Weekday,180,08:57:48,Shelf,Other,Locomotion,,15,120,Active,60,1,False,True
1634,2023-10-31,Bernie,Intervention Weekday,180,08:58:03,Shelf,Sitting,Resting,,30,135,Inactive,45,0,False,True
1635,2023-10-31,Bernie,Intervention Weekday,180,08:58:18,Shelf,Sitting,Resting,,45,150,Inactive,30,0,False,True
1636,2023-10-31,Bernie,Intervention Weekday,180,08:58:33,Shelf,Sitting,Resting,,0,165,Inactive,15,0,False,True
1637,2023-10-31,Bernie,Intervention Weekday,180,08:58:48,Shelf,Sitting,Resting,,15,180,Inactive,0,0,False,True
1638,2023-10-31,Bernie,Intervention Weekday,180,08:59:03,Shelf,Sitting,Resting,,30,0,Inactive,180,0,False,True
1639,2023-10-31,Bernie,Intervention Weekday,180,08:59:18,Feeder,Standing,Locomotion,,45,15,Active,165,1,True,True
1640,2023-10-31,Bernie,Intervention Weekday,180,08:59:33,Fence,Standing,Locomotion,,0,30,Active,150,1,False,True
1641,2023-10-31,Bernie,Intervention Weekday,180,08:59:48,6,Sitting,Eating,,15,45,Active,135,1,False,True
1642,2023-10-31,Bernie,Intervention Weekday,180,09:00:03,6,Sitting,Eating,,30,60,Active,120,1,False,True
1643,2023-10-31,Bernie,Intervention Weekday,180,09:00:18,6,Sitting,Pause,,45,75,Inactive,105,0,False,True
1644,2023-10-31,Bernie,Intervention Weekday,180,09:00:33,5,Rearing,Locomotion,,0,90,Active,90,1,False,True
1645,2023-10-31,Bernie,Intervention Weekday,180,09:00:48,6,Standing,Drinking,,15,105,Active,75,1,False,True
1646,2023-10-31,Bernie,Intervention Weekday,180,09:01:03,6,Standing,Drinking,,30,120,Active,60,1,False,True
1647,2023-10-31,Bernie,Intervention Weekday,180,09:01:18,6,Standing,Drinking,,45,135,Active,45,1,False,True
1648,2023-10-31,Bernie,Intervention Weekday,180,09:01:33,6,Standing,Locomotion,,0,150,Active,30,1,False,True
1651,2023-10-31,Bernie,Intervention Weekday,180,09:02:18,6,Standing,Locomotion,,45,0,Active,180,1,False,True
1652,2023-10-31,Bernie,Intervention Weekday,180,09:02:33,Fence,Standing,Pause,,0,15,Inactive,165,0,False,True
1653,2023-10-31,Bernie,Intervention Weekday,180,09:02:48,6,Standing,Locomotion,,15,30,Active,150,1,False,True
1654,2023-10-31,Bernie,Intervention Weekday,180,09:03:03,6,Sitting,Eating,,30,45,Active,135,1,False,True
1655,2023-10-31,Bernie,Intervention Weekday,180,09:03:18,5,Rearing,Locomotion,,45,60,Active,120,1,False,True
1656,2023-10-31,Bernie,Intervention Weekday,180,09:03:33,3,Standing,Locomotion,,0,75,Active,105,1,False,True
1657,2023-10-31,Bernie,Intervention Weekday,180,09:03:48,6,Standing,Locomotion,,15,90,Active,90,1,False,True
1658,2023-10-31,Bernie,Intervention Weekday,180,09:04:03,Fence,Standing,Pause,,30,105,Inactive,75,0,False,True
1659,2023-10-31,Bernie,Intervention Weekday,180,09:04:18,Fence,Standing,Pause,,45,120,Inactive,60,0,False,True
1660,2023-10-31,Bernie,Intervention Weekday,180,09:04:33,Shelf,Lying Down,Resting,,0,135,Inactive,45,0,False,True
1661,2023-10-31,Bernie,Intervention Weekday,180,09:04:48,Shelf,Lying Down,Resting,,15,150,Inactive,30,0,False,True
1662,2023-10-31,Bernie,Intervention Weekday,180,09:05:03,Shelf,Lying Down,Resting,,30,165,Inactive,15,0,False,True
1663,2023-10-31,Bernie,Intervention Weekday,180,09:05:18,Shelf,Lying Down,Resting,,45,180,Inactive,0,0,False,True
1664,2023-10-31,Bernie,Intervention Weekday,180,09:05:33,Shelf,Lying Down,Resting,,0,0,Inactive,180,0,False,True
1665,2023-10-31,Bernie,Intervention Weekday,180,09:05:48,Shelf,Lying Down,Resting,,15,15,Inactive,165,0,False,True
1666,2023-10-31,Bernie,Intervention Weekday,180,09:06:03,Shelf,Lying Down,Resting,,30,30,Inactive,150,0,False,True
1667,2023-10-31,Bernie,Intervention Weekday,180,09:06:18,Shelf,Lying Down,Resting,,45,45,Inactive,135,0,False,True
1668,2023-10-31,Bernie,Intervention Weekday,180,09:06:33,Shelf,Lying Down,Resting,,0,60,Inactive,120,0,False,True
1669,2023-10-31,Bernie,Intervention Weekday,180,09:06:48,Shelf,Lying Down,Resting,,15,75,Inactive,105,0,False,True
1670,2023-10-31,Bernie,Intervention Weekday,180,09:07:03,Shelf,Lying Down,Resting,,30,90,Inactive,90,0,False,True
1671,2023-11-03,Bernie,Intervention Weekday,180,09:21:35,Shelf,Lying Down,Resting,,0,0,Inactive,180,0,False,True
1672,2023-11-03,Bernie,Intervention Weekday,180,09:21:50,Shelf,Lying Down,Resting,,15,15,Inactive,165,0,False,True
1673,2023-11-03,Bernie,Intervention Weekday,180,09:22:05,5,Sitting,Eating,,30,30,Active,150,1,False,True
1674,2023-11-03,Bernie,Intervention Weekday,180,09:22:20,5,Sitting,Eating,,45,45,Active,135,1,False,True
1675,2023-11-03,Bernie,Intervention Weekday,180,09:22:35,5,Sitting,Eating,,0,60,Active,120,1,False,True
1676,2023-11-03,Bernie,Intervention Weekday,180,09:22:50,6,Standing,Locomotion,,15,75,Active,105,1,False,True
1677,2023-11-03,Bernie,Intervention Weekday,180,09:23:05,Fence,Standing,Locomotion,,30,90,Active,90,1,False,True
1678,2023-11-03,Bernie,Intervention Weekday,180,09:23:20,5,Sitting,Drinking,,45,105,Active,75,1,False,True
1679,2023-11-03,Bernie,Intervention Weekday,180,09:23:35,5,Sitting,Pause,,0,120,Inactive,60,0,False,True
1680,2023-11-03,Bernie,Intervention Weekday,180,09:23:50,5,Sitting,Drinking,,15,135,Active,45,1,False,True
1681,2023-11-03,Bernie,Intervention Weekday,180,09:24:05,5,Sitting,Drinking,,30,150,Active,30,1,False,True
1682,2023-11-03,Bernie,Intervention Weekday,180,09:24:20,5,Sitting,Drinking,,45,165,Active,15,1,False,True
1683,2023-11-03,Bernie,Intervention Weekday,180,09:24:35,3,Standing,Locomotion,,0,180,Active,0,1,False,True
1686,2023-11-03,Bernie,Intervention Weekday,180,09:25:20,Shelf,Lying Down,Resting,,45,30,Inactive,150,0,False,True
1687,2023-11-03,Bernie,Intervention Weekday,180,09:25:35,5,Standing,Locomotion,,0,45,Active,135,1,False,True
1688,2023-11-03,Bernie,Intervention Weekday,180,09:25:50,5,Sitting,Eating,,15,60,Active,120,1,False,True
1689,2023-11-03,Bernie,Intervention Weekday,180,09:26:05,5,Sitting,Eating,,30,75,Active,105,1,False,True
1690,2023-11-03,Bernie,Intervention Weekday,180,09:26:20,5,Sitting,Eating,,45,90,Active,90,1,False,True
1691,2023-11-03,Bernie,Intervention Weekday,180,09:26:35,5,Sitting,Eating,,0,105,Active,75,1,False,True
1692,2023-11-03,Bernie,Intervention Weekday,180,09:26:50,3,Standing,Locomotion,,15,120,Active,60,1,False,True
1694,2023-11-03,Bernie,Intervention Weekday,180,09:27:20,5,Standing,Pause,,45,150,Inactive,30,0,False,True
1695,2023-11-03,Bernie,Intervention Weekday,180,09:27:35,5,Rearing,Pause,,0,165,Inactive,15,0,False,True
1696,2023-11-03,Bernie,Intervention Weekday,180,09:27:50,3,Standing,Locomotion,,15,180,Active,0,1,False,True
1697,2023-11-03,Bernie,Intervention Weekday,180,09:28:05,6,Standing,Locomotion,,30,0,Active,180,1,False,True
1699,2023-11-03,Bernie,Intervention Weekday,180,09:28:35,Shelf,Lying Down,Resting,,0,30,Inactive,150,0,False,True
1700,2023-11-03,Bernie,Intervention Weekday,180,09:28:50,Shelf,Lying Down,Resting,,15,45,Inactive,135,0,False,True
1701,2023-11-03,Bernie,Intervention Weekday,180,09:29:05,Shelf,Lying Down,Resting,,30,60,Inactive,120,0,False,True
1702,2023-11-03,Bernie,Intervention Weekday,180,09:29:20,Shelf,Lying Down,Resting,,45,75,Inactive,105,0,False,True
1703,2023-11-03,Bernie,Intervention Weekday,180,09:29:35,Shelf,Lying Down,Resting,,0,90,Inactive,90,0,False,True
1704,2023-11-03,Bernie,Intervention Weekday,180,09:29:50,6,Standing,Locomotion,,15,105,Active,75,1,False,True
1705,2023-11-03,Bernie,Intervention Weekday,180,09:30:05,Fence,Standing,Locomotion,,30,120,Active,60,1,False,True
1706,2023-11-03,Bernie,Intervention Weekday,180,09:30:20,5,Standing,Locomotion,,45,135,Active,45,1,False,True
1707,2023-11-03,Bernie,Intervention Weekday,180,09:30:35,5,Standing,Locomotion,,0,150,Active,30,1,False,True
1708,2023-11-03,Bernie,Intervention Weekday,180,09:30:50,5,Standing,Locomotion,,15,165,Active,15,1,False,True
1710,2023-11-03,Bernie,Intervention Weekday,180,09:31:20,Shelf,Lying Down,Resting,,45,0,Inactive,180,0,False,True
1711,2023-11-03,Bernie,Intervention Weekday,180,09:31:35,Shelf,Lying Down,Resting,,0,15,Inactive,165,0,False,True
1712,2023-11-03,Bernie,Intervention Weekday,180,09:31:50,Shelf,Lying Down,Resting,,15,30,Inactive,150,0,False,True
1713,2023-11-03,Bernie,Intervention Weekday,180,09:32:05,Shelf,Lying Down,Resting,,30,45,Inactive,135,0,False,True
1714,2023-11-03,Bernie,Intervention Weekday,180,09:32:20,Shelf,Lying Down,Resting,,45,60,Inactive,120,0,False,True
1715,2023-11-03,Bernie,Intervention Weekday,180,09:32:35,Shelf,Lying Down,Resting,,0,75,Inactive,105,0,False,True
1716,2023-11-03,Bernie,Intervention Weekday,180,09:32:50,Shelf,Lying Down,Resting,,15,90,Inactive,90,0,False,True
1717,2023-11-03,Bernie,Intervention Weekday,180,09:33:05,Shelf,Lying Down,Resting,,30,105,Inactive,75,0,False,True
1718,2023-11-03,Bernie,Intervention Weekday,180,09:33:20,Shelf,Lying Down,Resting,,45,120,Inactive,60,0,False,True
1719,2023-11-03,Bernie,Intervention Weekday,180,09:33:35,Shelf,Lying Down,Resting,,0,135,Inactive,45,0,False,True
1720,2023-11-03,Bernie,Intervention Weekday,180,09:33:50,5,Standing,Locomotion,,15,150,Active,30,1,False,True
1721,2023-11-03,Bernie,Intervention Weekday,180,09:34:05,Fence,Standing,Pause,,30,165,Inactive,15,0,False,True
1722,2023-11-03,Bernie,Intervention Weekday,180,09:34:20,1,Standing,Locomotion,,45,180,Active,0,1,False,True
1723,2023-11-03,Bernie,Intervention Weekday,180,09:34:35,Shelf,Standing,Pause,,0,0,Inactive,180,0,False,True
1724,2023-11-03,Bernie,Intervention Weekday,180,09:34:50,Shelf,Sitting,Resting,,15,15,Inactive,165,0,False,True
1725,2023-11-03,Bernie,Intervention Weekday,180,09:35:05,Shelf,Sitting,Resting,,30,30,Inactive,150,0,False,True
1726,2023-11-03,Bernie,Intervention Weekday,180,09:35:20,Shelf,Sitting,Resting,,45,45,Inactive,135,0,False,True
1727,2023-11-03,Bernie,Intervention Weekday,180,09:35:35,Shelf,Sitting,Resting,,0,60,Inactive,120,0,False,True
1728,2023-11-03,Bernie,Intervention Weekday,180,09:35:50,Shelf,Sitting,Resting,,15,75,Inactive,105,0,False,True
1729,2023-11-03,Bernie,Intervention Weekday,180,09:36:05,Shelf,Sitting,Resting,,30,90,Inactive,90,0,False,True
1907,2023-11-14,Bernie,Intervention Weekday,240,10:03:17,6,Sitting,Eating,,0,0,Active,240,1,False,True
1908,2023-11-14,Bernie,Intervention Weekday,240,10:03:32,6,Sitting,Eating,,15,15,Active,225,1,False,True
1909,2023-11-14,Bernie,Intervention Weekday,240,10:03:47,6,Sitting,Eating,,30,30,Active,210,1,False,True
1910,2023-11-14,Bernie,Intervention Weekday,240,10:04:02,6,Sitting,Manipulating Object,Feeder,45,45,Active,195,1,False,True
1911,2023-11-14,Bernie,Intervention Weekday,240,10:04:17,3,Standing,Locomotion,,0,60,Active,180,1,False,True
1912,2023-11-14,Bernie,Intervention Weekday,240,10:04:32,Shelf,Sitting,Resting,,15,75,Inactive,165,0,False,True
1913,2023-11-14,Bernie,Intervention Weekday,240,10:04:47,Shelf,Sitting,Resting,,30,90,Inactive,150,0,False,True
1914,2023-11-14,Bernie,Intervention Weekday,240,10:05:02,Shelf,Sitting,Resting,,45,105,Inactive,135,0,False,True
1915,2023-11-14,Bernie,Intervention Weekday,240,10:05:17,Shelf,Sitting,Resting,,0,120,Inactive,120,0,False,True
1916,2023-11-14,Bernie,Intervention Weekday,240,10:05:32,4,Standing,Locomotion,,15,135,Active,105,1,False,True
1917,2023-11-14,Bernie,Intervention Weekday,240,10:05:47,Shelf,Sitting,Resting,,30,150,Inactive,90,0,False,True
1918,2023-11-14,Bernie,Intervention Weekday,240,10:06:02,Shelf,Sitting,Resting,,45,165,Inactive,75,0,False,True
1919,2023-11-14,Bernie,Intervention Weekday,240,10:06:17,Shelf,Lying Down,Resting,,0,180,Inactive,60,0,False,True
1920,2023-11-14,Bernie,Intervention Weekday,240,10:06:32,Shelf,Lying Down,Resting,,15,195,Inactive,45,0,False,True
1921,2023-11-14,Bernie,Intervention Weekday,240,10:06:47,Shelf,Lying Down,Resting,,30,210,Inactive,30,0,False,True
1922,2023-11-14,Bernie,Intervention Weekday,240,10:07:02,Shelf,Lying Down,Resting,,45,225,Inactive,15,0,False,True
1923,2023-11-14,Bernie,Intervention Weekday,240,10:07:17,6,Sitting,Eating,,0,240,Active,0,1,False,True
1924,2023-11-14,Bernie,Intervention Weekday,240,10:07:32,1,Standing,Locomotion,,15,0,Active,240,1,False,True
1925,2023-11-14,Bernie,Intervention Weekday,240,10:07:47,3,Standing,Locomotion,,30,15,Active,225,1,False,True
1926,2023-11-14,Bernie,Intervention Weekday,240,10:08:02,6,Standing,Locomotion,,45,30,Active,210,1,False,True
1927,2023-11-14,Bernie,Intervention Weekday,240,10:08:17,4,Standing,Locomotion,,0,45,Active,195,1,False,True
1928,2023-11-14,Bernie,Intervention Weekday,240,10:08:32,Shelf,Lying Down,Resting,,15,60,Inactive,180,0,False,True
1929,2023-11-14,Bernie,Intervention Weekday,240,10:08:47,Shelf,Lying Down,Resting,,30,75,Inactive,165,0,False,True
1930,2023-11-14,Bernie,Intervention Weekday,240,10:09:02,Shelf,Lying Down,Resting,,45,90,Inactive,150,0,False,True
1931,2023-11-14,Bernie,Intervention Weekday,240,10:09:17,Shelf,Lying Down,Resting,,0,105,Inactive,135,0,False,True
1932,2023-11-14,Bernie,Intervention Weekday,240,10:09:32,Shelf,Lying Down,Resting,,15,120,Inactive,120,0,False,True
1933,2023-11-14,Bernie,Intervention Weekday,240,10:09:47,Shelf,Lying Down,Resting,,30,135,Inactive,105,0,False,True
1934,2023-11-14,Bernie,Intervention Weekday,240,10:10:02,Shelf,Lying Down,Resting,,45,150,Inactive,90,0,False,True
1935,2023-11-14,Bernie,Intervention Weekday,240,10:10:17,Shelf,Lying Down,Resting,,0,165,Inactive,75,0,False,True
1936,2023-11-14,Bernie,Intervention Weekday,240,10:10:32,Shelf,Lying Down,Resting,,15,180,Inactive,60,0,False,True
1937,2023-11-14,Bernie,Intervention Weekday,240,10:10:47,Shelf,Lying Down,Resting,,30,195,Inactive,45,0,False,True
1938,2023-11-14,Bernie,Intervention Weekday,240,10:11:02,Shelf,Lying Down,Resting,,45,210,Inactive,30,0,False,True
1939,2023-11-14,Bernie,Intervention Weekday,240,10:11:17,6,Sitting,Eating,,0,225,Active,15,1,False,True
1940,2023-11-14,Bernie,Intervention Weekday,240,10:11:32,6,Sitting,Eating,,15,240,Active,0,1,False,True
1941,2023-11-14,Bernie,Intervention Weekday,240,10:11:47,6,Sitting,Eating,,30,0,Active,240,1,False,True
1942,2023-11-14,Bernie,Intervention Weekday,240,10:12:02,6,Sitting,Eating,,45,15,Active,225,1,False,True
1943,2023-11-14,Bernie,Intervention Weekday,240,10:12:17,6,Sitting,Eating,,0,30,Active,210,1,False,True
1944,2023-11-14,Bernie,Intervention Weekday,240,10:12:32,4,Standing,Drinking,,15,45,Active,195,1,False,True
1945,2023-11-14,Bernie,Intervention Weekday,240,10:12:47,4,Sitting,Drinking,,30,60,Active,180,1,False,True
1946,2023-11-14,Bernie,Intervention Weekday,240,10:13:02,4,Sitting,Drinking,,45,75,Active,165,1,False,True
1947,2023-11-14,Bernie,Intervention Weekday,240,10:13:17,4,Sitting,Drinking,,0,90,Active,150,1,False,True
1948,2023-11-14,Bernie,Intervention Weekday,240,10:13:32,5,Standing,Locomotion,,15,105,Active,135,1,False,True
1949,2023-11-14,Bernie,Intervention Weekday,240,10:13:47,Fence,Standing,Locomotion,,30,120,Active,120,1,False,True
1950,2023-11-14,Bernie,Intervention Weekday,240,10:14:02,4,Standing,Locomotion,,45,135,Active,105,1,False,True
1952,2023-11-14,Bernie,Intervention Weekday,240,10:14:32,Shelf,Sitting,Resting,,15,165,Inactive,75,0,False,True
1953,2023-11-14,Bernie,Intervention Weekday,240,10:14:47,6,Standing,Locomotion,,30,180,Active,60,1,False,True
1954,2023-11-14,Bernie,Intervention Weekday,240,10:15:02,5,Rearing,Locomotion,,45,195,Active,45,1,False,True
1955,2023-11-14,Bernie,Intervention Weekday,240,10:15:17,6,Sitting,Eating,,0,210,Active,30,1,False,True
1956,2023-11-14,Bernie,Intervention Weekday,240,10:15:32,6,Sitting,Eating,,15,225,Active,15,1,False,True
1957,2023-11-14,Bernie,Intervention Weekday,240,10:15:47,6,Standing,Locomotion,,30,240,Active,0,1,False,True
1958,2023-11-14,Bernie,Intervention Weekday,240,10:16:02,Shelf,Sitting,Resting,,45,0,Inactive,240,0,False,True
1959,2023-11-14,Bernie,Intervention Weekday,240,10:16:17,Shelf,Sitting,Resting,,0,15,Inactive,225,0,False,True
1960,2023-11-14,Bernie,Intervention Weekday,240,10:16:32,Shelf,Lying Down,Resting,,15,30,Inactive,210,0,False,True
1961,2023-11-14,Bernie,Intervention Weekday,240,10:16:47,Shelf,Lying Down,Resting,,30,45,Inactive,195,0,False,True
1962,2023-11-14,Bernie,Intervention Weekday,240,10:17:02,Shelf,Lying Down,Resting,,45,60,Inactive,180,0,False,True
1963,2023-11-14,Bernie,Intervention Weekday,240,10:17:17,Shelf,Lying Down,Resting,,0,75,Inactive,165,0,False,True
1964,2023-11-14,Bernie,Intervention Weekday,240,10:17:32,Shelf,Lying Down,Resting,,15,90,Inactive,150,0,False,True
1965,2023-11-14,Bernie,Intervention Weekday,240,10:17:47,Shelf,Lying Down,Resting,,30,105,Inactive,135,0,False,True
1966,2023-11-16,Bernie,Intervention Weekday,240,09:53:38,Shelf,Lying Down,Resting,,0,0,Inactive,240,0,False,True
1967,2023-11-16,Bernie,Intervention Weekday,240,09:53:53,Shelf,Lying Down,Resting,,15,15,Inactive,225,0,False,True
1968,2023-11-16,Bernie,Intervention Weekday,240,09:54:08,Shelf,Lying Down,Resting,,30,30,Inactive,210,0,False,True
1969,2023-11-16,Bernie,Intervention Weekday,240,09:54:23,Shelf,Lying Down,Resting,,45,45,Inactive,195,0,False,True
1970,2023-11-16,Bernie,Intervention Weekday,240,09:54:38,6,Standing,Locomotion,,0,60,Active,180,1,False,True
1971,2023-11-16,Bernie,Intervention Weekday,240,09:54:53,6,Rearing,Locomotion,,15,75,Active,165,1,False,True
1972,2023-11-16,Bernie,Intervention Weekday,240,09:55:08,6,Rearing,Locomotion,,30,90,Active,150,1,False,True
1973,2023-11-16,Bernie,Intervention Weekday,240,09:55:23,4,Standing,Locomotion,,45,105,Active,135,1,False,True
1974,2023-11-16,Bernie,Intervention Weekday,240,09:55:38,6,Standing,Locomotion,,0,120,Active,120,1,False,True
1975,2023-11-16,Bernie,Intervention Weekday,240,09:55:53,Fence,Standing,Pause,,15,135,Inactive,105,0,False,True
1976,2023-11-16,Bernie,Intervention Weekday,240,09:56:08,4,Standing,Locomotion,,30,150,Active,90,1,False,True
1977,2023-11-16,Bernie,Intervention Weekday,240,09:56:23,6,Rearing,Locomotion,,45,165,Active,75,1,False,True
1978,2023-11-16,Bernie,Intervention Weekday,240,09:56:38,6,Rearing,Locomotion,,0,180,Active,60,1,False,True
1979,2023-11-16,Bernie,Intervention Weekday,240,09:56:53,Fence,Standing,Locomotion,,15,195,Active,45,1,False,True
1980,2023-11-16,Bernie,Intervention Weekday,240,09:57:08,6,Standing,Locomotion,,30,210,Active,30,1,False,True
1981,2023-11-16,Bernie,Intervention Weekday,240,09:57:23,Shelf,Sitting,Resting,,45,225,Inactive,15,0,False,True
1982,2023-11-16,Bernie,Intervention Weekday,240,09:57:38,6,Standing,Locomotion,,0,240,Active,0,1,False,True
1983,2023-11-16,Bernie,Intervention Weekday,240,09:57:53,1,Standing,Locomotion,,15,0,Active,240,1,False,True
1985,2023-11-16,Bernie,Intervention Weekday,240,09:58:23,Fence,Standing,Locomotion,,45,30,Active,210,1,False,True
1986,2023-11-16,Bernie,Intervention Weekday,240,09:58:38,5,Rearing,Locomotion,,0,45,Active,195,1,False,True
1987,2023-11-16,Bernie,Intervention Weekday,240,09:58:53,5,Rearing,Locomotion,,15,60,Active,180,1,False,True
1988,2023-11-16,Bernie,Intervention Weekday,240,09:59:08,2,Standing,Locomotion,,30,75,Active,165,1,False,True
1989,2023-11-16,Bernie,Intervention Weekday,240,09:59:23,Shelf,Sitting,Resting,,45,90,Inactive,150,0,False,True
1990,2023-11-16,Bernie,Intervention Weekday,240,09:59:38,6,Rearing,Pause,,0,105,Inactive,135,0,False,True
1991,2023-11-16,Bernie,Intervention Weekday,240,09:59:53,6,Standing,Locomotion,,15,120,Active,120,1,False,True
1992,2023-11-16,Bernie,Intervention Weekday,240,10:00:08,6,Rearing,Locomotion,,30,135,Active,105,1,False,True
1993,2023-11-16,Bernie,Intervention Weekday,240,10:00:23,Shelf,Sitting,Resting,,45,150,Inactive,90,0,False,True
1994,2023-11-16,Bernie,Intervention Weekday,240,10:00:38,Shelf,Sitting,Resting,,0,165,Inactive,75,0,False,True
1995,2023-11-16,Bernie,Intervention Weekday,240,10:00:53,Fence,Standing,Locomotion,,15,180,Active,60,1,False,True
1996,2023-11-16,Bernie,Intervention Weekday,240,10:01:08,Fence,Standing,Locomotion,,30,195,Active,45,1,False,True
1997,2023-11-16,Bernie,Intervention Weekday,240,10:01:23,Shelf,Standing,Locomotion,,45,210,Active,30,1,False,True
1998,2023-11-16,Bernie,Intervention Weekday,240,10:01:38,Shelf,Sitting,Resting,,0,225,Inactive,15,0,False,True
1999,2023-11-16,Bernie,Intervention Weekday,240,10:01:53,Shelf,Sitting,Resting,,15,240,Inactive,0,0,False,True
2000,2023-11-16,Bernie,Intervention Weekday,240,10:02:08,Shelf,Lying Down,Resting,,30,0,Inactive,240,0,False,True
2001,2023-11-16,Bernie,Intervention Weekday,240,10:02:23,Shelf,Lying Down,Resting,,45,15,Inactive,225,0,False,True
2002,2023-11-16,Bernie,Intervention Weekday,240,10:02:38,Shelf,Lying Down,Resting,,0,30,Inactive,210,0,False,True
2003,2023-11-16,Bernie,Intervention Weekday,240,10:02:53,Shelf,Lying Down,Resting,,15,45,Inactive,195,0,False,True
2004,2023-11-16,Bernie,Intervention Weekday,240,10:03:08,Shelf,Lying Down,Resting,,30,60,Inactive,180,0,False,True
2006,2023-11-16,Bernie,Intervention Weekday,240,10:03:38,Shelf,Sitting,Resting,,0,90,Inactive,150,0,False,True
2007,2023-11-16,Bernie,Intervention Weekday,240,10:03:53,Shelf,Sitting,Resting,,15,105,Inactive,135,0,False,True
2008,2023-11-16,Bernie,Intervention Weekday,240,10:04:08,6,Rearing,Pause,,30,120,Inactive,120,0,False,True
2009,2023-11-16,Bernie,Intervention Weekday,240,10:04:23,Fence,Standing,Pause,,45,135,Inactive,105,0,False,True
2010,2023-11-16,Bernie,Intervention Weekday,240,10:04:38,6,Sitting,Eating,,0,150,Active,90,1,False,True
2011,2023-11-16,Bernie,Intervention Weekday,240,10:04:53,6,Sitting,Eating,,15,165,Active,75,1,False,True
2012,2023-11-16,Bernie,Intervention Weekday,240,10:05:08,6,Sitting,Eating,,30,180,Active,60,1,False,True
2013,2023-11-16,Bernie,Intervention Weekday,240,10:05:23,6,Sitting,Eating,,45,195,Active,45,1,False,True
2014,2023-11-16,Bernie,Intervention Weekday,240,10:05:38,6,Sitting,Eating,,0,210,Active,30,1,False,True
2015,2023-11-16,Bernie,Intervention Weekday,240,10:05:53,6,Sitting,Eating,,15,225,Active,15,1,False,True
2016,2023-11-16,Bernie,Intervention Weekday,240,10:06:08,6,Sitting,Eating,,30,240,Active,0,1,False,True
2017,2023-11-16,Bernie,Intervention Weekday,240,10:06:23,6,Sitting,Pause,,45,0,Inactive,240,0,False,True
2018,2023-11-16,Bernie,Intervention Weekday,240,10:06:38,Fence,Standing,Locomotion,,0,15,Active,225,1,False,True
2019,2023-11-16,Bernie,Intervention Weekday,240,10:06:53,6,Standing,Locomotion,,15,30,Active,210,1,False,True
2020,2023-11-16,Bernie,Intervention Weekday,240,10:07:08,6,Sitting,Drinking,,30,45,Active,195,1,False,True
2021,2023-11-16,Bernie,Intervention Weekday,240,10:07:23,Fence,Standing,Pause,,45,60,Inactive,180,0,False,True
2022,2023-11-16,Bernie,Intervention Weekday,240,10:07:38,6,Sitting,Drinking,,0,75,Active,165,1,False,True
2023,2023-11-16,Bernie,Intervention Weekday,240,10:07:53,6,Rearing,Locomotion,,15,90,Active,150,1,False,True
2024,2023-11-16,Bernie,Intervention Weekday,240,10:08:08,6,Standing,Locomotion,,30,105,Active,135,1,False,True
2143,2023-11-29,Bernie,Intervention Weekday,300,09:05:26,6,Sitting,Eating,,0,0,Active,300,1,False,True
2144,2023-11-29,Bernie,Intervention Weekday,300,09:05:41,3,Standing,Locomotion,,15,15,Active,285,1,False,True
2145,2023-11-29,Bernie,Intervention Weekday,300,09:05:56,6,Rearing,Pause,,30,30,Inactive,270,0,False,True
2146,2023-11-29,Bernie,Intervention Weekday,300,09:06:11,6,Rearing,Pause,,45,45,Inactive,255,0,False,True
2147,2023-11-29,Bernie,Intervention Weekday,300,09:06:26,6,Rearing,Pause,,0,60,Inactive,240,0,False,True
2148,2023-11-29,Bernie,Intervention Weekday,300,09:06:41,Fence,Rearing,Pause,,15,75,Inactive,225,0,False,True
2149,2023-11-29,Bernie,Intervention Weekday,300,09:06:56,6,Rearing,Pause,,30,90,Inactive,210,0,False,True
2150,2023-11-29,Bernie,Intervention Weekday,300,09:07:11,Fence,Rearing,Pause,,45,105,Inactive,195,0,False,True
2151,2023-11-29,Bernie,Intervention Weekday,300,09:07:26,6,Standing,Locomotion,,0,120,Active,180,1,False,True
2152,2023-11-29,Bernie,Intervention Weekday,300,09:07:41,6,Rearing,Pause,,15,135,Inactive,165,0,False,True
2153,2023-11-29,Bernie,Intervention Weekday,300,09:07:56,5,Standing,Locomotion,,30,150,Active,150,1,False,True
2154,2023-11-29,Bernie,Intervention Weekday,300,09:08:11,3,Standing,Locomotion,,45,165,Active,135,1,False,True
2156,2023-11-29,Bernie,Intervention Weekday,300,09:08:41,Shelf,Lying Down,Resting,,15,195,Inactive,105,0,False,True
2157,2023-11-29,Bernie,Intervention Weekday,300,09:08:56,Shelf,Lying Down,Resting,,30,210,Inactive,90,0,False,True
2158,2023-11-29,Bernie,Intervention Weekday,300,09:09:11,6,Rearing,Pause,,45,225,Inactive,75,0,False,True
2159,2023-11-29,Bernie,Intervention Weekday,300,09:09:26,4,Standing,Drinking,Water Bowl,0,240,Active,60,1,False,True
2160,2023-11-29,Bernie,Intervention Weekday,300,09:09:41,4,Sitting,Drinking,,15,255,Active,45,1,False,True
2161,2023-11-29,Bernie,Intervention Weekday,300,09:09:56,4,Sitting,Drinking,,30,270,Active,30,1,False,True
2162,2023-11-29,Bernie,Intervention Weekday,300,09:10:11,6,Rearing,Locomotion,,45,285,Active,15,1,False,True
2163,2023-11-29,Bernie,Intervention Weekday,300,09:10:26,3,Standing,Locomotion,,0,300,Active,0,1,False,True
2164,2023-11-29,Bernie,Intervention Weekday,300,09:10:41,4,Standing,Drinking,,15,0,Active,300,1,False,True
2165,2023-11-29,Bernie,Intervention Weekday,300,09:10:56,6,Sitting,Eating,,30,15,Active,285,1,False,True
2166,2023-11-29,Bernie,Intervention Weekday,300,09:11:11,6,Sitting,Eating,,45,30,Active,270,1,False,True
2167,2023-11-29,Bernie,Intervention Weekday,300,09:11:26,6,Sitting,Eating,,0,45,Active,255,1,False,True
2168,2023-11-29,Bernie,Intervention Weekday,300,09:11:41,6,Sitting,Eating,,15,60,Active,240,1,False,True
2169,2023-11-29,Bernie,Intervention Weekday,300,09:11:56,6,Sitting,Pause,,30,75,Inactive,225,0,False,True
2170,2023-11-29,Bernie,Intervention Weekday,300,09:12:11,5,Standing,Locomotion,,45,90,Active,210,1,False,True
2171,2023-11-29,Bernie,Intervention Weekday,300,09:12:26,6,Sitting,Eating,,0,105,Active,195,1,False,True
2172,2023-11-29,Bernie,Intervention Weekday,300,09:12:41,6,Sitting,Eating,,15,120,Active,180,1,False,True
2173,2023-11-29,Bernie,Intervention Weekday,300,09:12:56,6,Rearing,Pause,,30,135,Inactive,165,0,False,True
2174,2023-11-29,Bernie,Intervention Weekday,300,09:13:11,6,Rearing,Pause,,45,150,Inactive,150,0,False,True
2175,2023-11-29,Bernie,Intervention Weekday,300,09:13:26,4,Standing,Drinking,,0,165,Active,135,1,False,True
2176,2023-11-29,Bernie,Intervention Weekday,300,09:13:41,6,Rearing,Pause,,15,180,Inactive,120,0,False,True
2177,2023-11-29,Bernie,Intervention Weekday,300,09:13:56,6,Standing,Locomotion,,30,195,Active,105,1,False,True
2178,2023-11-29,Bernie,Intervention Weekday,300,09:14:11,5,Rearing,Pause,,45,210,Inactive,90,0,False,True
2179,2023-11-29,Bernie,Intervention Weekday,300,09:14:26,Fence,Standing,Pause,,0,225,Inactive,75,0,False,True
2180,2023-11-29,Bernie,Intervention Weekday,300,09:14:41,6,Rearing,Pause,,15,240,Inactive,60,0,False,True
2181,2023-11-29,Bernie,Intervention Weekday,300,09:14:56,2,Standing,Locomotion,,30,255,Active,45,1,False,True
2182,2023-11-29,Bernie,Intervention Weekday,300,09:15:11,6,Rearing,Pause,,45,270,Inactive,30,0,False,True
2183,2023-11-29,Bernie,Intervention Weekday,300,09:15:26,6,Rearing,Pause,,0,285,Inactive,15,0,False,True
2184,2023-11-29,Bernie,Intervention Weekday,300,09:15:41,3,Standing,Locomotion,,15,300,Active,0,1,False,True
2185,2023-11-29,Bernie,Intervention Weekday,300,09:15:56,1,Standing,Locomotion,,30,0,Active,300,1,False,True
2186,2023-11-29,Bernie,Intervention Weekday,300,09:16:11,Fence,Standing,Pause,,45,15,Inactive,285,0,False,True
2188,2023-11-29,Bernie,Intervention Weekday,300,09:16:41,Fence,Standing,Pause,,15,45,Inactive,255,0,False,True
2189,2023-11-29,Bernie,Intervention Weekday,300,09:16:56,2,Standing,Locomotion,,30,60,Active,240,1,False,True
2190,2023-11-29,Bernie,Intervention Weekday,300,09:17:11,6,Rearing,Pause,,45,75,Inactive,225,0,False,True
2191,2023-11-29,Bernie,Intervention Weekday,300,09:17:26,6,Rearing,Locomotion,,0,90,Active,210,1,False,True
2192,2023-11-29,Bernie,Intervention Weekday,300,09:17:41,Shelf,Lying Down,Resting,,15,105,Inactive,195,0,False,True
2193,2023-11-29,Bernie,Intervention Weekday,300,09:17:56,Shelf,Lying Down,Resting,,30,120,Inactive,180,0,False,True
2194,2023-11-29,Bernie,Intervention Weekday,300,09:18:11,Shelf,Lying Down,Resting,,45,135,Inactive,165,0,False,True
2195,2023-11-29,Bernie,Intervention Weekday,300,09:18:26,Shelf,Lying Down,Resting,,0,150,Inactive,150,0,False,True
2196,2023-11-29,Bernie,Intervention Weekday,300,09:18:41,6,Rearing,Pause,,15,165,Inactive,135,0,False,True
2197,2023-11-29,Bernie,Intervention Weekday,300,09:18:56,4,Sitting,Drinking,,30,180,Active,120,1,False,True
2198,2023-11-29,Bernie,Intervention Weekday,300,09:19:11,4,Sitting,Drinking,,45,195,Active,105,1,False,True
2199,2023-11-29,Bernie,Intervention Weekday,300,09:19:26,6,Rearing,Pause,,0,210,Inactive,90,0,False,True
2200,2023-11-29,Bernie,Intervention Weekday,300,09:19:41,6,Rearing,Pause,,15,225,Inactive,75,0,False,True
2201,2023-11-29,Bernie,Intervention Weekday,300,09:19:56,4,Sitting,Drinking,,30,240,Active,60,1,False,True
2202,2023-12-01,Bernie,Intervention Weekday,300,10:13:35,5,Sitting,Eating,,0,0,Active,300,1,False,True
2203,2023-12-01,Bernie,Intervention Weekday,300,10:13:50,6,Rearing,Pause,,15,15,Inactive,285,0,False,True
2204,2023-12-01,Bernie,Intervention Weekday,300,10:14:05,6,Rearing,Pause,,30,30,Inactive,270,0,False,True
2205,2023-12-01,Bernie,Intervention Weekday,300,10:14:20,Fence,Standing,Locomotion,,45,45,Active,255,1,False,True
2206,2023-12-01,Bernie,Intervention Weekday,300,10:14:35,Shelf,Sitting,Resting,,0,60,Inactive,240,0,False,True
2207,2023-12-01,Bernie,Intervention Weekday,300,10:14:50,Shelf,Sitting,Resting,,15,75,Inactive,225,0,False,True
2208,2023-12-01,Bernie,Intervention Weekday,300,10:15:05,6,Rearing,Locomotion,,30,90,Active,210,1,False,True
2209,2023-12-01,Bernie,Intervention Weekday,300,10:15:20,Fence,Standing,Pause,,45,105,Inactive,195,0,False,True
2210,2023-12-01,Bernie,Intervention Weekday,300,10:15:35,Shelf,Sitting,Resting,,0,120,Inactive,180,0,False,True
2211,2023-12-01,Bernie,Intervention Weekday,300,10:15:50,Shelf,Lying Down,Resting,,15,135,Inactive,165,0,False,True
2212,2023-12-01,Bernie,Intervention Weekday,300,10:16:05,Shelf,Lying Down,Resting,,30,150,Inactive,150,0,False,True
2213,2023-12-01,Bernie,Intervention Weekday,300,10:16:20,Shelf,Lying Down,Resting,,45,165,Inactive,135,0,False,True
2214,2023-12-01,Bernie,Intervention Weekday,300,10:16:35,Shelf,Lying Down,Resting,,0,180,Inactive,120,0,False,True
2215,2023-12-01,Bernie,Intervention Weekday,300,10:16:50,Shelf,Lying Down,Resting,,15,195,Inactive,105,0,False,True
2216,2023-12-01,Bernie,Intervention Weekday,300,10:17:05,Shelf,Lying Down,Resting,,30,210,Inactive,90,0,False,True
2217,2023-12-01,Bernie,Intervention Weekday,300,10:17:20,6,Standing,Locomotion,,45,225,Active,75,1,False,True
2218,2023-12-01,Bernie,Intervention Weekday,300,10:17:35,5,Rearing,Pause,,0,240,Inactive,60,0,False,True
2219,2023-12-01,Bernie,Intervention Weekday,300,10:17:50,4,Standing,Locomotion,,15,255,Active,45,1,False,True
2222,2023-12-01,Bernie,Intervention Weekday,300,10:18:35,5,Sitting,Eating,,0,300,Active,0,1,False,True
2223,2023-12-01,Bernie,Intervention Weekday,300,10:18:50,5,Standing,Locomotion,,15,0,Active,300,1,False,True
2224,2023-12-01,Bernie,Intervention Weekday,300,10:19:05,4,Sitting,Drinking,,30,15,Active,285,1,False,True
2225,2023-12-01,Bernie,Intervention Weekday,300,10:19:20,4,Sitting,Drinking,,45,30,Active,270,1,False,True
2226,2023-12-01,Bernie,Intervention Weekday,300,10:19:35,4,Sitting,Drinking,,0,45,Active,255,1,False,True
2227,2023-12-01,Bernie,Intervention Weekday,300,10:19:50,6,Rearing,Pause,,15,60,Inactive,240,0,False,True
2228,2023-12-01,Bernie,Intervention Weekday,300,10:20:05,4,Standing,Locomotion,,30,75,Active,225,1,False,True
2229,2023-12-01,Bernie,Intervention Weekday,300,10:20:20,6,Standing,Grooming,,45,90,Active,210,1,False,True
2230,2023-12-01,Bernie,Intervention Weekday,300,10:20:35,6,Sitting,Eating,,0,105,Active,195,1,False,True
2231,2023-12-01,Bernie,Intervention Weekday,300,10:20:50,6,Sitting,Grooming,,15,120,Active,180,1,False,True
2232,2023-12-01,Bernie,Intervention Weekday,300,10:21:05,6,Sitting,Grooming,,30,135,Active,165,1,False,True
2233,2023-12-01,Bernie,Intervention Weekday,300,10:21:20,6,Sitting,Grooming,,45,150,Active,150,1,False,True
2234,2023-12-01,Bernie,Intervention Weekday,300,10:21:35,6,Sitting,Resting,,0,165,Inactive,135,0,False,True
2235,2023-12-01,Bernie,Intervention Weekday,300,10:21:50,6,Rearing,Pause,,15,180,Inactive,120,0,False,True
2237,2023-12-01,Bernie,Intervention Weekday,300,10:22:20,Shelf,Lying Down,Resting,,45,210,Inactive,90,0,False,True
2238,2023-12-01,Bernie,Intervention Weekday,300,10:22:35,Shelf,Lying Down,Resting,,0,225,Inactive,75,0,False,True
2239,2023-12-01,Bernie,Intervention Weekday,300,10:22:50,Shelf,Lying Down,Resting,,15,240,Inactive,60,0,False,True
2240,2023-12-01,Bernie,Intervention Weekday,300,10:23:05,6,Rearing,Locomotion,,30,255,Active,45,1,False,True
2241,2023-12-01,Bernie,Intervention Weekday,300,10:23:20,4,Standing,Locomotion,,45,270,Active,30,1,False,True
2242,2023-12-01,Bernie,Intervention Weekday,300,10:23:35,6,Sitting,Eating,,0,285,Active,15,1,False,True
2243,2023-12-01,Bernie,Intervention Weekday,300,10:23:50,6,Sitting,Eating,,15,300,Active,0,1,False,True
2244,2023-12-01,Bernie,Intervention Weekday,300,10:24:05,6,Sitting,Eating,,30,0,Active,300,1,False,True
2245,2023-12-01,Bernie,Intervention Weekday,300,10:24:20,6,Sitting,Eating,,45,15,Active,285,1,False,True
2246,2023-12-01,Bernie,Intervention Weekday,300,10:24:35,4,Sitting,Drinking,,0,30,Active,270,1,False,True
2247,2023-12-01,Bernie,Intervention Weekday,300,10:24:50,4,Sitting,Drinking,,15,45,Active,255,1,False,True
2248,2023-12-01,Bernie,Intervention Weekday,300,10:25:05,4,Sitting,Drinking,,30,60,Active,240,1,False,True
2249,2023-12-01,Bernie,Intervention Weekday,300,10:25:20,4,Sitting,Drinking,,45,75,Active,225,1,False,True
2250,2023-12-01,Bernie,Intervention Weekday,300,10:25:35,4,Standing,Locomotion,,0,90,Active,210,1,False,True
2251,2023-12-01,Bernie,Intervention Weekday,300,10:25:50,Fence,Standing,Pause,,15,105,Inactive,195,0,False,True
2253,2023-12-01,Bernie,Intervention Weekday,300,10:26:20,Shelf,Lying Down,Resting,,45,135,Inactive,165,0,False,True
2254,2023-12-01,Bernie,Intervention Weekday,300,10:26:35,Shelf,Lying Down,Resting,,0,150,Inactive,150,0,False,True
2255,2023-12-01,Bernie,Intervention Weekday,300,10:26:50,Shelf,Lying Down,Resting,,15,165,Inactive,135,0,False,True
2256,2023-12-01,Bernie,Intervention Weekday,300,10:27:05,Shelf,Lying Down,Resting,,30,180,Inactive,120,0,False,True
2257,2023-12-01,Bernie,Intervention Weekday,300,10:27:20,Shelf,Lying Down,Resting,,45,195,Inactive,105,0,False,True
2258,2023-12-01,Bernie,Intervention Weekday,300,10:27:35,Shelf,Lying Down,Resting,,0,210,Inactive,90,0,False,True
2259,2023-12-01,Bernie,Intervention Weekday,300,10:27:50,Shelf,Lying Down,Resting,,15,225,Inactive,75,0,False,True
2260,2023-12-01,Bernie,Intervention Weekday,300,10:28:05,Shelf,Lying Down,Resting,,30,240,Inactive,60,0,False,True
2438,2023-07-13,Minerva,Intervention Weekday,60,09:46:44,5,Sitting,Resting,,0,0,Inactive,60,0,False,True
2439,2023-07-13,Minerva,Intervention Weekday,60,09:46:59,5,Sitting,Resting,,15,15,Inactive,45,0,False,True
2440,2023-07-13,Minerva,Intervention Weekday,60,09:47:14,5,Sitting,Resting,,30,30,Inactive,30,0,False,True
2441,2023-07-13,Minerva,Intervention Weekday,60,09:47:29,5,Sitting,Resting,,45,45,Inactive,15,0,False,True
2442,2023-07-13,Minerva,Intervention Weekday,60,09:47:44,5,Sitting,Resting,,0,60,Inactive,0,0,False,True
2443,2023-07-13,Minerva,Intervention Weekday,60,09:47:59,5,Sitting,Resting,,15,0,Inactive,60,0,False,True
2444,2023-07-13,Minerva,Intervention Weekday,60,09:48:14,5,Sitting,Resting,,30,15,Inactive,45,0,False,True
2445,2023-07-13,Minerva,Intervention Weekday,60,09:48:29,5,Sitting,Resting,,45,30,Inactive,30,0,False,True
2446,2023-07-13,Minerva,Intervention Weekday,60,09:48:44,5,Sitting,Resting,,0,45,Inactive,15,0,False,True
2447,2023-07-13,Minerva,Intervention Weekday,60,09:48:59,5,Sitting,Resting,,15,60,Inactive,0,0,False,True
2448,2023-07-13,Minerva,Intervention Weekday,60,09:49:14,5,Sitting,Resting,,30,0,Inactive,60,0,False,True
2449,2023-07-13,Minerva,Intervention Weekday,60,09:49:29,5,Sitting,Resting,,45,15,Inactive,45,0,False,True
2450,2023-07-13,Minerva,Intervention Weekday,60,09:49:44,5,Sitting,Resting,,0,30,Inactive,30,0,False,True
2451,2023-07-13,Minerva,Intervention Weekday,60,09:49:59,5,Sitting,Resting,,15,45,Inactive,15,0,False,True
2452,2023-07-13,Minerva,Intervention Weekday,60,09:50:14,6,Sitting,Pause,,30,60,Inactive,0,0,False,True
2453,2023-07-13,Minerva,Intervention Weekday,60,09:50:29,6,Sitting,Drinking,,45,0,Active,60,1,False,True
2454,2023-07-13,Minerva,Intervention Weekday,60,09:50:44,6,Sitting,Drinking,,0,15,Active,45,1,False,True
2455,2023-07-13,Minerva,Intervention Weekday,60,09:50:59,6,Sitting,Drinking,,15,30,Active,30,1,False,True
2456,2023-07-13,Minerva,Intervention Weekday,60,09:51:14,5,Standing,Locomotion,,30,45,Active,15,1,False,True
2457,2023-07-13,Minerva,Intervention Weekday,60,09:51:29,5,Sitting,Resting,,45,60,Inactive,0,0,False,True
2458,2023-07-13,Minerva,Intervention Weekday,60,09:51:44,5,Sitting,Resting,,0,0,Inactive,60,0,False,True
2459,2023-07-13,Minerva,Intervention Weekday,60,09:51:59,5,Sitting,Resting,,15,15,Inactive,45,0,False,True
2460,2023-07-13,Minerva,Intervention Weekday,60,09:52:14,5,Sitting,Resting,,30,30,Inactive,30,0,False,True
2461,2023-07-13,Minerva,Intervention Weekday,60,09:52:29,5,Sitting,Resting,,45,45,Inactive,15,0,False,True
2462,2023-07-13,Minerva,Intervention Weekday,60,09:52:44,5,Sitting,Resting,,0,60,Inactive,0,0,False,True
2463,2023-07-13,Minerva,Intervention Weekday,60,09:52:59,5,Sitting,Resting,,15,0,Inactive,60,0,False,True
2464,2023-07-13,Minerva,Intervention Weekday,60,09:53:14,5,Sitting,Resting,,30,15,Inactive,45,0,False,True
2465,2023-07-13,Minerva,Intervention Weekday,60,09:53:29,5,Sitting,Resting,,45,30,Inactive,30,0,False,True
2466,2023-07-13,Minerva,Intervention Weekday,60,09:53:44,5,Sitting,Resting,,0,45,Inactive,15,0,False,True
2467,2023-07-13,Minerva,Intervention Weekday,60,09:53:59,5,Sitting,Resting,,15,60,Inactive,0,0,False,True
2468,2023-07-13,Minerva,Intervention Weekday,60,09:54:14,5,Sitting,Resting,,30,0,Inactive,60,0,False,True
2469,2023-07-13,Minerva,Intervention Weekday,60,09:54:29,5,Sitting,Resting,,45,15,Inactive,45,0,False,True
2470,2023-07-13,Minerva,Intervention Weekday,60,09:54:44,5,Sitting,Resting,,0,30,Inactive,30,0,False,True
2471,2023-07-13,Minerva,Intervention Weekday,60,09:54:59,5,Sitting,Resting,,15,45,Inactive,15,0,False,True
2472,2023-07-13,Minerva,Intervention Weekday,60,09:55:14,5,Sitting,Manipulating Object,Fencing,30,60,Active,0,1,False,True
2473,2023-07-13,Minerva,Intervention Weekday,60,09:55:29,5,Sitting,Manipulating Object,Fencing,45,0,Active,60,1,False,True
2474,2023-07-13,Minerva,Intervention Weekday,60,09:55:44,5,Sitting,Resting,,0,15,Inactive,45,0,False,True
2475,2023-07-13,Minerva,Intervention Weekday,60,09:55:59,5,Sitting,Resting,,15,30,Inactive,30,0,False,True
2476,2023-07-13,Minerva,Intervention Weekday,60,09:56:14,5,Sitting,Resting,,30,45,Inactive,15,0,False,True
2477,2023-07-13,Minerva,Intervention Weekday,60,09:56:29,5,Sitting,Resting,,45,60,Inactive,0,0,False,True
2478,2023-07-13,Minerva,Intervention Weekday,60,09:56:44,4,Sitting,Resting,,0,0,Inactive,60,0,False,True
2479,2023-07-13,Minerva,Intervention Weekday,60,09:56:59,4,Sitting,Resting,,15,15,Inactive,45,0,False,True
2480,2023-07-13,Minerva,Intervention Weekday,60,09:57:14,4,Sitting,Resting,,30,30,Inactive,30,0,False,True
2481,2023-07-13,Minerva,Intervention Weekday,60,09:57:29,5,Sitting,Resting,,45,45,Inactive,15,0,False,True
2482,2023-07-13,Minerva,Intervention Weekday,60,09:57:44,5,Sitting,Resting,,0,60,Inactive,0,0,False,True
2483,2023-07-13,Minerva,Intervention Weekday,60,09:57:59,5,Sitting,Resting,,15,0,Inactive,60,0,False,True
2484,2023-07-13,Minerva,Intervention Weekday,60,09:58:14,5,Sitting,Resting,,30,15,Inactive,45,0,False,True
2485,2023-07-13,Minerva,Intervention Weekday,60,09:58:29,5,Sitting,Resting,,45,30,Inactive,30,0,False,True
2486,2023-07-13,Minerva,Intervention Weekday,60,09:58:44,5,Sitting,Resting,,0,45,Inactive,15,0,False,True
2487,2023-07-13,Minerva,Intervention Weekday,60,09:58:59,5,Sitting,Resting,,15,60,Inactive,0,0,False,True
2488,2023-07-13,Minerva,Intervention Weekday,60,09:59:14,5,Sitting,Resting,,30,0,Inactive,60,0,False,True
2489,2023-07-13,Minerva,Intervention Weekday,60,09:59:29,5,Sitting,Resting,,45,15,Inactive,45,0,False,True
2490,2023-07-13,Minerva,Intervention Weekday,60,09:59:44,5,Sitting,Resting,,0,30,Inactive,30,0,False,True
2491,2023-07-13,Minerva,Intervention Weekday,60,09:59:59,5,Sitting,Resting,,15,45,Inactive,15,0,False,True
2492,2023-07-13,Minerva,Intervention Weekday,60,10:00:14,5,Sitting,Resting,,30,60,Inactive,0,0,False,True
2493,2023-07-13,Minerva,Intervention Weekday,60,10:00:29,5,Lying Down,Resting,,45,0,Inactive,60,0,False,True
2494,2023-07-13,Minerva,Intervention Weekday,60,10:00:44,5,Lying Down,Resting,,0,15,Inactive,45,0,False,True
2495,2023-07-13,Minerva,Intervention Weekday,60,10:00:59,5,Lying Down,Resting,,15,30,Inactive,30,0,False,True
2496,2023-07-13,Minerva,Intervention Weekday,60,10:01:14,5,Lying Down,Resting,,30,45,Inactive,15,0,False,True
2497,2023-07-14,Minerva,Intervention Weekday,60,09:02:04,5,Sitting,Eating,,0,0,Active,60,1,False,True
2498,2023-07-14,Minerva,Intervention Weekday,60,09:02:19,5,Sitting,Eating,,15,15,Active,45,1,False,True
2499,2023-07-14,Minerva,Intervention Weekday,60,09:02:34,5,Sitting,Resting,,30,30,Inactive,30,0,False,True
2500,2023-07-14,Minerva,Intervention Weekday,60,09:02:49,5,Sitting,Resting,,45,45,Inactive,15,0,False,True
2501,2023-07-14,Minerva,Intervention Weekday,60,09:03:04,5,Sitting,Resting,,0,60,Inactive,0,0,False,True
2502,2023-07-14,Minerva,Intervention Weekday,60,09:03:19,5,Sitting,Eating,,15,0,Active,60,1,False,True
2503,2023-07-14,Minerva,Intervention Weekday,60,09:03:34,5,Sitting,Resting,,30,15,Inactive,45,0,False,True
2504,2023-07-14,Minerva,Intervention Weekday,60,09:03:49,5,Sitting,Resting,,45,30,Inactive,30,0,False,True
2505,2023-07-14,Minerva,Intervention Weekday,60,09:04:04,5,Sitting,Resting,,0,45,Inactive,15,0,False,True
2506,2023-07-14,Minerva,Intervention Weekday,60,09:04:19,5,Sitting,Eating,,15,60,Active,0,1,False,True
2507,2023-07-14,Minerva,Intervention Weekday,60,09:04:34,5,Sitting,Resting,,30,0,Inactive,60,0,False,True
2508,2023-07-14,Minerva,Intervention Weekday,60,09:04:49,5,Sitting,Resting,,45,15,Inactive,45,0,False,True
2509,2023-07-14,Minerva,Intervention Weekday,60,09:05:04,5,Sitting,Resting,,0,30,Inactive,30,0,False,True
2510,2023-07-14,Minerva,Intervention Weekday,60,09:05:19,5,Sitting,Pause,,15,45,Inactive,15,0,False,True
2511,2023-07-14,Minerva,Intervention Weekday,60,09:05:34,5,Sitting,Resting,,30,60,Inactive,0,0,False,True
2512,2023-07-14,Minerva,Intervention Weekday,60,09:05:49,5,Standing,Locomotion,,45,0,Active,60,1,False,True
2513,2023-07-14,Minerva,Intervention Weekday,60,09:06:04,5,Sitting,Resting,,0,15,Inactive,45,0,False,True
2514,2023-07-14,Minerva,Intervention Weekday,60,09:06:19,5,Standing,Locomotion,,15,30,Active,30,1,False,True
2515,2023-07-14,Minerva,Intervention Weekday,60,09:06:34,5,Sitting,Resting,,30,45,Inactive,15,0,False,True
2516,2023-07-14,Minerva,Intervention Weekday,60,09:06:49,5,Sitting,Resting,,45,60,Inactive,0,0,False,True
2517,2023-07-14,Minerva,Intervention Weekday,60,09:07:04,5,Sitting,Resting,,0,0,Inactive,60,0,False,True
2518,2023-07-14,Minerva,Intervention Weekday,60,09:07:19,5,Sitting,Eating,,15,15,Active,45,1,False,True
2519,2023-07-14,Minerva,Intervention Weekday,60,09:07:34,5,Sitting,Resting,,30,30,Inactive,30,0,False,True
2520,2023-07-14,Minerva,Intervention Weekday,60,09:07:49,5,Sitting,Resting,,45,45,Inactive,15,0,False,True
2521,2023-07-14,Minerva,Intervention Weekday,60,09:08:04,5,Sitting,Resting,,0,60,Inactive,0,0,False,True
2522,2023-07-14,Minerva,Intervention Weekday,60,09:08:19,5,Sitting,Eating,,15,0,Active,60,1,False,True
2523,2023-07-14,Minerva,Intervention Weekday,60,09:08:34,5,Sitting,Pause,,30,15,Inactive,45,0,False,True
2524,2023-07-14,Minerva,Intervention Weekday,60,09:08:49,5,Standing,Locomotion,,45,30,Active,30,1,False,True
2525,2023-07-14,Minerva,Intervention Weekday,60,09:09:04,5,Sitting,Resting,,0,45,Inactive,15,0,False,True
2526,2023-07-14,Minerva,Intervention Weekday,60,09:09:19,5,Sitting,Eating,,15,60,Active,0,1,False,True
2527,2023-07-14,Minerva,Intervention Weekday,60,09:09:34,5,Sitting,Resting,,30,0,Inactive,60,0,False,True
2528,2023-07-14,Minerva,Intervention Weekday,60,09:09:49,5,Sitting,Resting,,45,15,Inactive,45,0,False,True
2529,2023-07-14,Minerva,Intervention Weekday,60,09:10:04,5,Standing,Locomotion,,0,30,Active,30,1,False,True
2530,2023-07-14,Minerva,Intervention Weekday,60,09:10:19,5,Sitting,Eating,,15,45,Active,15,1,False,True
2531,2023-07-14,Minerva,Intervention Weekday,60,09:10:34,5,Sitting,Resting,,30,60,Inactive,0,0,False,True
2532,2023-07-14,Minerva,Intervention Weekday,60,09:10:49,5,Sitting,Resting,,45,0,Inactive,60,0,False,True
2533,2023-07-14,Minerva,Intervention Weekday,60,09:11:04,5,Sitting,Resting,,0,15,Inactive,45,0,False,True
2534,2023-07-14,Minerva,Intervention Weekday,60,09:11:19,5,Sitting,Eating,,15,30,Active,30,1,False,True
2535,2023-07-14,Minerva,Intervention Weekday,60,09:11:34,5,Sitting,Manipulating Object,Feeder,30,45,Active,15,1,False,True
2536,2023-07-14,Minerva,Intervention Weekday,60,09:11:49,5,Sitting,Resting,,45,60,Inactive,0,0,False,True
2537,2023-07-14,Minerva,Intervention Weekday,60,09:12:04,5,Sitting,Resting,,0,0,Inactive,60,0,False,True
2538,2023-07-14,Minerva,Intervention Weekday,60,09:12:19,5,Sitting,Eating,,15,15,Active,45,1,False,True
2539,2023-07-14,Minerva,Intervention Weekday,60,09:12:34,5,Sitting,Resting,,30,30,Inactive,30,0,False,True
2540,2023-07-14,Minerva,Intervention Weekday,60,09:12:49,5,Sitting,Resting,,45,45,Inactive,15,0,False,True
2541,2023-07-14,Minerva,Intervention Weekday,60,09:13:04,5,Sitting,Resting,,0,60,Inactive,0,0,False,True
2542,2023-07-14,Minerva,Intervention Weekday,60,09:13:19,5,Sitting,Eating,,15,0,Active,60,1,False,True
2543,2023-07-14,Minerva,Intervention Weekday,60,09:13:34,5,Sitting,Resting,,30,15,Inactive,45,0,False,True
2544,2023-07-14,Minerva,Intervention Weekday,60,09:13:49,5,Sitting,Resting,,45,30,Inactive,30,0,False,True
2545,2023-07-14,Minerva,Intervention Weekday,60,09:14:04,5,Sitting,Resting,,0,45,Inactive,15,0,False,True
2546,2023-07-14,Minerva,Intervention Weekday,60,09:14:19,5,Sitting,Eating,,15,60,Active,0,1,False,True
2547,2023-07-14,Minerva,Intervention Weekday,60,09:14:34,5,Sitting,Eating,,30,0,Active,60,1,False,True
2548,2023-07-14,Minerva,Intervention Weekday,60,09:14:49,5,Sitting,Resting,,45,15,Inactive,45,0,False,True
2549,2023-07-14,Minerva,Intervention Weekday,60,09:15:04,5,Sitting,Resting,,0,30,Inactive,30,0,False,True
2550,2023-07-14,Minerva,Intervention Weekday,60,09:15:19,5,Sitting,Resting,,15,45,Inactive,15,0,False,True
2551,2023-07-14,Minerva,Intervention Weekday,60,09:15:34,5,Sitting,Eating,,30,60,Active,0,1,False,True
2552,2023-07-14,Minerva,Intervention Weekday,60,09:15:49,5,Sitting,Resting,,45,0,Inactive,60,0,False,True
2553,2023-07-14,Minerva,Intervention Weekday,60,09:16:04,5,Sitting,Resting,,0,15,Inactive,45,0,False,True
2554,2023-07-14,Minerva,Intervention Weekday,60,09:16:19,5,Sitting,Resting,,15,30,Inactive,30,0,False,True
2555,2023-07-14,Minerva,Intervention Weekday,60,09:16:34,5,Sitting,Eating,,30,45,Active,15,1,False,True
2674,2023-05-05,Citrine,Intervention_Weekday,60,11:27:40,6,Sitting,Resting,,0,0,Inactive,60,0,False,True
2675,2023-05-05,Citrine,Intervention_Weekday,60,11:27:55,Feeder,Sitting,Resting,,15,15,Inactive,45,0,True,True
2676,2023-05-05,Citrine,Intervention_Weekday,60,11:28:10,Feeder,Sitting,Resting,,30,30,Inactive,30,0,True,True
2677,2023-05-05,Citrine,Intervention_Weekday,60,11:28:25,Shelf,Sitting,Locomotion,,45,45,Active,15,1,False,True
2678,2023-05-05,Citrine,Intervention_Weekday,60,11:28:40,6,Standing,Eating,,0,60,Active,0,1,False,True
2679,2023-05-05,Citrine,Intervention_Weekday,60,11:28:55,6,Sitting,Manipulating Object,Feeder,15,0,Active,60,1,False,True
2680,2023-05-05,Citrine,Intervention_Weekday,60,11:29:10,6,Sitting,Resting,,30,15,Inactive,45,0,False,True
2681,2023-05-05,Citrine,Intervention_Weekday,60,11:29:25,6,Sitting,Manipulating Object,Feeder,45,30,Active,30,1,False,True
2682,2023-05-05,Citrine,Intervention_Weekday,60,11:29:40,6,Standing,Eating,,0,45,Active,15,1,False,True
2683,2023-05-05,Citrine,Intervention_Weekday,60,11:29:55,6,Sitting,Manipulating Object,Feeder,15,60,Active,0,1,False,True
2684,2023-05-05,Citrine,Intervention_Weekday,60,11:30:10,6,Sitting,Manipulating Object,Feeder,30,0,Active,60,1,False,True
2685,2023-05-05,Citrine,Intervention_Weekday,60,11:30:25,6,Sitting,Resting,,45,15,Inactive,45,0,False,True
2686,2023-05-05,Citrine,Intervention_Weekday,60,11:30:40,5,Standing,Eating,,0,30,Active,30,1,False,True
2687,2023-05-05,Citrine,Intervention_Weekday,60,11:30:55,6,Sitting,Resting,,15,45,Inactive,15,0,False,True
2688,2023-05-05,Citrine,Intervention_Weekday,60,11:31:10,6,Sitting,Manipulating Object,,30,60,Active,0,1,False,True
2689,2023-05-05,Citrine,Intervention_Weekday,60,11:31:25,6,Sitting,Resting,,45,0,Inactive,60,0,False,True
2690,2023-05-05,Citrine,Intervention_Weekday,60,11:31:40,6,Standing,Eating,,0,15,Active,45,1,False,True
2691,2023-05-05,Citrine,Intervention_Weekday,60,11:31:55,6,Sitting,Resting,,15,30,Inactive,30,0,False,True
2692,2023-05-05,Citrine,Intervention_Weekday,60,11:32:10,6,Sitting,Manipulating Object,Feeder,30,45,Active,15,1,False,True
2693,2023-05-05,Citrine,Intervention_Weekday,60,11:32:25,6,Sitting,Manipulating Object,Feeder,45,60,Active,0,1,False,True
2694,2023-05-05,Citrine,Intervention_Weekday,60,11:32:40,5,Standing,Eating,,0,0,Active,60,1,False,True
2695,2023-05-05,Citrine,Intervention_Weekday,60,11:32:55,6,Sitting,Resting,,15,15,Inactive,45,0,False,True
2696,2023-05-05,Citrine,Intervention_Weekday,60,11:33:10,6,Sitting,Resting,,30,30,Inactive,30,0,False,True
2697,2023-05-05,Citrine,Intervention_Weekday,60,11:33:25,6,Sitting,Resting,,45,45,Inactive,15,0,False,True
2698,2023-05-05,Citrine,Intervention_Weekday,60,11:33:40,6,Standing,Eating,,0,60,Active,0,1,False,True
2699,2023-05-05,Citrine,Intervention_Weekday,60,11:33:55,6,Sitting,Manipulating Object,Feeder,15,0,Active,60,1,False,True
2700,2023-05-05,Citrine,Intervention_Weekday,60,11:34:10,6,Sitting,Manipulating Object,Feeder,30,15,Active,45,1,False,True
2701,2023-05-05,Citrine,Intervention_Weekday,60,11:34:25,6,Sitting,Resting,,45,30,Inactive,30,0,False,True
2702,2023-05-05,Citrine,Intervention_Weekday,60,11:34:40,3,Standing,Locomotion,,0,45,Active,15,1,False,True
2703,2023-05-05,Citrine,Intervention_Weekday,60,11:34:55,3,Standing,Locomotion,,15,60,Active,0,1,False,True
2704,2023-05-05,Citrine,Intervention_Weekday,60,11:35:10,6,Sitting,Manipulating Object,Feeder,30,0,Active,60,1,False,True
2705,2023-05-05,Citrine,Intervention_Weekday,60,11:35:25,Feeder,Sitting,Resting,,45,15,Inactive,45,0,True,True
2706,2023-05-05,Citrine,Intervention_Weekday,60,11:35:40,6,Standing,Eating,,0,30,Active,30,1,False,True
2707,2023-05-05,Citrine,Intervention_Weekday,60,11:35:55,4,Standing,Locomotion,,15,45,Active,15,1,False,True
2708,2023-05-05,Citrine,Intervention_Weekday,60,11:36:10,Feeder,Sitting,Resting,,30,60,Inactive,0,0,True,True
2709,2023-05-05,Citrine,Intervention_Weekday,60,11:36:25,Feeder,Sitting,Resting,,45,0,Inactive,60,0,True,True
2710,2023-05-05,Citrine,Intervention_Weekday,60,11:36:40,5,Standing,Eating,,0,15,Active,45,1,False,True
2711,2023-05-05,Citrine,Intervention_Weekday,60,11:36:55,3,Standing,Locomotion,,15,30,Active,30,1,False,True
2712,2023-05-05,Citrine,Intervention_Weekday,60,11:37:10,Feeder,Sitting,Resting,,30,45,Inactive,15,0,True,True
2713,2023-05-05,Citrine,Intervention_Weekday,60,11:37:25,Feeder,Sitting,Resting,,45,60,Inactive,0,0,True,True
2714,2023-06-23,Citrine,Intervention Weekday,300,10:04:39,6,Standing,Locomotion,,15,285,Active,15,1,False,True
2715,2023-06-23,Citrine,Intervention Weekday,300,10:04:54,5,Standing,Drinking,,30,300,Active,0,1,False,True
2716,2023-06-23,Citrine,Intervention Weekday,300,10:05:09,5,Standing,Drinking,,45,0,Active,300,1,False,True
2717,2023-06-23,Citrine,Intervention Weekday,300,10:05:24,5,Standing,Drinking,,0,15,Active,285,1,False,True
2718,2023-06-23,Citrine,Intervention Weekday,300,10:05:39,5,Standing,Drinking,,15,30,Active,270,1,False,True
2719,2023-06-23,Citrine,Intervention Weekday,300,10:05:54,Feeder,Standing,Locomotion,,30,45,Active,255,1,True,True
2720,2023-06-23,Citrine,Intervention Weekday,300,10:06:09,Feeder,Sitting,Resting,,45,60,Inactive,240,0,True,True
2721,2023-06-23,Citrine,Intervention Weekday,300,10:06:24,Feeder,Sitting,Resting,,0,75,Inactive,225,0,True,True
2722,2023-06-23,Citrine,Intervention Weekday,300,10:06:39,Feeder,Sitting,Resting,,15,90,Inactive,210,0,True,True
2723,2023-06-23,Citrine,Intervention Weekday,300,10:06:54,Feeder,Sitting,Resting,,30,105,Inactive,195,0,True,True
2724,2023-06-23,Citrine,Intervention Weekday,300,10:07:09,Feeder,Sitting,Resting,,45,120,Inactive,180,0,True,True
2725,2023-06-23,Citrine,Intervention Weekday,300,10:07:24,Feeder,Sitting,Resting,,0,135,Inactive,165,0,True,True
2726,2023-06-23,Citrine,Intervention Weekday,300,10:07:39,Feeder,Sitting,Resting,,15,150,Inactive,150,0,True,True
2727,2023-06-23,Citrine,Intervention Weekday,300,10:07:54,Feeder,Standing,Rubbing,Fencing,30,165,Active,135,1,True,True
2728,2023-06-23,Citrine,Intervention Weekday,300,10:08:09,3,Standing,Locomotion,Outside Object,45,180,Active,120,1,False,True
2729,2023-06-23,Citrine,Intervention Weekday,300,10:08:24,3,Standing,Locomotion,Outside Object,0,195,Active,105,1,False,True
2730,2023-06-23,Citrine,Intervention Weekday,300,10:08:39,5,Standing,Eating,,15,210,Active,90,1,False,True
2731,2023-06-23,Citrine,Intervention Weekday,300,10:08:54,5,Rearing,Locomotion,,30,225,Active,75,1,False,True
2732,2023-06-23,Citrine,Intervention Weekday,300,10:09:09,Shelf,Standing,Locomotion,,45,240,Active,60,1,False,True
2733,2023-06-23,Citrine,Intervention Weekday,300,10:09:24,Shelf,Sitting,Resting,,0,255,Inactive,45,0,False,True
2734,2023-06-23,Citrine,Intervention Weekday,300,10:09:39,6,Standing,Pause,,15,270,Inactive,30,0,False,True
2735,2023-06-23,Citrine,Intervention Weekday,300,10:09:54,Shelf,Standing,Locomotion,,30,285,Active,15,1,False,True
2736,2023-06-23,Citrine,Intervention Weekday,300,10:10:09,Shelf,Lying Down,Resting,,45,300,Inactive,0,0,False,True
2737,2023-06-23,Citrine,Intervention Weekday,300,10:10:24,Shelf,Lying Down,Resting,,0,0,Inactive,300,0,False,True
2738,2023-06-23,Citrine,Intervention Weekday,300,10:10:39,Shelf,Standing,Locomotion,,15,15,Active,285,1,False,True
2739,2023-06-23,Citrine,Intervention Weekday,300,10:10:54,Shelf,Standing,Locomotion,,30,30,Active,270,1,False,True
2740,2023-06-23,Citrine,Intervention Weekday,300,10:11:09,Shelf,Lying Down,Resting,,45,45,Inactive,255,0,False,True
2741,2023-06-23,Citrine,Intervention Weekday,300,10:11:24,Shelf,Lying Down,Resting,,0,60,Inactive,240,0,False,True
2742,2023-06-23,Citrine,Intervention Weekday,300,10:11:39,Shelf,Lying Down,Resting,,15,75,Inactive,225,0,False,True
2743,2023-06-23,Citrine,Intervention Weekday,300,10:11:54,5,Rearing,Locomotion,,30,90,Active,210,1,False,True
2744,2023-06-23,Citrine,Intervention Weekday,300,10:12:09,5,Rearing,Locomotion,,45,105,Active,195,1,False,True
2745,2023-06-23,Citrine,Intervention Weekday,300,10:12:24,Shelf,Standing,Locomotion,,0,120,Active,180,1,False,True
2746,2023-06-23,Citrine,Intervention Weekday,300,10:12:39,Shelf,Standing,Locomotion,,15,135,Active,165,1,False,True
2747,2023-06-23,Citrine,Intervention Weekday,300,10:12:54,Shelf,Lying Down,Resting,,30,150,Inactive,150,0,False,True
2748,2023-06-23,Citrine,Intervention Weekday,300,10:13:09,Shelf,Lying Down,Resting,,45,165,Inactive,135,0,False,True
2749,2023-06-23,Citrine,Intervention Weekday,300,10:13:24,Shelf,Lying Down,Resting,,0,180,Inactive,120,0,False,True
2750,2023-06-23,Citrine,Intervention Weekday,300,10:13:39,Shelf,Lying Down,Resting,,15,195,Inactive,105,0,False,True
2751,2023-06-23,Citrine,Intervention Weekday,300,10:13:54,Shelf,Lying Down,Resting,,30,210,Inactive,90,0,False,True
2752,2023-06-23,Citrine,Intervention Weekday,300,10:14:09,Shelf,Lying Down,Resting,,45,225,Inactive,75,0,False,True
2753,2023-06-23,Citrine,Intervention Weekday,300,10:14:24,Shelf,Lying Down,Resting,,0,240,Inactive,60,0,False,True
2754,2023-06-23,Citrine,Intervention Weekday,300,10:14:39,6,Standing,Locomotion,,15,255,Active,45,1,False,True
2755,2023-06-23,Citrine,Intervention Weekday,300,10:14:54,Feeder,Sitting,Resting,,30,270,Inactive,30,0,True,True
2756,2023-06-23,Citrine,Intervention Weekday,300,10:15:09,Feeder,Sitting,Resting,,45,285,Inactive,15,0,True,True
2757,2023-06-23,Citrine,Intervention Weekday,300,10:15:24,Feeder,Sitting,Resting,,0,300,Inactive,0,0,True,True
2758,2023-06-23,Citrine,Intervention Weekday,300,10:15:39,Feeder,Sitting,Resting,,15,0,Inactive,300,0,True,True
2759,2023-06-23,Citrine,Intervention Weekday,300,10:15:54,Feeder,Sitting,Resting,,30,15,Inactive,285,0,True,True
2760,2023-06-23,Citrine,Intervention Weekday,300,10:16:09,Feeder,Sitting,Resting,,45,30,Inactive,270,0,True,True
2761,2023-06-23,Citrine,Intervention Weekday,300,10:16:24,Feeder,Sitting,Grooming,,0,45,Active,255,1,True,True
2762,2023-06-23,Citrine,Intervention Weekday,300,10:16:39,Feeder,Sitting,Resting,,15,60,Inactive,240,0,True,True
2763,2023-06-23,Citrine,Intervention Weekday,300,10:16:54,5,Rearing,Locomotion,,30,75,Active,225,1,False,True
2766,2023-06-23,Citrine,Intervention Weekday,300,10:17:39,5,Standing,Locomotion,,15,120,Active,180,1,False,True
2767,2023-06-23,Citrine,Intervention Weekday,300,10:17:54,Feeder,Sitting,Resting,,30,135,Inactive,165,0,True,True
2768,2023-06-23,Citrine,Intervention Weekday,300,10:18:09,Fence,Standing,Locomotion,,45,150,Active,150,1,False,True
2769,2023-06-23,Citrine,Intervention Weekday,300,10:18:24,Shelf,Standing,Locomotion,,0,165,Active,135,1,False,True
2770,2023-06-23,Citrine,Intervention Weekday,300,10:18:39,Shelf,Lying Down,Resting,,15,180,Inactive,120,0,False,True
2771,2023-06-23,Citrine,Intervention Weekday,300,10:18:54,Shelf,Lying Down,Resting,,30,195,Inactive,105,0,False,True
2772,2023-06-23,Citrine,Intervention Weekday,300,10:19:09,Shelf,Lying Down,Resting,,45,210,Inactive,90,0,False,True
2773,2023-06-23,Citrine,Intervention Weekday,300,10:19:24,Shelf,Lying Down,Resting,,0,225,Inactive,75,0,False,True
2774,2023-06-23,Citrine,Intervention Weekday,300,10:19:39,Shelf,Lying Down,Resting,,15,240,Inactive,60,0,False,True
2836,2023-06-09,Citrine,Intervention Weekday,240,09:21:02,5,Standing,Drinking,,15,150,Active,90,1,False,True
2837,2023-06-09,Citrine,Intervention Weekday,240,09:21:17,5,Standing,Drinking,,30,165,Active,75,1,False,True
2838,2023-06-09,Citrine,Intervention Weekday,240,09:21:32,2,Standing,Locomotion,,45,180,Active,60,1,False,True
2839,2023-06-09,Citrine,Intervention Weekday,240,09:21:47,Feeder,Standing,Pause,,0,195,Inactive,45,0,True,True
2840,2023-06-09,Citrine,Intervention Weekday,240,09:22:02,Feeder,Sitting,Resting,,15,210,Inactive,30,0,True,True
2841,2023-06-09,Citrine,Intervention Weekday,240,09:22:17,Feeder,Sitting,Resting,,30,225,Inactive,15,0,True,True
2842,2023-06-09,Citrine,Intervention Weekday,240,09:22:32,Feeder,Sitting,Resting,,45,240,Inactive,0,0,True,True
2843,2023-06-09,Citrine,Intervention Weekday,240,09:22:47,Feeder,Sitting,Resting,,0,0,Inactive,240,0,True,True
2844,2023-06-09,Citrine,Intervention Weekday,240,09:23:02,Feeder,Sitting,Resting,,15,15,Inactive,225,0,True,True
2845,2023-06-09,Citrine,Intervention Weekday,240,09:23:17,Feeder,Sitting,Resting,,30,30,Inactive,210,0,True,True
2846,2023-06-09,Citrine,Intervention Weekday,240,09:23:32,Feeder,Sitting,Resting,,45,45,Inactive,195,0,True,True
2847,2023-06-09,Citrine,Intervention Weekday,240,09:23:47,Feeder,Sitting,Resting,,0,60,Inactive,180,0,True,True
2848,2023-06-09,Citrine,Intervention Weekday,240,09:24:02,Feeder,Sitting,Resting,,15,75,Inactive,165,0,True,True
2849,2023-06-09,Citrine,Intervention Weekday,240,09:24:17,Feeder,Sitting,Resting,,30,90,Inactive,150,0,True,True
2850,2023-06-09,Citrine,Intervention Weekday,240,09:24:32,Feeder,Sitting,Resting,,45,105,Inactive,135,0,True,True
2851,2023-06-09,Citrine,Intervention Weekday,240,09:24:47,Feeder,Sitting,Resting,,0,120,Inactive,120,0,True,True
2852,2023-06-09,Citrine,Intervention Weekday,240,09:25:02,6,Standing,Eating,,15,135,Active,105,1,False,True
2853,2023-06-09,Citrine,Intervention Weekday,240,09:25:17,5,Rearing,Pause,,30,150,Inactive,90,0,False,True
2854,2023-06-09,Citrine,Intervention Weekday,240,09:25:32,Shelf,Standing,Pause,,45,165,Inactive,75,0,False,True
2855,2023-06-09,Citrine,Intervention Weekday,240,09:25:47,Shelf,Sitting,Resting,,0,180,Inactive,60,0,False,True
2856,2023-06-09,Citrine,Intervention Weekday,240,09:26:02,Shelf,Sitting,Resting,,15,195,Inactive,45,0,False,True
2857,2023-06-09,Citrine,Intervention Weekday,240,09:26:17,Shelf,Sitting,Resting,,30,210,Inactive,30,0,False,True
2858,2023-06-09,Citrine,Intervention Weekday,240,09:26:32,Shelf,Sitting,Resting,,45,225,Inactive,15,0,False,True
2859,2023-06-09,Citrine,Intervention Weekday,240,09:26:47,Shelf,Sitting,Resting,,0,240,Inactive,0,0,False,True
2860,2023-06-09,Citrine,Intervention Weekday,240,09:27:02,Shelf,Sitting,Resting,,15,0,Inactive,240,0,False,True
2861,2023-06-09,Citrine,Intervention Weekday,240,09:27:17,Shelf,Sitting,Resting,,30,15,Inactive,225,0,False,True
2862,2023-06-09,Citrine,Intervention Weekday,240,09:27:32,Shelf,Sitting,Resting,,45,30,Inactive,210,0,False,True
2863,2023-06-09,Citrine,Intervention Weekday,240,09:27:47,Shelf,Sitting,Resting,,0,45,Inactive,195,0,False,True
2864,2023-06-09,Citrine,Intervention Weekday,240,09:28:02,Shelf,Sitting,Resting,,15,60,Inactive,180,0,False,True
2865,2023-06-09,Citrine,Intervention Weekday,240,09:28:17,Shelf,Sitting,Resting,,30,75,Inactive,165,0,False,True
2866,2023-06-09,Citrine,Intervention Weekday,240,09:28:32,Shelf,Sitting,Resting,,45,90,Inactive,150,0,False,True
2867,2023-06-09,Citrine,Intervention Weekday,240,09:28:47,Shelf,Sitting,Resting,,0,105,Inactive,135,0,False,True
2868,2023-06-09,Citrine,Intervention Weekday,240,09:29:02,6,Standing,Eating,,15,120,Active,120,1,False,True
2869,2023-06-09,Citrine,Intervention Weekday,240,09:29:17,Feeder,Standing,Pause,,30,135,Inactive,105,0,True,True
2870,2023-06-09,Citrine,Intervention Weekday,240,09:29:32,Feeder,Sitting,Grooming,,45,150,Active,90,1,True,True
2871,2023-06-09,Citrine,Intervention Weekday,240,09:29:47,Feeder,Sitting,Resting,,0,165,Inactive,75,0,True,True
2872,2023-06-09,Citrine,Intervention Weekday,240,09:30:02,Feeder,Sitting,Resting,,15,180,Inactive,60,0,True,True
2873,2023-06-09,Citrine,Intervention Weekday,240,09:30:17,Feeder,Sitting,Resting,,30,195,Inactive,45,0,True,True
2874,2023-06-09,Citrine,Intervention Weekday,240,09:30:32,Feeder,Sitting,Resting,,45,210,Inactive,30,0,True,True
2875,2023-06-09,Citrine,Intervention Weekday,240,09:30:47,Feeder,Sitting,Resting,,0,225,Inactive,15,0,True,True
2876,2023-06-09,Citrine,Intervention Weekday,240,09:31:02,Feeder,Sitting,Resting,,15,240,Inactive,0,0,True,True
2877,2023-06-09,Citrine,Intervention Weekday,240,09:31:17,Feeder,Sitting,Resting,,30,0,Inactive,240,0,True,True
2878,2023-06-09,Citrine,Intervention Weekday,240,09:31:32,Feeder,Sitting,Resting,,45,15,Inactive,225,0,True,True
2879,2023-06-09,Citrine,Intervention Weekday,240,09:31:47,Feeder,Sitting,Resting,,0,30,Inactive,210,0,True,True
2880,2023-06-09,Citrine,Intervention Weekday,240,09:32:02,Feeder,Sitting,Resting,,15,45,Inactive,195,0,True,True
2881,2023-06-09,Citrine,Intervention Weekday,240,09:32:17,Feeder,Sitting,Resting,,30,60,Inactive,180,0,True,True
2882,2023-06-09,Citrine,Intervention Weekday,240,09:32:32,Feeder,Sitting,Resting,,45,75,Inactive,165,0,True,True
2883,2023-06-09,Citrine,Intervention Weekday,240,09:32:47,Feeder,Sitting,Resting,,0,90,Inactive,150,0,True,True
2884,2023-06-09,Citrine,Intervention Weekday,240,09:33:02,6,Standing,Eating,,15,105,Active,135,1,False,True
2885,2023-06-09,Citrine,Intervention Weekday,240,09:33:17,5,Standing,Locomotion,,30,120,Active,120,1,False,True
2886,2023-06-09,Citrine,Intervention Weekday,240,09:33:32,Feeder,Standing,Pause,,45,135,Inactive,105,0,True,True
2887,2023-06-09,Citrine,Intervention Weekday,240,09:33:47,Feeder,Sitting,Resting,,0,150,Inactive,90,0,True,True
2888,2023-06-09,Citrine,Intervention Weekday,240,09:34:02,Feeder,Sitting,Grooming,,15,165,Active,75,1,True,True
2889,2023-06-09,Citrine,Intervention Weekday,240,09:34:17,Feeder,Sitting,Resting,,30,180,Inactive,60,0,True,True
2890,2023-06-09,Citrine,Intervention Weekday,240,09:34:32,Feeder,Sitting,Resting,,45,195,Inactive,45,0,True,True
2891,2023-06-09,Citrine,Intervention Weekday,240,09:34:47,Feeder,Sitting,Resting,,0,210,Inactive,30,0,True,True
2892,2023-06-09,Citrine,Intervention Weekday,240,09:35:02,Feeder,Sitting,Resting,,15,225,Inactive,15,0,True,True
2893,2023-06-09,Citrine,Intervention Weekday,240,09:35:17,Feeder,Sitting,Resting,,30,240,Inactive,0,0,True,True
2894,2023-06-09,Citrine,Intervention Weekday,240,09:35:32,Feeder,Sitting,Resting,,45,0,Inactive,240,0,True,True
2895,2023-06-09,Citrine,Intervention Weekday,240,09:35:47,Feeder,Sitting,Resting,,0,15,Inactive,225,0,True,True
2896,2023-06-09,Citrine,Intervention Weekday,240,09:36:02,Feeder,Sitting,Resting,,15,30,Inactive,210,0,True,True
3019,2023-07-12,Citrine,Intervention Weekday,60,10:41:57,5,Standing,Eating,,15,15,Active,45,1,False,True
3020,2023-07-12,Citrine,Intervention Weekday,60,10:42:12,Fence,Standing,Locomotion,,30,30,Active,30,1,False,True
3021,2023-07-12,Citrine,Intervention Weekday,60,10:42:27,6,Standing,Locomotion,,45,45,Active,15,1,False,True
3022,2023-07-12,Citrine,Intervention Weekday,60,10:42:42,2,Standing,Locomotion,,0,60,Active,0,1,False,True
3023,2023-07-12,Citrine,Intervention Weekday,60,10:42:57,6,Standing,Eating,,15,0,Active,60,1,False,True
3024,2023-07-12,Citrine,Intervention Weekday,60,10:43:12,Feeder,Standing,Pause,,30,15,Inactive,45,0,True,True
3025,2023-07-12,Citrine,Intervention Weekday,60,10:43:27,Shelf,Sitting,Resting,,45,30,Inactive,30,0,False,True
3026,2023-07-12,Citrine,Intervention Weekday,60,10:43:42,Shelf,Sitting,Resting,,0,45,Inactive,15,0,False,True
3027,2023-07-12,Citrine,Intervention Weekday,60,10:43:57,5,Standing,Eating,,15,60,Active,0,1,False,True
3028,2023-07-12,Citrine,Intervention Weekday,60,10:44:12,5,Rearing,Locomotion,,30,0,Active,60,1,False,True
3029,2023-07-12,Citrine,Intervention Weekday,60,10:44:27,Feeder,Sitting,Resting,,45,15,Inactive,45,0,True,True
3030,2023-07-12,Citrine,Intervention Weekday,60,10:44:42,Fence,Standing,Locomotion,,0,30,Active,30,1,False,True
3031,2023-07-12,Citrine,Intervention Weekday,60,10:44:57,5,Standing,Eating,,15,45,Active,15,1,False,True
3032,2023-07-12,Citrine,Intervention Weekday,60,10:45:12,Feeder,Standing,Locomotion,,30,60,Active,0,1,True,True
3033,2023-07-12,Citrine,Intervention Weekday,60,10:45:27,Shelf,Sitting,Resting,,45,0,Inactive,60,0,False,True
3034,2023-07-12,Citrine,Intervention Weekday,60,10:45:42,Shelf,Sitting,Resting,,0,15,Inactive,45,0,False,True
3035,2023-07-12,Citrine,Intervention Weekday,60,10:45:57,6,Standing,Eating,,15,30,Active,30,1,False,True
3036,2023-07-12,Citrine,Intervention Weekday,60,10:46:12,6,Standing,Eating,,30,45,Active,15,1,False,True
3037,2023-07-12,Citrine,Intervention Weekday,60,10:46:27,4,Standing,Locomotion,,45,60,Active,0,1,False,True
3038,2023-07-12,Citrine,Intervention Weekday,60,10:46:42,Fence,Standing,Locomotion,,0,0,Active,60,1,False,True
3039,2023-07-12,Citrine,Intervention Weekday,60,10:46:57,Shelf,Sitting,Resting,,15,15,Inactive,45,0,False,True
3040,2023-07-12,Citrine,Intervention Weekday,60,10:47:12,6,Standing,Eating,,30,30,Active,30,1,False,True
3041,2023-07-12,Citrine,Intervention Weekday,60,10:47:27,Feeder,Standing,Pause,,45,45,Inactive,15,0,True,True
3042,2023-07-12,Citrine,Intervention Weekday,60,10:47:42,Feeder,Standing,Pause,,0,60,Inactive,0,0,True,True
3043,2023-07-12,Citrine,Intervention Weekday,60,10:47:57,Feeder,Sitting,Resting,,15,0,Inactive,60,0,True,True
3044,2023-07-12,Citrine,Intervention Weekday,60,10:48:12,6,Standing,Eating,,30,15,Active,45,1,False,True
3045,2023-07-12,Citrine,Intervention Weekday,60,10:48:27,Feeder,Sitting,Resting,,45,30,Inactive,30,0,True,True
3046,2023-07-12,Citrine,Intervention Weekday,60,10:48:42,Feeder,Sitting,Resting,,0,45,Inactive,15,0,True,True
3047,2023-07-12,Citrine,Intervention Weekday,60,10:48:57,Feeder,Sitting,Resting,,15,60,Inactive,0,0,True,True
3048,2023-07-12,Citrine,Intervention Weekday,60,10:49:12,6,Standing,Eating,,30,0,Active,60,1,False,True
3049,2023-07-12,Citrine,Intervention Weekday,60,10:49:27,Shelf,Sitting,Resting,,45,15,Inactive,45,0,False,True
3050,2023-07-12,Citrine,Intervention Weekday,60,10:49:42,Shelf,Sitting,Resting,,0,30,Inactive,30,0,False,True
3051,2023-07-12,Citrine,Intervention Weekday,60,10:49:57,Shelf,Sitting,Resting,,15,45,Inactive,15,0,False,True
3052,2023-07-12,Citrine,Intervention Weekday,60,10:50:12,6,Standing,Pause,,30,60,Inactive,0,0,False,True
3053,2023-07-12,Citrine,Intervention Weekday,60,10:50:27,Shelf,Sitting,Resting,,45,0,Inactive,60,0,False,True
3054,2023-07-12,Citrine,Intervention Weekday,60,10:50:42,Shelf,Sitting,Resting,,0,15,Inactive,45,0,False,True
3055,2023-07-12,Citrine,Intervention Weekday,60,10:50:57,Shelf,Sitting,Grooming,,15,30,Active,30,1,False,True
3056,2023-07-12,Citrine,Intervention Weekday,60,10:51:12,6,Standing,Eating,,30,45,Active,15,1,False,True
3057,2023-07-12,Citrine,Intervention Weekday,60,10:51:27,4,Standing,Locomotion,,45,60,Active,0,1,False,True
3058,2023-07-12,Citrine,Intervention Weekday,60,10:51:42,Shelf,Sitting,Resting,,0,0,Inactive,60,0,False,True
3059,2023-07-12,Citrine,Intervention Weekday,60,10:51:57,Shelf,Sitting,Resting,,15,15,Inactive,45,0,False,True
3060,2023-07-12,Citrine,Intervention Weekday,60,10:52:12,Shelf,Sitting,Resting,,30,30,Inactive,30,0,False,True
3061,2023-07-12,Citrine,Intervention Weekday,60,10:52:27,5,Standing,Eating,,45,45,Active,15,1,False,True
3062,2023-07-12,Citrine,Intervention Weekday,60,10:52:42,Feeder,Sitting,Resting,,0,60,Inactive,0,0,True,True
3063,2023-07-12,Citrine,Intervention Weekday,60,10:52:57,Feeder,Sitting,Resting,,15,0,Inactive,60,0,True,True
3064,2023-07-12,Citrine,Intervention Weekday,60,10:53:12,1,Standing,Locomotion,,30,15,Active,45,1,False,True
3065,2023-07-12,Citrine,Intervention Weekday,60,10:53:27,5,Standing,Eating,,45,30,Active,30,1,False,True
3066,2023-07-12,Citrine,Intervention Weekday,60,10:53:42,Shelf,Sitting,Resting,,0,45,Inactive,15,0,False,True
3067,2023-07-12,Citrine,Intervention Weekday,60,10:53:57,Shelf,Sitting,Resting,,15,60,Inactive,0,0,False,True
3068,2023-07-12,Citrine,Intervention Weekday,60,10:54:12,Shelf,Sitting,Resting,,30,0,Inactive,60,0,False,True
3069,2023-07-12,Citrine,Intervention Weekday,60,10:54:27,5,Rearing,Locomotion,,45,15,Active,45,1,False,True
3070,2023-07-12,Citrine,Intervention Weekday,60,10:54:42,Feeder,Standing,Pause,,0,30,Inactive,30,0,True,True
3071,2023-07-12,Citrine,Intervention Weekday,60,10:54:57,Feeder,Sitting,Resting,,15,45,Inactive,15,0,True,True
3072,2023-07-12,Citrine,Intervention Weekday,60,10:55:12,Feeder,Sitting,Resting,,30,60,Inactive,0,0,True,True
3073,2023-07-12,Citrine,Intervention Weekday,60,10:55:27,6,Standing,Eating,,45,0,Active,60,1,False,True
3074,2023-07-12,Citrine,Intervention Weekday,60,10:55:42,Feeder,Standing,Locomotion,,0,15,Active,45,1,True,True
3075,2023-07-12,Citrine,Intervention Weekday,60,10:55:57,Feeder,Sitting,Resting,,15,30,Inactive,30,0,True,True
3076,2023-07-12,Citrine,Intervention Weekday,60,10:56:12,Feeder,Sitting,Resting,,30,45,Inactive,15,0,True,True
3077,2023-07-12,Citrine,Intervention Weekday,60,10:56:27,6,Standing,Eating,,45,60,Active,0,1,False,True
3078,2023-07-12,Citrine,Intervention Weekday,60,10:56:42,Shelf,Sitting,Resting,,0,0,Inactive,60,0,False,True
3079,2023-07-12,Citrine,Intervention Weekday,60,10:56:57,Shelf,Sitting,Resting,,15,15,Inactive,45,0,False,True
3141,2023-06-12,Elia,Intervention_weekday,120,09:11:02,5,Sitting,Resting,,15,105,Inactive,15,0,False,True
3142,2023-06-12,Elia,Intervention_weekday,120,09:11:17,5,Sitting,Resting,,30,120,Inactive,0,0,False,True
3143,2023-06-12,Elia,Intervention_weekday,120,09:11:32,5,Sitting,Resting,,45,0,Inactive,120,0,False,True
3144,2023-06-12,Elia,Intervention_weekday,120,09:11:47,5,Sitting,Resting,,0,15,Inactive,105,0,False,True
3145,2023-06-12,Elia,Intervention_weekday,120,09:12:02,5,Sitting,Resting,,15,30,Inactive,90,0,False,True
3146,2023-06-12,Elia,Intervention_weekday,120,09:12:17,5,Sitting,Resting,,30,45,Inactive,75,0,False,True
3147,2023-06-12,Elia,Intervention_weekday,120,09:12:32,5,Sitting,Resting,,45,60,Inactive,60,0,False,True
3148,2023-06-12,Elia,Intervention_weekday,120,09:12:47,5,Sitting,Resting,,0,75,Inactive,45,0,False,True
3149,2023-06-12,Elia,Intervention_weekday,120,09:13:02,6,Sitting,Drinking,,15,90,Active,30,1,False,True
3150,2023-06-12,Elia,Intervention_weekday,120,09:13:17,6,Sitting,Drinking,,30,105,Active,15,1,False,True
3151,2023-06-12,Elia,Intervention_weekday,120,09:13:32,6,Sitting,Grooming,,45,120,Active,0,1,False,True
3152,2023-06-12,Elia,Intervention_weekday,120,09:13:47,6,Sitting,Grooming,,0,0,Active,120,1,False,True
3153,2023-06-12,Elia,Intervention_weekday,120,09:14:02,6,Sitting,Resting,,15,15,Inactive,105,0,False,True
3154,2023-06-12,Elia,Intervention_weekday,120,09:14:17,6,Sitting,Resting,,30,30,Inactive,90,0,False,True
3155,2023-06-12,Elia,Intervention_weekday,120,09:14:32,6,Sitting,Resting,,45,45,Inactive,75,0,False,True
3156,2023-06-12,Elia,Intervention_weekday,120,09:14:47,6,Sitting,Resting,,0,60,Inactive,60,0,False,True
3157,2023-06-12,Elia,Intervention_weekday,120,09:15:02,6,Sitting,Resting,,15,75,Inactive,45,0,False,True
3158,2023-06-12,Elia,Intervention_weekday,120,09:15:17,6,Sitting,Resting,,30,90,Inactive,30,0,False,True
3159,2023-06-12,Elia,Intervention_weekday,120,09:15:32,6,Sitting,Resting,,45,105,Inactive,15,0,False,True
3160,2023-06-12,Elia,Intervention_weekday,120,09:15:47,6,Sitting,Resting,,0,120,Inactive,0,0,False,True
3161,2023-06-12,Elia,Intervention_weekday,120,09:16:02,6,Sitting,Resting,,15,0,Inactive,120,0,False,True
3162,2023-06-12,Elia,Intervention_weekday,120,09:16:17,6,Sitting,Resting,,30,15,Inactive,105,0,False,True
3163,2023-06-12,Elia,Intervention_weekday,120,09:16:32,6,Sitting,Resting,,45,30,Inactive,90,0,False,True
3164,2023-06-12,Elia,Intervention_weekday,120,09:16:47,6,Sitting,Resting,,0,45,Inactive,75,0,False,True
3165,2023-06-12,Elia,Intervention_weekday,120,09:17:02,6,Sitting,Resting,,15,60,Inactive,60,0,False,True
3166,2023-06-12,Elia,Intervention_weekday,120,09:17:17,6,Sitting,Resting,,30,75,Inactive,45,0,False,True
3167,2023-06-12,Elia,Intervention_weekday,120,09:17:32,6,Sitting,Resting,,45,90,Inactive,30,0,False,True
3168,2023-06-12,Elia,Intervention_weekday,120,09:17:47,6,Sitting,Resting,,0,105,Inactive,15,0,False,True
3169,2023-06-12,Elia,Intervention_weekday,120,09:18:02,6,Sitting,Resting,,15,120,Inactive,0,0,False,True
3170,2023-06-12,Elia,Intervention_weekday,120,09:18:17,6,Sitting,Resting,,30,0,Inactive,120,0,False,True
3171,2023-06-12,Elia,Intervention_weekday,120,09:18:32,6,Sitting,Resting,,45,15,Inactive,105,0,False,True
3172,2023-06-12,Elia,Intervention_weekday,120,09:18:47,6,Sitting,Resting,,0,30,Inactive,90,0,False,True
3173,2023-06-12,Elia,Intervention_weekday,120,09:19:02,6,Sitting,Resting,,15,45,Inactive,75,0,False,True
3174,2023-06-12,Elia,Intervention_weekday,120,09:19:17,6,Sitting,Resting,,30,60,Inactive,60,0,False,True
3175,2023-06-12,Elia,Intervention_weekday,120,09:19:32,6,Sitting,Resting,,45,75,Inactive,45,0,False,True
3176,2023-06-12,Elia,Intervention_weekday,120,09:19:47,6,Lying Down,Resting,,0,90,Inactive,30,0,False,True
3177,2023-06-12,Elia,Intervention_weekday,120,09:20:02,6,Lying Down,Resting,,15,105,Inactive,15,0,False,True
3178,2023-06-12,Elia,Intervention_weekday,120,09:20:17,6,Lying Down,Resting,,30,120,Inactive,0,0,False,True
3179,2023-06-12,Elia,Intervention_weekday,120,09:20:32,6,Lying Down,Resting,,45,0,Inactive,120,0,False,True
3180,2023-06-12,Elia,Intervention_weekday,120,09:20:47,6,Lying Down,Resting,,0,15,Inactive,105,0,False,True
3181,2023-06-12,Elia,Intervention_weekday,120,09:21:02,6,Lying Down,Resting,,15,30,Inactive,90,0,False,True
3182,2023-06-12,Elia,Intervention_weekday,120,09:21:17,6,Lying Down,Resting,,30,45,Inactive,75,0,False,True
3183,2023-06-12,Elia,Intervention_weekday,120,09:21:32,6,Lying Down,Resting,,45,60,Inactive,60,0,False,True
3184,2023-06-12,Elia,Intervention_weekday,120,09:21:47,6,Lying Down,Resting,,0,75,Inactive,45,0,False,True
3185,2023-06-12,Elia,Intervention_weekday,120,09:22:02,6,Lying Down,Resting,,15,90,Inactive,30,0,False,True
3186,2023-06-12,Elia,Intervention_weekday,120,09:22:17,6,Lying Down,Resting,,30,105,Inactive,15,0,False,True
3187,2023-06-12,Elia,Intervention_weekday,120,09:22:32,6,Lying Down,Resting,,45,120,Inactive,0,0,False,True
3188,2023-06-12,Elia,Intervention_weekday,120,09:22:47,6,Lying Down,Resting,,0,0,Inactive,120,0,False,True
3189,2023-06-12,Elia,Intervention_weekday,120,09:23:02,6,Lying Down,Resting,,15,15,Inactive,105,0,False,True
3190,2023-06-12,Elia,Intervention_weekday,120,09:23:17,6,Lying Down,Resting,,30,30,Inactive,90,0,False,True
3191,2023-06-12,Elia,Intervention_weekday,120,09:23:32,6,Lying Down,Resting,,45,45,Inactive,75,0,False,True
3192,2023-06-12,Elia,Intervention_weekday,120,09:23:47,6,Lying Down,Resting,,0,60,Inactive,60,0,False,True
3193,2023-06-12,Elia,Intervention_weekday,120,09:24:02,6,Lying Down,Resting,,15,75,Inactive,45,0,False,True
3194,2023-06-12,Elia,Intervention_weekday,120,09:24:17,6,Lying Down,Resting,,30,90,Inactive,30,0,False,True
3195,2023-06-12,Elia,Intervention_weekday,120,09:24:32,6,Lying Down,Resting,,45,105,Inactive,15,0,False,True
3196,2023-06-12,Elia,Intervention_weekday,120,09:24:47,6,Lying Down,Resting,,0,120,Inactive,0,0,False,True
3197,2023-06-12,Elia,Intervention_weekday,120,09:25:02,2,Standing,Locomotion,,15,0,Active,120,1,False,True
3198,2023-06-12,Elia,Intervention_weekday,120,09:25:17,1,Sitting,Resting,,30,15,Inactive,105,0,False,True
3199,2023-06-12,Elia,Intervention_weekday,120,09:25:32,6,Standing,Locomotion,,45,30,Active,90,1,False,True
3200,2023-06-12,Elia,Intervention_weekday,120,09:25:47,6,Sitting,Resting,,0,45,Inactive,75,0,False,True
3201,2023-06-12,Elia,Intervention_weekday,120,09:26:02,6,Sitting,Drinking,,15,60,Active,60,1,False,True
3202,2023-06-01,Elia,Intervention_weekday,60,09:58:19,5,Sitting,Eating,,15,15,Active,45,1,False,True
3203,2023-06-01,Elia,Intervention_weekday,60,09:58:34,5,Sitting,Grooming,,30,30,Active,30,1,False,True
3204,2023-06-01,Elia,Intervention_weekday,60,09:58:49,5,Sitting,Resting,,45,45,Inactive,15,0,False,True
3205,2023-06-01,Elia,Intervention_weekday,60,09:59:04,5,Sitting,Resting,,0,60,Inactive,0,0,False,True
3206,2023-06-01,Elia,Intervention_weekday,60,09:59:19,6,Sitting,Drinking,,15,0,Active,60,1,False,True
3207,2023-06-01,Elia,Intervention_weekday,60,09:59:34,1,Standing,Locomotion,,30,15,Active,45,1,False,True
3208,2023-06-01,Elia,Intervention_weekday,60,09:59:49,5,Sitting,Resting,,45,30,Inactive,30,0,False,True
3209,2023-06-01,Elia,Intervention_weekday,60,10:00:04,6,Sitting,Drinking,,0,45,Active,15,1,False,True
3210,2023-06-01,Elia,Intervention_weekday,60,10:00:19,6,Sitting,Drinking,,15,60,Active,0,1,False,True
3211,2023-06-01,Elia,Intervention_weekday,60,10:00:34,6,Sitting,Drinking,,30,0,Active,60,1,False,True
3212,2023-06-01,Elia,Intervention_weekday,60,10:00:49,5,Sitting,Eating,,45,15,Active,45,1,False,True
3213,2023-06-01,Elia,Intervention_weekday,60,10:01:04,5,Sitting,Resting,,0,30,Inactive,30,0,False,True
3214,2023-06-01,Elia,Intervention_weekday,60,10:01:19,5,Sitting,Resting,,15,45,Inactive,15,0,False,True
3215,2023-06-01,Elia,Intervention_weekday,60,10:01:34,5,Sitting,Resting,,30,60,Inactive,0,0,False,True
3216,2023-06-01,Elia,Intervention_weekday,60,10:01:49,5,Sitting,Resting,,45,0,Inactive,60,0,False,True
3217,2023-06-01,Elia,Intervention_weekday,60,10:02:04,5,Sitting,Resting,,0,15,Inactive,45,0,False,True
3218,2023-06-01,Elia,Intervention_weekday,60,10:02:19,5,Sitting,Resting,,15,30,Inactive,30,0,False,True
3219,2023-06-01,Elia,Intervention_weekday,60,10:02:34,5,Sitting,Resting,,30,45,Inactive,15,0,False,True
3220,2023-06-01,Elia,Intervention_weekday,60,10:02:49,5,Sitting,Resting,,45,60,Inactive,0,0,False,True
3221,2023-06-01,Elia,Intervention_weekday,60,10:03:04,5,Sitting,Resting,,0,0,Inactive,60,0,False,True
3222,2023-06-01,Elia,Intervention_weekday,60,10:03:19,5,Standing,Pause,,15,15,Inactive,45,0,False,True
3223,2023-06-01,Elia,Intervention_weekday,60,10:03:34,5,Sitting,Grooming,,30,30,Active,30,1,False,True
3224,2023-06-01,Elia,Intervention_weekday,60,10:03:49,5,Sitting,Resting,,45,45,Inactive,15,0,False,True
3225,2023-06-01,Elia,Intervention_weekday,60,10:04:04,5,Sitting,Resting,,0,60,Inactive,0,0,False,True
3226,2023-06-01,Elia,Intervention_weekday,60,10:04:19,5,Sitting,Resting,,15,0,Inactive,60,0,False,True
3227,2023-06-01,Elia,Intervention_weekday,60,10:04:34,5,Sitting,Resting,,30,15,Inactive,45,0,False,True
3228,2023-06-01,Elia,Intervention_weekday,60,10:04:49,5,Sitting,Resting,,45,30,Inactive,30,0,False,True
3229,2023-06-01,Elia,Intervention_weekday,60,10:05:04,5,Sitting,Resting,,0,45,Inactive,15,0,False,True
3230,2023-06-01,Elia,Intervention_weekday,60,10:05:19,5,Sitting,Resting,,15,60,Inactive,0,0,False,True
3231,2023-06-01,Elia,Intervention_weekday,60,10:05:34,5,Sitting,Resting,,30,0,Inactive,60,0,False,True
3232,2023-06-01,Elia,Intervention_weekday,60,10:05:49,5,Sitting,Resting,,45,15,Inactive,45,0,False,True
3233,2023-06-01,Elia,Intervention_weekday,60,10:06:04,5,Sitting,Resting,,0,30,Inactive,30,0,False,True
3234,2023-06-01,Elia,Intervention_weekday,60,10:06:19,5,Standing,Pause,,15,45,Inactive,15,0,False,True
3235,2023-06-01,Elia,Intervention_weekday,60,10:06:34,5,Sitting,Grooming,,30,60,Active,0,1,False,True
3236,2023-06-01,Elia,Intervention_weekday,60,10:06:49,5,Sitting,Resting,,45,0,Inactive,60,0,False,True
3237,2023-06-01,Elia,Intervention_weekday,60,10:07:04,5,Sitting,Resting,,0,15,Inactive,45,0,False,True
3238,2023-06-01,Elia,Intervention_weekday,60,10:07:19,5,Sitting,Resting,,15,30,Inactive,30,0,False,True
3239,2023-06-01,Elia,Intervention_weekday,60,10:07:34,5,Sitting,Resting,,30,45,Inactive,15,0,False,True
3240,2023-06-01,Elia,Intervention_weekday,60,10:07:49,5,Sitting,Resting,,45,60,Inactive,0,0,False,True
3241,2023-06-01,Elia,Intervention_weekday,60,10:08:04,5,Sitting,Resting,,0,0,Inactive,60,0,False,True
3242,2023-06-01,Elia,Intervention_weekday,60,10:08:19,5,Sitting,Resting,,15,15,Inactive,45,0,False,True
3243,2023-06-01,Elia,Intervention_weekday,60,10:08:34,5,Sitting,Resting,,30,30,Inactive,30,0,False,True
3244,2023-06-01,Elia,Intervention_weekday,60,10:08:49,5,Sitting,Resting,,45,45,Inactive,15,0,False,True
3245,2023-06-01,Elia,Intervention_weekday,60,10:09:04,5,Sitting,Resting,,0,60,Inactive,0,0,False,True
3246,2023-06-01,Elia,Intervention_weekday,60,10:09:19,5,Sitting,Resting,,15,0,Inactive,60,0,False,True
3247,2023-06-01,Elia,Intervention_weekday,60,10:09:34,5,Sitting,Resting,,30,15,Inactive,45,0,False,True
3248,2023-06-01,Elia,Intervention_weekday,60,10:09:49,5,Sitting,Resting,,45,30,Inactive,30,0,False,True
3249,2023-06-01,Elia,Intervention_weekday,60,10:10:04,5,Sitting,Resting,,0,45,Inactive,15,0,False,True
3250,2023-06-01,Elia,Intervention_weekday,60,10:10:19,5,Standing,Pause,,15,60,Inactive,0,0,False,True
3251,2023-06-01,Elia,Intervention_weekday,60,10:10:34,5,Sitting,Resting,,30,0,Inactive,60,0,False,True
3252,2023-06-01,Elia,Intervention_weekday,60,10:10:49,5,Sitting,Resting,,45,15,Inactive,45,0,False,True
3253,2023-06-01,Elia,Intervention_weekday,60,10:11:04,5,Sitting,Resting,,0,30,Inactive,30,0,False,True
3254,2023-06-01,Elia,Intervention_weekday,60,10:11:19,5,Sitting,Resting,,15,45,Inactive,15,0,False,True
3255,2023-06-01,Elia,Intervention_weekday,60,10:11:34,5,Sitting,Resting,,30,60,Inactive,0,0,False,True
3256,2023-06-01,Elia,Intervention_weekday,60,10:11:49,5,Sitting,Resting,,45,0,Inactive,60,0,False,True
3257,2023-06-01,Elia,Intervention_weekday,60,10:12:04,5,Sitting,Resting,,0,15,Inactive,45,0,False,True
3258,2023-06-01,Elia,Intervention_weekday,60,10:12:19,5,Sitting,Resting,,15,30,Inactive,30,0,False,True
3259,2023-06-01,Elia,Intervention_weekday,60,10:12:34,5,Sitting,Resting,,30,45,Inactive,15,0,False,True
3260,2023-06-01,Elia,Intervention_weekday,60,10:12:49,5,Sitting,Resting,,45,60,Inactive,0,0,False,True
3261,2023-06-01,Elia,Intervention_weekday,60,10:13:04,5,Sitting,Resting,,0,0,Inactive,60,0,False,True
3262,2023-06-01,Elia,Intervention_weekday,60,10:13:19,5,Sitting,Resting,,15,15,Inactive,45,0,False,True
3263,2023-06-02,Elia,Intervention_weekday,60,09:59:43,5,Sitting,Pause,,15,15,Inactive,45,0,False,True
3264,2023-06-02,Elia,Intervention_weekday,60,09:59:58,5,Sitting,Resting,,30,30,Inactive,30,0,False,True
3265,2023-06-02,Elia,Intervention_weekday,60,10:00:13,3,Standing,Locomotion,,45,45,Active,15,1,False,True
3266,2023-06-02,Elia,Intervention_weekday,60,10:00:28,5,Standing,Eating,,0,60,Active,0,1,False,True
3267,2023-06-02,Elia,Intervention_weekday,60,10:00:43,5,Standing,Eating,,15,0,Active,60,1,False,True
3268,2023-06-02,Elia,Intervention_weekday,60,10:00:58,3,Sitting,Pause,,30,15,Inactive,45,0,False,True
3269,2023-06-02,Elia,Intervention_weekday,60,10:01:13,3,Standing,Locomotion,,45,30,Active,30,1,False,True
3270,2023-06-02,Elia,Intervention_weekday,60,10:01:28,5,Standing,Eating,,0,45,Active,15,1,False,True
3271,2023-06-02,Elia,Intervention_weekday,60,10:01:43,5,Sitting,Grooming,,15,60,Active,0,1,False,True
3272,2023-06-02,Elia,Intervention_weekday,60,10:01:58,3,Sitting,Resting,,30,0,Inactive,60,0,False,True
3273,2023-06-02,Elia,Intervention_weekday,60,10:02:13,3,Sitting,Resting,,45,15,Inactive,45,0,False,True
3274,2023-06-02,Elia,Intervention_weekday,60,10:02:28,5,Sitting,Eating,,0,30,Active,30,1,False,True
3275,2023-06-02,Elia,Intervention_weekday,60,10:02:43,5,Sitting,Resting,,15,45,Inactive,15,0,False,True
3276,2023-06-02,Elia,Intervention_weekday,60,10:02:58,5,Sitting,Resting,,30,60,Inactive,0,0,False,True
3277,2023-06-02,Elia,Intervention_weekday,60,10:03:13,5,Sitting,Resting,,45,0,Inactive,60,0,False,True
3278,2023-06-02,Elia,Intervention_weekday,60,10:03:28,5,Sitting,Eating,,0,15,Active,45,1,False,True
3279,2023-06-02,Elia,Intervention_weekday,60,10:03:43,5,Sitting,Eating,,15,30,Active,30,1,False,True
3280,2023-06-02,Elia,Intervention_weekday,60,10:03:58,5,Sitting,Resting,,30,45,Inactive,15,0,False,True
3281,2023-06-02,Elia,Intervention_weekday,60,10:04:13,5,Sitting,Resting,,45,60,Inactive,0,0,False,True
3282,2023-06-02,Elia,Intervention_weekday,60,10:04:28,5,Sitting,Manipulating Object,Feeder,0,0,Active,60,1,False,True
3283,2023-06-02,Elia,Intervention_weekday,60,10:04:43,5,Sitting,Resting,,15,15,Inactive,45,0,False,True
3284,2023-06-02,Elia,Intervention_weekday,60,10:04:58,5,Sitting,Resting,,30,30,Inactive,30,0,False,True
3285,2023-06-02,Elia,Intervention_weekday,60,10:05:13,5,Sitting,Resting,,45,45,Inactive,15,0,False,True
3286,2023-06-02,Elia,Intervention_weekday,60,10:05:28,5,Sitting,Manipulating Object,Feeder,0,60,Active,0,1,False,True
3287,2023-06-02,Elia,Intervention_weekday,60,10:05:43,5,Sitting,Pause,,15,0,Inactive,60,0,False,True
3288,2023-06-02,Elia,Intervention_weekday,60,10:05:58,5,Sitting,Manipulating Object,Feeder,30,15,Active,45,1,False,True
3289,2023-06-02,Elia,Intervention_weekday,60,10:06:13,5,Sitting,Resting,,45,30,Inactive,30,0,False,True
3290,2023-06-02,Elia,Intervention_weekday,60,10:06:28,6,Standing,Drinking,,0,45,Active,15,1,False,True
3291,2023-06-02,Elia,Intervention_weekday,60,10:06:43,5,Sitting,Eating,,15,60,Active,0,1,False,True
3292,2023-06-02,Elia,Intervention_weekday,60,10:06:58,3,Standing,Locomotion,,30,0,Active,60,1,False,True
3293,2023-06-02,Elia,Intervention_weekday,60,10:07:13,3,Sitting,Resting,,45,15,Inactive,45,0,False,True
3294,2023-06-02,Elia,Intervention_weekday,60,10:07:28,5,Standing,Locomotion,,0,30,Active,30,1,False,True
3295,2023-06-02,Elia,Intervention_weekday,60,10:07:43,5,Sitting,Eating,,15,45,Active,15,1,False,True
3296,2023-06-02,Elia,Intervention_weekday,60,10:07:58,5,Sitting,Resting,,30,60,Inactive,0,0,False,True
3297,2023-06-02,Elia,Intervention_weekday,60,10:08:13,5,Sitting,Resting,,45,0,Inactive,60,0,False,True
3298,2023-06-02,Elia,Intervention_weekday,60,10:08:28,5,Sitting,Manipulating Object,Feeder,0,15,Active,45,1,False,True
3299,2023-06-02,Elia,Intervention_weekday,60,10:08:43,5,Sitting,Eating,,15,30,Active,30,1,False,True
3300,2023-06-02,Elia,Intervention_weekday,60,10:08:58,5,Sitting,Resting,,30,45,Inactive,15,0,False,True
3301,2023-06-02,Elia,Intervention_weekday,60,10:09:13,5,Sitting,Resting,,45,60,Inactive,0,0,False,True
3302,2023-06-02,Elia,Intervention_weekday,60,10:09:28,5,Sitting,Resting,,0,0,Inactive,60,0,False,True
3303,2023-06-02,Elia,Intervention_weekday,60,10:09:43,5,Sitting,Eating,,15,15,Active,45,1,False,True
3304,2023-06-02,Elia,Intervention_weekday,60,10:09:58,5,Sitting,Eating,,30,30,Active,30,1,False,True
3305,2023-06-02,Elia,Intervention_weekday,60,10:10:13,5,Sitting,Resting,,45,45,Inactive,15,0,False,True
3306,2023-06-02,Elia,Intervention_weekday,60,10:10:28,5,Sitting,Resting,,0,60,Inactive,0,0,False,True
3307,2023-06-02,Elia,Intervention_weekday,60,10:10:43,5,Sitting,Eating,,15,0,Active,60,1,False,True
3308,2023-06-02,Elia,Intervention_weekday,60,10:10:58,5,Sitting,Resting,,30,15,Inactive,45,0,False,True
3309,2023-06-02,Elia,Intervention_weekday,60,10:11:13,5,Sitting,Resting,,45,30,Inactive,30,0,False,True
3310,2023-06-02,Elia,Intervention_weekday,60,10:11:28,5,Sitting,Resting,,0,45,Inactive,15,0,False,True
3311,2023-06-02,Elia,Intervention_weekday,60,10:11:43,5,Sitting,Eating,,15,60,Active,0,1,False,True
3312,2023-06-02,Elia,Intervention_weekday,60,10:11:58,5,Sitting,Resting,,30,0,Inactive,60,0,False,True
3313,2023-06-02,Elia,Intervention_weekday,60,10:12:13,5,Sitting,Resting,,45,15,Inactive,45,0,False,True
3314,2023-06-02,Elia,Intervention_weekday,60,10:12:28,5,Sitting,Resting,,0,30,Inactive,30,0,False,True
3315,2023-06-02,Elia,Intervention_weekday,60,10:12:43,5,Sitting,Eating,,15,45,Active,15,1,False,True
3316,2023-06-02,Elia,Intervention_weekday,60,10:12:58,5,Sitting,Resting,,30,60,Inactive,0,0,False,True
3317,2023-06-02,Elia,Intervention_weekday,60,10:13:13,5,Sitting,Resting,,45,0,Inactive,60,0,False,True
3318,2023-06-02,Elia,Intervention_weekday,60,10:13:28,5,Sitting,Resting,,0,15,Inactive,45,0,False,True
3319,2023-06-02,Elia,Intervention_weekday,60,10:13:43,5,Sitting,Eating,,15,30,Active,30,1,False,True
3320,2023-06-02,Elia,Intervention_weekday,60,10:13:58,5,Sitting,Resting,,30,45,Inactive,15,0,False,True
3321,2023-06-02,Elia,Intervention_weekday,60,10:14:13,3,Standing,Locomotion,,45,60,Active,0,1,False,True
3322,2023-06-02,Elia,Intervention_weekday,60,10:14:28,3,Sitting,Resting,,0,0,Inactive,60,0,False,True
3323,2023-06-02,Elia,Intervention_weekday,60,10:14:43,5,Sitting,Resting,,15,15,Inactive,45,0,False,True
3324,2023-06-30,Elia,Intervention_weekday,180,08:46:00,5,Sitting,Resting,,15,135,Inactive,45,0,False,True
3325,2023-06-30,Elia,Intervention_weekday,180,08:46:15,5,Sitting,Resting,,30,150,Inactive,30,0,False,True
3326,2023-06-30,Elia,Intervention_weekday,180,08:46:30,5,Sitting,Resting,,45,165,Inactive,15,0,False,True
3327,2023-06-30,Elia,Intervention_weekday,180,08:46:45,5,Sitting,Resting,,0,180,Inactive,0,0,False,True
3328,2023-06-30,Elia,Intervention_weekday,180,08:47:00,5,Sitting,Resting,,15,0,Inactive,180,0,False,True
3329,2023-06-30,Elia,Intervention_weekday,180,08:47:15,5,Sitting,Resting,,30,15,Inactive,165,0,False,True
3330,2023-06-30,Elia,Intervention_weekday,180,08:47:30,5,Sitting,Resting,,45,30,Inactive,150,0,False,True
3331,2023-06-30,Elia,Intervention_weekday,180,08:47:45,5,Sitting,Resting,,0,45,Inactive,135,0,False,True
3332,2023-06-30,Elia,Intervention_weekday,180,08:48:00,5,Sitting,Resting,,15,60,Inactive,120,0,False,True
3333,2023-06-30,Elia,Intervention_weekday,180,08:48:15,5,Sitting,Resting,,30,75,Inactive,105,0,False,True
3334,2023-06-30,Elia,Intervention_weekday,180,08:48:30,5,Sitting,Resting,,45,90,Inactive,90,0,False,True
3335,2023-06-30,Elia,Intervention_weekday,180,08:48:45,5,Standing,Eating,,0,105,Active,75,1,False,True
3336,2023-06-30,Elia,Intervention_weekday,180,08:49:00,5,Sitting,Resting,,15,120,Inactive,60,0,False,True
3337,2023-06-30,Elia,Intervention_weekday,180,08:49:15,6,Sitting,Drinking,,30,135,Active,45,1,False,True
3338,2023-06-30,Elia,Intervention_weekday,180,08:49:30,Fence,Other,Locomotion,Fencing,45,150,Active,30,1,False,True
3339,2023-06-30,Elia,Intervention_weekday,180,08:49:45,3,Standing,Locomotion,,0,165,Active,15,1,False,True
3340,2023-06-30,Elia,Intervention_weekday,180,08:50:00,5,Standing,Pause,,15,180,Inactive,0,0,False,True
3341,2023-06-30,Elia,Intervention_weekday,180,08:50:15,5,Sitting,Resting,,30,0,Inactive,180,0,False,True
3342,2023-06-30,Elia,Intervention_weekday,180,08:50:30,5,Sitting,Resting,,45,15,Inactive,165,0,False,True
3343,2023-06-30,Elia,Intervention_weekday,180,08:50:45,5,Sitting,Resting,,0,30,Inactive,150,0,False,True
3344,2023-06-30,Elia,Intervention_weekday,180,08:51:00,5,Sitting,Resting,,15,45,Inactive,135,0,False,True
3345,2023-06-30,Elia,Intervention_weekday,180,08:51:15,5,Sitting,Resting,,30,60,Inactive,120,0,False,True
3346,2023-06-30,Elia,Intervention_weekday,180,08:51:30,5,Sitting,Resting,,45,75,Inactive,105,0,False,True
3347,2023-06-30,Elia,Intervention_weekday,180,08:51:45,5,Sitting,Grooming,,0,90,Active,90,1,False,True
3348,2023-06-30,Elia,Intervention_weekday,180,08:52:00,5,Sitting,Resting,,15,105,Inactive,75,0,False,True
3349,2023-06-30,Elia,Intervention_weekday,180,08:52:15,5,Sitting,Resting,,30,120,Inactive,60,0,False,True
3350,2023-06-30,Elia,Intervention_weekday,180,08:52:30,5,Sitting,Resting,,45,135,Inactive,45,0,False,True
3351,2023-06-30,Elia,Intervention_weekday,180,08:52:45,5,Sitting,Resting,,0,150,Inactive,30,0,False,True
3352,2023-06-30,Elia,Intervention_weekday,180,08:53:00,5,Sitting,Resting,,15,165,Inactive,15,0,False,True
3353,2023-06-30,Elia,Intervention_weekday,180,08:53:15,5,Sitting,Resting,,30,180,Inactive,0,0,False,True
3354,2023-06-30,Elia,Intervention_weekday,180,08:53:30,5,Sitting,Resting,,45,0,Inactive,180,0,False,True
3355,2023-06-30,Elia,Intervention_weekday,180,08:53:45,5,Sitting,Resting,,0,15,Inactive,165,0,False,True
3356,2023-06-30,Elia,Intervention_weekday,180,08:54:00,5,Sitting,Resting,,15,30,Inactive,150,0,False,True
3357,2023-06-30,Elia,Intervention_weekday,180,08:54:15,5,Sitting,Resting,,30,45,Inactive,135,0,False,True
3358,2023-06-30,Elia,Intervention_weekday,180,08:54:30,5,Sitting,Resting,,45,60,Inactive,120,0,False,True
3359,2023-06-30,Elia,Intervention_weekday,180,08:54:45,5,Sitting,Eating,,0,75,Active,105,1,False,True
3360,2023-06-30,Elia,Intervention_weekday,180,08:55:00,6,Standing,Locomotion,,15,90,Active,90,1,False,True
3361,2023-06-30,Elia,Intervention_weekday,180,08:55:15,6,Sitting,Drinking,,30,105,Active,75,1,False,True
3362,2023-06-30,Elia,Intervention_weekday,180,08:55:30,6,Sitting,Drinking,,45,120,Active,60,1,False,True
3363,2023-06-30,Elia,Intervention_weekday,180,08:55:45,5,Sitting,Resting,,0,135,Inactive,45,0,False,True
3364,2023-06-30,Elia,Intervention_weekday,180,08:56:00,5,Sitting,Resting,,15,150,Inactive,30,0,False,True
3365,2023-06-30,Elia,Intervention_weekday,180,08:56:15,5,Sitting,Grooming,,30,165,Active,15,1,False,True
3366,2023-06-30,Elia,Intervention_weekday,180,08:56:30,5,Sitting,Grooming,,45,180,Active,0,1,False,True
3367,2023-06-30,Elia,Intervention_weekday,180,08:56:45,5,Sitting,Grooming,,0,0,Active,180,1,False,True
3368,2023-06-30,Elia,Intervention_weekday,180,08:57:00,5,Sitting,Pause,,15,15,Inactive,165,0,False,True
3369,2023-06-30,Elia,Intervention_weekday,180,08:57:15,3,Sitting,Grooming,,30,30,Active,150,1,False,True
3370,2023-06-30,Elia,Intervention_weekday,180,08:57:30,5,Sitting,Grooming,,45,45,Active,135,1,False,True
3371,2023-06-30,Elia,Intervention_weekday,180,08:57:45,5,Sitting,Resting,,0,60,Inactive,120,0,False,True
3372,2023-06-30,Elia,Intervention_weekday,180,08:58:00,5,Sitting,Resting,,15,75,Inactive,105,0,False,True
3373,2023-06-30,Elia,Intervention_weekday,180,08:58:15,5,Sitting,Resting,,30,90,Inactive,90,0,False,True
3374,2023-06-30,Elia,Intervention_weekday,180,08:58:30,5,Sitting,Resting,,45,105,Inactive,75,0,False,True
3375,2023-06-30,Elia,Intervention_weekday,180,08:58:45,5,Sitting,Resting,,0,120,Inactive,60,0,False,True
3376,2023-06-30,Elia,Intervention_weekday,180,08:59:00,5,Sitting,Resting,,15,135,Inactive,45,0,False,True
3377,2023-06-30,Elia,Intervention_weekday,180,08:59:15,5,Sitting,Resting,,30,150,Inactive,30,0,False,True
3378,2023-06-30,Elia,Intervention_weekday,180,08:59:30,5,Sitting,Resting,,45,165,Inactive,15,0,False,True
3379,2023-06-30,Elia,Intervention_weekday,180,08:59:45,5,Sitting,Resting,,0,180,Inactive,0,0,False,True
3380,2023-06-30,Elia,Intervention_weekday,180,09:00:00,2,Sitting,Resting,,15,0,Inactive,180,0,False,True
3381,2023-06-30,Elia,Intervention_weekday,180,09:00:15,6,Sitting,Drinking,,30,15,Active,165,1,False,True
3382,2023-06-30,Elia,Intervention_weekday,180,09:00:30,6,Sitting,Drinking,,45,30,Active,150,1,False,True
3383,2023-06-30,Elia,Intervention_weekday,180,09:00:45,6,Sitting,Drinking,,0,45,Active,135,1,False,True
3384,2023-06-30,Elia,Intervention_weekday,180,09:01:00,5,Sitting,Eating,,15,60,Active,120,1,False,True
3446,2023-07-25,Elia,Intervention Weekday,300,09:10:58,5,Sitting,Eating,,15,285,Active,15,1,False,True
3447,2023-07-25,Elia,Intervention Weekday,300,09:11:13,6,Standing,Locomotion,,30,300,Active,0,1,False,True
3448,2023-07-25,Elia,Intervention Weekday,300,09:11:28,6,Standing,Drinking,,45,0,Active,300,1,False,True
3449,2023-07-25,Elia,Intervention Weekday,300,09:11:43,5,Standing,Locomotion,,0,15,Active,285,1,False,True
3450,2023-07-25,Elia,Intervention Weekday,300,09:11:58,5,Sitting,Grooming,,15,30,Active,270,1,False,True
3451,2023-07-25,Elia,Intervention Weekday,300,09:12:13,6,Standing,Locomotion,,30,45,Active,255,1,False,True
3452,2023-07-25,Elia,Intervention Weekday,300,09:12:28,6,Standing,Locomotion,,45,60,Active,240,1,False,True
3453,2023-07-25,Elia,Intervention Weekday,300,09:12:43,5,Standing,Rubbing,Fencing,0,75,Active,225,1,False,True
3454,2023-07-25,Elia,Intervention Weekday,300,09:12:58,5,Standing,Locomotion,,15,90,Active,210,1,False,True
3455,2023-07-25,Elia,Intervention Weekday,300,09:13:13,5,Standing,Locomotion,,30,105,Active,195,1,False,True
3456,2023-07-25,Elia,Intervention Weekday,300,09:13:28,6,Sitting,Pause,,45,120,Inactive,180,0,False,True
3457,2023-07-25,Elia,Intervention Weekday,300,09:13:43,5,Standing,Locomotion,,0,135,Active,165,1,False,True
3458,2023-07-25,Elia,Intervention Weekday,300,09:13:58,6,Sitting,Drinking,,15,150,Active,150,1,False,True
3459,2023-07-25,Elia,Intervention Weekday,300,09:14:13,5,Sitting,Resting,,30,165,Inactive,135,0,False,True
3460,2023-07-25,Elia,Intervention Weekday,300,09:14:28,5,Sitting,Resting,,45,180,Inactive,120,0,False,True
3461,2023-07-25,Elia,Intervention Weekday,300,09:14:43,6,Standing,Locomotion,,0,195,Active,105,1,False,True
3462,2023-07-25,Elia,Intervention Weekday,300,09:14:58,5,Standing,Locomotion,,15,210,Active,90,1,False,True
3463,2023-07-25,Elia,Intervention Weekday,300,09:15:13,4,Standing,Locomotion,,30,225,Active,75,1,False,True
3464,2023-07-25,Elia,Intervention Weekday,300,09:15:28,5,Standing,Locomotion,,45,240,Active,60,1,False,True
3465,2023-07-25,Elia,Intervention Weekday,300,09:15:43,5,Standing,Locomotion,,0,255,Active,45,1,False,True
3466,2023-07-25,Elia,Intervention Weekday,300,09:15:58,5,Sitting,Eating,,15,270,Active,30,1,False,True
3467,2023-07-25,Elia,Intervention Weekday,300,09:16:13,6,Standing,Locomotion,,30,285,Active,15,1,False,True
3468,2023-07-25,Elia,Intervention Weekday,300,09:16:28,6,Standing,Locomotion,,45,300,Active,0,1,False,True
3469,2023-07-25,Elia,Intervention Weekday,300,09:16:43,5,Sitting,Resting,,0,0,Inactive,300,0,False,True
3470,2023-07-25,Elia,Intervention Weekday,300,09:16:58,5,Sitting,Resting,,15,15,Inactive,285,0,False,True
3471,2023-07-25,Elia,Intervention Weekday,300,09:17:13,6,Sitting,Drinking,,30,30,Active,270,1,False,True
3472,2023-07-25,Elia,Intervention Weekday,300,09:17:28,6,Sitting,Drinking,,45,45,Active,255,1,False,True
3473,2023-07-25,Elia,Intervention Weekday,300,09:17:43,6,Sitting,Drinking,,0,60,Active,240,1,False,True
3474,2023-07-25,Elia,Intervention Weekday,300,09:17:58,6,Sitting,Drinking,,15,75,Active,225,1,False,True
3475,2023-07-25,Elia,Intervention Weekday,300,09:18:13,6,Sitting,Drinking,,30,90,Active,210,1,False,True
3476,2023-07-25,Elia,Intervention Weekday,300,09:18:28,4,Sitting,Grooming,,45,105,Active,195,1,False,True
3477,2023-07-25,Elia,Intervention Weekday,300,09:18:43,4,Sitting,Resting,,0,120,Inactive,180,0,False,True
3478,2023-07-25,Elia,Intervention Weekday,300,09:18:58,5,Sitting,Resting,,15,135,Inactive,165,0,False,True
3479,2023-07-25,Elia,Intervention Weekday,300,09:19:13,1,Rearing,Locomotion,,30,150,Active,150,1,False,True
3480,2023-07-25,Elia,Intervention Weekday,300,09:19:28,6,Sitting,Drinking,,45,165,Active,135,1,False,True
3481,2023-07-25,Elia,Intervention Weekday,300,09:19:43,6,Sitting,Drinking,,0,180,Active,120,1,False,True
3482,2023-07-25,Elia,Intervention Weekday,300,09:19:58,5,Standing,Locomotion,,15,195,Active,105,1,False,True
3483,2023-07-25,Elia,Intervention Weekday,300,09:20:13,6,Sitting,Resting,,30,210,Inactive,90,0,False,True
3484,2023-07-25,Elia,Intervention Weekday,300,09:20:28,6,Sitting,Resting,,45,225,Inactive,75,0,False,True
3485,2023-07-25,Elia,Intervention Weekday,300,09:20:43,6,Sitting,Resting,,0,240,Inactive,60,0,False,True
3486,2023-07-25,Elia,Intervention Weekday,300,09:20:58,5,Standing,Eating,,15,255,Active,45,1,False,True
3487,2023-07-25,Elia,Intervention Weekday,300,09:21:13,5,Sitting,Resting,,30,270,Inactive,30,0,False,True
3488,2023-07-25,Elia,Intervention Weekday,300,09:21:28,5,Sitting,Resting,,45,285,Inactive,15,0,False,True
3489,2023-07-25,Elia,Intervention Weekday,300,09:21:43,5,Sitting,Resting,,0,300,Inactive,0,0,False,True
3490,2023-07-25,Elia,Intervention Weekday,300,09:21:58,5,Sitting,Resting,,15,0,Inactive,300,0,False,True
3491,2023-07-25,Elia,Intervention Weekday,300,09:22:13,6,Standing,Locomotion,,30,15,Active,285,1,False,True
3492,2023-07-25,Elia,Intervention Weekday,300,09:22:28,6,Sitting,Resting,,45,30,Inactive,270,0,False,True
3493,2023-07-25,Elia,Intervention Weekday,300,09:22:43,6,Sitting,Resting,,0,45,Inactive,255,0,False,True
3494,2023-07-25,Elia,Intervention Weekday,300,09:22:58,5,Standing,Locomotion,,15,60,Active,240,1,False,True
3495,2023-07-25,Elia,Intervention Weekday,300,09:23:13,6,Sitting,Resting,,30,75,Inactive,225,0,False,True
3496,2023-07-25,Elia,Intervention Weekday,300,09:23:28,6,Sitting,Resting,,45,90,Inactive,210,0,False,True
3497,2023-07-25,Elia,Intervention Weekday,300,09:23:43,6,Sitting,Resting,,0,105,Inactive,195,0,False,True
3498,2023-07-25,Elia,Intervention Weekday,300,09:23:58,6,Sitting,Resting,,15,120,Inactive,180,0,False,True
3499,2023-07-25,Elia,Intervention Weekday,300,09:24:13,6,Sitting,Resting,,30,135,Inactive,165,0,False,True
3500,2023-07-25,Elia,Intervention Weekday,300,09:24:28,6,Standing,Pause,,45,150,Inactive,150,0,False,True
3501,2023-07-25,Elia,Intervention Weekday,300,09:24:43,6,Sitting,Resting,,0,165,Inactive,135,0,False,True
3502,2023-07-25,Elia,Intervention Weekday,300,09:24:58,5,Sitting,Resting,,15,180,Inactive,120,0,False,True
3503,2023-07-25,Elia,Intervention Weekday,300,09:25:13,5,Sitting,Resting,,30,195,Inactive,105,0,False,True
3504,2023-07-25,Elia,Intervention Weekday,300,09:25:28,6,Sitting,Drinking,,45,210,Active,90,1,False,True
3505,2023-07-25,Elia,Intervention Weekday,300,09:25:43,6,Sitting,Drinking,,0,225,Active,75,1,False,True
3506,2023-07-25,Elia,Intervention Weekday,300,09:25:58,6,Standing,Locomotion,,15,240,Active,60,1,False,True
3688,2023-10-17,Bernie,Intervention Weekday,120,10:37:16,6,Sitting,Eating,,45,75,Active,45,1,False,True
3689,2023-10-17,Bernie,Intervention Weekday,120,10:37:31,6,Sitting,Eating,,0,90,Active,30,1,False,True
3690,2023-10-17,Bernie,Intervention Weekday,120,10:37:46,5,Sitting,Eating,,15,105,Active,15,1,False,True
3691,2023-10-17,Bernie,Intervention Weekday,120,10:38:01,6,Sitting,Eating,,30,120,Active,0,1,False,True
3692,2023-10-17,Bernie,Intervention Weekday,120,10:38:16,5,Standing,Eating,,45,0,Active,120,1,False,True
3693,2023-10-17,Bernie,Intervention Weekday,120,10:38:31,5,Standing,Eating,,0,15,Active,105,1,False,True
3694,2023-10-17,Bernie,Intervention Weekday,120,10:38:46,5,Standing,Eating,,15,30,Active,90,1,False,True
3696,2023-10-17,Bernie,Intervention Weekday,120,10:39:16,6,Sitting,Eating,,45,60,Active,60,1,False,True
3697,2023-10-17,Bernie,Intervention Weekday,120,10:39:31,5,Standing,Locomotion,,0,75,Active,45,1,False,True
3698,2023-10-17,Bernie,Intervention Weekday,120,10:39:46,Shelf,Standing,Locomotion,,15,90,Active,30,1,False,True
3699,2023-10-17,Bernie,Intervention Weekday,120,10:40:01,Shelf,Sitting,Resting,,30,105,Inactive,15,0,False,True
3700,2023-10-17,Bernie,Intervention Weekday,120,10:40:16,Shelf,Lying Down,Resting,,45,120,Inactive,0,0,False,True
3701,2023-10-17,Bernie,Intervention Weekday,120,10:40:31,Shelf,Lying Down,Resting,,0,0,Inactive,120,0,False,True
3702,2023-10-17,Bernie,Intervention Weekday,120,10:40:46,Shelf,Lying Down,Resting,,15,15,Inactive,105,0,False,True
3703,2023-10-17,Bernie,Intervention Weekday,120,10:41:01,Shelf,Lying Down,Resting,,30,30,Inactive,90,0,False,True
3704,2023-10-17,Bernie,Intervention Weekday,120,10:41:16,6,Standing,Eating,,45,45,Active,75,1,False,True
3705,2023-10-17,Bernie,Intervention Weekday,120,10:41:31,6,Sitting,Eating,,0,60,Active,60,1,False,True
3706,2023-10-17,Bernie,Intervention Weekday,120,10:41:46,5,Sitting,Eating,,15,75,Active,45,1,False,True
3707,2023-10-17,Bernie,Intervention Weekday,120,10:42:01,6,Sitting,Eating,,30,90,Active,30,1,False,True
3708,2023-10-17,Bernie,Intervention Weekday,120,10:42:16,3,Standing,Locomotion,,45,105,Active,15,1,False,True
3709,2023-10-17,Bernie,Intervention Weekday,120,10:42:31,Shelf,Out of View,Locomotion,,0,120,Active,0,1,False,True
3710,2023-10-17,Bernie,Intervention Weekday,120,10:42:46,Shelf,Out of View,Locomotion,,15,0,Active,120,1,False,True
3711,2023-10-17,Bernie,Intervention Weekday,120,10:43:01,Shelf,Lying Down,Locomotion,,30,15,Active,105,1,False,True
3712,2023-10-17,Bernie,Intervention Weekday,120,10:43:16,6,Sitting,Eating,,45,30,Active,90,1,False,True
3713,2023-10-17,Bernie,Intervention Weekday,120,10:43:31,5,Standing,Locomotion,,0,45,Active,75,1,False,True
3714,2023-10-17,Bernie,Intervention Weekday,120,10:43:46,6,Standing,Locomotion,,15,60,Active,60,1,False,True
3715,2023-10-17,Bernie,Intervention Weekday,120,10:44:01,Shelf,Out of View,Pause,,30,75,Inactive,45,0,False,True
3716,2023-10-17,Bernie,Intervention Weekday,120,10:44:16,Shelf,Lying Down,Resting,,45,90,Inactive,30,0,False,True
3717,2023-10-17,Bernie,Intervention Weekday,120,10:44:31,Shelf,Lying Down,Resting,,0,105,Inactive,15,0,False,True
3718,2023-10-17,Bernie,Intervention Weekday,120,10:44:46,Shelf,Lying Down,Resting,,15,120,Inactive,0,0,False,True
3719,2023-10-17,Bernie,Intervention Weekday,120,10:45:01,Shelf,Lying Down,Resting,,30,0,Inactive,120,0,False,True
3720,2023-10-17,Bernie,Intervention Weekday,120,10:45:16,6,Sitting,Eating,,45,15,Active,105,1,False,True
3721,2023-10-17,Bernie,Intervention Weekday,120,10:45:31,5,Sitting,Eating,,0,30,Active,90,1,False,True
3722,2023-10-17,Bernie,Intervention Weekday,120,10:45:46,3,Standing,Locomotion,,15,45,Active,75,1,False,True
3723,2023-10-17,Bernie,Intervention Weekday,120,10:46:01,Shelf,Out of View,Pause,,30,60,Inactive,60,0,False,True
3724,2023-10-17,Bernie,Intervention Weekday,120,10:46:16,Shelf,Lying Down,Resting,,45,75,Inactive,45,0,False,True
3725,2023-10-17,Bernie,Intervention Weekday,120,10:46:31,Shelf,Lying Down,Resting,,0,90,Inactive,30,0,False,True
3726,2023-10-17,Bernie,Intervention Weekday,120,10:46:46,Shelf,Lying Down,Resting,,15,105,Inactive,15,0,False,True
3727,2023-10-17,Bernie,Intervention Weekday,120,10:47:01,Shelf,Lying Down,Resting,,30,120,Inactive,0,0,False,True
3728,2023-10-17,Bernie,Intervention Weekday,120,10:47:16,6,Sitting,Eating,,45,0,Active,120,1,False,True
3729,2023-10-17,Bernie,Intervention Weekday,120,10:47:31,5,Sitting,Pause,,0,15,Inactive,105,0,False,True
3730,2023-10-17,Bernie,Intervention Weekday,120,10:47:46,5,Standing,Locomotion,Water Bowl,15,30,Active,90,1,False,True
3731,2023-10-17,Bernie,Intervention Weekday,120,10:48:01,4,Standing,Locomotion,,30,45,Active,75,1,False,True
3732,2023-10-17,Bernie,Intervention Weekday,120,10:48:16,6,Standing,Locomotion,Feeder,45,60,Active,60,1,False,True
3733,2023-10-17,Bernie,Intervention Weekday,120,10:48:31,Fence,Standing,Locomotion,,0,75,Active,45,1,False,True
3734,2023-10-17,Bernie,Intervention Weekday,120,10:48:46,6,Standing,Locomotion,,15,90,Active,30,1,False,True
3735,2023-10-17,Bernie,Intervention Weekday,120,10:49:01,5,Rearing,Locomotion,Fencing,30,105,Active,15,1,False,True
3736,2023-10-17,Bernie,Intervention Weekday,120,10:49:16,6,Sitting,Eating,,45,120,Active,0,1,False,True
3737,2023-10-17,Bernie,Intervention Weekday,120,10:49:31,5,Rearing,Locomotion,Fencing,0,0,Active,120,1,False,True
3738,2023-10-17,Bernie,Intervention Weekday,120,10:49:46,5,Standing,Locomotion,,15,15,Active,105,1,False,True
3739,2023-10-17,Bernie,Intervention Weekday,120,10:50:01,Shelf,Standing,Pause,,30,30,Inactive,90,0,False,True
3740,2023-10-17,Bernie,Intervention Weekday,120,10:50:16,Shelf,Standing,Pause,,45,45,Inactive,75,0,False,True
3741,2023-10-17,Bernie,Intervention Weekday,120,10:50:31,Shelf,Lying Down,Resting,,0,60,Inactive,60,0,False,True
3742,2023-10-17,Bernie,Intervention Weekday,120,10:50:46,Shelf,Lying Down,Resting,,15,75,Inactive,45,0,False,True
3743,2023-10-17,Bernie,Intervention Weekday,120,10:51:01,Shelf,Lying Down,Resting,,30,90,Inactive,30,0,False,True
3744,2023-10-17,Bernie,Intervention Weekday,120,10:51:16,Shelf,Lying Down,Resting,,45,105,Inactive,15,0,False,True
3745,2023-10-17,Bernie,Intervention Weekday,120,10:51:31,Shelf,Lying Down,Resting,,0,120,Inactive,0,0,False,True
3746,2023-10-17,Bernie,Intervention Weekday,120,10:51:46,Shelf,Lying Down,Resting,,15,0,Inactive,120,0,False,True
3747,2023-10-19,Bernie,Intervention Weekday,120,08:54:02,6,Sitting,Eating,,45,75,Active,45,1,False,True
3748,2023-10-19,Bernie,Intervention Weekday,120,08:54:17,5,Rearing,Locomotion,Outside Object,0,90,Active,30,1,False,True
3749,2023-10-19,Bernie,Intervention Weekday,120,08:54:32,6,Standing,Locomotion,,15,105,Active,15,1,False,True
3750,2023-10-19,Bernie,Intervention Weekday,120,08:54:47,6,Standing,Locomotion,,30,120,Active,0,1,False,True
3751,2023-10-19,Bernie,Intervention Weekday,120,08:55:02,5,Rearing,Locomotion,Outside Object,45,0,Active,120,1,False,True
3752,2023-10-19,Bernie,Intervention Weekday,120,08:55:17,2,Standing,Locomotion,,0,15,Active,105,1,False,True
3753,2023-10-19,Bernie,Intervention Weekday,120,08:55:32,2,Standing,Locomotion,,15,30,Active,90,1,False,True
3754,2023-10-19,Bernie,Intervention Weekday,120,08:55:47,6,Standing,Locomotion,,30,45,Active,75,1,False,True
3755,2023-10-19,Bernie,Intervention Weekday,120,08:56:02,6,Standing,Locomotion,,45,60,Active,60,1,False,True
3756,2023-10-19,Bernie,Intervention Weekday,120,08:56:17,6,Standing,Eating,,0,75,Active,45,1,False,True
3757,2023-10-19,Bernie,Intervention Weekday,120,08:56:32,6,Standing,Eating,,15,90,Active,30,1,False,True
3758,2023-10-19,Bernie,Intervention Weekday,120,08:56:47,5,Standing,Eating,,30,105,Active,15,1,False,True
3759,2023-10-19,Bernie,Intervention Weekday,120,08:57:02,5,Rearing,Locomotion,Outside Object,45,120,Active,0,1,False,True
3760,2023-10-19,Bernie,Intervention Weekday,120,08:57:17,5,Standing,Locomotion,,0,0,Active,120,1,False,True
3761,2023-10-19,Bernie,Intervention Weekday,120,08:57:32,Shelf,Standing,Locomotion,,15,15,Active,105,1,False,True
3762,2023-10-19,Bernie,Intervention Weekday,120,08:57:47,Fence,Other,Locomotion,Outside Object,30,30,Active,90,1,False,True
3763,2023-10-19,Bernie,Intervention Weekday,120,08:58:02,Fence,Other,Locomotion,Outside Object,45,45,Active,75,1,False,True
3764,2023-10-19,Bernie,Intervention Weekday,120,08:58:17,1,Standing,Locomotion,,0,60,Active,60,1,False,True
3765,2023-10-19,Bernie,Intervention Weekday,120,08:58:32,5,Rearing,Locomotion,,15,75,Active,45,1,False,True
3766,2023-10-19,Bernie,Intervention Weekday,120,08:58:47,6,Sitting,Eating,,30,90,Active,30,1,False,True
3767,2023-10-19,Bernie,Intervention Weekday,120,08:59:02,6,Sitting,Pause,,45,105,Inactive,15,0,False,True
3768,2023-10-19,Bernie,Intervention Weekday,120,08:59:17,1,Standing,Locomotion,,0,120,Active,0,1,False,True
3769,2023-10-19,Bernie,Intervention Weekday,120,08:59:32,6,Sitting,Pause,,15,0,Inactive,120,0,False,True
3770,2023-10-19,Bernie,Intervention Weekday,120,08:59:47,6,Sitting,Eating,,30,15,Active,105,1,False,True
3772,2023-10-19,Bernie,Intervention Weekday,120,09:00:17,Shelf,Lying Down,Resting,,0,45,Inactive,75,0,False,True
3773,2023-10-19,Bernie,Intervention Weekday,120,09:00:32,6,Sitting,Eating,,15,60,Active,60,1,False,True
3774,2023-10-19,Bernie,Intervention Weekday,120,09:00:47,6,Sitting,Pause,,30,75,Inactive,45,0,False,True
3775,2023-10-19,Bernie,Intervention Weekday,120,09:01:02,6,Sitting,Pause,,45,90,Inactive,30,0,False,True
3776,2023-10-19,Bernie,Intervention Weekday,120,09:01:17,Shelf,Lying Down,Resting,,0,105,Inactive,15,0,False,True
3777,2023-10-19,Bernie,Intervention Weekday,120,09:01:32,Shelf,Lying Down,Resting,,15,120,Inactive,0,0,False,True
3778,2023-10-19,Bernie,Intervention Weekday,120,09:01:47,Shelf,Lying Down,Resting,,30,0,Inactive,120,0,False,True
3779,2023-10-19,Bernie,Intervention Weekday,120,09:02:02,Shelf,Lying Down,Resting,,45,15,Inactive,105,0,False,True
3780,2023-10-19,Bernie,Intervention Weekday,120,09:02:17,Shelf,Lying Down,Resting,,0,30,Inactive,90,0,False,True
3781,2023-10-19,Bernie,Intervention Weekday,120,09:02:32,6,Sitting,Eating,,15,45,Active,75,1,False,True
3782,2023-10-19,Bernie,Intervention Weekday,120,09:02:47,3,Standing,Locomotion,,30,60,Active,60,1,False,True
3783,2023-10-19,Bernie,Intervention Weekday,120,09:03:02,6,Sitting,Eating,,45,75,Active,45,1,False,True
3784,2023-10-19,Bernie,Intervention Weekday,120,09:03:17,6,Sitting,Eating,,0,90,Active,30,1,False,True
3786,2023-10-19,Bernie,Intervention Weekday,120,09:03:47,Shelf,Lying Down,Resting,,30,120,Inactive,0,0,False,True
3787,2023-10-19,Bernie,Intervention Weekday,120,09:04:02,Shelf,Lying Down,Resting,,45,0,Inactive,120,0,False,True
3788,2023-10-19,Bernie,Intervention Weekday,120,09:04:17,Shelf,Lying Down,Resting,,0,15,Inactive,105,0,False,True
3789,2023-10-19,Bernie,Intervention Weekday,120,09:04:32,6,Sitting,Eating,,15,30,Active,90,1,False,True
3790,2023-10-19,Bernie,Intervention Weekday,120,09:04:47,6,Sitting,Eating,,30,45,Active,75,1,False,True
3791,2023-10-19,Bernie,Intervention Weekday,120,09:05:02,6,Sitting,Manipulating Object,Feeder,45,60,Active,60,1,False,True
3792,2023-10-19,Bernie,Intervention Weekday,120,09:05:17,6,Standing,Locomotion,,0,75,Active,45,1,False,True
3794,2023-10-19,Bernie,Intervention Weekday,120,09:05:47,Shelf,Lying Down,Resting,,30,105,Inactive,15,0,False,True
3795,2023-10-19,Bernie,Intervention Weekday,120,09:06:02,Shelf,Lying Down,Resting,,45,120,Inactive,0,0,False,True
3797,2023-10-19,Bernie,Intervention Weekday,120,09:06:32,6,Standing,Locomotion,,15,15,Active,105,1,False,True
3798,2023-10-19,Bernie,Intervention Weekday,120,09:06:47,2,Sitting,Grooming,,30,30,Active,90,1,False,True
3799,2023-10-19,Bernie,Intervention Weekday,120,09:07:02,2,Sitting,Grooming,,45,45,Active,75,1,False,True
3800,2023-10-19,Bernie,Intervention Weekday,120,09:07:17,2,Sitting,Grooming,,0,60,Active,60,1,False,True
3801,2023-10-19,Bernie,Intervention Weekday,120,09:07:32,6,Sitting,Resting,,15,75,Inactive,45,0,False,True
3802,2023-10-19,Bernie,Intervention Weekday,120,09:07:47,3,Standing,Locomotion,,30,90,Active,30,1,False,True
3803,2023-10-19,Bernie,Intervention Weekday,120,09:08:02,3,Standing,Locomotion,,45,105,Active,15,1,False,True
3804,2023-10-19,Bernie,Intervention Weekday,120,09:08:17,5,Standing,Locomotion,,0,120,Active,0,1,False,True
3805,2023-10-19,Bernie,Intervention Weekday,120,09:08:32,6,Sitting,Eating,,15,0,Active,120,1,False,True
3865,2023-10-31,Bernie,Intervention Weekday,180,08:52:33,6,Sitting,Eating,,45,105,Active,75,1,False,True
3866,2023-10-31,Bernie,Intervention Weekday,180,08:52:48,6,Sitting,Eating,,0,120,Active,60,1,False,True
3867,2023-10-31,Bernie,Intervention Weekday,180,08:53:03,6,Sitting,Eating,,15,135,Active,45,1,False,True
3868,2023-10-31,Bernie,Intervention Weekday,180,08:53:18,6,Sitting,Eating,,30,150,Active,30,1,False,True
3869,2023-10-31,Bernie,Intervention Weekday,180,08:53:33,5,Rearing,Locomotion,,45,165,Active,15,1,False,True
3870,2023-10-31,Bernie,Intervention Weekday,180,08:53:48,6,Sitting,Eating,,0,180,Active,0,1,False,True
3871,2023-10-31,Bernie,Intervention Weekday,180,08:54:03,6,Sitting,Eating,,15,0,Active,180,1,False,True
3872,2023-10-31,Bernie,Intervention Weekday,180,08:54:18,6,Sitting,Eating,,30,15,Active,165,1,False,True
3873,2023-10-31,Bernie,Intervention Weekday,180,08:54:33,5,Rearing,Locomotion,,45,30,Active,150,1,False,True
3874,2023-10-31,Bernie,Intervention Weekday,180,08:54:48,5,Sitting,Eating,,0,45,Active,135,1,False,True
3875,2023-10-31,Bernie,Intervention Weekday,180,08:55:03,5,Sitting,Grooming,,15,60,Active,120,1,False,True
3876,2023-10-31,Bernie,Intervention Weekday,180,08:55:18,5,Rearing,Locomotion,,30,75,Active,105,1,False,True
3877,2023-10-31,Bernie,Intervention Weekday,180,08:55:33,4,Standing,Locomotion,,45,90,Active,90,1,False,True
3878,2023-10-31,Bernie,Intervention Weekday,180,08:55:48,6,Sitting,Drinking,,0,105,Active,75,1,False,True
3879,2023-10-31,Bernie,Intervention Weekday,180,08:56:03,6,Sitting,Drinking,,15,120,Active,60,1,False,True
3880,2023-10-31,Bernie,Intervention Weekday,180,08:56:18,5,Rearing,Locomotion,,30,135,Active,45,1,False,True
3881,2023-10-31,Bernie,Intervention Weekday,180,08:56:33,Shelf,Sitting,Resting,,45,150,Inactive,30,0,False,True
3882,2023-10-31,Bernie,Intervention Weekday,180,08:56:48,6,Standing,Eating,,0,165,Active,15,1,False,True
3883,2023-10-31,Bernie,Intervention Weekday,180,08:57:03,6,Standing,Eating,,15,180,Active,0,1,False,True
3884,2023-10-31,Bernie,Intervention Weekday,180,08:57:18,6,Standing,Eating,,30,0,Active,180,1,False,True
3885,2023-10-31,Bernie,Intervention Weekday,180,08:57:33,6,Rearing,Locomotion,,45,15,Active,165,1,False,True
3886,2023-10-31,Bernie,Intervention Weekday,180,08:57:48,Shelf,Other,Locomotion,,0,30,Active,150,1,False,True
3887,2023-10-31,Bernie,Intervention Weekday,180,08:58:03,Shelf,Sitting,Resting,,15,45,Inactive,135,0,False,True
3888,2023-10-31,Bernie,Intervention Weekday,180,08:58:18,Shelf,Sitting,Resting,,30,60,Inactive,120,0,False,True
3889,2023-10-31,Bernie,Intervention Weekday,180,08:58:33,Shelf,Sitting,Resting,,45,75,Inactive,105,0,False,True
3890,2023-10-31,Bernie,Intervention Weekday,180,08:58:48,Shelf,Sitting,Resting,,0,90,Inactive,90,0,False,True
3891,2023-10-31,Bernie,Intervention Weekday,180,08:59:03,Shelf,Sitting,Resting,,15,105,Inactive,75,0,False,True
3892,2023-10-31,Bernie,Intervention Weekday,180,08:59:18,Feeder,Standing,Locomotion,,30,120,Active,60,1,True,True
3893,2023-10-31,Bernie,Intervention Weekday,180,08:59:33,Fence,Standing,Locomotion,,45,135,Active,45,1,False,True
3894,2023-10-31,Bernie,Intervention Weekday,180,08:59:48,6,Sitting,Eating,,0,150,Active,30,1,False,True
3895,2023-10-31,Bernie,Intervention Weekday,180,09:00:03,6,Sitting,Eating,,15,165,Active,15,1,False,True
3896,2023-10-31,Bernie,Intervention Weekday,180,09:00:18,6,Sitting,Pause,,30,180,Inactive,0,0,False,True
3897,2023-10-31,Bernie,Intervention Weekday,180,09:00:33,5,Rearing,Locomotion,,45,0,Active,180,1,False,True
3898,2023-10-31,Bernie,Intervention Weekday,180,09:00:48,6,Standing,Drinking,,0,15,Active,165,1,False,True
3899,2023-10-31,Bernie,Intervention Weekday,180,09:01:03,6,Standing,Drinking,,15,30,Active,150,1,False,True
3900,2023-10-31,Bernie,Intervention Weekday,180,09:01:18,6,Standing,Drinking,,30,45,Active,135,1,False,True
3901,2023-10-31,Bernie,Intervention Weekday,180,09:01:33,6,Standing,Locomotion,,45,60,Active,120,1,False,True
3904,2023-10-31,Bernie,Intervention Weekday,180,09:02:18,6,Standing,Locomotion,,30,105,Active,75,1,False,True
3905,2023-10-31,Bernie,Intervention Weekday,180,09:02:33,Fence,Standing,Pause,,45,120,Inactive,60,0,False,True
3906,2023-10-31,Bernie,Intervention Weekday,180,09:02:48,6,Standing,Locomotion,,0,135,Active,45,1,False,True
3907,2023-10-31,Bernie,Intervention Weekday,180,09:03:03,6,Sitting,Eating,,15,150,Active,30,1,False,True
3908,2023-10-31,Bernie,Intervention Weekday,180,09:03:18,5,Rearing,Locomotion,,30,165,Active,15,1,False,True
3909,2023-10-31,Bernie,Intervention Weekday,180,09:03:33,3,Standing,Locomotion,,45,180,Active,0,1,False,True
3910,2023-10-31,Bernie,Intervention Weekday,180,09:03:48,6,Standing,Locomotion,,0,0,Active,180,1,False,True
3911,2023-10-31,Bernie,Intervention Weekday,180,09:04:03,Fence,Standing,Pause,,15,15,Inactive,165,0,False,True
3912,2023-10-31,Bernie,Intervention Weekday,180,09:04:18,Fence,Standing,Pause,,30,30,Inactive,150,0,False,True
3913,2023-10-31,Bernie,Intervention Weekday,180,09:04:33,Shelf,Lying Down,Resting,,45,45,Inactive,135,0,False,True
3914,2023-10-31,Bernie,Intervention Weekday,180,09:04:48,Shelf,Lying Down,Resting,,0,60,Inactive,120,0,False,True
3915,2023-10-31,Bernie,Intervention Weekday,180,09:05:03,Shelf,Lying Down,Resting,,15,75,Inactive,105,0,False,True
3916,2023-10-31,Bernie,Intervention Weekday,180,09:05:18,Shelf,Lying Down,Resting,,30,90,Inactive,90,0,False,True
3917,2023-10-31,Bernie,Intervention Weekday,180,09:05:33,Shelf,Lying Down,Resting,,45,105,Inactive,75,0,False,True
3918,2023-10-31,Bernie,Intervention Weekday,180,09:05:48,Shelf,Lying Down,Resting,,0,120,Inactive,60,0,False,True
3919,2023-10-31,Bernie,Intervention Weekday,180,09:06:03,Shelf,Lying Down,Resting,,15,135,Inactive,45,0,False,True
3920,2023-10-31,Bernie,Intervention Weekday,180,09:06:18,Shelf,Lying Down,Resting,,30,150,Inactive,30,0,False,True
3921,2023-10-31,Bernie,Intervention Weekday,180,09:06:33,Shelf,Lying Down,Resting,,45,165,Inactive,15,0,False,True
3922,2023-10-31,Bernie,Intervention Weekday,180,09:06:48,Shelf,Lying Down,Resting,,0,180,Inactive,0,0,False,True
3923,2023-10-31,Bernie,Intervention Weekday,180,09:07:03,Shelf,Lying Down,Resting,,15,0,Inactive,180,0,False,True
3924,2023-11-03,Bernie,Intervention Weekday,180,09:21:35,Shelf,Lying Down,Resting,,45,105,Inactive,75,0,False,True
3925,2023-11-03,Bernie,Intervention Weekday,180,09:21:50,Shelf,Lying Down,Resting,,0,120,Inactive,60,0,False,True
3926,2023-11-03,Bernie,Intervention Weekday,180,09:22:05,5,Sitting,Eating,,15,135,Active,45,1,False,True
3927,2023-11-03,Bernie,Intervention Weekday,180,09:22:20,5,Sitting,Eating,,30,150,Active,30,1,False,True
3928,2023-11-03,Bernie,Intervention Weekday,180,09:22:35,5,Sitting,Eating,,45,165,Active,15,1,False,True
3929,2023-11-03,Bernie,Intervention Weekday,180,09:22:50,6,Standing,Locomotion,,0,180,Active,0,1,False,True
3930,2023-11-03,Bernie,Intervention Weekday,180,09:23:05,Fence,Standing,Locomotion,,15,0,Active,180,1,False,True
3931,2023-11-03,Bernie,Intervention Weekday,180,09:23:20,5,Sitting,Drinking,,30,15,Active,165,1,False,True
3932,2023-11-03,Bernie,Intervention Weekday,180,09:23:35,5,Sitting,Pause,,45,30,Inactive,150,0,False,True
3933,2023-11-03,Bernie,Intervention Weekday,180,09:23:50,5,Sitting,Drinking,,0,45,Active,135,1,False,True
3934,2023-11-03,Bernie,Intervention Weekday,180,09:24:05,5,Sitting,Drinking,,15,60,Active,120,1,False,True
3935,2023-11-03,Bernie,Intervention Weekday,180,09:24:20,5,Sitting,Drinking,,30,75,Active,105,1,False,True
3936,2023-11-03,Bernie,Intervention Weekday,180,09:24:35,3,Standing,Locomotion,,45,90,Active,90,1,False,True
3939,2023-11-03,Bernie,Intervention Weekday,180,09:25:20,Shelf,Lying Down,Resting,,30,135,Inactive,45,0,False,True
3940,2023-11-03,Bernie,Intervention Weekday,180,09:25:35,5,Standing,Locomotion,,45,150,Active,30,1,False,True
3941,2023-11-03,Bernie,Intervention Weekday,180,09:25:50,5,Sitting,Eating,,0,165,Active,15,1,False,True
3942,2023-11-03,Bernie,Intervention Weekday,180,09:26:05,5,Sitting,Eating,,15,180,Active,0,1,False,True
3943,2023-11-03,Bernie,Intervention Weekday,180,09:26:20,5,Sitting,Eating,,30,0,Active,180,1,False,True
3944,2023-11-03,Bernie,Intervention Weekday,180,09:26:35,5,Sitting,Eating,,45,15,Active,165,1,False,True
3945,2023-11-03,Bernie,Intervention Weekday,180,09:26:50,3,Standing,Locomotion,,0,30,Active,150,1,False,True
3947,2023-11-03,Bernie,Intervention Weekday,180,09:27:20,5,Standing,Pause,,30,60,Inactive,120,0,False,True
3948,2023-11-03,Bernie,Intervention Weekday,180,09:27:35,5,Rearing,Pause,,45,75,Inactive,105,0,False,True
3949,2023-11-03,Bernie,Intervention Weekday,180,09:27:50,3,Standing,Locomotion,,0,90,Active,90,1,False,True
3950,2023-11-03,Bernie,Intervention Weekday,180,09:28:05,6,Standing,Locomotion,,15,105,Active,75,1,False,True
3952,2023-11-03,Bernie,Intervention Weekday,180,09:28:35,Shelf,Lying Down,Resting,,45,135,Inactive,45,0,False,True
3953,2023-11-03,Bernie,Intervention Weekday,180,09:28:50,Shelf,Lying Down,Resting,,0,150,Inactive,30,0,False,True
3954,2023-11-03,Bernie,Intervention Weekday,180,09:29:05,Shelf,Lying Down,Resting,,15,165,Inactive,15,0,False,True
3955,2023-11-03,Bernie,Intervention Weekday,180,09:29:20,Shelf,Lying Down,Resting,,30,180,Inactive,0,0,False,True
3956,2023-11-03,Bernie,Intervention Weekday,180,09:29:35,Shelf,Lying Down,Resting,,45,0,Inactive,180,0,False,True
3957,2023-11-03,Bernie,Intervention Weekday,180,09:29:50,6,Standing,Locomotion,,0,15,Active,165,1,False,True
3958,2023-11-03,Bernie,Intervention Weekday,180,09:30:05,Fence,Standing,Locomotion,,15,30,Active,150,1,False,True
3959,2023-11-03,Bernie,Intervention Weekday,180,09:30:20,5,Standing,Locomotion,,30,45,Active,135,1,False,True
3960,2023-11-03,Bernie,Intervention Weekday,180,09:30:35,5,Standing,Locomotion,,45,60,Active,120,1,False,True
3961,2023-11-03,Bernie,Intervention Weekday,180,09:30:50,5,Standing,Locomotion,,0,75,Active,105,1,False,True
3963,2023-11-03,Bernie,Intervention Weekday,180,09:31:20,Shelf,Lying Down,Resting,,30,105,Inactive,75,0,False,True
3964,2023-11-03,Bernie,Intervention Weekday,180,09:31:35,Shelf,Lying Down,Resting,,45,120,Inactive,60,0,False,True
3965,2023-11-03,Bernie,Intervention Weekday,180,09:31:50,Shelf,Lying Down,Resting,,0,135,Inactive,45,0,False,True
3966,2023-11-03,Bernie,Intervention Weekday,180,09:32:05,Shelf,Lying Down,Resting,,15,150,Inactive,30,0,False,True
3967,2023-11-03,Bernie,Intervention Weekday,180,09:32:20,Shelf,Lying Down,Resting,,30,165,Inactive,15,0,False,True
3968,2023-11-03,Bernie,Intervention Weekday,180,09:32:35,Shelf,Lying Down,Resting,,45,180,Inactive,0,0,False,True
3969,2023-11-03,Bernie,Intervention Weekday,180,09:32:50,Shelf,Lying Down,Resting,,0,0,Inactive,180,0,False,True
3970,2023-11-03,Bernie,Intervention Weekday,180,09:33:05,Shelf,Lying Down,Resting,,15,15,Inactive,165,0,False,True
3971,2023-11-03,Bernie,Intervention Weekday,180,09:33:20,Shelf,Lying Down,Resting,,30,30,Inactive,150,0,False,True
3972,2023-11-03,Bernie,Intervention Weekday,180,09:33:35,Shelf,Lying Down,Resting,,45,45,Inactive,135,0,False,True
3973,2023-11-03,Bernie,Intervention Weekday,180,09:33:50,5,Standing,Locomotion,,0,60,Active,120,1,False,True
3974,2023-11-03,Bernie,Intervention Weekday,180,09:34:05,Fence,Standing,Pause,,15,75,Inactive,105,0,False,True
3975,2023-11-03,Bernie,Intervention Weekday,180,09:34:20,1,Standing,Locomotion,,30,90,Active,90,1,False,True
3976,2023-11-03,Bernie,Intervention Weekday,180,09:34:35,Shelf,Standing,Pause,,45,105,Inactive,75,0,False,True
3977,2023-11-03,Bernie,Intervention Weekday,180,09:34:50,Shelf,Sitting,Resting,,0,120,Inactive,60,0,False,True
3978,2023-11-03,Bernie,Intervention Weekday,180,09:35:05,Shelf,Sitting,Resting,,15,135,Inactive,45,0,False,True
3979,2023-11-03,Bernie,Intervention Weekday,180,09:35:20,Shelf,Sitting,Resting,,30,150,Inactive,30,0,False,True
3980,2023-11-03,Bernie,Intervention Weekday,180,09:35:35,Shelf,Sitting,Resting,,45,165,Inactive,15,0,False,True
3981,2023-11-03,Bernie,Intervention Weekday,180,09:35:50,Shelf,Sitting,Resting,,0,180,Inactive,0,0,False,True
3982,2023-11-03,Bernie,Intervention Weekday,180,09:36:05,Shelf,Sitting,Resting,,15,0,Inactive,180,0,False,True
4160,2023-11-14,Bernie,Intervention Weekday,240,10:03:17,6,Sitting,Eating,,45,120,Active,120,1,False,True
4161,2023-11-14,Bernie,Intervention Weekday,240,10:03:32,6,Sitting,Eating,,0,135,Active,105,1,False,True
4162,2023-11-14,Bernie,Intervention Weekday,240,10:03:47,6,Sitting,Eating,,15,150,Active,90,1,False,True
4163,2023-11-14,Bernie,Intervention Weekday,240,10:04:02,6,Sitting,Manipulating Object,Feeder,30,165,Active,75,1,False,True
4164,2023-11-14,Bernie,Intervention Weekday,240,10:04:17,3,Standing,Locomotion,,45,180,Active,60,1,False,True
4165,2023-11-14,Bernie,Intervention Weekday,240,10:04:32,Shelf,Sitting,Resting,,0,195,Inactive,45,0,False,True
4166,2023-11-14,Bernie,Intervention Weekday,240,10:04:47,Shelf,Sitting,Resting,,15,210,Inactive,30,0,False,True
4167,2023-11-14,Bernie,Intervention Weekday,240,10:05:02,Shelf,Sitting,Resting,,30,225,Inactive,15,0,False,True
4168,2023-11-14,Bernie,Intervention Weekday,240,10:05:17,Shelf,Sitting,Resting,,45,240,Inactive,0,0,False,True
4169,2023-11-14,Bernie,Intervention Weekday,240,10:05:32,4,Standing,Locomotion,,0,0,Active,240,1,False,True
4170,2023-11-14,Bernie,Intervention Weekday,240,10:05:47,Shelf,Sitting,Resting,,15,15,Inactive,225,0,False,True
4171,2023-11-14,Bernie,Intervention Weekday,240,10:06:02,Shelf,Sitting,Resting,,30,30,Inactive,210,0,False,True
4172,2023-11-14,Bernie,Intervention Weekday,240,10:06:17,Shelf,Lying Down,Resting,,45,45,Inactive,195,0,False,True
4173,2023-11-14,Bernie,Intervention Weekday,240,10:06:32,Shelf,Lying Down,Resting,,0,60,Inactive,180,0,False,True
4174,2023-11-14,Bernie,Intervention Weekday,240,10:06:47,Shelf,Lying Down,Resting,,15,75,Inactive,165,0,False,True
4175,2023-11-14,Bernie,Intervention Weekday,240,10:07:02,Shelf,Lying Down,Resting,,30,90,Inactive,150,0,False,True
4176,2023-11-14,Bernie,Intervention Weekday,240,10:07:17,6,Sitting,Eating,,45,105,Active,135,1,False,True
4177,2023-11-14,Bernie,Intervention Weekday,240,10:07:32,1,Standing,Locomotion,,0,120,Active,120,1,False,True
4178,2023-11-14,Bernie,Intervention Weekday,240,10:07:47,3,Standing,Locomotion,,15,135,Active,105,1,False,True
4179,2023-11-14,Bernie,Intervention Weekday,240,10:08:02,6,Standing,Locomotion,,30,150,Active,90,1,False,True
4180,2023-11-14,Bernie,Intervention Weekday,240,10:08:17,4,Standing,Locomotion,,45,165,Active,75,1,False,True
4181,2023-11-14,Bernie,Intervention Weekday,240,10:08:32,Shelf,Lying Down,Resting,,0,180,Inactive,60,0,False,True
4182,2023-11-14,Bernie,Intervention Weekday,240,10:08:47,Shelf,Lying Down,Resting,,15,195,Inactive,45,0,False,True
4183,2023-11-14,Bernie,Intervention Weekday,240,10:09:02,Shelf,Lying Down,Resting,,30,210,Inactive,30,0,False,True
4184,2023-11-14,Bernie,Intervention Weekday,240,10:09:17,Shelf,Lying Down,Resting,,45,225,Inactive,15,0,False,True
4185,2023-11-14,Bernie,Intervention Weekday,240,10:09:32,Shelf,Lying Down,Resting,,0,240,Inactive,0,0,False,True
4186,2023-11-14,Bernie,Intervention Weekday,240,10:09:47,Shelf,Lying Down,Resting,,15,0,Inactive,240,0,False,True
4187,2023-11-14,Bernie,Intervention Weekday,240,10:10:02,Shelf,Lying Down,Resting,,30,15,Inactive,225,0,False,True
4188,2023-11-14,Bernie,Intervention Weekday,240,10:10:17,Shelf,Lying Down,Resting,,45,30,Inactive,210,0,False,True
4189,2023-11-14,Bernie,Intervention Weekday,240,10:10:32,Shelf,Lying Down,Resting,,0,45,Inactive,195,0,False,True
4190,2023-11-14,Bernie,Intervention Weekday,240,10:10:47,Shelf,Lying Down,Resting,,15,60,Inactive,180,0,False,True
4191,2023-11-14,Bernie,Intervention Weekday,240,10:11:02,Shelf,Lying Down,Resting,,30,75,Inactive,165,0,False,True
4192,2023-11-14,Bernie,Intervention Weekday,240,10:11:17,6,Sitting,Eating,,45,90,Active,150,1,False,True
4193,2023-11-14,Bernie,Intervention Weekday,240,10:11:32,6,Sitting,Eating,,0,105,Active,135,1,False,True
4194,2023-11-14,Bernie,Intervention Weekday,240,10:11:47,6,Sitting,Eating,,15,120,Active,120,1,False,True
4195,2023-11-14,Bernie,Intervention Weekday,240,10:12:02,6,Sitting,Eating,,30,135,Active,105,1,False,True
4196,2023-11-14,Bernie,Intervention Weekday,240,10:12:17,6,Sitting,Eating,,45,150,Active,90,1,False,True
4197,2023-11-14,Bernie,Intervention Weekday,240,10:12:32,4,Standing,Drinking,,0,165,Active,75,1,False,True
4198,2023-11-14,Bernie,Intervention Weekday,240,10:12:47,4,Sitting,Drinking,,15,180,Active,60,1,False,True
4199,2023-11-14,Bernie,Intervention Weekday,240,10:13:02,4,Sitting,Drinking,,30,195,Active,45,1,False,True
4200,2023-11-14,Bernie,Intervention Weekday,240,10:13:17,4,Sitting,Drinking,,45,210,Active,30,1,False,True
4201,2023-11-14,Bernie,Intervention Weekday,240,10:13:32,5,Standing,Locomotion,,0,225,Active,15,1,False,True
4202,2023-11-14,Bernie,Intervention Weekday,240,10:13:47,Fence,Standing,Locomotion,,15,240,Active,0,1,False,True
4203,2023-11-14,Bernie,Intervention Weekday,240,10:14:02,4,Standing,Locomotion,,30,0,Active,240,1,False,True
4205,2023-11-14,Bernie,Intervention Weekday,240,10:14:32,Shelf,Sitting,Resting,,0,30,Inactive,210,0,False,True
4206,2023-11-14,Bernie,Intervention Weekday,240,10:14:47,6,Standing,Locomotion,,15,45,Active,195,1,False,True
4207,2023-11-14,Bernie,Intervention Weekday,240,10:15:02,5,Rearing,Locomotion,,30,60,Active,180,1,False,True
4208,2023-11-14,Bernie,Intervention Weekday,240,10:15:17,6,Sitting,Eating,,45,75,Active,165,1,False,True
4209,2023-11-14,Bernie,Intervention Weekday,240,10:15:32,6,Sitting,Eating,,0,90,Active,150,1,False,True
4210,2023-11-14,Bernie,Intervention Weekday,240,10:15:47,6,Standing,Locomotion,,15,105,Active,135,1,False,True
4211,2023-11-14,Bernie,Intervention Weekday,240,10:16:02,Shelf,Sitting,Resting,,30,120,Inactive,120,0,False,True
4212,2023-11-14,Bernie,Intervention Weekday,240,10:16:17,Shelf,Sitting,Resting,,45,135,Inactive,105,0,False,True
4213,2023-11-14,Bernie,Intervention Weekday,240,10:16:32,Shelf,Lying Down,Resting,,0,150,Inactive,90,0,False,True
4214,2023-11-14,Bernie,Intervention Weekday,240,10:16:47,Shelf,Lying Down,Resting,,15,165,Inactive,75,0,False,True
4215,2023-11-14,Bernie,Intervention Weekday,240,10:17:02,Shelf,Lying Down,Resting,,30,180,Inactive,60,0,False,True
4216,2023-11-14,Bernie,Intervention Weekday,240,10:17:17,Shelf,Lying Down,Resting,,45,195,Inactive,45,0,False,True
4217,2023-11-14,Bernie,Intervention Weekday,240,10:17:32,Shelf,Lying Down,Resting,,0,210,Inactive,30,0,False,True
4218,2023-11-14,Bernie,Intervention Weekday,240,10:17:47,Shelf,Lying Down,Resting,,15,225,Inactive,15,0,False,True
4219,2023-11-16,Bernie,Intervention Weekday,240,09:53:38,Shelf,Lying Down,Resting,,45,120,Inactive,120,0,False,True
4220,2023-11-16,Bernie,Intervention Weekday,240,09:53:53,Shelf,Lying Down,Resting,,0,135,Inactive,105,0,False,True
4221,2023-11-16,Bernie,Intervention Weekday,240,09:54:08,Shelf,Lying Down,Resting,,15,150,Inactive,90,0,False,True
4222,2023-11-16,Bernie,Intervention Weekday,240,09:54:23,Shelf,Lying Down,Resting,,30,165,Inactive,75,0,False,True
4223,2023-11-16,Bernie,Intervention Weekday,240,09:54:38,6,Standing,Locomotion,,45,180,Active,60,1,False,True
4224,2023-11-16,Bernie,Intervention Weekday,240,09:54:53,6,Rearing,Locomotion,,0,195,Active,45,1,False,True
4225,2023-11-16,Bernie,Intervention Weekday,240,09:55:08,6,Rearing,Locomotion,,15,210,Active,30,1,False,True
4226,2023-11-16,Bernie,Intervention Weekday,240,09:55:23,4,Standing,Locomotion,,30,225,Active,15,1,False,True
4227,2023-11-16,Bernie,Intervention Weekday,240,09:55:38,6,Standing,Locomotion,,45,240,Active,0,1,False,True
4228,2023-11-16,Bernie,Intervention Weekday,240,09:55:53,Fence,Standing,Pause,,0,0,Inactive,240,0,False,True
4229,2023-11-16,Bernie,Intervention Weekday,240,09:56:08,4,Standing,Locomotion,,15,15,Active,225,1,False,True
4230,2023-11-16,Bernie,Intervention Weekday,240,09:56:23,6,Rearing,Locomotion,,30,30,Active,210,1,False,True
4231,2023-11-16,Bernie,Intervention Weekday,240,09:56:38,6,Rearing,Locomotion,,45,45,Active,195,1,False,True
4232,2023-11-16,Bernie,Intervention Weekday,240,09:56:53,Fence,Standing,Locomotion,,0,60,Active,180,1,False,True
4233,2023-11-16,Bernie,Intervention Weekday,240,09:57:08,6,Standing,Locomotion,,15,75,Active,165,1,False,True
4234,2023-11-16,Bernie,Intervention Weekday,240,09:57:23,Shelf,Sitting,Resting,,30,90,Inactive,150,0,False,True
4235,2023-11-16,Bernie,Intervention Weekday,240,09:57:38,6,Standing,Locomotion,,45,105,Active,135,1,False,True
4236,2023-11-16,Bernie,Intervention Weekday,240,09:57:53,1,Standing,Locomotion,,0,120,Active,120,1,False,True
4238,2023-11-16,Bernie,Intervention Weekday,240,09:58:23,Fence,Standing,Locomotion,,30,150,Active,90,1,False,True
4239,2023-11-16,Bernie,Intervention Weekday,240,09:58:38,5,Rearing,Locomotion,,45,165,Active,75,1,False,True
4240,2023-11-16,Bernie,Intervention Weekday,240,09:58:53,5,Rearing,Locomotion,,0,180,Active,60,1,False,True
4241,2023-11-16,Bernie,Intervention Weekday,240,09:59:08,2,Standing,Locomotion,,15,195,Active,45,1,False,True
4242,2023-11-16,Bernie,Intervention Weekday,240,09:59:23,Shelf,Sitting,Resting,,30,210,Inactive,30,0,False,True
4243,2023-11-16,Bernie,Intervention Weekday,240,09:59:38,6,Rearing,Pause,,45,225,Inactive,15,0,False,True
4244,2023-11-16,Bernie,Intervention Weekday,240,09:59:53,6,Standing,Locomotion,,0,240,Active,0,1,False,True
4245,2023-11-16,Bernie,Intervention Weekday,240,10:00:08,6,Rearing,Locomotion,,15,0,Active,240,1,False,True
4246,2023-11-16,Bernie,Intervention Weekday,240,10:00:23,Shelf,Sitting,Resting,,30,15,Inactive,225,0,False,True
4247,2023-11-16,Bernie,Intervention Weekday,240,10:00:38,Shelf,Sitting,Resting,,45,30,Inactive,210,0,False,True
4248,2023-11-16,Bernie,Intervention Weekday,240,10:00:53,Fence,Standing,Locomotion,,0,45,Active,195,1,False,True
4249,2023-11-16,Bernie,Intervention Weekday,240,10:01:08,Fence,Standing,Locomotion,,15,60,Active,180,1,False,True
4250,2023-11-16,Bernie,Intervention Weekday,240,10:01:23,Shelf,Standing,Locomotion,,30,75,Active,165,1,False,True
4251,2023-11-16,Bernie,Intervention Weekday,240,10:01:38,Shelf,Sitting,Resting,,45,90,Inactive,150,0,False,True
4252,2023-11-16,Bernie,Intervention Weekday,240,10:01:53,Shelf,Sitting,Resting,,0,105,Inactive,135,0,False,True
4253,2023-11-16,Bernie,Intervention Weekday,240,10:02:08,Shelf,Lying Down,Resting,,15,120,Inactive,120,0,False,True
4254,2023-11-16,Bernie,Intervention Weekday,240,10:02:23,Shelf,Lying Down,Resting,,30,135,Inactive,105,0,False,True
4255,2023-11-16,Bernie,Intervention Weekday,240,10:02:38,Shelf,Lying Down,Resting,,45,150,Inactive,90,0,False,True
4256,2023-11-16,Bernie,Intervention Weekday,240,10:02:53,Shelf,Lying Down,Resting,,0,165,Inactive,75,0,False,True
4257,2023-11-16,Bernie,Intervention Weekday,240,10:03:08,Shelf,Lying Down,Resting,,15,180,Inactive,60,0,False,True
4259,2023-11-16,Bernie,Intervention Weekday,240,10:03:38,Shelf,Sitting,Resting,,45,210,Inactive,30,0,False,True
4260,2023-11-16,Bernie,Intervention Weekday,240,10:03:53,Shelf,Sitting,Resting,,0,225,Inactive,15,0,False,True
4261,2023-11-16,Bernie,Intervention Weekday,240,10:04:08,6,Rearing,Pause,,15,240,Inactive,0,0,False,True
4262,2023-11-16,Bernie,Intervention Weekday,240,10:04:23,Fence,Standing,Pause,,30,0,Inactive,240,0,False,True
4263,2023-11-16,Bernie,Intervention Weekday,240,10:04:38,6,Sitting,Eating,,45,15,Active,225,1,False,True
4264,2023-11-16,Bernie,Intervention Weekday,240,10:04:53,6,Sitting,Eating,,0,30,Active,210,1,False,True
4265,2023-11-16,Bernie,Intervention Weekday,240,10:05:08,6,Sitting,Eating,,15,45,Active,195,1,False,True
4266,2023-11-16,Bernie,Intervention Weekday,240,10:05:23,6,Sitting,Eating,,30,60,Active,180,1,False,True
4267,2023-11-16,Bernie,Intervention Weekday,240,10:05:38,6,Sitting,Eating,,45,75,Active,165,1,False,True
4268,2023-11-16,Bernie,Intervention Weekday,240,10:05:53,6,Sitting,Eating,,0,90,Active,150,1,False,True
4269,2023-11-16,Bernie,Intervention Weekday,240,10:06:08,6,Sitting,Eating,,15,105,Active,135,1,False,True
4270,2023-11-16,Bernie,Intervention Weekday,240,10:06:23,6,Sitting,Pause,,30,120,Inactive,120,0,False,True
4271,2023-11-16,Bernie,Intervention Weekday,240,10:06:38,Fence,Standing,Locomotion,,45,135,Active,105,1,False,True
4272,2023-11-16,Bernie,Intervention Weekday,240,10:06:53,6,Standing,Locomotion,,0,150,Active,90,1,False,True
4273,2023-11-16,Bernie,Intervention Weekday,240,10:07:08,6,Sitting,Drinking,,15,165,Active,75,1,False,True
4274,2023-11-16,Bernie,Intervention Weekday,240,10:07:23,Fence,Standing,Pause,,30,180,Inactive,60,0,False,True
4275,2023-11-16,Bernie,Intervention Weekday,240,10:07:38,6,Sitting,Drinking,,45,195,Active,45,1,False,True
4276,2023-11-16,Bernie,Intervention Weekday,240,10:07:53,6,Rearing,Locomotion,,0,210,Active,30,1,False,True
4277,2023-11-16,Bernie,Intervention Weekday,240,10:08:08,6,Standing,Locomotion,,15,225,Active,15,1,False,True
4396,2023-11-29,Bernie,Intervention Weekday,300,09:05:26,6,Sitting,Eating,,45,255,Active,45,1,False,True
4397,2023-11-29,Bernie,Intervention Weekday,300,09:05:41,3,Standing,Locomotion,,0,270,Active,30,1,False,True
4398,2023-11-29,Bernie,Intervention Weekday,300,09:05:56,6,Rearing,Pause,,15,285,Inactive,15,0,False,True
4399,2023-11-29,Bernie,Intervention Weekday,300,09:06:11,6,Rearing,Pause,,30,300,Inactive,0,0,False,True
4400,2023-11-29,Bernie,Intervention Weekday,300,09:06:26,6,Rearing,Pause,,45,0,Inactive,300,0,False,True
4401,2023-11-29,Bernie,Intervention Weekday,300,09:06:41,Fence,Rearing,Pause,,0,15,Inactive,285,0,False,True
4402,2023-11-29,Bernie,Intervention Weekday,300,09:06:56,6,Rearing,Pause,,15,30,Inactive,270,0,False,True
4403,2023-11-29,Bernie,Intervention Weekday,300,09:07:11,Fence,Rearing,Pause,,30,45,Inactive,255,0,False,True
4404,2023-11-29,Bernie,Intervention Weekday,300,09:07:26,6,Standing,Locomotion,,45,60,Active,240,1,False,True
4405,2023-11-29,Bernie,Intervention Weekday,300,09:07:41,6,Rearing,Pause,,0,75,Inactive,225,0,False,True
4406,2023-11-29,Bernie,Intervention Weekday,300,09:07:56,5,Standing,Locomotion,,15,90,Active,210,1,False,True
4407,2023-11-29,Bernie,Intervention Weekday,300,09:08:11,3,Standing,Locomotion,,30,105,Active,195,1,False,True
4409,2023-11-29,Bernie,Intervention Weekday,300,09:08:41,Shelf,Lying Down,Resting,,0,135,Inactive,165,0,False,True
4410,2023-11-29,Bernie,Intervention Weekday,300,09:08:56,Shelf,Lying Down,Resting,,15,150,Inactive,150,0,False,True
4411,2023-11-29,Bernie,Intervention Weekday,300,09:09:11,6,Rearing,Pause,,30,165,Inactive,135,0,False,True
4412,2023-11-29,Bernie,Intervention Weekday,300,09:09:26,4,Standing,Drinking,Water Bowl,45,180,Active,120,1,False,True
4413,2023-11-29,Bernie,Intervention Weekday,300,09:09:41,4,Sitting,Drinking,,0,195,Active,105,1,False,True
4414,2023-11-29,Bernie,Intervention Weekday,300,09:09:56,4,Sitting,Drinking,,15,210,Active,90,1,False,True
4415,2023-11-29,Bernie,Intervention Weekday,300,09:10:11,6,Rearing,Locomotion,,30,225,Active,75,1,False,True
4416,2023-11-29,Bernie,Intervention Weekday,300,09:10:26,3,Standing,Locomotion,,45,240,Active,60,1,False,True
4417,2023-11-29,Bernie,Intervention Weekday,300,09:10:41,4,Standing,Drinking,,0,255,Active,45,1,False,True
4418,2023-11-29,Bernie,Intervention Weekday,300,09:10:56,6,Sitting,Eating,,15,270,Active,30,1,False,True
4419,2023-11-29,Bernie,Intervention Weekday,300,09:11:11,6,Sitting,Eating,,30,285,Active,15,1,False,True
4420,2023-11-29,Bernie,Intervention Weekday,300,09:11:26,6,Sitting,Eating,,45,300,Active,0,1,False,True
4421,2023-11-29,Bernie,Intervention Weekday,300,09:11:41,6,Sitting,Eating,,0,0,Active,300,1,False,True
4422,2023-11-29,Bernie,Intervention Weekday,300,09:11:56,6,Sitting,Pause,,15,15,Inactive,285,0,False,True
4423,2023-11-29,Bernie,Intervention Weekday,300,09:12:11,5,Standing,Locomotion,,30,30,Active,270,1,False,True
4424,2023-11-29,Bernie,Intervention Weekday,300,09:12:26,6,Sitting,Eating,,45,45,Active,255,1,False,True
4425,2023-11-29,Bernie,Intervention Weekday,300,09:12:41,6,Sitting,Eating,,0,60,Active,240,1,False,True
4426,2023-11-29,Bernie,Intervention Weekday,300,09:12:56,6,Rearing,Pause,,15,75,Inactive,225,0,False,True
4427,2023-11-29,Bernie,Intervention Weekday,300,09:13:11,6,Rearing,Pause,,30,90,Inactive,210,0,False,True
4428,2023-11-29,Bernie,Intervention Weekday,300,09:13:26,4,Standing,Drinking,,45,105,Active,195,1,False,True
4429,2023-11-29,Bernie,Intervention Weekday,300,09:13:41,6,Rearing,Pause,,0,120,Inactive,180,0,False,True
4430,2023-11-29,Bernie,Intervention Weekday,300,09:13:56,6,Standing,Locomotion,,15,135,Active,165,1,False,True
4431,2023-11-29,Bernie,Intervention Weekday,300,09:14:11,5,Rearing,Pause,,30,150,Inactive,150,0,False,True
4432,2023-11-29,Bernie,Intervention Weekday,300,09:14:26,Fence,Standing,Pause,,45,165,Inactive,135,0,False,True
4433,2023-11-29,Bernie,Intervention Weekday,300,09:14:41,6,Rearing,Pause,,0,180,Inactive,120,0,False,True
4434,2023-11-29,Bernie,Intervention Weekday,300,09:14:56,2,Standing,Locomotion,,15,195,Active,105,1,False,True
4435,2023-11-29,Bernie,Intervention Weekday,300,09:15:11,6,Rearing,Pause,,30,210,Inactive,90,0,False,True
4436,2023-11-29,Bernie,Intervention Weekday,300,09:15:26,6,Rearing,Pause,,45,225,Inactive,75,0,False,True
4437,2023-11-29,Bernie,Intervention Weekday,300,09:15:41,3,Standing,Locomotion,,0,240,Active,60,1,False,True
4438,2023-11-29,Bernie,Intervention Weekday,300,09:15:56,1,Standing,Locomotion,,15,255,Active,45,1,False,True
4439,2023-11-29,Bernie,Intervention Weekday,300,09:16:11,Fence,Standing,Pause,,30,270,Inactive,30,0,False,True
4441,2023-11-29,Bernie,Intervention Weekday,300,09:16:41,Fence,Standing,Pause,,0,300,Inactive,0,0,False,True
4442,2023-11-29,Bernie,Intervention Weekday,300,09:16:56,2,Standing,Locomotion,,15,0,Active,300,1,False,True
4443,2023-11-29,Bernie,Intervention Weekday,300,09:17:11,6,Rearing,Pause,,30,15,Inactive,285,0,False,True
4444,2023-11-29,Bernie,Intervention Weekday,300,09:17:26,6,Rearing,Locomotion,,45,30,Active,270,1,False,True
4445,2023-11-29,Bernie,Intervention Weekday,300,09:17:41,Shelf,Lying Down,Resting,,0,45,Inactive,255,0,False,True
4446,2023-11-29,Bernie,Intervention Weekday,300,09:17:56,Shelf,Lying Down,Resting,,15,60,Inactive,240,0,False,True
4447,2023-11-29,Bernie,Intervention Weekday,300,09:18:11,Shelf,Lying Down,Resting,,30,75,Inactive,225,0,False,True
4448,2023-11-29,Bernie,Intervention Weekday,300,09:18:26,Shelf,Lying Down,Resting,,45,90,Inactive,210,0,False,True
4449,2023-11-29,Bernie,Intervention Weekday,300,09:18:41,6,Rearing,Pause,,0,105,Inactive,195,0,False,True
4450,2023-11-29,Bernie,Intervention Weekday,300,09:18:56,4,Sitting,Drinking,,15,120,Active,180,1,False,True
4451,2023-11-29,Bernie,Intervention Weekday,300,09:19:11,4,Sitting,Drinking,,30,135,Active,165,1,False,True
4452,2023-11-29,Bernie,Intervention Weekday,300,09:19:26,6,Rearing,Pause,,45,150,Inactive,150,0,False,True
4453,2023-11-29,Bernie,Intervention Weekday,300,09:19:41,6,Rearing,Pause,,0,165,Inactive,135,0,False,True
4454,2023-11-29,Bernie,Intervention Weekday,300,09:19:56,4,Sitting,Drinking,,15,180,Active,120,1,False,True
4455,2023-12-01,Bernie,Intervention Weekday,300,10:13:35,5,Sitting,Eating,,45,255,Active,45,1,False,True
4456,2023-12-01,Bernie,Intervention Weekday,300,10:13:50,6,Rearing,Pause,,0,270,Inactive,30,0,False,True
4457,2023-12-01,Bernie,Intervention Weekday,300,10:14:05,6,Rearing,Pause,,15,285,Inactive,15,0,False,True
4458,2023-12-01,Bernie,Intervention Weekday,300,10:14:20,Fence,Standing,Locomotion,,30,300,Active,0,1,False,True
4459,2023-12-01,Bernie,Intervention Weekday,300,10:14:35,Shelf,Sitting,Resting,,45,0,Inactive,300,0,False,True
4460,2023-12-01,Bernie,Intervention Weekday,300,10:14:50,Shelf,Sitting,Resting,,0,15,Inactive,285,0,False,True
4461,2023-12-01,Bernie,Intervention Weekday,300,10:15:05,6,Rearing,Locomotion,,15,30,Active,270,1,False,True
4462,2023-12-01,Bernie,Intervention Weekday,300,10:15:20,Fence,Standing,Pause,,30,45,Inactive,255,0,False,True
4463,2023-12-01,Bernie,Intervention Weekday,300,10:15:35,Shelf,Sitting,Resting,,45,60,Inactive,240,0,False,True
4464,2023-12-01,Bernie,Intervention Weekday,300,10:15:50,Shelf,Lying Down,Resting,,0,75,Inactive,225,0,False,True
4465,2023-12-01,Bernie,Intervention Weekday,300,10:16:05,Shelf,Lying Down,Resting,,15,90,Inactive,210,0,False,True
4466,2023-12-01,Bernie,Intervention Weekday,300,10:16:20,Shelf,Lying Down,Resting,,30,105,Inactive,195,0,False,True
4467,2023-12-01,Bernie,Intervention Weekday,300,10:16:35,Shelf,Lying Down,Resting,,45,120,Inactive,180,0,False,True
4468,2023-12-01,Bernie,Intervention Weekday,300,10:16:50,Shelf,Lying Down,Resting,,0,135,Inactive,165,0,False,True
4469,2023-12-01,Bernie,Intervention Weekday,300,10:17:05,Shelf,Lying Down,Resting,,15,150,Inactive,150,0,False,True
4470,2023-12-01,Bernie,Intervention Weekday,300,10:17:20,6,Standing,Locomotion,,30,165,Active,135,1,False,True
4471,2023-12-01,Bernie,Intervention Weekday,300,10:17:35,5,Rearing,Pause,,45,180,Inactive,120,0,False,True
4472,2023-12-01,Bernie,Intervention Weekday,300,10:17:50,4,Standing,Locomotion,,0,195,Active,105,1,False,True
4475,2023-12-01,Bernie,Intervention Weekday,300,10:18:35,5,Sitting,Eating,,45,240,Active,60,1,False,True
4476,2023-12-01,Bernie,Intervention Weekday,300,10:18:50,5,Standing,Locomotion,,0,255,Active,45,1,False,True
4477,2023-12-01,Bernie,Intervention Weekday,300,10:19:05,4,Sitting,Drinking,,15,270,Active,30,1,False,True
4478,2023-12-01,Bernie,Intervention Weekday,300,10:19:20,4,Sitting,Drinking,,30,285,Active,15,1,False,True
4479,2023-12-01,Bernie,Intervention Weekday,300,10:19:35,4,Sitting,Drinking,,45,300,Active,0,1,False,True
4480,2023-12-01,Bernie,Intervention Weekday,300,10:19:50,6,Rearing,Pause,,0,0,Inactive,300,0,False,True
4481,2023-12-01,Bernie,Intervention Weekday,300,10:20:05,4,Standing,Locomotion,,15,15,Active,285,1,False,True
4482,2023-12-01,Bernie,Intervention Weekday,300,10:20:20,6,Standing,Grooming,,30,30,Active,270,1,False,True
4483,2023-12-01,Bernie,Intervention Weekday,300,10:20:35,6,Sitting,Eating,,45,45,Active,255,1,False,True
4484,2023-12-01,Bernie,Intervention Weekday,300,10:20:50,6,Sitting,Grooming,,0,60,Active,240,1,False,True
4485,2023-12-01,Bernie,Intervention Weekday,300,10:21:05,6,Sitting,Grooming,,15,75,Active,225,1,False,True
4486,2023-12-01,Bernie,Intervention Weekday,300,10:21:20,6,Sitting,Grooming,,30,90,Active,210,1,False,True
4487,2023-12-01,Bernie,Intervention Weekday,300,10:21:35,6,Sitting,Resting,,45,105,Inactive,195,0,False,True
4488,2023-12-01,Bernie,Intervention Weekday,300,10:21:50,6,Rearing,Pause,,0,120,Inactive,180,0,False,True
4490,2023-12-01,Bernie,Intervention Weekday,300,10:22:20,Shelf,Lying Down,Resting,,30,150,Inactive,150,0,False,True
4491,2023-12-01,Bernie,Intervention Weekday,300,10:22:35,Shelf,Lying Down,Resting,,45,165,Inactive,135,0,False,True
4492,2023-12-01,Bernie,Intervention Weekday,300,10:22:50,Shelf,Lying Down,Resting,,0,180,Inactive,120,0,False,True
4493,2023-12-01,Bernie,Intervention Weekday,300,10:23:05,6,Rearing,Locomotion,,15,195,Active,105,1,False,True
4494,2023-12-01,Bernie,Intervention Weekday,300,10:23:20,4,Standing,Locomotion,,30,210,Active,90,1,False,True
4495,2023-12-01,Bernie,Intervention Weekday,300,10:23:35,6,Sitting,Eating,,45,225,Active,75,1,False,True
4496,2023-12-01,Bernie,Intervention Weekday,300,10:23:50,6,Sitting,Eating,,0,240,Active,60,1,False,True
4497,2023-12-01,Bernie,Intervention Weekday,300,10:24:05,6,Sitting,Eating,,15,255,Active,45,1,False,True
4498,2023-12-01,Bernie,Intervention Weekday,300,10:24:20,6,Sitting,Eating,,30,270,Active,30,1,False,True
4499,2023-12-01,Bernie,Intervention Weekday,300,10:24:35,4,Sitting,Drinking,,45,285,Active,15,1,False,True
4500,2023-12-01,Bernie,Intervention Weekday,300,10:24:50,4,Sitting,Drinking,,0,300,Active,0,1,False,True
4501,2023-12-01,Bernie,Intervention Weekday,300,10:25:05,4,Sitting,Drinking,,15,0,Active,300,1,False,True
4502,2023-12-01,Bernie,Intervention Weekday,300,10:25:20,4,Sitting,Drinking,,30,15,Active,285,1,False,True
4503,2023-12-01,Bernie,Intervention Weekday,300,10:25:35,4,Standing,Locomotion,,45,30,Active,270,1,False,True
4504,2023-12-01,Bernie,Intervention Weekday,300,10:25:50,Fence,Standing,Pause,,0,45,Inactive,255,0,False,True
4506,2023-12-01,Bernie,Intervention Weekday,300,10:26:20,Shelf,Lying Down,Resting,,30,75,Inactive,225,0,False,True
4507,2023-12-01,Bernie,Intervention Weekday,300,10:26:35,Shelf,Lying Down,Resting,,45,90,Inactive,210,0,False,True
4508,2023-12-01,Bernie,Intervention Weekday,300,10:26:50,Shelf,Lying Down,Resting,,0,105,Inactive,195,0,False,True
4509,2023-12-01,Bernie,Intervention Weekday,300,10:27:05,Shelf,Lying Down,Resting,,15,120,Inactive,180,0,False,True
4510,2023-12-01,Bernie,Intervention Weekday,300,10:27:20,Shelf,Lying Down,Resting,,30,135,Inactive,165,0,False,True
4511,2023-12-01,Bernie,Intervention Weekday,300,10:27:35,Shelf,Lying Down,Resting,,45,150,Inactive,150,0,False,True
4512,2023-12-01,Bernie,Intervention Weekday,300,10:27:50,Shelf,Lying Down,Resting,,0,165,Inactive,135,0,False,True
4513,2023-12-01,Bernie,Intervention Weekday,300,10:28:05,Shelf,Lying Down,Resting,,15,180,Inactive,120,0,False,True
4691,2023-07-13,Minerva,Intervention Weekday,60,09:46:44,5,Sitting,Resting,,45,60,Inactive,0,0,False,True
4692,2023-07-13,Minerva,Intervention Weekday,60,09:46:59,5,Sitting,Resting,,0,0,Inactive,60,0,False,True
4693,2023-07-13,Minerva,Intervention Weekday,60,09:47:14,5,Sitting,Resting,,15,15,Inactive,45,0,False,True
4694,2023-07-13,Minerva,Intervention Weekday,60,09:47:29,5,Sitting,Resting,,30,30,Inactive,30,0,False,True
4695,2023-07-13,Minerva,Intervention Weekday,60,09:47:44,5,Sitting,Resting,,45,45,Inactive,15,0,False,True
4696,2023-07-13,Minerva,Intervention Weekday,60,09:47:59,5,Sitting,Resting,,0,60,Inactive,0,0,False,True
4697,2023-07-13,Minerva,Intervention Weekday,60,09:48:14,5,Sitting,Resting,,15,0,Inactive,60,0,False,True
4698,2023-07-13,Minerva,Intervention Weekday,60,09:48:29,5,Sitting,Resting,,30,15,Inactive,45,0,False,True
4699,2023-07-13,Minerva,Intervention Weekday,60,09:48:44,5,Sitting,Resting,,45,30,Inactive,30,0,False,True
4700,2023-07-13,Minerva,Intervention Weekday,60,09:48:59,5,Sitting,Resting,,0,45,Inactive,15,0,False,True
4701,2023-07-13,Minerva,Intervention Weekday,60,09:49:14,5,Sitting,Resting,,15,60,Inactive,0,0,False,True
4702,2023-07-13,Minerva,Intervention Weekday,60,09:49:29,5,Sitting,Resting,,30,0,Inactive,60,0,False,True
4703,2023-07-13,Minerva,Intervention Weekday,60,09:49:44,5,Sitting,Resting,,45,15,Inactive,45,0,False,True
4704,2023-07-13,Minerva,Intervention Weekday,60,09:49:59,5,Sitting,Resting,,0,30,Inactive,30,0,False,True
4705,2023-07-13,Minerva,Intervention Weekday,60,09:50:14,6,Sitting,Pause,,15,45,Inactive,15,0,False,True
4706,2023-07-13,Minerva,Intervention Weekday,60,09:50:29,6,Sitting,Drinking,,30,60,Active,0,1,False,True
4707,2023-07-13,Minerva,Intervention Weekday,60,09:50:44,6,Sitting,Drinking,,45,0,Active,60,1,False,True
4708,2023-07-13,Minerva,Intervention Weekday,60,09:50:59,6,Sitting,Drinking,,0,15,Active,45,1,False,True
4709,2023-07-13,Minerva,Intervention Weekday,60,09:51:14,5,Standing,Locomotion,,15,30,Active,30,1,False,True
4710,2023-07-13,Minerva,Intervention Weekday,60,09:51:29,5,Sitting,Resting,,30,45,Inactive,15,0,False,True
4711,2023-07-13,Minerva,Intervention Weekday,60,09:51:44,5,Sitting,Resting,,45,60,Inactive,0,0,False,True
4712,2023-07-13,Minerva,Intervention Weekday,60,09:51:59,5,Sitting,Resting,,0,0,Inactive,60,0,False,True
4713,2023-07-13,Minerva,Intervention Weekday,60,09:52:14,5,Sitting,Resting,,15,15,Inactive,45,0,False,True
4714,2023-07-13,Minerva,Intervention Weekday,60,09:52:29,5,Sitting,Resting,,30,30,Inactive,30,0,False,True
4715,2023-07-13,Minerva,Intervention Weekday,60,09:52:44,5,Sitting,Resting,,45,45,Inactive,15,0,False,True
4716,2023-07-13,Minerva,Intervention Weekday,60,09:52:59,5,Sitting,Resting,,0,60,Inactive,0,0,False,True
4717,2023-07-13,Minerva,Intervention Weekday,60,09:53:14,5,Sitting,Resting,,15,0,Inactive,60,0,False,True
4718,2023-07-13,Minerva,Intervention Weekday,60,09:53:29,5,Sitting,Resting,,30,15,Inactive,45,0,False,True
4719,2023-07-13,Minerva,Intervention Weekday,60,09:53:44,5,Sitting,Resting,,45,30,Inactive,30,0,False,True
4720,2023-07-13,Minerva,Intervention Weekday,60,09:53:59,5,Sitting,Resting,,0,45,Inactive,15,0,False,True
4721,2023-07-13,Minerva,Intervention Weekday,60,09:54:14,5,Sitting,Resting,,15,60,Inactive,0,0,False,True
4722,2023-07-13,Minerva,Intervention Weekday,60,09:54:29,5,Sitting,Resting,,30,0,Inactive,60,0,False,True
4723,2023-07-13,Minerva,Intervention Weekday,60,09:54:44,5,Sitting,Resting,,45,15,Inactive,45,0,False,True
4724,2023-07-13,Minerva,Intervention Weekday,60,09:54:59,5,Sitting,Resting,,0,30,Inactive,30,0,False,True
4725,2023-07-13,Minerva,Intervention Weekday,60,09:55:14,5,Sitting,Manipulating Object,Fencing,15,45,Active,15,1,False,True
4726,2023-07-13,Minerva,Intervention Weekday,60,09:55:29,5,Sitting,Manipulating Object,Fencing,30,60,Active,0,1,False,True
4727,2023-07-13,Minerva,Intervention Weekday,60,09:55:44,5,Sitting,Resting,,45,0,Inactive,60,0,False,True
4728,2023-07-13,Minerva,Intervention Weekday,60,09:55:59,5,Sitting,Resting,,0,15,Inactive,45,0,False,True
4729,2023-07-13,Minerva,Intervention Weekday,60,09:56:14,5,Sitting,Resting,,15,30,Inactive,30,0,False,True
4730,2023-07-13,Minerva,Intervention Weekday,60,09:56:29,5,Sitting,Resting,,30,45,Inactive,15,0,False,True
4731,2023-07-13,Minerva,Intervention Weekday,60,09:56:44,4,Sitting,Resting,,45,60,Inactive,0,0,False,True
4732,2023-07-13,Minerva,Intervention Weekday,60,09:56:59,4,Sitting,Resting,,0,0,Inactive,60,0,False,True
4733,2023-07-13,Minerva,Intervention Weekday,60,09:57:14,4,Sitting,Resting,,15,15,Inactive,45,0,False,True
4734,2023-07-13,Minerva,Intervention Weekday,60,09:57:29,5,Sitting,Resting,,30,30,Inactive,30,0,False,True
4735,2023-07-13,Minerva,Intervention Weekday,60,09:57:44,5,Sitting,Resting,,45,45,Inactive,15,0,False,True
4736,2023-07-13,Minerva,Intervention Weekday,60,09:57:59,5,Sitting,Resting,,0,60,Inactive,0,0,False,True
4737,2023-07-13,Minerva,Intervention Weekday,60,09:58:14,5,Sitting,Resting,,15,0,Inactive,60,0,False,True
4738,2023-07-13,Minerva,Intervention Weekday,60,09:58:29,5,Sitting,Resting,,30,15,Inactive,45,0,False,True
4739,2023-07-13,Minerva,Intervention Weekday,60,09:58:44,5,Sitting,Resting,,45,30,Inactive,30,0,False,True
4740,2023-07-13,Minerva,Intervention Weekday,60,09:58:59,5,Sitting,Resting,,0,45,Inactive,15,0,False,True
4741,2023-07-13,Minerva,Intervention Weekday,60,09:59:14,5,Sitting,Resting,,15,60,Inactive,0,0,False,True
4742,2023-07-13,Minerva,Intervention Weekday,60,09:59:29,5,Sitting,Resting,,30,0,Inactive,60,0,False,True
4743,2023-07-13,Minerva,Intervention Weekday,60,09:59:44,5,Sitting,Resting,,45,15,Inactive,45,0,False,True
4744,2023-07-13,Minerva,Intervention Weekday,60,09:59:59,5,Sitting,Resting,,0,30,Inactive,30,0,False,True
4745,2023-07-13,Minerva,Intervention Weekday,60,10:00:14,5,Sitting,Resting,,15,45,Inactive,15,0,False,True
4746,2023-07-13,Minerva,Intervention Weekday,60,10:00:29,5,Lying Down,Resting,,30,60,Inactive,0,0,False,True
4747,2023-07-13,Minerva,Intervention Weekday,60,10:00:44,5,Lying Down,Resting,,45,0,Inactive,60,0,False,True
4748,2023-07-13,Minerva,Intervention Weekday,60,10:00:59,5,Lying Down,Resting,,0,15,Inactive,45,0,False,True
4749,2023-07-13,Minerva,Intervention Weekday,60,10:01:14,5,Lying Down,Resting,,15,30,Inactive,30,0,False,True
4750,2023-07-14,Minerva,Intervention Weekday,60,09:02:04,5,Sitting,Eating,,45,60,Active,0,1,False,True
4751,2023-07-14,Minerva,Intervention Weekday,60,09:02:19,5,Sitting,Eating,,0,0,Active,60,1,False,True
4752,2023-07-14,Minerva,Intervention Weekday,60,09:02:34,5,Sitting,Resting,,15,15,Inactive,45,0,False,True
4753,2023-07-14,Minerva,Intervention Weekday,60,09:02:49,5,Sitting,Resting,,30,30,Inactive,30,0,False,True
4754,2023-07-14,Minerva,Intervention Weekday,60,09:03:04,5,Sitting,Resting,,45,45,Inactive,15,0,False,True
4755,2023-07-14,Minerva,Intervention Weekday,60,09:03:19,5,Sitting,Eating,,0,60,Active,0,1,False,True
4756,2023-07-14,Minerva,Intervention Weekday,60,09:03:34,5,Sitting,Resting,,15,0,Inactive,60,0,False,True
4757,2023-07-14,Minerva,Intervention Weekday,60,09:03:49,5,Sitting,Resting,,30,15,Inactive,45,0,False,True
4758,2023-07-14,Minerva,Intervention Weekday,60,09:04:04,5,Sitting,Resting,,45,30,Inactive,30,0,False,True
4759,2023-07-14,Minerva,Intervention Weekday,60,09:04:19,5,Sitting,Eating,,0,45,Active,15,1,False,True
4760,2023-07-14,Minerva,Intervention Weekday,60,09:04:34,5,Sitting,Resting,,15,60,Inactive,0,0,False,True
4761,2023-07-14,Minerva,Intervention Weekday,60,09:04:49,5,Sitting,Resting,,30,0,Inactive,60,0,False,True
4762,2023-07-14,Minerva,Intervention Weekday,60,09:05:04,5,Sitting,Resting,,45,15,Inactive,45,0,False,True
4763,2023-07-14,Minerva,Intervention Weekday,60,09:05:19,5,Sitting,Pause,,0,30,Inactive,30,0,False,True
4764,2023-07-14,Minerva,Intervention Weekday,60,09:05:34,5,Sitting,Resting,,15,45,Inactive,15,0,False,True
4765,2023-07-14,Minerva,Intervention Weekday,60,09:05:49,5,Standing,Locomotion,,30,60,Active,0,1,False,True
4766,2023-07-14,Minerva,Intervention Weekday,60,09:06:04,5,Sitting,Resting,,45,0,Inactive,60,0,False,True
4767,2023-07-14,Minerva,Intervention Weekday,60,09:06:19,5,Standing,Locomotion,,0,15,Active,45,1,False,True
4768,2023-07-14,Minerva,Intervention Weekday,60,09:06:34,5,Sitting,Resting,,15,30,Inactive,30,0,False,True
4769,2023-07-14,Minerva,Intervention Weekday,60,09:06:49,5,Sitting,Resting,,30,45,Inactive,15,0,False,True
4770,2023-07-14,Minerva,Intervention Weekday,60,09:07:04,5,Sitting,Resting,,45,60,Inactive,0,0,False,True
4771,2023-07-14,Minerva,Intervention Weekday,60,09:07:19,5,Sitting,Eating,,0,0,Active,60,1,False,True
4772,2023-07-14,Minerva,Intervention Weekday,60,09:07:34,5,Sitting,Resting,,15,15,Inactive,45,0,False,True
4773,2023-07-14,Minerva,Intervention Weekday,60,09:07:49,5,Sitting,Resting,,30,30,Inactive,30,0,False,True
4774,2023-07-14,Minerva,Intervention Weekday,60,09:08:04,5,Sitting,Resting,,45,45,Inactive,15,0,False,True
4775,2023-07-14,Minerva,Intervention Weekday,60,09:08:19,5,Sitting,Eating,,0,60,Active,0,1,False,True
4776,2023-07-14,Minerva,Intervention Weekday,60,09:08:34,5,Sitting,Pause,,15,0,Inactive,60,0,False,True
4777,2023-07-14,Minerva,Intervention Weekday,60,09:08:49,5,Standing,Locomotion,,30,15,Active,45,1,False,True
4778,2023-07-14,Minerva,Intervention Weekday,60,09:09:04,5,Sitting,Resting,,45,30,Inactive,30,0,False,True
4779,2023-07-14,Minerva,Intervention Weekday,60,09:09:19,5,Sitting,Eating,,0,45,Active,15,1,False,True
4780,2023-07-14,Minerva,Intervention Weekday,60,09:09:34,5,Sitting,Resting,,15,60,Inactive,0,0,False,True
4781,2023-07-14,Minerva,Intervention Weekday,60,09:09:49,5,Sitting,Resting,,30,0,Inactive,60,0,False,True
4782,2023-07-14,Minerva,Intervention Weekday,60,09:10:04,5,Standing,Locomotion,,45,15,Active,45,1,False,True
4783,2023-07-14,Minerva,Intervention Weekday,60,09:10:19,5,Sitting,Eating,,0,30,Active,30,1,False,True
4784,2023-07-14,Minerva,Intervention Weekday,60,09:10:34,5,Sitting,Resting,,15,45,Inactive,15,0,False,True
4785,2023-07-14,Minerva,Intervention Weekday,60,09:10:49,5,Sitting,Resting,,30,60,Inactive,0,0,False,True
4786,2023-07-14,Minerva,Intervention Weekday,60,09:11:04,5,Sitting,Resting,,45,0,Inactive,60,0,False,True
4787,2023-07-14,Minerva,Intervention Weekday,60,09:11:19,5,Sitting,Eating,,0,15,Active,45,1,False,True
4788,2023-07-14,Minerva,Intervention Weekday,60,09:11:34,5,Sitting,Manipulating Object,Feeder,15,30,Active,30,1,False,True
4789,2023-07-14,Minerva,Intervention Weekday,60,09:11:49,5,Sitting,Resting,,30,45,Inactive,15,0,False,True
4790,2023-07-14,Minerva,Intervention Weekday,60,09:12:04,5,Sitting,Resting,,45,60,Inactive,0,0,False,True
4791,2023-07-14,Minerva,Intervention Weekday,60,09:12:19,5,Sitting,Eating,,0,0,Active,60,1,False,True
4792,2023-07-14,Minerva,Intervention Weekday,60,09:12:34,5,Sitting,Resting,,15,15,Inactive,45,0,False,True
4793,2023-07-14,Minerva,Intervention Weekday,60,09:12:49,5,Sitting,Resting,,30,30,Inactive,30,0,False,True
4794,2023-07-14,Minerva,Intervention Weekday,60,09:13:04,5,Sitting,Resting,,45,45,Inactive,15,0,False,True
4795,2023-07-14,Minerva,Intervention Weekday,60,09:13:19,5,Sitting,Eating,,0,60,Active,0,1,False,True
4796,2023-07-14,Minerva,Intervention Weekday,60,09:13:34,5,Sitting,Resting,,15,0,Inactive,60,0,False,True
4797,2023-07-14,Minerva,Intervention Weekday,60,09:13:49,5,Sitting,Resting,,30,15,Inactive,45,0,False,True
4798,2023-07-14,Minerva,Intervention Weekday,60,09:14:04,5,Sitting,Resting,,45,30,Inactive,30,0,False,True
4799,2023-07-14,Minerva,Intervention Weekday,60,09:14:19,5,Sitting,Eating,,0,45,Active,15,1,False,True
4800,2023-07-14,Minerva,Intervention Weekday,60,09:14:34,5,Sitting,Eating,,15,60,Active,0,1,False,True
4801,2023-07-14,Minerva,Intervention Weekday,60,09:14:49,5,Sitting,Resting,,30,0,Inactive,60,0,False,True
4802,2023-07-14,Minerva,Intervention Weekday,60,09:15:04,5,Sitting,Resting,,45,15,Inactive,45,0,False,True
4803,2023-07-14,Minerva,Intervention Weekday,60,09:15:19,5,Sitting,Resting,,0,30,Inactive,30,0,False,True
4804,2023-07-14,Minerva,Intervention Weekday,60,09:15:34,5,Sitting,Eating,,15,45,Active,15,1,False,True
4805,2023-07-14,Minerva,Intervention Weekday,60,09:15:49,5,Sitting,Resting,,30,60,Inactive,0,0,False,True
4806,2023-07-14,Minerva,Intervention Weekday,60,09:16:04,5,Sitting,Resting,,45,0,Inactive,60,0,False,True
4807,2023-07-14,Minerva,Intervention Weekday,60,09:16:19,5,Sitting,Resting,,0,15,Inactive,45,0,False,True
4808,2023-07-14,Minerva,Intervention Weekday,60,09:16:34,5,Sitting,Eating,,15,30,Active,30,1,False,True
4927,2023-09-11,Minerva,Intervention Weekday,300,09:56:29,5,Sitting,Eating,,0,0,Active,300,1,False,True
4928,2023-09-11,Minerva,Intervention Weekday,300,09:56:44,5,Standing,Pause,,15,15,Inactive,285,0,False,True
4929,2023-09-11,Minerva,Intervention Weekday,300,09:56:59,5,Sitting,Resting,,30,30,Inactive,270,0,False,True
4930,2023-09-11,Minerva,Intervention Weekday,300,09:57:14,5,Sitting,Resting,,45,45,Inactive,255,0,False,True
4931,2023-09-11,Minerva,Intervention Weekday,300,09:57:29,5,Sitting,Resting,,0,60,Inactive,240,0,False,True
4932,2023-09-11,Minerva,Intervention Weekday,300,09:57:44,5,Lying Down,Manipulating Object,Feeder,15,75,Active,225,1,False,True
4933,2023-09-11,Minerva,Intervention Weekday,300,09:57:59,5,Lying Down,Manipulating Object,Feeder,30,90,Active,210,1,False,True
4934,2023-09-11,Minerva,Intervention Weekday,300,09:58:14,5,Standing,Locomotion,,45,105,Active,195,1,False,True
4935,2023-09-11,Minerva,Intervention Weekday,300,09:58:29,5,Sitting,Resting,,0,120,Inactive,180,0,False,True
4936,2023-09-11,Minerva,Intervention Weekday,300,09:58:44,5,Sitting,Resting,,15,135,Inactive,165,0,False,True
4937,2023-09-11,Minerva,Intervention Weekday,300,09:58:59,5,Sitting,Resting,,30,150,Inactive,150,0,False,True
4938,2023-09-11,Minerva,Intervention Weekday,300,09:59:14,5,Sitting,Resting,,45,165,Inactive,135,0,False,True
4939,2023-09-11,Minerva,Intervention Weekday,300,09:59:29,5,Sitting,Resting,,0,180,Inactive,120,0,False,True
4940,2023-09-11,Minerva,Intervention Weekday,300,09:59:44,5,Sitting,Resting,,15,195,Inactive,105,0,False,True
4941,2023-09-11,Minerva,Intervention Weekday,300,09:59:59,5,Sitting,Resting,,30,210,Inactive,90,0,False,True
4942,2023-09-11,Minerva,Intervention Weekday,300,10:00:14,5,Sitting,Resting,,45,225,Inactive,75,0,False,True
4943,2023-09-11,Minerva,Intervention Weekday,300,10:00:29,5,Sitting,Resting,,0,240,Inactive,60,0,False,True
4944,2023-09-11,Minerva,Intervention Weekday,300,10:00:44,5,Sitting,Resting,,15,255,Inactive,45,0,False,True
4945,2023-09-11,Minerva,Intervention Weekday,300,10:00:59,5,Sitting,Resting,,30,270,Inactive,30,0,False,True
4946,2023-09-11,Minerva,Intervention Weekday,300,10:01:14,5,Sitting,Resting,,45,285,Inactive,15,0,False,True
4947,2023-09-11,Minerva,Intervention Weekday,300,10:01:29,5,Sitting,Resting,,0,300,Inactive,0,0,False,True
4948,2023-09-11,Minerva,Intervention Weekday,300,10:01:44,6,Standing,Locomotion,,15,0,Active,300,1,False,True
4949,2023-09-11,Minerva,Intervention Weekday,300,10:01:59,5,Standing,Manipulating Object,Feeder,30,15,Active,285,1,False,True
4950,2023-09-11,Minerva,Intervention Weekday,300,10:02:14,5,Standing,Locomotion,,45,30,Active,270,1,False,True
4951,2023-09-11,Minerva,Intervention Weekday,300,10:02:29,5,Standing,Locomotion,,0,45,Active,255,1,False,True
4952,2023-09-11,Minerva,Intervention Weekday,300,10:02:44,5,Sitting,Resting,,15,60,Inactive,240,0,False,True
4953,2023-09-11,Minerva,Intervention Weekday,300,10:02:59,5,Sitting,Resting,,30,75,Inactive,225,0,False,True
4954,2023-09-11,Minerva,Intervention Weekday,300,10:03:14,5,Sitting,Resting,,45,90,Inactive,210,0,False,True
4955,2023-09-11,Minerva,Intervention Weekday,300,10:03:29,5,Sitting,Resting,,0,105,Inactive,195,0,False,True
4956,2023-09-11,Minerva,Intervention Weekday,300,10:03:44,6,Standing,Locomotion,,15,120,Active,180,1,False,True
4957,2023-09-11,Minerva,Intervention Weekday,300,10:03:59,5,Sitting,Resting,,30,135,Inactive,165,0,False,True
4958,2023-09-11,Minerva,Intervention Weekday,300,10:04:14,5,Sitting,Resting,,45,150,Inactive,150,0,False,True
4959,2023-09-11,Minerva,Intervention Weekday,300,10:04:29,5,Sitting,Resting,,0,165,Inactive,135,0,False,True
4960,2023-09-11,Minerva,Intervention Weekday,300,10:04:44,6,Standing,Locomotion,,15,180,Active,120,1,False,True
4961,2023-09-11,Minerva,Intervention Weekday,300,10:04:59,6,Sitting,Resting,,30,195,Inactive,105,0,False,True
4962,2023-09-11,Minerva,Intervention Weekday,300,10:05:14,6,Sitting,Resting,,45,210,Inactive,90,0,False,True
4963,2023-09-11,Minerva,Intervention Weekday,300,10:05:29,6,Sitting,Resting,,0,225,Inactive,75,0,False,True
4964,2023-09-11,Minerva,Intervention Weekday,300,10:05:44,6,Sitting,Resting,,15,240,Inactive,60,0,False,True
4965,2023-09-11,Minerva,Intervention Weekday,300,10:05:59,6,Sitting,Resting,,30,255,Inactive,45,0,False,True
4966,2023-09-11,Minerva,Intervention Weekday,300,10:06:14,5,Sitting,Resting,,45,270,Inactive,30,0,False,True
4967,2023-09-11,Minerva,Intervention Weekday,300,10:06:29,5,Standing,Locomotion,,0,285,Active,15,1,False,True
4968,2023-09-11,Minerva,Intervention Weekday,300,10:06:44,5,Sitting,Resting,,15,300,Inactive,0,0,False,True
4969,2023-09-11,Minerva,Intervention Weekday,300,10:06:59,5,Sitting,Resting,,30,0,Inactive,300,0,False,True
4970,2023-09-11,Minerva,Intervention Weekday,300,10:07:14,5,Sitting,Resting,,45,15,Inactive,285,0,False,True
4971,2023-09-11,Minerva,Intervention Weekday,300,10:07:29,5,Sitting,Resting,,0,30,Inactive,270,0,False,True
4972,2023-09-11,Minerva,Intervention Weekday,300,10:07:44,5,Sitting,Resting,,15,45,Inactive,255,0,False,True
4973,2023-09-11,Minerva,Intervention Weekday,300,10:07:59,5,Sitting,Resting,,30,60,Inactive,240,0,False,True
4974,2023-09-11,Minerva,Intervention Weekday,300,10:08:14,5,Sitting,Resting,,45,75,Inactive,225,0,False,True
4975,2023-09-11,Minerva,Intervention Weekday,300,10:08:29,5,Sitting,Resting,,0,90,Inactive,210,0,False,True
4976,2023-09-11,Minerva,Intervention Weekday,300,10:08:44,5,Sitting,Resting,,15,105,Inactive,195,0,False,True
4977,2023-09-11,Minerva,Intervention Weekday,300,10:08:59,5,Sitting,Resting,,30,120,Inactive,180,0,False,True
4978,2023-09-11,Minerva,Intervention Weekday,300,10:09:14,5,Sitting,Resting,,45,135,Inactive,165,0,False,True
4979,2023-09-11,Minerva,Intervention Weekday,300,10:09:29,5,Sitting,Resting,,0,150,Inactive,150,0,False,True
4980,2023-09-11,Minerva,Intervention Weekday,300,10:09:44,5,Sitting,Resting,,15,165,Inactive,135,0,False,True
4981,2023-09-11,Minerva,Intervention Weekday,300,10:09:59,5,Sitting,Resting,,30,180,Inactive,120,0,False,True
4982,2023-09-11,Minerva,Intervention Weekday,300,10:10:14,5,Sitting,Resting,,45,195,Inactive,105,0,False,True
4983,2023-09-11,Minerva,Intervention Weekday,300,10:10:29,5,Sitting,Resting,,0,210,Inactive,90,0,False,True
4984,2023-09-11,Minerva,Intervention Weekday,300,10:10:44,6,Standing,Locomotion,,15,225,Active,75,1,False,True
4985,2023-09-11,Minerva,Intervention Weekday,300,10:10:59,5,Sitting,Resting,,30,240,Inactive,60,0,False,True
4986,2023-09-12,Minerva,Intervetion Weekday,300,10:25:47,feeder deployed,,,,0,0,Active,300,1,False,True
4987,2023-09-12,Minerva,Intervetion Weekday,300,10:26:02,4,Sitting,Eating,,15,15,Active,285,1,False,True
4988,2023-09-12,Minerva,Intervetion Weekday,300,10:26:17,6,Standing,Locomotion,,30,30,Active,270,1,False,True
4989,2023-09-12,Minerva,Intervetion Weekday,300,10:26:32,6,Standing,Pause,,45,45,Inactive,255,0,False,True
4990,2023-09-12,Minerva,Intervetion Weekday,300,10:26:47,6,Sitting,Resting,,0,60,Inactive,240,0,False,True
4991,2023-09-12,Minerva,Intervetion Weekday,300,10:27:02,5,Sitting,Resting,,15,75,Inactive,225,0,False,True
4992,2023-09-12,Minerva,Intervetion Weekday,300,10:27:17,5,Sitting,Resting,,30,90,Inactive,210,0,False,True
4993,2023-09-12,Minerva,Intervetion Weekday,300,10:27:32,5,Sitting,Resting,,45,105,Inactive,195,0,False,True
4994,2023-09-12,Minerva,Intervetion Weekday,300,10:27:47,6,Standing,Pause,,0,120,Inactive,180,0,False,True
4995,2023-09-12,Minerva,Intervetion Weekday,300,10:28:02,5,Sitting,Resting,,15,135,Inactive,165,0,False,True
4996,2023-09-12,Minerva,Intervetion Weekday,300,10:28:17,5,Standing,Locomotion,,30,150,Active,150,1,False,True
4997,2023-09-12,Minerva,Intervetion Weekday,300,10:28:32,5,Sitting,Resting,,45,165,Inactive,135,0,False,True
4998,2023-09-12,Minerva,Intervetion Weekday,300,10:28:47,5,Sitting,Resting,,0,180,Inactive,120,0,False,True
4999,2023-09-12,Minerva,Intervetion Weekday,300,10:29:02,6,Sitting,Resting,,15,195,Inactive,105,0,False,True
5000,2023-09-12,Minerva,Intervetion Weekday,300,10:29:17,5,Sitting,Resting,,30,210,Inactive,90,0,False,True
5001,2023-09-12,Minerva,Intervetion Weekday,300,10:29:32,5,Sitting,Resting,,45,225,Inactive,75,0,False,True
5002,2023-09-12,Minerva,Intervetion Weekday,300,10:29:47,5,Sitting,Resting,,0,240,Inactive,60,0,False,True
5003,2023-09-12,Minerva,Intervetion Weekday,300,10:30:02,5,Sitting,Resting,,15,255,Inactive,45,0,False,True
5004,2023-09-12,Minerva,Intervetion Weekday,300,10:30:17,5,Sitting,Resting,,30,270,Inactive,30,0,False,True
5005,2023-09-12,Minerva,Intervetion Weekday,300,10:30:32,5,Sitting,Resting,,45,285,Inactive,15,0,False,True
5006,2023-09-12,Minerva,Intervetion Weekday,300,10:30:47,5,Sitting,Eating,,0,300,Active,0,1,False,True
5007,2023-09-12,Minerva,Intervetion Weekday,300,10:31:02,5,Sitting,Pause,,15,0,Inactive,300,0,False,True
5008,2023-09-12,Minerva,Intervetion Weekday,300,10:31:17,6,Sitting,Drinking,,30,15,Active,285,1,False,True
5009,2023-09-12,Minerva,Intervetion Weekday,300,10:31:32,6,Sitting,Pause,,45,30,Inactive,270,0,False,True
5010,2023-09-12,Minerva,Intervetion Weekday,300,10:31:47,5,Sitting,Resting,,0,45,Inactive,255,0,False,True
5011,2023-09-12,Minerva,Intervetion Weekday,300,10:32:02,5,Sitting,Resting,,15,60,Inactive,240,0,False,True
5012,2023-09-12,Minerva,Intervetion Weekday,300,10:32:17,5,Sitting,Resting,,30,75,Inactive,225,0,False,True
5013,2023-09-12,Minerva,Intervetion Weekday,300,10:32:32,5,Sitting,Resting,,45,90,Inactive,210,0,False,True
5014,2023-09-12,Minerva,Intervetion Weekday,300,10:32:47,5,Sitting,Resting,,0,105,Inactive,195,0,False,True
5015,2023-09-12,Minerva,Intervetion Weekday,300,10:33:02,5,Sitting,Resting,,15,120,Inactive,180,0,False,True
5016,2023-09-12,Minerva,Intervetion Weekday,300,10:33:17,5,Sitting,Resting,,30,135,Inactive,165,0,False,True
5017,2023-09-12,Minerva,Intervetion Weekday,300,10:33:32,5,Sitting,Resting,,45,150,Inactive,150,0,False,True
5018,2023-09-12,Minerva,Intervetion Weekday,300,10:33:47,4,Sitting,Resting,,0,165,Inactive,135,0,False,True
5019,2023-09-12,Minerva,Intervetion Weekday,300,10:34:02,4,Sitting,Resting,,15,180,Inactive,120,0,False,True
5020,2023-09-12,Minerva,Intervetion Weekday,300,10:34:17,4,Sitting,Resting,,30,195,Inactive,105,0,False,True
5021,2023-09-12,Minerva,Intervetion Weekday,300,10:34:32,4,Sitting,Resting,,45,210,Inactive,90,0,False,True
5022,2023-09-12,Minerva,Intervetion Weekday,300,10:34:47,4,Sitting,Resting,,0,225,Inactive,75,0,False,True
5023,2023-09-12,Minerva,Intervetion Weekday,300,10:35:02,4,Sitting,Resting,,15,240,Inactive,60,0,False,True
5024,2023-09-12,Minerva,Intervetion Weekday,300,10:35:17,4,Sitting,Resting,,30,255,Inactive,45,0,False,True
5025,2023-09-12,Minerva,Intervetion Weekday,300,10:35:32,4,Sitting,Resting,,45,270,Inactive,30,0,False,True
5026,2023-09-12,Minerva,Intervetion Weekday,300,10:35:47,5,Standing,Locomotion,,0,285,Active,15,1,False,True
5027,2023-09-12,Minerva,Intervetion Weekday,300,10:36:02,5,Sitting,Eating,,15,300,Active,0,1,False,True
5028,2023-09-12,Minerva,Intervetion Weekday,300,10:36:17,5,Sitting,Resting,,30,0,Inactive,300,0,False,True
5029,2023-09-12,Minerva,Intervetion Weekday,300,10:36:32,5,Standing,Locomotion,,45,15,Active,285,1,False,True
5030,2023-09-12,Minerva,Intervetion Weekday,300,10:36:47,5,Sitting,Resting,,0,30,Inactive,270,0,False,True
5031,2023-09-12,Minerva,Intervetion Weekday,300,10:37:02,5,Sitting,Resting,,15,45,Inactive,255,0,False,True
5032,2023-09-12,Minerva,Intervetion Weekday,300,10:37:17,5,Sitting,Resting,,30,60,Inactive,240,0,False,True
5033,2023-09-12,Minerva,Intervetion Weekday,300,10:37:32,6,Standing,Manipulating Object,Fencing,45,75,Active,225,1,False,True
5034,2023-09-12,Minerva,Intervetion Weekday,300,10:37:47,5,Sitting,Resting,,0,90,Inactive,210,0,False,True
5035,2023-09-12,Minerva,Intervetion Weekday,300,10:38:02,5,Sitting,Resting,,15,105,Inactive,195,0,False,True
5036,2023-09-12,Minerva,Intervetion Weekday,300,10:38:17,6,Standing,Locomotion,,30,120,Active,180,1,False,True
5037,2023-09-12,Minerva,Intervetion Weekday,300,10:38:32,6,Standing,Pause,,45,135,Inactive,165,0,False,True
5038,2023-09-12,Minerva,Intervetion Weekday,300,10:38:47,5,Sitting,Resting,,0,150,Inactive,150,0,False,True
5039,2023-09-12,Minerva,Intervetion Weekday,300,10:39:02,5,Sitting,Resting,,15,165,Inactive,135,0,False,True
5040,2023-09-12,Minerva,Intervetion Weekday,300,10:39:17,5,Sitting,Resting,,30,180,Inactive,120,0,False,True
5041,2023-09-12,Minerva,Intervetion Weekday,300,10:39:32,5,Sitting,Resting,,45,195,Inactive,105,0,False,True
5042,2023-09-12,Minerva,Intervetion Weekday,300,10:39:47,5,Sitting,Resting,,0,210,Inactive,90,0,False,True
5043,2023-09-12,Minerva,Intervetion Weekday,300,10:40:02,5,Sitting,Resting,,15,225,Inactive,75,0,False,True
5044,2023-09-12,Minerva,Intervetion Weekday,300,10:40:17,5,Sitting,Resting,,30,240,Inactive,60,0,False,True
5045,2023-09-12,Minerva,Intervetion Weekday,300,10:40:32,5,Standing,Locomotion,,45,255,Active,45,1,False,True
5046,2023-09-13,Minerva,Intervention Weekday,300,12:24:05,5,Sitting,Eating,,0,0,Active,300,1,False,True
5047,2023-09-13,Minerva,Intervention Weekday,300,12:24:20,5,Sitting,Resting,,15,15,Inactive,285,0,False,True
5048,2023-09-13,Minerva,Intervention Weekday,300,12:24:35,4,Standing,Locomotion,,30,30,Active,270,1,False,True
5049,2023-09-13,Minerva,Intervention Weekday,300,12:24:50,4,Lying Down,Resting,,45,45,Inactive,255,0,False,True
5050,2023-09-13,Minerva,Intervention Weekday,300,12:25:05,4,Lying Down,Resting,,0,60,Inactive,240,0,False,True
5051,2023-09-13,Minerva,Intervention Weekday,300,12:25:20,4,Sitting,Resting,,15,75,Inactive,225,0,False,True
5052,2023-09-13,Minerva,Intervention Weekday,300,12:25:35,3,Sitting,Resting,,30,90,Inactive,210,0,False,True
5053,2023-09-13,Minerva,Intervention Weekday,300,12:25:50,3,Sitting,Resting,,45,105,Inactive,195,0,False,True
5054,2023-09-13,Minerva,Intervention Weekday,300,12:26:05,3,Sitting,Resting,,0,120,Inactive,180,0,False,True
5055,2023-09-13,Minerva,Intervention Weekday,300,12:26:20,3,Sitting,Resting,,15,135,Inactive,165,0,False,True
5056,2023-09-13,Minerva,Intervention Weekday,300,12:26:35,3,Sitting,Resting,,30,150,Inactive,150,0,False,True
5057,2023-09-13,Minerva,Intervention Weekday,300,12:26:50,3,Sitting,Resting,,45,165,Inactive,135,0,False,True
5058,2023-09-13,Minerva,Intervention Weekday,300,12:27:05,3,Sitting,Resting,,0,180,Inactive,120,0,False,True
5059,2023-09-13,Minerva,Intervention Weekday,300,12:27:20,3,Sitting,Resting,,15,195,Inactive,105,0,False,True
5060,2023-09-13,Minerva,Intervention Weekday,300,12:27:35,2,Standing,Locomotion,,30,210,Active,90,1,False,True
5061,2023-09-13,Minerva,Intervention Weekday,300,12:27:50,2,Lying Down,Resting,,45,225,Inactive,75,0,False,True
5062,2023-09-13,Minerva,Intervention Weekday,300,12:28:05,2,Lying Down,Resting,,0,240,Inactive,60,0,False,True
5063,2023-09-13,Minerva,Intervention Weekday,300,12:28:20,2,Lying Down,Resting,,15,255,Inactive,45,0,False,True
5064,2023-09-13,Minerva,Intervention Weekday,300,12:28:35,2,Lying Down,Resting,,30,270,Inactive,30,0,False,True
5065,2023-09-13,Minerva,Intervention Weekday,300,12:28:50,2,Lying Down,Resting,,45,285,Inactive,15,0,False,True
5066,2023-09-13,Minerva,Intervention Weekday,300,12:29:05,5,Sitting,Eating,,0,300,Active,0,1,False,True
5067,2023-09-13,Minerva,Intervention Weekday,300,12:29:20,5,Standing,Pause,,15,0,Inactive,300,0,False,True
5068,2023-09-13,Minerva,Intervention Weekday,300,12:29:35,5,Sitting,Resting,,30,15,Inactive,285,0,False,True
5069,2023-09-13,Minerva,Intervention Weekday,300,12:29:50,5,Sitting,Resting,,45,30,Inactive,270,0,False,True
5070,2023-09-13,Minerva,Intervention Weekday,300,12:30:05,5,Sitting,Resting,,0,45,Inactive,255,0,False,True
5071,2023-09-13,Minerva,Intervention Weekday,300,12:30:20,5,Sitting,Resting,,15,60,Inactive,240,0,False,True
5072,2023-09-13,Minerva,Intervention Weekday,300,12:30:35,5,Sitting,Resting,,30,75,Inactive,225,0,False,True
5073,2023-09-13,Minerva,Intervention Weekday,300,12:30:50,5,Sitting,Resting,,45,90,Inactive,210,0,False,True
5074,2023-09-13,Minerva,Intervention Weekday,300,12:31:05,5,Sitting,Resting,,0,105,Inactive,195,0,False,True
5075,2023-09-13,Minerva,Intervention Weekday,300,12:31:20,5,Sitting,Resting,,15,120,Inactive,180,0,False,True
5076,2023-09-13,Minerva,Intervention Weekday,300,12:31:35,5,Sitting,Resting,,30,135,Inactive,165,0,False,True
5077,2023-09-13,Minerva,Intervention Weekday,300,12:31:50,5,Sitting,Resting,,45,150,Inactive,150,0,False,True
5078,2023-09-13,Minerva,Intervention Weekday,300,12:32:05,5,Sitting,Resting,,0,165,Inactive,135,0,False,True
5079,2023-09-13,Minerva,Intervention Weekday,300,12:32:20,5,Sitting,Resting,,15,180,Inactive,120,0,False,True
5080,2023-09-13,Minerva,Intervention Weekday,300,12:32:35,5,Sitting,Resting,,30,195,Inactive,105,0,False,True
5081,2023-09-13,Minerva,Intervention Weekday,300,12:32:50,5,Sitting,Resting,,45,210,Inactive,90,0,False,True
5082,2023-09-13,Minerva,Intervention Weekday,300,12:33:05,5,Sitting,Resting,,0,225,Inactive,75,0,False,True
5083,2023-09-13,Minerva,Intervention Weekday,300,12:33:20,5,Sitting,Resting,,15,240,Inactive,60,0,False,True
5084,2023-09-13,Minerva,Intervention Weekday,300,12:33:35,5,Sitting,Resting,,30,255,Inactive,45,0,False,True
5085,2023-09-13,Minerva,Intervention Weekday,300,12:33:50,5,Sitting,Resting,,45,270,Inactive,30,0,False,True
5086,2023-09-13,Minerva,Intervention Weekday,300,12:34:05,5,Sitting,Resting,,0,285,Inactive,15,0,False,True
5087,2023-09-13,Minerva,Intervention Weekday,300,12:34:20,5,Sitting,Resting,,15,300,Inactive,0,0,False,True
5088,2023-09-13,Minerva,Intervention Weekday,300,12:34:35,5,Sitting,Resting,,30,0,Inactive,300,0,False,True
5089,2023-09-13,Minerva,Intervention Weekday,300,12:34:50,5,Sitting,Resting,,45,15,Inactive,285,0,False,True
5090,2023-09-13,Minerva,Intervention Weekday,300,12:35:05,5,Sitting,Resting,,0,30,Inactive,270,0,False,True
5091,2023-09-13,Minerva,Intervention Weekday,300,12:35:20,5,Sitting,Resting,,15,45,Inactive,255,0,False,True
5092,2023-09-13,Minerva,Intervention Weekday,300,12:35:35,2,Lying Down,Resting,,30,60,Inactive,240,0,False,True
5093,2023-09-13,Minerva,Intervention Weekday,300,12:35:50,2,Lying Down,Resting,,45,75,Inactive,225,0,False,True
5094,2023-09-13,Minerva,Intervention Weekday,300,12:36:05,2,Sitting,Resting,,0,90,Inactive,210,0,False,True
5095,2023-09-13,Minerva,Intervention Weekday,300,12:36:20,2,Sitting,Resting,,15,105,Inactive,195,0,False,True
5096,2023-09-13,Minerva,Intervention Weekday,300,12:36:35,2,Sitting,Resting,,30,120,Inactive,180,0,False,True
5097,2023-09-13,Minerva,Intervention Weekday,300,12:36:50,2,Sitting,Resting,,45,135,Inactive,165,0,False,True
5098,2023-09-13,Minerva,Intervention Weekday,300,12:37:05,2,Sitting,Resting,,0,150,Inactive,150,0,False,True
5099,2023-09-13,Minerva,Intervention Weekday,300,12:37:20,2,Sitting,Resting,,15,165,Inactive,135,0,False,True
5100,2023-09-13,Minerva,Intervention Weekday,300,12:37:35,2,Lying Down,Resting,,30,180,Inactive,120,0,False,True
5101,2023-09-13,Minerva,Intervention Weekday,300,12:37:50,2,Lying Down,Resting,,45,195,Inactive,105,0,False,True
5102,2023-09-13,Minerva,Intervention Weekday,300,12:38:05,2,Lying Down,Resting,,0,210,Inactive,90,0,False,True
5103,2023-09-13,Minerva,Intervention Weekday,300,12:38:20,2,Lying Down,Resting,,15,225,Inactive,75,0,False,True
5104,2023-09-13,Minerva,Intervention Weekday,300,12:38:35,2,Lying Down,Resting,,30,240,Inactive,60,0,False,True
5105,2023-09-01,Minerva,Intervention Weekday,240,12:53:57,5,Sitting,Eating,,0,0,Active,240,1,False,True
5106,2023-09-01,Minerva,Intervention Weekday,240,12:54:12,5,Sitting,Resting,,15,15,Inactive,225,0,False,True
5107,2023-09-01,Minerva,Intervention Weekday,240,12:54:27,6,Standing,Pause,,30,30,Inactive,210,0,False,True
5108,2023-09-01,Minerva,Intervention Weekday,240,12:54:42,5,Sitting,Resting,,45,45,Inactive,195,0,False,True
5109,2023-09-01,Minerva,Intervention Weekday,240,12:54:57,6,Standing,Pause,,0,60,Inactive,180,0,False,True
5110,2023-09-01,Minerva,Intervention Weekday,240,12:55:12,6,Sitting,Resting,,15,75,Inactive,165,0,False,True
5111,2023-09-01,Minerva,Intervention Weekday,240,12:55:27,6,Sitting,Resting,,30,90,Inactive,150,0,False,True
5112,2023-09-01,Minerva,Intervention Weekday,240,12:55:42,6,Sitting,Resting,,45,105,Inactive,135,0,False,True
5113,2023-09-01,Minerva,Intervention Weekday,240,12:55:57,6,Sitting,Resting,,0,120,Inactive,120,0,False,True
5114,2023-09-01,Minerva,Intervention Weekday,240,12:56:12,6,Sitting,Resting,,15,135,Inactive,105,0,False,True
5115,2023-09-01,Minerva,Intervention Weekday,240,12:56:27,6,Sitting,Resting,,30,150,Inactive,90,0,False,True
5116,2023-09-01,Minerva,Intervention Weekday,240,12:56:42,6,Sitting,Resting,,45,165,Inactive,75,0,False,True
5117,2023-09-01,Minerva,Intervention Weekday,240,12:56:57,6,Sitting,Resting,,0,180,Inactive,60,0,False,True
5118,2023-09-01,Minerva,Intervention Weekday,240,12:57:12,6,Sitting,Resting,,15,195,Inactive,45,0,False,True
5119,2023-09-01,Minerva,Intervention Weekday,240,12:57:27,6,Sitting,Resting,,30,210,Inactive,30,0,False,True
5120,2023-09-01,Minerva,Intervention Weekday,240,12:57:42,5,Sitting,Eating,,45,225,Active,15,1,False,True
5121,2023-09-01,Minerva,Intervention Weekday,240,12:57:57,5,Sitting,Eating,,0,240,Active,0,1,False,True
5122,2023-09-01,Minerva,Intervention Weekday,240,12:58:12,5,Sitting,Resting,,15,0,Inactive,240,0,False,True
5123,2023-09-01,Minerva,Intervention Weekday,240,12:58:27,5,Sitting,Resting,,30,15,Inactive,225,0,False,True
5124,2023-09-01,Minerva,Intervention Weekday,240,12:58:42,5,Sitting,Resting,,45,30,Inactive,210,0,False,True
5125,2023-09-01,Minerva,Intervention Weekday,240,12:58:57,5,Sitting,Resting,,0,45,Inactive,195,0,False,True
5126,2023-09-01,Minerva,Intervention Weekday,240,12:59:12,5,Sitting,Resting,,15,60,Inactive,180,0,False,True
5127,2023-09-01,Minerva,Intervention Weekday,240,12:59:27,5,Sitting,Resting,,30,75,Inactive,165,0,False,True
5128,2023-09-01,Minerva,Intervention Weekday,240,12:59:42,5,Sitting,Resting,,45,90,Inactive,150,0,False,True
5129,2023-09-01,Minerva,Intervention Weekday,240,12:59:57,5,Sitting,Resting,,0,105,Inactive,135,0,False,True
5130,2023-09-01,Minerva,Intervention Weekday,240,13:00:12,5,Sitting,Resting,,15,120,Inactive,120,0,False,True
5131,2023-09-01,Minerva,Intervention Weekday,240,13:00:27,5,Sitting,Resting,,30,135,Inactive,105,0,False,True
5132,2023-09-01,Minerva,Intervention Weekday,240,13:00:42,5,Sitting,Resting,,45,150,Inactive,90,0,False,True
5133,2023-09-01,Minerva,Intervention Weekday,240,13:00:57,5,Sitting,Resting,,0,165,Inactive,75,0,False,True
5134,2023-09-01,Minerva,Intervention Weekday,240,13:01:12,5,Sitting,Resting,,15,180,Inactive,60,0,False,True
5135,2023-09-01,Minerva,Intervention Weekday,240,13:01:27,5,Sitting,Resting,,30,195,Inactive,45,0,False,True
5136,2023-09-01,Minerva,Intervention Weekday,240,13:01:42,5,Sitting,Resting,,45,210,Inactive,30,0,False,True
5137,2023-09-01,Minerva,Intervention Weekday,240,13:01:57,5,Sitting,Eating,,0,225,Active,15,1,False,True
5138,2023-09-01,Minerva,Intervention Weekday,240,13:02:12,5,Sitting,Resting,,15,240,Inactive,0,0,False,True
5139,2023-09-01,Minerva,Intervention Weekday,240,13:02:27,5,Sitting,Resting,,30,0,Inactive,240,0,False,True
5140,2023-09-01,Minerva,Intervention Weekday,240,13:02:42,5,Sitting,Resting,,45,15,Inactive,225,0,False,True
5141,2023-09-01,Minerva,Intervention Weekday,240,13:02:57,5,Sitting,Resting,,0,30,Inactive,210,0,False,True
5142,2023-09-01,Minerva,Intervention Weekday,240,13:03:12,5,Sitting,Resting,,15,45,Inactive,195,0,False,True
5143,2023-09-01,Minerva,Intervention Weekday,240,13:03:27,5,Sitting,Resting,,30,60,Inactive,180,0,False,True
5144,2023-09-01,Minerva,Intervention Weekday,240,13:03:42,5,Sitting,Resting,,45,75,Inactive,165,0,False,True
5145,2023-09-01,Minerva,Intervention Weekday,240,13:03:57,5,Sitting,Resting,,0,90,Inactive,150,0,False,True
5146,2023-09-01,Minerva,Intervention Weekday,240,13:04:12,5,Sitting,Resting,,15,105,Inactive,135,0,False,True
5147,2023-09-01,Minerva,Intervention Weekday,240,13:04:27,5,Sitting,Resting,,30,120,Inactive,120,0,False,True
5148,2023-09-01,Minerva,Intervention Weekday,240,13:04:42,5,Sitting,Resting,,45,135,Inactive,105,0,False,True
5149,2023-09-01,Minerva,Intervention Weekday,240,13:04:57,5,Sitting,Resting,,0,150,Inactive,90,0,False,True
5150,2023-09-01,Minerva,Intervention Weekday,240,13:05:12,5,Sitting,Resting,,15,165,Inactive,75,0,False,True
5151,2023-09-01,Minerva,Intervention Weekday,240,13:05:27,5,Sitting,Resting,,30,180,Inactive,60,0,False,True
5152,2023-09-01,Minerva,Intervention Weekday,240,13:05:42,5,Sitting,Resting,,45,195,Inactive,45,0,False,True
5153,2023-09-01,Minerva,Intervention Weekday,240,13:05:57,5,Sitting,Eating,,0,210,Active,30,1,False,True
5154,2023-09-01,Minerva,Intervention Weekday,240,13:06:12,6,Standing,Locomotion,,15,225,Active,15,1,False,True
5157,2023-09-01,Minerva,Intervention Weekday,240,13:06:57,5,Standing,Pause,,0,15,Inactive,225,0,False,True
5158,2023-09-01,Minerva,Intervention Weekday,240,13:07:12,5,Sitting,Resting,,15,30,Inactive,210,0,False,True
5159,2023-09-01,Minerva,Intervention Weekday,240,13:07:27,5,Sitting,Resting,,30,45,Inactive,195,0,False,True
5160,2023-09-01,Minerva,Intervention Weekday,240,13:07:42,5,Sitting,Resting,,45,60,Inactive,180,0,False,True
5161,2023-09-01,Minerva,Intervention Weekday,240,13:07:57,5,Sitting,Resting,,0,75,Inactive,165,0,False,True
5162,2023-09-01,Minerva,Intervention Weekday,240,13:08:12,5,Sitting,Resting,,15,90,Inactive,150,0,False,True
5163,2023-09-01,Minerva,Intervention Weekday,240,13:08:27,5,Sitting,Resting,,30,105,Inactive,135,0,False,True
5164,2023-08-28,Minerva,Intervention Weekday,240,11:16:07,5,Sitting,Eating,,0,0,Active,240,1,False,True
5165,2023-08-28,Minerva,Intervention Weekday,240,11:16:22,5,Sitting,Resting,,15,15,Inactive,225,0,False,True
5166,2023-08-28,Minerva,Intervention Weekday,240,11:16:37,5,Sitting,Resting,,30,30,Inactive,210,0,False,True
5167,2023-08-28,Minerva,Intervention Weekday,240,11:16:52,5,Sitting,Resting,,45,45,Inactive,195,0,False,True
5168,2023-08-28,Minerva,Intervention Weekday,240,11:17:07,5,Sitting,Resting,,0,60,Inactive,180,0,False,True
5169,2023-08-28,Minerva,Intervention Weekday,240,11:17:22,5,Sitting,Resting,,15,75,Inactive,165,0,False,True
5170,2023-08-28,Minerva,Intervention Weekday,240,11:17:37,5,Sitting,Resting,,30,90,Inactive,150,0,False,True
5171,2023-08-28,Minerva,Intervention Weekday,240,11:17:52,5,Sitting,Resting,,45,105,Inactive,135,0,False,True
5172,2023-08-28,Minerva,Intervention Weekday,240,11:18:07,5,Sitting,Resting,,0,120,Inactive,120,0,False,True
5173,2023-08-28,Minerva,Intervention Weekday,240,11:18:22,5,Sitting,Resting,,15,135,Inactive,105,0,False,True
5174,2023-08-28,Minerva,Intervention Weekday,240,11:18:37,5,Sitting,Resting,,30,150,Inactive,90,0,False,True
5175,2023-08-28,Minerva,Intervention Weekday,240,11:18:52,5,Sitting,Resting,,45,165,Inactive,75,0,False,True
5176,2023-08-28,Minerva,Intervention Weekday,240,11:19:07,5,Sitting,Resting,,0,180,Inactive,60,0,False,True
5177,2023-08-28,Minerva,Intervention Weekday,240,11:19:22,5,Sitting,Resting,,15,195,Inactive,45,0,False,True
5178,2023-08-28,Minerva,Intervention Weekday,240,11:19:37,5,Sitting,Resting,,30,210,Inactive,30,0,False,True
5179,2023-08-28,Minerva,Intervention Weekday,240,11:19:52,5,Standing,Eating,,45,225,Active,15,1,False,True
5180,2023-08-28,Minerva,Intervention Weekday,240,11:20:07,5,Sitting,Resting,,0,240,Inactive,0,0,False,True
5181,2023-08-28,Minerva,Intervention Weekday,240,11:20:22,5,Sitting,Resting,,15,0,Inactive,240,0,False,True
5182,2023-08-28,Minerva,Intervention Weekday,240,11:20:37,5,Sitting,Resting,,30,15,Inactive,225,0,False,True
5183,2023-08-28,Minerva,Intervention Weekday,240,11:20:52,5,Sitting,Resting,,45,30,Inactive,210,0,False,True
5184,2023-08-28,Minerva,Intervention Weekday,240,11:21:07,5,Sitting,Resting,,0,45,Inactive,195,0,False,True
5185,2023-08-28,Minerva,Intervention Weekday,240,11:21:22,5,Sitting,Resting,,15,60,Inactive,180,0,False,True
5186,2023-08-28,Minerva,Intervention Weekday,240,11:21:37,5,Sitting,Resting,,30,75,Inactive,165,0,False,True
5187,2023-08-28,Minerva,Intervention Weekday,240,11:21:52,5,Sitting,Resting,,45,90,Inactive,150,0,False,True
5188,2023-08-28,Minerva,Intervention Weekday,240,11:22:07,5,Sitting,Resting,,0,105,Inactive,135,0,False,True
5189,2023-08-28,Minerva,Intervention Weekday,240,11:22:22,5,Sitting,Resting,,15,120,Inactive,120,0,False,True
5190,2023-08-28,Minerva,Intervention Weekday,240,11:22:37,5,Sitting,Resting,,30,135,Inactive,105,0,False,True
5191,2023-08-28,Minerva,Intervention Weekday,240,11:22:52,5,Sitting,Resting,,45,150,Inactive,90,0,False,True
5192,2023-08-28,Minerva,Intervention Weekday,240,11:23:07,5,Sitting,Resting,,0,165,Inactive,75,0,False,True
5193,2023-08-28,Minerva,Intervention Weekday,240,11:23:22,5,Sitting,Resting,,15,180,Inactive,60,0,False,True
5194,2023-08-28,Minerva,Intervention Weekday,240,11:23:37,5,Sitting,Resting,,30,195,Inactive,45,0,False,True
5195,2023-08-28,Minerva,Intervention Weekday,240,11:23:52,5,Sitting,Resting,,45,210,Inactive,30,0,False,True
5196,2023-08-28,Minerva,Intervention Weekday,240,11:24:07,5,Sitting,Eating,,0,225,Active,15,1,False,True
5197,2023-08-28,Minerva,Intervention Weekday,240,11:24:22,3,Standing,Locomotion,,15,240,Active,0,1,False,True
5198,2023-08-28,Minerva,Intervention Weekday,240,11:24:37,5,Sitting,Resting,,30,0,Inactive,240,0,False,True
5199,2023-08-28,Minerva,Intervention Weekday,240,11:24:52,5,Sitting,Resting,,45,15,Inactive,225,0,False,True
5200,2023-08-28,Minerva,Intervention Weekday,240,11:25:07,5,Sitting,Resting,,0,30,Inactive,210,0,False,True
5201,2023-08-28,Minerva,Intervention Weekday,240,11:25:22,5,Sitting,Resting,,15,45,Inactive,195,0,False,True
5202,2023-08-28,Minerva,Intervention Weekday,240,11:25:37,5,Sitting,Resting,,30,60,Inactive,180,0,False,True
5203,2023-08-28,Minerva,Intervention Weekday,240,11:25:52,5,Sitting,Resting,,45,75,Inactive,165,0,False,True
5204,2023-08-28,Minerva,Intervention Weekday,240,11:26:07,5,Sitting,Resting,,0,90,Inactive,150,0,False,True
5205,2023-08-28,Minerva,Intervention Weekday,240,11:26:22,5,Sitting,Resting,,15,105,Inactive,135,0,False,True
5206,2023-08-28,Minerva,Intervention Weekday,240,11:26:37,5,Sitting,Resting,,30,120,Inactive,120,0,False,True
5207,2023-08-28,Minerva,Intervention Weekday,240,11:26:52,5,Sitting,Resting,,45,135,Inactive,105,0,False,True
5208,2023-08-28,Minerva,Intervention Weekday,240,11:27:07,5,Sitting,Resting,,0,150,Inactive,90,0,False,True
5209,2023-08-28,Minerva,Intervention Weekday,240,11:27:22,5,Sitting,Resting,,15,165,Inactive,75,0,False,True
5210,2023-08-28,Minerva,Intervention Weekday,240,11:27:37,5,Sitting,Resting,,30,180,Inactive,60,0,False,True
5211,2023-08-28,Minerva,Intervention Weekday,240,11:27:52,5,Sitting,Resting,,45,195,Inactive,45,0,False,True
5212,2023-08-28,Minerva,Intervention Weekday,240,11:28:07,5,Sitting,Eating,,0,210,Active,30,1,False,True
5213,2023-08-28,Minerva,Intervention Weekday,240,11:28:22,5,Sitting,Resting,,15,225,Inactive,15,0,False,True
5214,2023-08-28,Minerva,Intervention Weekday,240,11:28:37,5,Sitting,Resting,,30,240,Inactive,0,0,False,True
5215,2023-08-28,Minerva,Intervention Weekday,240,11:28:52,5,Sitting,Resting,,45,0,Inactive,240,0,False,True
5216,2023-08-28,Minerva,Intervention Weekday,240,11:29:07,5,Sitting,Resting,,0,15,Inactive,225,0,False,True
5217,2023-08-28,Minerva,Intervention Weekday,240,11:29:22,5,Sitting,Resting,,15,30,Inactive,210,0,False,True
5218,2023-08-28,Minerva,Intervention Weekday,240,11:29:37,5,Sitting,Resting,,30,45,Inactive,195,0,False,True
5219,2023-08-28,Minerva,Intervention Weekday,240,11:29:52,5,Sitting,Resting,,45,60,Inactive,180,0,False,True
5220,2023-08-28,Minerva,Intervention Weekday,240,11:30:07,5,Sitting,Resting,,0,75,Inactive,165,0,False,True
5221,2023-08-28,Minerva,Intervention Weekday,240,11:30:22,5,Sitting,Resting,,15,90,Inactive,150,0,False,True
5222,2023-08-28,Minerva,Intervention Weekday,240,11:30:37,5,Sitting,Resting,,30,105,Inactive,135,0,False,True
5223,2023-08-29,Minerva,Intervention Weekday,240,01:11:35,5,Sitting,Eating,,0,0,Active,240,1,False,True
5224,2023-08-29,Minerva,Intervention Weekday,240,01:11:50,5,Sitting,Resting,,15,15,Inactive,225,0,False,True
5225,2023-08-29,Minerva,Intervention Weekday,240,01:12:05,6,Standing,Locomotion,,30,30,Active,210,1,False,True
5226,2023-08-29,Minerva,Intervention Weekday,240,01:12:20,5,Sitting,Resting,,45,45,Inactive,195,0,False,True
5227,2023-08-29,Minerva,Intervention Weekday,240,01:12:35,5,Sitting,Resting,,0,60,Inactive,180,0,False,True
5228,2023-08-29,Minerva,Intervention Weekday,240,01:12:50,5,Sitting,Resting,,15,75,Inactive,165,0,False,True
5229,2023-08-29,Minerva,Intervention Weekday,240,01:13:05,5,Sitting,Resting,,30,90,Inactive,150,0,False,True
5230,2023-08-29,Minerva,Intervention Weekday,240,01:13:20,5,Sitting,Resting,,45,105,Inactive,135,0,False,True
5231,2023-08-29,Minerva,Intervention Weekday,240,01:13:35,5,Sitting,Resting,,0,120,Inactive,120,0,False,True
5232,2023-08-29,Minerva,Intervention Weekday,240,01:13:50,5,Sitting,Resting,,15,135,Inactive,105,0,False,True
5233,2023-08-29,Minerva,Intervention Weekday,240,01:14:05,5,Sitting,Resting,,30,150,Inactive,90,0,False,True
5234,2023-08-29,Minerva,Intervention Weekday,240,01:14:20,5,Sitting,Resting,,45,165,Inactive,75,0,False,True
5235,2023-08-29,Minerva,Intervention Weekday,240,01:14:35,5,Sitting,Resting,,0,180,Inactive,60,0,False,True
5236,2023-08-29,Minerva,Intervention Weekday,240,01:14:50,5,Sitting,Resting,,15,195,Inactive,45,0,False,True
5237,2023-08-29,Minerva,Intervention Weekday,240,01:15:05,5,Sitting,Resting,,30,210,Inactive,30,0,False,True
5238,2023-08-29,Minerva,Intervention Weekday,240,01:15:20,5,Sitting,Resting,,45,225,Inactive,15,0,False,True
5239,2023-08-29,Minerva,Intervention Weekday,240,01:15:35,5,Sitting,Eating,,0,240,Active,0,1,False,True
5240,2023-08-29,Minerva,Intervention Weekday,240,01:15:50,5,Sitting,Resting,,15,0,Inactive,240,0,False,True
5241,2023-08-29,Minerva,Intervention Weekday,240,01:16:05,5,Sitting,Resting,,30,15,Inactive,225,0,False,True
5242,2023-08-29,Minerva,Intervention Weekday,240,01:16:20,5,Sitting,Resting,,45,30,Inactive,210,0,False,True
5243,2023-08-29,Minerva,Intervention Weekday,240,01:16:35,5,Sitting,Resting,,0,45,Inactive,195,0,False,True
5244,2023-08-29,Minerva,Intervention Weekday,240,01:16:50,5,Sitting,Resting,,15,60,Inactive,180,0,False,True
5245,2023-08-29,Minerva,Intervention Weekday,240,01:17:05,5,Sitting,Resting,,30,75,Inactive,165,0,False,True
5246,2023-08-29,Minerva,Intervention Weekday,240,01:17:20,5,Sitting,Resting,,45,90,Inactive,150,0,False,True
5247,2023-08-29,Minerva,Intervention Weekday,240,01:17:35,5,Sitting,Resting,,0,105,Inactive,135,0,False,True
5248,2023-08-29,Minerva,Intervention Weekday,240,01:17:50,5,Sitting,Resting,,15,120,Inactive,120,0,False,True
5249,2023-08-29,Minerva,Intervention Weekday,240,01:18:05,5,Sitting,Resting,,30,135,Inactive,105,0,False,True
5250,2023-08-29,Minerva,Intervention Weekday,240,01:18:20,5,Sitting,Resting,,45,150,Inactive,90,0,False,True
5251,2023-08-29,Minerva,Intervention Weekday,240,01:18:35,5,Sitting,Resting,,0,165,Inactive,75,0,False,True
5252,2023-08-29,Minerva,Intervention Weekday,240,01:18:50,5,Sitting,Resting,,15,180,Inactive,60,0,False,True
5253,2023-08-29,Minerva,Intervention Weekday,240,01:19:05,5,Sitting,Resting,,30,195,Inactive,45,0,False,True
5254,2023-08-29,Minerva,Intervention Weekday,240,01:19:20,5,Sitting,Resting,,45,210,Inactive,30,0,False,True
5255,2023-08-29,Minerva,Intervention Weekday,240,01:19:35,5,Sitting,Resting,,0,225,Inactive,15,0,False,True
5256,2023-08-29,Minerva,Intervention Weekday,240,01:19:50,5,Standing,Pause,,15,240,Inactive,0,0,False,True
5257,2023-08-29,Minerva,Intervention Weekday,240,01:20:05,5,Sitting,Resting,,30,0,Inactive,240,0,False,True
5258,2023-08-29,Minerva,Intervention Weekday,240,01:20:20,5,Sitting,Resting,,45,15,Inactive,225,0,False,True
5259,2023-08-29,Minerva,Intervention Weekday,240,01:20:35,5,Sitting,Resting,,0,30,Inactive,210,0,False,True
5260,2023-08-29,Minerva,Intervention Weekday,240,01:20:50,5,Sitting,Resting,,15,45,Inactive,195,0,False,True
5261,2023-08-29,Minerva,Intervention Weekday,240,01:21:05,5,Sitting,Resting,,30,60,Inactive,180,0,False,True
5262,2023-08-29,Minerva,Intervention Weekday,240,01:21:20,5,Sitting,Resting,,45,75,Inactive,165,0,False,True
5263,2023-08-29,Minerva,Intervention Weekday,240,01:21:35,5,Sitting,Resting,,0,90,Inactive,150,0,False,True
5264,2023-08-29,Minerva,Intervention Weekday,240,01:21:50,5,Sitting,Resting,,15,105,Inactive,135,0,False,True
5265,2023-08-29,Minerva,Intervention Weekday,240,01:22:05,5,Sitting,Resting,,30,120,Inactive,120,0,False,True
5266,2023-08-29,Minerva,Intervention Weekday,240,01:22:20,5,Sitting,Resting,,45,135,Inactive,105,0,False,True
5267,2023-08-29,Minerva,Intervention Weekday,240,01:22:35,5,Sitting,Resting,,0,150,Inactive,90,0,False,True
5268,2023-08-29,Minerva,Intervention Weekday,240,01:22:50,5,Sitting,Resting,,15,165,Inactive,75,0,False,True
5269,2023-08-29,Minerva,Intervention Weekday,240,01:23:05,5,Sitting,Resting,,30,180,Inactive,60,0,False,True
5270,2023-08-29,Minerva,Intervention Weekday,240,01:23:20,5,Sitting,Resting,,45,195,Inactive,45,0,False,True
5271,2023-08-29,Minerva,Intervention Weekday,240,01:23:35,5,Sitting,Eating,,0,210,Active,30,1,False,True
5272,2023-08-29,Minerva,Intervention Weekday,240,01:23:50,5,Sitting,Manipulating Object,Feeder,15,225,Active,15,1,False,True
5273,2023-08-29,Minerva,Intervention Weekday,240,01:24:05,6,Standing,Manipulating Object,Fencing,30,240,Active,0,1,False,True
5274,2023-08-29,Minerva,Intervention Weekday,240,01:24:20,5,Sitting,Resting,,45,0,Inactive,240,0,False,True
5275,2023-08-29,Minerva,Intervention Weekday,240,01:24:35,5,Sitting,Resting,,0,15,Inactive,225,0,False,True
5276,2023-08-29,Minerva,Intervention Weekday,240,01:24:50,5,Sitting,Resting,,15,30,Inactive,210,0,False,True
5277,2023-08-29,Minerva,Intervention Weekday,240,01:25:05,5,Sitting,Resting,,30,45,Inactive,195,0,False,True
5278,2023-08-29,Minerva,Intervention Weekday,240,01:25:20,5,Sitting,Resting,,45,60,Inactive,180,0,False,True
5279,2023-08-29,Minerva,Intervention Weekday,240,01:25:35,5,Sitting,Resting,,0,75,Inactive,165,0,False,True
5280,2023-08-29,Minerva,Intervention Weekday,240,01:25:50,5,Sitting,Resting,,15,90,Inactive,150,0,False,True
5281,2023-08-29,Minerva,Intervention Weekday,240,01:26:05,5,Sitting,Resting,,30,105,Inactive,135,0,False,True
5282,2023-08-07,Minerva,Intervention Weekday,180,12:01:49,5,Standing,Locomotion,,0,0,Active,180,1,False,True
5283,2023-08-07,Minerva,Intervention Weekday,180,12:02:04,5,Sitting,Resting,,15,15,Inactive,165,0,False,True
5284,2023-08-07,Minerva,Intervention Weekday,180,12:02:19,6,Sitting,Resting,,30,30,Inactive,150,0,False,True
5285,2023-08-07,Minerva,Intervention Weekday,180,12:02:34,5,Sitting,Resting,,45,45,Inactive,135,0,False,True
5286,2023-08-07,Minerva,Intervention Weekday,180,12:02:49,5,Sitting,Resting,,0,60,Inactive,120,0,False,True
5287,2023-08-07,Minerva,Intervention Weekday,180,12:03:04,5,Sitting,Resting,,15,75,Inactive,105,0,False,True
5288,2023-08-07,Minerva,Intervention Weekday,180,12:03:19,5,Sitting,Resting,,30,90,Inactive,90,0,False,True
5289,2023-08-07,Minerva,Intervention Weekday,180,12:03:34,5,Sitting,Resting,,45,105,Inactive,75,0,False,True
5290,2023-08-07,Minerva,Intervention Weekday,180,12:03:49,5,Sitting,Resting,,0,120,Inactive,60,0,False,True
5291,2023-08-07,Minerva,Intervention Weekday,180,12:04:04,5,Sitting,Resting,,15,135,Inactive,45,0,False,True
5292,2023-08-07,Minerva,Intervention Weekday,180,12:04:19,5,Sitting,Grooming,,30,150,Active,30,1,False,True
5293,2023-08-07,Minerva,Intervention Weekday,180,12:04:34,5,Sitting,Eating,,45,165,Active,15,1,False,True
5294,2023-08-07,Minerva,Intervention Weekday,180,12:04:49,5,Standing,Pause,,0,180,Inactive,0,0,False,True
5295,2023-08-07,Minerva,Intervention Weekday,180,12:05:04,6,Standing,Locomotion,,15,0,Active,180,1,False,True
5296,2023-08-07,Minerva,Intervention Weekday,180,12:05:19,6,Sitting,Resting,,30,15,Inactive,165,0,False,True
5297,2023-08-07,Minerva,Intervention Weekday,180,12:05:34,4,Sitting,Resting,,45,30,Inactive,150,0,False,True
5298,2023-08-07,Minerva,Intervention Weekday,180,12:05:49,5,Sitting,Resting,,0,45,Inactive,135,0,False,True
5299,2023-08-07,Minerva,Intervention Weekday,180,12:06:04,5,Sitting,Resting,,15,60,Inactive,120,0,False,True
5300,2023-08-07,Minerva,Intervention Weekday,180,12:06:19,5,Sitting,Resting,,30,75,Inactive,105,0,False,True
5301,2023-08-07,Minerva,Intervention Weekday,180,12:06:34,5,Sitting,Resting,,45,90,Inactive,90,0,False,True
5302,2023-08-07,Minerva,Intervention Weekday,180,12:06:49,5,Sitting,Resting,,0,105,Inactive,75,0,False,True
5303,2023-08-07,Minerva,Intervention Weekday,180,12:07:04,5,Sitting,Resting,,15,120,Inactive,60,0,False,True
5304,2023-08-07,Minerva,Intervention Weekday,180,12:07:19,5,Sitting,Resting,,30,135,Inactive,45,0,False,True
5305,2023-08-07,Minerva,Intervention Weekday,180,12:07:34,5,Sitting,Eating,,45,150,Active,30,1,False,True
5306,2023-08-07,Minerva,Intervention Weekday,180,12:07:49,4,Standing,Locomotion,,0,165,Active,15,1,False,True
5307,2023-08-07,Minerva,Intervention Weekday,180,12:08:04,5,Sitting,Resting,,15,180,Inactive,0,0,False,True
5308,2023-08-07,Minerva,Intervention Weekday,180,12:08:19,5,Sitting,Resting,,30,0,Inactive,180,0,False,True
5309,2023-08-07,Minerva,Intervention Weekday,180,12:08:34,5,Sitting,Resting,,45,15,Inactive,165,0,False,True
5310,2023-08-07,Minerva,Intervention Weekday,180,12:08:49,5,Sitting,Resting,,0,30,Inactive,150,0,False,True
5311,2023-08-07,Minerva,Intervention Weekday,180,12:09:04,5,Sitting,Resting,,15,45,Inactive,135,0,False,True
5312,2023-08-07,Minerva,Intervention Weekday,180,12:09:19,5,Sitting,Resting,,30,60,Inactive,120,0,False,True
5313,2023-08-07,Minerva,Intervention Weekday,180,12:09:34,5,Sitting,Resting,,45,75,Inactive,105,0,False,True
5314,2023-08-07,Minerva,Intervention Weekday,180,12:09:49,5,Sitting,Resting,,0,90,Inactive,90,0,False,True
5315,2023-08-07,Minerva,Intervention Weekday,180,12:10:04,5,Sitting,Resting,,15,105,Inactive,75,0,False,True
5316,2023-08-07,Minerva,Intervention Weekday,180,12:10:19,5,Sitting,Resting,,30,120,Inactive,60,0,False,True
5317,2023-08-07,Minerva,Intervention Weekday,180,12:10:34,5,Sitting,Resting,,45,135,Inactive,45,0,False,True
5318,2023-08-07,Minerva,Intervention Weekday,180,12:10:49,6,Sitting,Drinking,,0,150,Active,30,1,False,True
5319,2023-08-07,Minerva,Intervention Weekday,180,12:11:04,6,Sitting,Drinking,,15,165,Active,15,1,False,True
5320,2023-08-07,Minerva,Intervention Weekday,180,12:11:19,5,Sitting,Resting,,30,180,Inactive,0,0,False,True
5321,2023-08-07,Minerva,Intervention Weekday,180,12:11:34,5,Sitting,Resting,,45,0,Inactive,180,0,False,True
5322,2023-08-07,Minerva,Intervention Weekday,180,12:11:49,5,Sitting,Resting,,0,15,Inactive,165,0,False,True
5323,2023-08-07,Minerva,Intervention Weekday,180,12:12:04,5,Standing,Locomotion,,15,30,Active,150,1,False,True
5324,2023-08-07,Minerva,Intervention Weekday,180,12:12:19,5,Sitting,Resting,,30,45,Inactive,135,0,False,True
5325,2023-08-07,Minerva,Intervention Weekday,180,12:12:34,5,Sitting,Resting,,45,60,Inactive,120,0,False,True
5326,2023-08-07,Minerva,Intervention Weekday,180,12:12:49,4,Sitting,Resting,,0,75,Inactive,105,0,False,True
5327,2023-08-07,Minerva,Intervention Weekday,180,12:13:04,4,Sitting,Resting,,15,90,Inactive,90,0,False,True
5328,2023-08-07,Minerva,Intervention Weekday,180,12:13:19,4,Sitting,Resting,,30,105,Inactive,75,0,False,True
5329,2023-08-07,Minerva,Intervention Weekday,180,12:13:34,6,Standing,Locomotion,,45,120,Active,60,1,False,True
5330,2023-08-07,Minerva,Intervention Weekday,180,12:13:49,5,Sitting,Eating,,0,135,Active,45,1,False,True
5331,2023-08-07,Minerva,Intervention Weekday,180,12:14:04,5,Sitting,Resting,,15,150,Inactive,30,0,False,True
5332,2023-08-07,Minerva,Intervention Weekday,180,12:14:19,6,Sitting,Resting,,30,165,Inactive,15,0,False,True
5333,2023-08-07,Minerva,Intervention Weekday,180,12:14:34,5,Sitting,Resting,,45,180,Inactive,0,0,False,True
5334,2023-08-07,Minerva,Intervention Weekday,180,12:14:49,5,Sitting,Resting,,0,0,Inactive,180,0,False,True
5335,2023-08-07,Minerva,Intervention Weekday,180,12:15:04,5,Sitting,Resting,,15,15,Inactive,165,0,False,True
5336,2023-08-07,Minerva,Intervention Weekday,180,12:15:19,5,Sitting,Resting,,30,30,Inactive,150,0,False,True
5337,2023-08-07,Minerva,Intervention Weekday,180,12:15:34,5,Sitting,Resting,,45,45,Inactive,135,0,False,True
5338,2023-08-07,Minerva,Intervention Weekday,180,12:15:49,5,Sitting,Resting,,0,60,Inactive,120,0,False,True
5339,2023-08-07,Minerva,Intervention Weekday,180,12:16:04,5,Sitting,Resting,,15,75,Inactive,105,0,False,True
5340,2023-08-07,Minerva,Intervention Weekday,180,12:16:19,5,Sitting,Resting,,30,90,Inactive,90,0,False,True
5341,2023-08-09,Minerva,Intervention Weekday,180,11:32:27,5,Sitting,Pause,,0,0,Inactive,180,0,False,True
5342,2023-08-09,Minerva,Intervention Weekday,180,11:32:42,6,Sitting,Drinking,,15,15,Active,165,1,False,True
5343,2023-08-09,Minerva,Intervention Weekday,180,11:32:57,6,Sitting,Drinking,,30,30,Active,150,1,False,True
5344,2023-08-09,Minerva,Intervention Weekday,180,11:33:12,6,Sitting,Resting,,45,45,Inactive,135,0,False,True
5345,2023-08-09,Minerva,Intervention Weekday,180,11:33:27,5,Sitting,Resting,,0,60,Inactive,120,0,False,True
5346,2023-08-09,Minerva,Intervention Weekday,180,11:33:42,5,Sitting,Resting,,15,75,Inactive,105,0,False,True
5347,2023-08-09,Minerva,Intervention Weekday,180,11:33:57,5,Sitting,Resting,,30,90,Inactive,90,0,False,True
5348,2023-08-09,Minerva,Intervention Weekday,180,11:34:12,5,Sitting,Resting,,45,105,Inactive,75,0,False,True
5349,2023-08-09,Minerva,Intervention Weekday,180,11:34:27,5,Sitting,Resting,,0,120,Inactive,60,0,False,True
5350,2023-08-09,Minerva,Intervention Weekday,180,11:34:42,5,Sitting,Resting,,15,135,Inactive,45,0,False,True
5351,2023-08-09,Minerva,Intervention Weekday,180,11:34:57,5,Sitting,Resting,,30,150,Inactive,30,0,False,True
5352,2023-08-09,Minerva,Intervention Weekday,180,11:35:12,5,Sitting,Eating,,45,165,Active,15,1,False,True
5353,2023-08-09,Minerva,Intervention Weekday,180,11:35:27,5,Sitting,Eating,,0,180,Active,0,1,False,True
5354,2023-08-09,Minerva,Intervention Weekday,180,11:35:42,5,Sitting,Manipulating Object,Fencing,15,0,Active,180,1,False,True
5355,2023-08-09,Minerva,Intervention Weekday,180,11:35:57,5,Sitting,Manipulating Object,Fencing,30,15,Active,165,1,False,True
5356,2023-08-09,Minerva,Intervention Weekday,180,11:36:12,5,Sitting,Resting,,45,30,Inactive,150,0,False,True
5357,2023-08-09,Minerva,Intervention Weekday,180,11:36:27,5,Sitting,Resting,,0,45,Inactive,135,0,False,True
5358,2023-08-09,Minerva,Intervention Weekday,180,11:36:42,5,Sitting,Resting,,15,60,Inactive,120,0,False,True
5359,2023-08-09,Minerva,Intervention Weekday,180,11:36:57,5,Sitting,Resting,,30,75,Inactive,105,0,False,True
5360,2023-08-09,Minerva,Intervention Weekday,180,11:37:12,5,Sitting,Resting,,45,90,Inactive,90,0,False,True
5361,2023-08-09,Minerva,Intervention Weekday,180,11:37:27,5,Sitting,Resting,,0,105,Inactive,75,0,False,True
5362,2023-08-09,Minerva,Intervention Weekday,180,11:37:42,5,Sitting,Resting,,15,120,Inactive,60,0,False,True
5363,2023-08-09,Minerva,Intervention Weekday,180,11:37:57,5,Sitting,Resting,,30,135,Inactive,45,0,False,True
5364,2023-08-09,Minerva,Intervention Weekday,180,11:38:12,5,Sitting,Resting,,45,150,Inactive,30,0,False,True
5365,2023-08-09,Minerva,Intervention Weekday,180,11:38:27,5,Sitting,Eating,,0,165,Active,15,1,False,True
5366,2023-08-09,Minerva,Intervention Weekday,180,11:38:42,6,Standing,Drinking,,15,180,Active,0,1,False,True
5367,2023-08-09,Minerva,Intervention Weekday,180,11:38:57,5,Sitting,Resting,,30,0,Inactive,180,0,False,True
5368,2023-08-09,Minerva,Intervention Weekday,180,11:39:12,5,Sitting,Resting,,45,15,Inactive,165,0,False,True
5369,2023-08-09,Minerva,Intervention Weekday,180,11:39:27,5,Sitting,Resting,,0,30,Inactive,150,0,False,True
5370,2023-08-09,Minerva,Intervention Weekday,180,11:39:42,5,Sitting,Resting,,15,45,Inactive,135,0,False,True
5371,2023-08-09,Minerva,Intervention Weekday,180,11:39:57,5,Sitting,Resting,,30,60,Inactive,120,0,False,True
5372,2023-08-09,Minerva,Intervention Weekday,180,11:40:12,5,Sitting,Resting,,45,75,Inactive,105,0,False,True
5373,2023-08-09,Minerva,Intervention Weekday,180,11:40:27,5,Sitting,Resting,,0,90,Inactive,90,0,False,True
5374,2023-08-09,Minerva,Intervention Weekday,180,11:40:42,5,Sitting,Resting,,15,105,Inactive,75,0,False,True
5375,2023-08-09,Minerva,Intervention Weekday,180,11:40:57,5,Sitting,Resting,,30,120,Inactive,60,0,False,True
5376,2023-08-09,Minerva,Intervention Weekday,180,11:41:12,5,Sitting,Resting,,45,135,Inactive,45,0,False,True
5377,2023-08-09,Minerva,Intervention Weekday,180,11:41:27,5,Sitting,Eating,,0,150,Active,30,1,False,True
5378,2023-08-09,Minerva,Intervention Weekday,180,11:41:42,5,Standing,Pause,,15,165,Inactive,15,0,False,True
5379,2023-08-09,Minerva,Intervention Weekday,180,11:41:57,6,Sitting,Manipulating Object,Fencing,30,180,Active,0,1,False,True
5380,2023-08-09,Minerva,Intervention Weekday,180,11:42:12,4,Standing,Locomotion,,45,0,Active,180,1,False,True
5381,2023-08-09,Minerva,Intervention Weekday,180,11:42:27,5,Sitting,Resting,,0,15,Inactive,165,0,False,True
5382,2023-08-09,Minerva,Intervention Weekday,180,11:42:42,5,Sitting,Resting,,15,30,Inactive,150,0,False,True
5383,2023-08-09,Minerva,Intervention Weekday,180,11:42:57,5,Sitting,Eating,,30,45,Active,135,1,False,True
5384,2023-08-09,Minerva,Intervention Weekday,180,11:43:12,5,Sitting,Resting,,45,60,Inactive,120,0,False,True
5385,2023-08-09,Minerva,Intervention Weekday,180,11:43:27,5,Sitting,Resting,,0,75,Inactive,105,0,False,True
5386,2023-08-09,Minerva,Intervention Weekday,180,11:43:42,5,Sitting,Resting,,15,90,Inactive,90,0,False,True
5387,2023-08-09,Minerva,Intervention Weekday,180,11:43:57,5,Sitting,Resting,,30,105,Inactive,75,0,False,True
5388,2023-08-09,Minerva,Intervention Weekday,180,11:44:12,5,Sitting,Resting,,45,120,Inactive,60,0,False,True
5389,2023-08-09,Minerva,Intervention Weekday,180,11:44:27,5,Sitting,Eating,,0,135,Active,45,1,False,True
5390,2023-08-09,Minerva,Intervention Weekday,180,11:44:42,5,Sitting,Eating,,15,150,Active,30,1,False,True
5391,2023-08-09,Minerva,Intervention Weekday,180,11:44:57,6,Standing,Locomotion,,30,165,Active,15,1,False,True
5392,2023-08-09,Minerva,Intervention Weekday,180,11:45:12,6,Standing,Pause,,45,180,Inactive,0,0,False,True
5393,2023-08-09,Minerva,Intervention Weekday,180,11:45:27,6,Sitting,Resting,,0,0,Inactive,180,0,False,True
5394,2023-08-09,Minerva,Intervention Weekday,180,11:45:42,6,Sitting,Resting,,15,15,Inactive,165,0,False,True
5395,2023-08-09,Minerva,Intervention Weekday,180,11:45:57,5,Sitting,Resting,,30,30,Inactive,150,0,False,True
5396,2023-08-09,Minerva,Intervention Weekday,180,11:46:12,5,Sitting,Resting,,45,45,Inactive,135,0,False,True
5397,2023-08-09,Minerva,Intervention Weekday,180,11:46:27,5,Sitting,Resting,,0,60,Inactive,120,0,False,True
5398,2023-08-09,Minerva,Intervention Weekday,180,11:46:42,5,Sitting,Resting,,15,75,Inactive,105,0,False,True
5399,2023-08-09,Minerva,Intervention Weekday,180,11:46:57,5,Sitting,Resting,,30,90,Inactive,90,0,False,True
5400,2023-08-11,Minerva,Intervention Weekday,180,08:43:50,5,Sitting,Eating,,0,0,Active,180,1,False,True
5401,2023-08-11,Minerva,Intervention Weekday,180,08:44:05,6,Sitting,Drinking,,15,15,Active,165,1,False,True
5402,2023-08-11,Minerva,Intervention Weekday,180,08:44:20,5,Sitting,Resting,,30,30,Inactive,150,0,False,True
5403,2023-08-11,Minerva,Intervention Weekday,180,08:44:35,5,Sitting,Resting,,45,45,Inactive,135,0,False,True
5404,2023-08-11,Minerva,Intervention Weekday,180,08:44:50,4,Sitting,Resting,,0,60,Inactive,120,0,False,True
5405,2023-08-11,Minerva,Intervention Weekday,180,08:45:05,5,Sitting,Resting,,15,75,Inactive,105,0,False,True
5406,2023-08-11,Minerva,Intervention Weekday,180,08:45:20,5,Sitting,Resting,,30,90,Inactive,90,0,False,True
5407,2023-08-11,Minerva,Intervention Weekday,180,08:45:35,5,Sitting,Resting,,45,105,Inactive,75,0,False,True
5408,2023-08-11,Minerva,Intervention Weekday,180,08:45:50,5,Sitting,Resting,,0,120,Inactive,60,0,False,True
5409,2023-08-11,Minerva,Intervention Weekday,180,08:46:05,5,Sitting,Resting,,15,135,Inactive,45,0,False,True
5410,2023-08-11,Minerva,Intervention Weekday,180,08:46:20,5,Sitting,Resting,,30,150,Inactive,30,0,False,True
5411,2023-08-11,Minerva,Intervention Weekday,180,08:46:35,5,Sitting,Eating,,45,165,Active,15,1,False,True
5412,2023-08-11,Minerva,Intervention Weekday,180,08:46:50,5,Sitting,Eating,,0,180,Active,0,1,False,True
5413,2023-08-11,Minerva,Intervention Weekday,180,08:47:05,5,Sitting,Resting,,15,0,Inactive,180,0,False,True
5414,2023-08-11,Minerva,Intervention Weekday,180,08:47:20,5,Sitting,Resting,,30,15,Inactive,165,0,False,True
5415,2023-08-11,Minerva,Intervention Weekday,180,08:47:35,5,Sitting,Resting,,45,30,Inactive,150,0,False,True
5416,2023-08-11,Minerva,Intervention Weekday,180,08:47:50,5,Sitting,Resting,,0,45,Inactive,135,0,False,True
5417,2023-08-11,Minerva,Intervention Weekday,180,08:48:05,5,Sitting,Resting,,15,60,Inactive,120,0,False,True
5418,2023-08-11,Minerva,Intervention Weekday,180,08:48:20,5,Sitting,Resting,,30,75,Inactive,105,0,False,True
5419,2023-08-11,Minerva,Intervention Weekday,180,08:48:35,5,Sitting,Resting,,45,90,Inactive,90,0,False,True
5420,2023-08-11,Minerva,Intervention Weekday,180,08:48:50,5,Sitting,Resting,,0,105,Inactive,75,0,False,True
5421,2023-08-11,Minerva,Intervention Weekday,180,08:49:05,5,Sitting,Resting,,15,120,Inactive,60,0,False,True
5422,2023-08-11,Minerva,Intervention Weekday,180,08:49:20,5,Sitting,Resting,,30,135,Inactive,45,0,False,True
5423,2023-08-11,Minerva,Intervention Weekday,180,08:49:35,5,Sitting,Eating,,45,150,Active,30,1,False,True
5424,2023-08-11,Minerva,Intervention Weekday,180,08:49:50,5,Sitting,Eating,,0,165,Active,15,1,False,True
5425,2023-08-11,Minerva,Intervention Weekday,180,08:50:05,6,Sitting,Drinking,,15,180,Active,0,1,False,True
5426,2023-08-11,Minerva,Intervention Weekday,180,08:50:20,6,Sitting,Resting,,30,0,Inactive,180,0,False,True
5427,2023-08-11,Minerva,Intervention Weekday,180,08:50:35,5,Sitting,Resting,,45,15,Inactive,165,0,False,True
5428,2023-08-11,Minerva,Intervention Weekday,180,08:50:50,5,Sitting,Resting,,0,30,Inactive,150,0,False,True
5429,2023-08-11,Minerva,Intervention Weekday,180,08:51:05,5,Sitting,Resting,,15,45,Inactive,135,0,False,True
5430,2023-08-11,Minerva,Intervention Weekday,180,08:51:20,5,Sitting,Resting,,30,60,Inactive,120,0,False,True
5431,2023-08-11,Minerva,Intervention Weekday,180,08:51:35,5,Sitting,Resting,,45,75,Inactive,105,0,False,True
5432,2023-08-11,Minerva,Intervention Weekday,180,08:51:50,5,Sitting,Resting,,0,90,Inactive,90,0,False,True
5433,2023-08-11,Minerva,Intervention Weekday,180,08:52:05,5,Sitting,Resting,,15,105,Inactive,75,0,False,True
5434,2023-08-11,Minerva,Intervention Weekday,180,08:52:20,5,Sitting,Resting,,30,120,Inactive,60,0,False,True
5435,2023-08-11,Minerva,Intervention Weekday,180,08:52:35,5,Sitting,Resting,,45,135,Inactive,45,0,False,True
5436,2023-08-11,Minerva,Intervention Weekday,180,08:52:50,5,Sitting,Resting,,0,150,Inactive,30,0,False,True
5437,2023-08-11,Minerva,Intervention Weekday,180,08:53:05,5,Sitting,Resting,,15,165,Inactive,15,0,False,True
5438,2023-08-11,Minerva,Intervention Weekday,180,08:53:20,5,Sitting,Resting,,30,180,Inactive,0,0,False,True
5439,2023-08-11,Minerva,Intervention Weekday,180,08:53:35,5,Sitting,Resting,,45,0,Inactive,180,0,False,True
5440,2023-08-11,Minerva,Intervention Weekday,180,08:53:50,5,Sitting,Resting,,0,15,Inactive,165,0,False,True
5441,2023-08-11,Minerva,Intervention Weekday,180,08:54:05,5,Sitting,Resting,,15,30,Inactive,150,0,False,True
5442,2023-08-11,Minerva,Intervention Weekday,180,08:54:20,5,Sitting,Resting,,30,45,Inactive,135,0,False,True
5443,2023-08-11,Minerva,Intervention Weekday,180,08:54:35,5,Sitting,Resting,,45,60,Inactive,120,0,False,True
5444,2023-08-11,Minerva,Intervention Weekday,180,08:54:50,5,Sitting,Resting,,0,75,Inactive,105,0,False,True
5445,2023-08-11,Minerva,Intervention Weekday,180,08:55:05,5,Sitting,Resting,,15,90,Inactive,90,0,False,True
5446,2023-08-11,Minerva,Intervention Weekday,180,08:55:20,5,Sitting,Resting,,30,105,Inactive,75,0,False,True
5447,2023-08-11,Minerva,Intervention Weekday,180,08:55:35,5,Sitting,Resting,,45,120,Inactive,60,0,False,True
5448,2023-08-11,Minerva,Intervention Weekday,180,08:55:50,5,Sitting,Eating,,0,135,Active,45,1,False,True
5449,2023-08-11,Minerva,Intervention Weekday,180,08:56:05,6,Standing,Manipulating Object,Fencing,15,150,Active,30,1,False,True
5450,2023-08-11,Minerva,Intervention Weekday,180,08:56:20,5,Sitting,Resting,,30,165,Inactive,15,0,False,True
5451,2023-08-11,Minerva,Intervention Weekday,180,08:56:35,5,Sitting,Resting,,45,180,Inactive,0,0,False,True
5452,2023-08-11,Minerva,Intervention Weekday,180,08:56:50,5,Sitting,Resting,,0,0,Inactive,180,0,False,True
5453,2023-08-11,Minerva,Intervention Weekday,180,08:57:05,5,Sitting,Resting,,15,15,Inactive,165,0,False,True
5454,2023-08-11,Minerva,Intervention Weekday,180,08:57:20,5,Sitting,Resting,,30,30,Inactive,150,0,False,True
5455,2023-08-11,Minerva,Intervention Weekday,180,08:57:35,5,Sitting,Resting,,45,45,Inactive,135,0,False,True
5456,2023-08-11,Minerva,Intervention Weekday,180,08:57:50,5,Sitting,Resting,,0,60,Inactive,120,0,False,True
5457,2023-08-11,Minerva,Intervention Weekday,180,08:58:05,5,Sitting,Resting,,15,75,Inactive,105,0,False,True
5458,2023-08-11,Minerva,Intervention Weekday,180,08:58:20,5,Sitting,Resting,,30,90,Inactive,90,0,False,True
5459,2023-07-24,Minerva,Intervention Weekday,120,12:34:57,5,Sitting,Eating,,0,0,Active,120,1,False,True
5460,2023-07-24,Minerva,Intervention Weekday,120,12:35:12,5,Sitting,Resting,,15,15,Inactive,105,0,False,True
5461,2023-07-24,Minerva,Intervention Weekday,120,12:35:27,5,Sitting,Resting,,30,30,Inactive,90,0,False,True
5462,2023-07-24,Minerva,Intervention Weekday,120,12:35:42,5,Sitting,Resting,,45,45,Inactive,75,0,False,True
5463,2023-07-24,Minerva,Intervention Weekday,120,12:35:57,5,Sitting,Resting,,0,60,Inactive,60,0,False,True
5464,2023-07-24,Minerva,Intervention Weekday,120,12:36:12,5,Sitting,Resting,,15,75,Inactive,45,0,False,True
5465,2023-07-24,Minerva,Intervention Weekday,120,12:36:27,5,Sitting,Resting,,30,90,Inactive,30,0,False,True
5466,2023-07-24,Minerva,Intervention Weekday,120,12:36:42,5,Sitting,Eating,,45,105,Active,15,1,False,True
5467,2023-07-24,Minerva,Intervention Weekday,120,12:36:57,5,Sitting,Pause,,0,120,Inactive,0,0,False,True
5468,2023-07-24,Minerva,Intervention Weekday,120,12:37:12,5,Sitting,Resting,,15,0,Inactive,120,0,False,True
5469,2023-07-24,Minerva,Intervention Weekday,120,12:37:27,5,Sitting,Resting,,30,15,Inactive,105,0,False,True
5470,2023-07-24,Minerva,Intervention Weekday,120,12:37:42,5,Sitting,Resting,,45,30,Inactive,90,0,False,True
5471,2023-07-24,Minerva,Intervention Weekday,120,12:37:57,5,Sitting,Resting,,0,45,Inactive,75,0,False,True
5472,2023-07-24,Minerva,Intervention Weekday,120,12:38:12,5,Sitting,Resting,,15,60,Inactive,60,0,False,True
5473,2023-07-24,Minerva,Intervention Weekday,120,12:38:27,5,Sitting,Resting,,30,75,Inactive,45,0,False,True
5474,2023-07-24,Minerva,Intervention Weekday,120,12:38:42,5,Sitting,Eating,,45,90,Active,30,1,False,True
5475,2023-07-24,Minerva,Intervention Weekday,120,12:38:57,5,Sitting,Eating,,0,105,Active,15,1,False,True
5476,2023-07-24,Minerva,Intervention Weekday,120,12:39:12,5,Sitting,Resting,,15,120,Inactive,0,0,False,True
5477,2023-07-24,Minerva,Intervention Weekday,120,12:39:27,5,Sitting,Resting,,30,0,Inactive,120,0,False,True
5478,2023-07-24,Minerva,Intervention Weekday,120,12:39:42,5,Sitting,Resting,,45,15,Inactive,105,0,False,True
5479,2023-07-24,Minerva,Intervention Weekday,120,12:39:57,5,Sitting,Resting,,0,30,Inactive,90,0,False,True
5480,2023-07-24,Minerva,Intervention Weekday,120,12:40:12,5,Sitting,Resting,,15,45,Inactive,75,0,False,True
5481,2023-07-24,Minerva,Intervention Weekday,120,12:40:27,5,Sitting,Resting,,30,60,Inactive,60,0,False,True
5482,2023-07-24,Minerva,Intervention Weekday,120,12:40:42,5,Sitting,Eating,,45,75,Active,45,1,False,True
5483,2023-07-24,Minerva,Intervention Weekday,120,12:40:57,5,Sitting,Eating,,0,90,Active,30,1,False,True
5484,2023-07-24,Minerva,Intervention Weekday,120,12:41:12,5,Sitting,Resting,,15,105,Inactive,15,0,False,True
5485,2023-07-24,Minerva,Intervention Weekday,120,12:41:27,5,Sitting,Resting,,30,120,Inactive,0,0,False,True
5486,2023-07-24,Minerva,Intervention Weekday,120,12:41:42,5,Sitting,Resting,,45,0,Inactive,120,0,False,True
5487,2023-07-24,Minerva,Intervention Weekday,120,12:41:57,5,Sitting,Resting,,0,15,Inactive,105,0,False,True
5488,2023-07-24,Minerva,Intervention Weekday,120,12:42:12,5,Sitting,Resting,,15,30,Inactive,90,0,False,True
5489,2023-07-24,Minerva,Intervention Weekday,120,12:42:27,5,Sitting,Resting,,30,45,Inactive,75,0,False,True
5490,2023-07-24,Minerva,Intervention Weekday,120,12:42:42,5,Sitting,Resting,,45,60,Inactive,60,0,False,True
5491,2023-07-24,Minerva,Intervention Weekday,120,12:42:57,5,Sitting,Eating,,0,75,Active,45,1,False,True
5492,2023-07-24,Minerva,Intervention Weekday,120,12:43:12,5,Sitting,Resting,,15,90,Inactive,30,0,False,True
5493,2023-07-24,Minerva,Intervention Weekday,120,12:43:27,5,Sitting,Resting,,30,105,Inactive,15,0,False,True
5494,2023-07-24,Minerva,Intervention Weekday,120,12:43:42,5,Sitting,Resting,,45,120,Inactive,0,0,False,True
5495,2023-07-24,Minerva,Intervention Weekday,120,12:43:57,5,Sitting,Resting,,0,0,Inactive,120,0,False,True
5496,2023-07-24,Minerva,Intervention Weekday,120,12:44:12,5,Sitting,Resting,,15,15,Inactive,105,0,False,True
5497,2023-07-24,Minerva,Intervention Weekday,120,12:44:27,5,Sitting,Resting,,30,30,Inactive,90,0,False,True
5498,2023-07-24,Minerva,Intervention Weekday,120,12:44:42,5,Sitting,Resting,,45,45,Inactive,75,0,False,True
5499,2023-07-24,Minerva,Intervention Weekday,120,12:44:57,5,Sitting,Eating,,0,60,Active,60,1,False,True
5500,2023-07-24,Minerva,Intervention Weekday,120,12:45:12,5,Standing,Locomotion,,15,75,Active,45,1,False,True
5501,2023-07-24,Minerva,Intervention Weekday,120,12:45:27,5,Sitting,Resting,,30,90,Inactive,30,0,False,True
5502,2023-07-24,Minerva,Intervention Weekday,120,12:45:42,5,Sitting,Resting,,45,105,Inactive,15,0,False,True
5503,2023-07-24,Minerva,Intervention Weekday,120,12:45:57,5,Sitting,Resting,,0,120,Inactive,0,0,False,True
5504,2023-07-24,Minerva,Intervention Weekday,120,12:46:12,5,Sitting,Resting,,15,0,Inactive,120,0,False,True
5505,2023-07-24,Minerva,Intervention Weekday,120,12:46:27,5,Sitting,Resting,,30,15,Inactive,105,0,False,True
5506,2023-07-24,Minerva,Intervention Weekday,120,12:46:42,5,Sitting,Resting,,45,30,Inactive,90,0,False,True
5507,2023-07-24,Minerva,Intervention Weekday,120,12:46:57,5,Sitting,Eating,,0,45,Active,75,1,False,True
5508,2023-07-24,Minerva,Intervention Weekday,120,12:47:12,5,Sitting,Resting,,15,60,Inactive,60,0,False,True
5509,2023-07-24,Minerva,Intervention Weekday,120,12:47:27,5,Sitting,Resting,,30,75,Inactive,45,0,False,True
5510,2023-07-24,Minerva,Intervention Weekday,120,12:47:42,5,Sitting,Resting,,45,90,Inactive,30,0,False,True
5511,2023-07-24,Minerva,Intervention Weekday,120,12:47:57,5,Sitting,Resting,,0,105,Inactive,15,0,False,True
5512,2023-07-24,Minerva,Intervention Weekday,120,12:48:12,5,Sitting,Resting,,15,120,Inactive,0,0,False,True
5513,2023-07-24,Minerva,Intervention Weekday,120,12:48:27,5,Sitting,Resting,,30,0,Inactive,120,0,False,True
5514,2023-07-24,Minerva,Intervention Weekday,120,12:48:42,5,Sitting,Resting,,45,15,Inactive,105,0,False,True
5515,2023-07-24,Minerva,Intervention Weekday,120,12:48:57,5,Sitting,Eating,,0,30,Active,90,1,False,True
5516,2023-07-24,Minerva,Intervention Weekday,120,12:49:12,5,Sitting,Resting,,15,45,Inactive,75,0,False,True
5517,2023-07-24,Minerva,Intervention Weekday,120,12:49:27,5,Sitting,Manipulating Object,Fencing,30,60,Active,60,1,False,True
5518,2023-07-25,Minerva,Intervention Weekday,120,09:47:03,5,Sitting,Eating,,0,0,Active,120,1,False,True
5519,2023-07-25,Minerva,Intervention Weekday,120,09:47:18,5,Sitting,Resting,,15,15,Inactive,105,0,False,True
5520,2023-07-25,Minerva,Intervention Weekday,120,09:47:33,5,Sitting,Resting,,30,30,Inactive,90,0,False,True
5521,2023-07-25,Minerva,Intervention Weekday,120,09:47:48,5,Sitting,Resting,,45,45,Inactive,75,0,False,True
5522,2023-07-25,Minerva,Intervention Weekday,120,09:48:03,4,Sitting,Resting,,0,60,Inactive,60,0,False,True
5523,2023-07-25,Minerva,Intervention Weekday,120,09:48:18,4,Sitting,Resting,,15,75,Inactive,45,0,False,True
5524,2023-07-25,Minerva,Intervention Weekday,120,09:48:33,4,Sitting,Resting,,30,90,Inactive,30,0,False,True
5525,2023-07-25,Minerva,Intervention Weekday,120,09:48:48,5,Sitting,Eating,,45,105,Active,15,1,False,True
5526,2023-07-25,Minerva,Intervention Weekday,120,09:49:03,5,Sitting,Eating,,0,120,Active,0,1,False,True
5527,2023-07-25,Minerva,Intervention Weekday,120,09:49:18,5,Sitting,Resting,,15,0,Inactive,120,0,False,True
5528,2023-07-25,Minerva,Intervention Weekday,120,09:49:33,5,Sitting,Resting,,30,15,Inactive,105,0,False,True
5529,2023-07-25,Minerva,Intervention Weekday,120,09:49:48,5,Sitting,Resting,,45,30,Inactive,90,0,False,True
5530,2023-07-25,Minerva,Intervention Weekday,120,09:50:03,5,Sitting,Resting,,0,45,Inactive,75,0,False,True
5531,2023-07-25,Minerva,Intervention Weekday,120,09:50:18,5,Sitting,Resting,,15,60,Inactive,60,0,False,True
5532,2023-07-25,Minerva,Intervention Weekday,120,09:50:33,5,Sitting,Resting,,30,75,Inactive,45,0,False,True
5533,2023-07-25,Minerva,Intervention Weekday,120,09:50:48,5,Sitting,Resting,,45,90,Inactive,30,0,False,True
5534,2023-07-25,Minerva,Intervention Weekday,120,09:51:03,5,Sitting,Eating,,0,105,Active,15,1,False,True
5535,2023-07-25,Minerva,Intervention Weekday,120,09:51:18,5,Sitting,Resting,,15,120,Inactive,0,0,False,True
5536,2023-07-25,Minerva,Intervention Weekday,120,09:51:33,5,Sitting,Resting,,30,0,Inactive,120,0,False,True
5537,2023-07-25,Minerva,Intervention Weekday,120,09:51:48,5,Sitting,Resting,,45,15,Inactive,105,0,False,True
5538,2023-07-25,Minerva,Intervention Weekday,120,09:52:03,5,Sitting,Resting,,0,30,Inactive,90,0,False,True
5539,2023-07-25,Minerva,Intervention Weekday,120,09:52:18,5,Sitting,Resting,,15,45,Inactive,75,0,False,True
5540,2023-07-25,Minerva,Intervention Weekday,120,09:52:33,5,Sitting,Resting,,30,60,Inactive,60,0,False,True
5541,2023-07-25,Minerva,Intervention Weekday,120,09:52:48,5,Sitting,Resting,,45,75,Inactive,45,0,False,True
5542,2023-07-25,Minerva,Intervention Weekday,120,09:53:03,5,Sitting,Eating,,0,90,Active,30,1,False,True
5543,2023-07-25,Minerva,Intervention Weekday,120,09:53:18,5,Sitting,Resting,,15,105,Inactive,15,0,False,True
5544,2023-07-25,Minerva,Intervention Weekday,120,09:53:33,5,Sitting,Resting,,30,120,Inactive,0,0,False,True
5545,2023-07-25,Minerva,Intervention Weekday,120,09:53:48,6,Sitting,Drinking,,45,0,Active,120,1,False,True
5546,2023-07-25,Minerva,Intervention Weekday,120,09:54:03,5,Sitting,Eating,,0,15,Active,105,1,False,True
5547,2023-07-25,Minerva,Intervention Weekday,120,09:54:18,6,Sitting,Drinking,,15,30,Active,90,1,False,True
5548,2023-07-25,Minerva,Intervention Weekday,120,09:54:33,6,Sitting,Drinking,,30,45,Active,75,1,False,True
5549,2023-07-25,Minerva,Intervention Weekday,120,09:54:48,6,Sitting,Drinking,,45,60,Active,60,1,False,True
5550,2023-07-25,Minerva,Intervention Weekday,120,09:55:03,5,Sitting,Eating,,0,75,Active,45,1,False,True
5551,2023-07-25,Minerva,Intervention Weekday,120,09:55:18,5,Standing,Locomotion,,15,90,Active,30,1,False,True
5552,2023-07-25,Minerva,Intervention Weekday,120,09:55:33,5,Standing,Locomotion,,30,105,Active,15,1,False,True
5553,2023-07-25,Minerva,Intervention Weekday,120,09:55:48,5,Sitting,Resting,,45,120,Inactive,0,0,False,True
5554,2023-07-25,Minerva,Intervention Weekday,120,09:56:03,5,Sitting,Resting,,0,0,Inactive,120,0,False,True
5555,2023-07-25,Minerva,Intervention Weekday,120,09:56:18,5,Sitting,Resting,,15,15,Inactive,105,0,False,True
5556,2023-07-25,Minerva,Intervention Weekday,120,09:56:33,5,Sitting,Resting,,30,30,Inactive,90,0,False,True
5557,2023-07-25,Minerva,Intervention Weekday,120,09:56:48,5,Sitting,Resting,,45,45,Inactive,75,0,False,True
5558,2023-07-25,Minerva,Intervention Weekday,120,09:57:03,5,Sitting,Eating,,0,60,Active,60,1,False,True
5559,2023-07-25,Minerva,Intervention Weekday,120,09:57:18,6,Sitting,Drinking,,15,75,Active,45,1,False,True
5560,2023-07-25,Minerva,Intervention Weekday,120,09:57:33,6,Sitting,Drinking,,30,90,Active,30,1,False,True
5561,2023-07-25,Minerva,Intervention Weekday,120,09:57:48,5,Sitting,Resting,,45,105,Inactive,15,0,False,True
5562,2023-07-25,Minerva,Intervention Weekday,120,09:58:03,5,Standing,Locomotion,,0,120,Active,0,1,False,True
5563,2023-07-25,Minerva,Intervention Weekday,120,09:58:18,5,Sitting,Resting,,15,0,Inactive,120,0,False,True
5564,2023-07-25,Minerva,Intervention Weekday,120,09:58:33,5,Sitting,Resting,,30,15,Inactive,105,0,False,True
5565,2023-07-25,Minerva,Intervention Weekday,120,09:58:48,5,Sitting,Resting,,45,30,Inactive,90,0,False,True
5566,2023-07-25,Minerva,Intervention Weekday,120,09:59:03,5,Sitting,Eating,,0,45,Active,75,1,False,True
5567,2023-07-25,Minerva,Intervention Weekday,120,09:59:18,5,Sitting,Eating,,15,60,Active,60,1,False,True
5568,2023-07-25,Minerva,Intervention Weekday,120,09:59:33,5,Sitting,Resting,,30,75,Inactive,45,0,False,True
5569,2023-07-25,Minerva,Intervention Weekday,120,09:59:48,5,Sitting,Resting,,45,90,Inactive,30,0,False,True
5570,2023-07-25,Minerva,Intervention Weekday,120,10:00:03,5,Sitting,Resting,,0,105,Inactive,15,0,False,True
5571,2023-07-25,Minerva,Intervention Weekday,120,10:00:18,5,Sitting,Resting,,15,120,Inactive,0,0,False,True
5572,2023-07-25,Minerva,Intervention Weekday,120,10:00:33,5,Sitting,Resting,,30,0,Inactive,120,0,False,True
5573,2023-07-25,Minerva,Intervention Weekday,120,10:00:48,5,Sitting,Resting,,45,15,Inactive,105,0,False,True
5574,2023-07-25,Minerva,Intervention Weekday,120,10:01:03,5,Sitting,Eating,,0,30,Active,90,1,False,True
5575,2023-07-25,Minerva,Intervention Weekday,120,10:01:18,5,Sitting,Eating,,15,45,Active,75,1,False,True
5576,2023-07-25,Minerva,Intervention Weekday,120,10:01:33,5,Sitting,Resting,,30,60,Inactive,60,0,False,True
5577,2023-07-26,Minerva,Intervention Weekday,120,09:11:55,5,Sitting,Resting,,0,0,Inactive,120,0,False,True
5578,2023-07-26,Minerva,Intervention Weekday,120,09:12:10,5,Sitting,Resting,,15,15,Inactive,105,0,False,True
5579,2023-07-26,Minerva,Intervention Weekday,120,09:12:25,5,Standing,Locomotion,,30,30,Active,90,1,False,True
5580,2023-07-26,Minerva,Intervention Weekday,120,09:12:40,6,Sitting,Drinking,,45,45,Active,75,1,False,True
5581,2023-07-26,Minerva,Intervention Weekday,120,09:12:55,6,Sitting,Drinking,,0,60,Active,60,1,False,True
5582,2023-07-26,Minerva,Intervention Weekday,120,09:13:10,5,Sitting,Resting,,15,75,Inactive,45,0,False,True
5583,2023-07-26,Minerva,Intervention Weekday,120,09:13:25,5,Sitting,Resting,,30,90,Inactive,30,0,False,True
5584,2023-07-26,Minerva,Intervention Weekday,120,09:13:40,5,Sitting,Eating,,45,105,Active,15,1,False,True
5585,2023-07-26,Minerva,Intervention Weekday,120,09:13:55,4,Sitting,Eating,,0,120,Active,0,1,False,True
5586,2023-07-26,Minerva,Intervention Weekday,120,09:14:10,5,Standing,Pause,,15,0,Inactive,120,0,False,True
5587,2023-07-26,Minerva,Intervention Weekday,120,09:14:25,5,Sitting,Resting,,30,15,Inactive,105,0,False,True
5588,2023-07-26,Minerva,Intervention Weekday,120,09:14:40,5,Sitting,Resting,,45,30,Inactive,90,0,False,True
5589,2023-07-26,Minerva,Intervention Weekday,120,09:14:55,5,Sitting,Resting,,0,45,Inactive,75,0,False,True
5590,2023-07-26,Minerva,Intervention Weekday,120,09:15:10,5,Sitting,Resting,,15,60,Inactive,60,0,False,True
5591,2023-07-26,Minerva,Intervention Weekday,120,09:15:25,5,Sitting,Resting,,30,75,Inactive,45,0,False,True
5592,2023-07-26,Minerva,Intervention Weekday,120,09:15:40,5,Sitting,Eating,,45,90,Active,30,1,False,True
5593,2023-07-26,Minerva,Intervention Weekday,120,09:15:55,5,Sitting,Eating,,0,105,Active,15,1,False,True
5594,2023-07-26,Minerva,Intervention Weekday,120,09:16:10,5,Sitting,Resting,,15,120,Inactive,0,0,False,True
5595,2023-07-26,Minerva,Intervention Weekday,120,09:16:25,5,Sitting,Resting,,30,0,Inactive,120,0,False,True
5596,2023-07-26,Minerva,Intervention Weekday,120,09:16:40,5,Sitting,Resting,,45,15,Inactive,105,0,False,True
5597,2023-07-26,Minerva,Intervention Weekday,120,09:16:55,5,Standing,Locomotion,,0,30,Active,90,1,False,True
5598,2023-07-26,Minerva,Intervention Weekday,120,09:17:10,5,Sitting,Resting,,15,45,Inactive,75,0,False,True
5599,2023-07-26,Minerva,Intervention Weekday,120,09:17:25,5,Sitting,Resting,,30,60,Inactive,60,0,False,True
5600,2023-07-26,Minerva,Intervention Weekday,120,09:17:40,5,Sitting,Eating,,45,75,Active,45,1,False,True
5601,2023-07-26,Minerva,Intervention Weekday,120,09:17:55,5,Sitting,Eating,,0,90,Active,30,1,False,True
5602,2023-07-26,Minerva,Intervention Weekday,120,09:18:10,5,Sitting,Resting,,15,105,Inactive,15,0,False,True
5603,2023-07-26,Minerva,Intervention Weekday,120,09:18:25,5,Sitting,Resting,,30,120,Inactive,0,0,False,True
5604,2023-07-26,Minerva,Intervention Weekday,120,09:18:40,6,Sitting,Drinking,,45,0,Active,120,1,False,True
5605,2023-07-26,Minerva,Intervention Weekday,120,09:18:55,6,Sitting,Drinking,,0,15,Active,105,1,False,True
5606,2023-07-26,Minerva,Intervention Weekday,120,09:19:10,5,Sitting,Resting,,15,30,Inactive,90,0,False,True
5607,2023-07-26,Minerva,Intervention Weekday,120,09:19:25,5,Sitting,Resting,,30,45,Inactive,75,0,False,True
5608,2023-07-26,Minerva,Intervention Weekday,120,09:19:40,5,Sitting,Resting,,45,60,Inactive,60,0,False,True
5609,2023-07-26,Minerva,Intervention Weekday,120,09:19:55,5,Sitting,Eating,,0,75,Active,45,1,False,True
5610,2023-07-26,Minerva,Intervention Weekday,120,09:20:10,5,Sitting,Resting,,15,90,Inactive,30,0,False,True
5611,2023-07-26,Minerva,Intervention Weekday,120,09:20:25,5,Sitting,Resting,,30,105,Inactive,15,0,False,True
5612,2023-07-26,Minerva,Intervention Weekday,120,09:20:40,5,Sitting,Resting,,45,120,Inactive,0,0,False,True
5613,2023-07-26,Minerva,Intervention Weekday,120,09:20:55,5,Sitting,Resting,,0,0,Inactive,120,0,False,True
5614,2023-07-26,Minerva,Intervention Weekday,120,09:21:10,5,Sitting,Resting,,15,15,Inactive,105,0,False,True
5615,2023-07-26,Minerva,Intervention Weekday,120,09:21:25,5,Sitting,Resting,,30,30,Inactive,90,0,False,True
5616,2023-07-26,Minerva,Intervention Weekday,120,09:21:40,5,Sitting,Resting,,45,45,Inactive,75,0,False,True
5617,2023-07-26,Minerva,Intervention Weekday,120,09:21:55,5,Sitting,Eating,,0,60,Active,60,1,False,True
5618,2023-07-26,Minerva,Intervention Weekday,120,09:22:10,5,Sitting,Resting,,15,75,Inactive,45,0,False,True
5619,2023-07-26,Minerva,Intervention Weekday,120,09:22:25,5,Sitting,Resting,,30,90,Inactive,30,0,False,True
5620,2023-07-26,Minerva,Intervention Weekday,120,09:22:40,5,Sitting,Resting,,45,105,Inactive,15,0,False,True
5621,2023-07-26,Minerva,Intervention Weekday,120,09:22:55,5,Sitting,Resting,,0,120,Inactive,0,0,False,True
5622,2023-07-26,Minerva,Intervention Weekday,120,09:23:10,5,Sitting,Resting,,15,0,Inactive,120,0,False,True
5623,2023-07-26,Minerva,Intervention Weekday,120,09:23:25,5,Sitting,Resting,,30,15,Inactive,105,0,False,True
5624,2023-07-26,Minerva,Intervention Weekday,120,09:23:40,5,Sitting,Resting,,45,30,Inactive,90,0,False,True
5625,2023-07-26,Minerva,Intervention Weekday,120,09:23:55,5,Sitting,Eating,,0,45,Active,75,1,False,True
5626,2023-07-26,Minerva,Intervention Weekday,120,09:24:10,5,Sitting,Pause,,15,60,Inactive,60,0,False,True
5627,2023-07-26,Minerva,Intervention Weekday,120,09:24:25,5,Standing,Locomotion,,30,75,Active,45,1,False,True
5628,2023-07-26,Minerva,Intervention Weekday,120,09:24:40,4,Sitting,Resting,,45,90,Inactive,30,0,False,True
5629,2023-07-26,Minerva,Intervention Weekday,120,09:24:55,4,Sitting,Resting,,0,105,Inactive,15,0,False,True
5630,2023-07-26,Minerva,Intervention Weekday,120,09:25:10,4,Sitting,Resting,,15,120,Inactive,0,0,False,True
5631,2023-07-26,Minerva,Intervention Weekday,120,09:25:25,4,Sitting,Resting,,30,0,Inactive,120,0,False,True
5632,2023-07-26,Minerva,Intervention Weekday,120,09:25:40,4,Sitting,Resting,,45,15,Inactive,105,0,False,True
5633,2023-07-26,Minerva,Intervention Weekday,120,09:25:55,5,Sitting,Eating,,0,30,Active,90,1,False,True
5634,2023-07-26,Minerva,Intervention Weekday,120,09:26:10,5,Standing,Locomotion,,15,45,Active,75,1,False,True
5635,2023-07-26,Minerva,Intervention Weekday,120,09:26:25,5,Sitting,Resting,,30,60,Inactive,60,0,False,True
5636,2023-05-11,Citrine,Intervention Weekday,120,11:54:23,5,Standing,Locomotion,,0,90,Active,30,1,False,True
5638,2023-05-11,Citrine,Intervention Weekday,120,11:54:53,Shelf,Sitting,Resting,,30,120,Inactive,0,0,False,True
5639,2023-05-11,Citrine,Intervention Weekday,120,11:55:08,Shelf,Sitting,Resting,,45,0,Inactive,120,0,False,True
5640,2023-05-11,Citrine,Intervention Weekday,120,11:55:23,Shelf,Sitting,Resting,,0,15,Inactive,105,0,False,True
5641,2023-05-11,Citrine,Intervention Weekday,120,11:55:38,Shelf,Sitting,Resting,,15,30,Inactive,90,0,False,True
5642,2023-05-11,Citrine,Intervention Weekday,120,11:55:53,Shelf,Sitting,Resting,,30,45,Inactive,75,0,False,True
5643,2023-05-11,Citrine,Intervention Weekday,120,11:56:08,6,Standing,Eating,,45,60,Active,60,1,False,True
5644,2023-05-11,Citrine,Intervention Weekday,120,11:56:23,3,Standing,Locomotion,,0,75,Active,45,1,False,True
5645,2023-05-11,Citrine,Intervention Weekday,120,11:56:38,Shelf,Sitting,Resting,,15,90,Inactive,30,0,False,True
5646,2023-05-11,Citrine,Intervention Weekday,120,11:56:53,Shelf,Lying Down,Resting,,30,105,Inactive,15,0,False,True
5647,2023-05-11,Citrine,Intervention Weekday,120,11:57:08,Shelf,Lying Down,Resting,,45,120,Inactive,0,0,False,True
5648,2023-05-11,Citrine,Intervention Weekday,120,11:57:23,Shelf,Lying Down,Resting,,0,0,Inactive,120,0,False,True
5649,2023-05-11,Citrine,Intervention Weekday,120,11:57:38,Shelf,Lying Down,Resting,,15,15,Inactive,105,0,False,True
5650,2023-05-11,Citrine,Intervention Weekday,120,11:57:53,Shelf,Lying Down,Resting,,30,30,Inactive,90,0,False,True
5651,2023-05-11,Citrine,Intervention Weekday,120,11:58:08,Shelf,Lying Down,Resting,,45,45,Inactive,75,0,False,True
5652,2023-05-11,Citrine,Intervention Weekday,120,11:58:23,Feeder,Standing,Pause,,0,60,Inactive,60,0,True,True
5653,2023-05-11,Citrine,Intervention Weekday,120,11:58:38,Feeder,Standing,Pause,,15,75,Inactive,45,0,True,True
5654,2023-05-11,Citrine,Intervention Weekday,120,11:58:53,Feeder,Sitting,Resting,,30,90,Inactive,30,0,True,True
5655,2023-05-11,Citrine,Intervention Weekday,120,11:59:08,Feeder,Sitting,Resting,,45,105,Inactive,15,0,True,True
5656,2023-05-11,Citrine,Intervention Weekday,120,11:59:23,Feeder,Sitting,Resting,,0,120,Inactive,0,0,True,True
5657,2023-05-11,Citrine,Intervention Weekday,120,11:59:38,Feeder,Sitting,Resting,,15,0,Inactive,120,0,True,True
5658,2023-05-11,Citrine,Intervention Weekday,120,11:59:53,Feeder,Sitting,Resting,,30,15,Inactive,105,0,True,True
5659,2023-05-11,Citrine,Intervention Weekday,120,12:00:08,Feeder,Sitting,Resting,,45,30,Inactive,90,0,True,True
5660,2023-05-11,Citrine,Intervention Weekday,120,12:00:23,6,Sitting,Eating,,0,45,Active,75,1,False,True
5661,2023-05-11,Citrine,Intervention Weekday,120,12:00:38,5,Standing,Drinking,,15,60,Active,60,1,False,True
5662,2023-05-11,Citrine,Intervention Weekday,120,12:00:53,5,Standing,Drinking,,30,75,Active,45,1,False,True
5663,2023-05-11,Citrine,Intervention Weekday,120,12:01:08,5,Standing,Drinking,,45,90,Active,30,1,False,True
5664,2023-05-11,Citrine,Intervention Weekday,120,12:01:23,6,Standing,Pause,,0,105,Inactive,15,0,False,True
5665,2023-05-11,Citrine,Intervention Weekday,120,12:01:38,Feeder,Standing,Pause,,15,120,Inactive,0,0,True,True
5666,2023-05-11,Citrine,Intervention Weekday,120,12:01:53,Feeder,Sitting,Resting,,30,0,Inactive,120,0,True,True
5667,2023-05-11,Citrine,Intervention Weekday,120,12:02:08,Feeder,Sitting,Resting,,45,15,Inactive,105,0,True,True
5668,2023-05-11,Citrine,Intervention Weekday,120,12:02:23,6,Standing,Eating,,0,30,Active,90,1,False,True
5669,2023-05-11,Citrine,Intervention Weekday,120,12:02:38,5,Standing,Locomotion,,15,45,Active,75,1,False,True
5670,2023-05-11,Citrine,Intervention Weekday,120,12:02:53,Shelf,Sitting,Resting,,30,60,Inactive,60,0,False,True
5671,2023-05-11,Citrine,Intervention Weekday,120,12:03:08,Shelf,Sitting,Resting,,45,75,Inactive,45,0,False,True
5672,2023-05-11,Citrine,Intervention Weekday,120,12:03:23,Shelf,Sitting,Resting,,0,90,Inactive,30,0,False,True
5673,2023-05-11,Citrine,Intervention Weekday,120,12:03:38,Shelf,Sitting,Resting,,15,105,Inactive,15,0,False,True
5674,2023-05-11,Citrine,Intervention Weekday,120,12:03:53,Shelf,Sitting,Resting,,30,120,Inactive,0,0,False,True
5675,2023-05-11,Citrine,Intervention Weekday,120,12:04:08,Shelf,Sitting,Resting,,45,0,Inactive,120,0,False,True
5676,2023-05-11,Citrine,Intervention Weekday,120,12:04:23,5,Sitting,Eating,,0,15,Active,105,1,False,True
5677,2023-05-11,Citrine,Intervention Weekday,120,12:04:38,6,Sitting,Eating,,15,30,Active,90,1,False,True
5678,2023-05-11,Citrine,Intervention Weekday,120,12:04:53,Feeder,Sitting,Resting,,30,45,Inactive,75,0,True,True
5679,2023-05-11,Citrine,Intervention Weekday,120,12:05:08,Feeder,Sitting,Resting,,45,60,Inactive,60,0,True,True
5680,2023-05-11,Citrine,Intervention Weekday,120,12:05:23,Feeder,Sitting,Resting,,0,75,Inactive,45,0,True,True
5681,2023-05-11,Citrine,Intervention Weekday,120,12:05:38,Feeder,Sitting,Resting,,15,90,Inactive,30,0,True,True
5682,2023-05-11,Citrine,Intervention Weekday,120,12:05:53,Feeder,Sitting,Resting,,30,105,Inactive,15,0,True,True
5683,2023-05-11,Citrine,Intervention Weekday,120,12:06:08,Feeder,Sitting,Resting,,45,120,Inactive,0,0,True,True
5684,2023-05-11,Citrine,Intervention Weekday,120,12:06:23,5,Standing,Eating,,0,0,Active,120,1,False,True
5685,2023-05-11,Citrine,Intervention Weekday,120,12:06:38,5,Standing,Pause,,15,15,Inactive,105,0,False,True
5687,2023-05-11,Citrine,Intervention Weekday,120,12:07:08,Shelf,Sitting,Resting,,45,45,Inactive,75,0,False,True
5688,2023-05-11,Citrine,Intervention Weekday,120,12:07:23,Shelf,Sitting,Resting,,0,60,Inactive,60,0,False,True
5689,2023-05-11,Citrine,Intervention Weekday,120,12:07:38,Shelf,Sitting,Resting,,15,75,Inactive,45,0,False,True
5690,2023-05-11,Citrine,Intervention Weekday,120,12:07:53,Shelf,Sitting,Resting,,30,90,Inactive,30,0,False,True
5691,2023-05-11,Citrine,Intervention Weekday,120,12:08:08,Shelf,Sitting,Resting,,45,105,Inactive,15,0,False,True
5692,2023-05-11,Citrine,Intervention Weekday,120,12:08:23,4,Standing,Locomotion,,0,120,Active,0,1,False,True
5693,2023-05-11,Citrine,Intervention Weekday,120,12:08:38,4,Standing,Locomotion,,15,0,Active,120,1,False,True
5694,2023-05-11,Citrine,Intervention Weekday,120,12:08:53,Feeder,Sitting,Resting,,30,15,Inactive,105,0,True,True
5695,2023-07-14,Minerva,Intervention Weekday,60,08:47:31,5,Sitting,Eating,,30,45,Active,15,1,False,True
5696,2023-07-14,Minerva,Intervention Weekday,60,08:47:46,5,Sitting,Eating,,45,60,Active,0,1,False,True
5697,2023-07-14,Minerva,Intervention Weekday,60,08:48:01,5,Sitting,Eating,,0,0,Active,60,1,False,True
5698,2023-07-14,Minerva,Intervention Weekday,60,08:48:16,5,Sitting,Resting,,15,15,Inactive,45,0,False,True
5699,2023-07-14,Minerva,Intervention Weekday,60,08:48:31,5,Sitting,Resting,,30,30,Inactive,30,0,False,True
5700,2023-07-14,Minerva,Intervention Weekday,60,08:48:46,5,Sitting,Resting,,45,45,Inactive,15,0,False,True
5701,2023-07-14,Minerva,Intervention Weekday,60,08:49:01,5,Sitting,Eating,,0,60,Active,0,1,False,True
5702,2023-07-14,Minerva,Intervention Weekday,60,08:49:16,5,Sitting,Resting,,15,0,Inactive,60,0,False,True
5703,2023-07-14,Minerva,Intervention Weekday,60,08:49:31,3,Sitting,Resting,,30,15,Inactive,45,0,False,True
5704,2023-07-14,Minerva,Intervention Weekday,60,08:49:46,3,Sitting,Resting,,45,30,Inactive,30,0,False,True
5705,2023-07-14,Minerva,Intervention Weekday,60,08:50:01,5,Sitting,Eating,,0,45,Active,15,1,False,True
5706,2023-07-14,Minerva,Intervention Weekday,60,08:50:16,5,Sitting,Eating,,15,60,Active,0,1,False,True
5707,2023-07-14,Minerva,Intervention Weekday,60,08:50:31,5,Sitting,Resting,,30,0,Inactive,60,0,False,True
5708,2023-07-14,Minerva,Intervention Weekday,60,08:50:46,5,Standing,Locomotion,,45,15,Active,45,1,False,True
5709,2023-07-14,Minerva,Intervention Weekday,60,08:51:01,5,Sitting,Eating,,0,30,Active,30,1,False,True
5710,2023-07-14,Minerva,Intervention Weekday,60,08:51:16,3,Sitting,Resting,,15,45,Inactive,15,0,False,True
5711,2023-07-14,Minerva,Intervention Weekday,60,08:51:31,3,Sitting,Resting,,30,60,Inactive,0,0,False,True
5712,2023-07-14,Minerva,Intervention Weekday,60,08:51:46,3,Sitting,Resting,,45,0,Inactive,60,0,False,True
5713,2023-07-14,Minerva,Intervention Weekday,60,08:52:01,5,Sitting,Eating,,0,15,Active,45,1,False,True
5714,2023-07-14,Minerva,Intervention Weekday,60,08:52:16,3,Sitting,Resting,,15,30,Inactive,30,0,False,True
5715,2023-07-14,Minerva,Intervention Weekday,60,08:52:31,3,Sitting,Resting,,30,45,Inactive,15,0,False,True
5716,2023-07-14,Minerva,Intervention Weekday,60,08:52:46,3,Sitting,Resting,,45,60,Inactive,0,0,False,True
5717,2023-07-14,Minerva,Intervention Weekday,60,08:53:01,5,Sitting,Eating,,0,0,Active,60,1,False,True
5718,2023-07-14,Minerva,Intervention Weekday,60,08:53:16,5,Standing,Pause,,15,15,Inactive,45,0,False,True
5719,2023-07-14,Minerva,Intervention Weekday,60,08:53:31,3,Sitting,Resting,,30,30,Inactive,30,0,False,True
5720,2023-07-14,Minerva,Intervention Weekday,60,08:53:46,3,Sitting,Resting,,45,45,Inactive,15,0,False,True
5721,2023-07-14,Minerva,Intervention Weekday,60,08:54:01,5,Sitting,Eating,,0,60,Active,0,1,False,True
5722,2023-07-14,Minerva,Intervention Weekday,60,08:54:16,5,Sitting,Eating,,15,0,Active,60,1,False,True
5723,2023-07-14,Minerva,Intervention Weekday,60,08:54:31,5,Standing,Locomotion,,30,15,Active,45,1,False,True
5724,2023-07-14,Minerva,Intervention Weekday,60,08:54:46,5,Sitting,Pause,,45,30,Inactive,30,0,False,True
5725,2023-07-14,Minerva,Intervention Weekday,60,08:55:01,5,Sitting,Eating,,0,45,Active,15,1,False,True
5726,2023-07-14,Minerva,Intervention Weekday,60,08:55:16,5,Sitting,Eating,,15,60,Active,0,1,False,True
5727,2023-07-14,Minerva,Intervention Weekday,60,08:55:31,5,Standing,Manipulating Object,Feeder,30,0,Active,60,1,False,True
5728,2023-07-14,Minerva,Intervention Weekday,60,08:55:46,3,Sitting,Resting,,45,15,Inactive,45,0,False,True
5729,2023-07-14,Minerva,Intervention Weekday,60,08:56:01,5,Sitting,Eating,,0,30,Active,30,1,False,True
5730,2023-07-14,Minerva,Intervention Weekday,60,08:56:16,5,Sitting,Pause,,15,45,Inactive,15,0,False,True
5731,2023-07-14,Minerva,Intervention Weekday,60,08:56:31,5,Sitting,Resting,,30,60,Inactive,0,0,False,True
5732,2023-07-14,Minerva,Intervention Weekday,60,08:56:46,3,Sitting,Resting,,45,0,Inactive,60,0,False,True
5733,2023-07-14,Minerva,Intervention Weekday,60,08:57:01,5,Sitting,Eating,,0,15,Active,45,1,False,True
5734,2023-07-14,Minerva,Intervention Weekday,60,08:57:16,5,Sitting,Eating,,15,30,Active,30,1,False,True
5735,2023-07-14,Minerva,Intervention Weekday,60,08:57:31,5,Standing,Locomotion,,30,45,Active,15,1,False,True
5736,2023-07-14,Minerva,Intervention Weekday,60,08:57:46,5,Sitting,Resting,,45,60,Inactive,0,0,False,True
5737,2023-07-14,Minerva,Intervention Weekday,60,08:58:01,5,Sitting,Eating,,0,0,Active,60,1,False,True
5738,2023-07-14,Minerva,Intervention Weekday,60,08:58:16,5,Sitting,Eating,,15,15,Active,45,1,False,True
5739,2023-07-14,Minerva,Intervention Weekday,60,08:58:31,5,Sitting,Resting,,30,30,Inactive,30,0,False,True
5740,2023-07-14,Minerva,Intervention Weekday,60,08:58:46,6,Sitting,Resting,,45,45,Inactive,15,0,False,True
5741,2023-07-14,Minerva,Intervention Weekday,60,08:59:01,5,Sitting,Eating,,0,60,Active,0,1,False,True
5742,2023-07-14,Minerva,Intervention Weekday,60,08:59:16,5,Sitting,Eating,,15,0,Active,60,1,False,True
5743,2023-07-14,Minerva,Intervention Weekday,60,08:59:31,5,Sitting,Resting,,30,15,Inactive,45,0,False,True
5744,2023-07-14,Minerva,Intervention Weekday,60,08:59:46,3,Sitting,Resting,,45,30,Inactive,30,0,False,True
5745,2023-07-14,Minerva,Intervention Weekday,60,09:00:01,3,Sitting,Resting,,0,45,Inactive,15,0,False,True
5746,2023-07-14,Minerva,Intervention Weekday,60,09:00:16,5,Sitting,Manipulating Object,Feeder,15,60,Active,0,1,False,True
5747,2023-07-14,Minerva,Intervention Weekday,60,09:00:31,3,Sitting,Resting,,30,0,Inactive,60,0,False,True
5748,2023-07-14,Minerva,Intervention Weekday,60,09:00:46,5,Sitting,Resting,,45,15,Inactive,45,0,False,True
5749,2023-07-14,Minerva,Intervention Weekday,60,09:01:01,5,Sitting,Resting,,0,30,Inactive,30,0,False,True
5750,2023-07-14,Minerva,Intervention Weekday,60,09:01:16,5,Sitting,Eating,,15,45,Active,15,1,False,True
5751,2023-07-14,Minerva,Intervention Weekday,60,09:01:31,5,Sitting,Resting,,30,60,Inactive,0,0,False,True
5752,2023-07-14,Minerva,Intervention Weekday,60,09:01:46,5,Sitting,Resting,,45,0,Inactive,60,0,False,True
5753,2023-07-14,Minerva,Intervention Weekday,60,09:02:01,5,Sitting,Manipulating Object,Feeder,0,15,Active,45,1,False,True
5754,2023-06-15,Elia,Intervention Weekday,120,09:54:25,5,Sitting,Eating,,0,0,Active,120,1,False,True
5755,2023-06-15,Elia,Intervention Weekday,120,09:54:40,5,Sitting,Resting,,15,15,Inactive,105,0,False,True
5756,2023-06-15,Elia,Intervention Weekday,120,09:54:55,5,Sitting,Resting,,30,30,Inactive,90,0,False,True
5757,2023-06-15,Elia,Intervention Weekday,120,09:55:10,5,Sitting,Eating,,45,45,Active,75,1,False,True
5758,2023-06-15,Elia,Intervention Weekday,120,09:55:25,5,Sitting,Grooming,,0,60,Active,60,1,False,True
5759,2023-06-15,Elia,Intervention Weekday,120,09:55:40,5,Sitting,Grooming,,15,75,Active,45,1,False,True
5760,2023-06-15,Elia,Intervention Weekday,120,09:55:55,5,Sitting,Resting,,30,90,Inactive,30,0,False,True
5761,2023-06-15,Elia,Intervention Weekday,120,09:56:10,6,Standing,Locomotion,,45,105,Active,15,1,False,True
5762,2023-06-15,Elia,Intervention Weekday,120,09:56:25,5,Sitting,Grooming,,0,120,Active,0,1,False,True
5763,2023-06-15,Elia,Intervention Weekday,120,09:56:40,5,Sitting,Eating,,15,0,Active,120,1,False,True
5764,2023-06-15,Elia,Intervention Weekday,120,09:56:55,5,Sitting,Eating,,30,15,Active,105,1,False,True
5765,2023-06-15,Elia,Intervention Weekday,120,09:57:10,5,Sitting,Resting,,45,30,Inactive,90,0,False,True
5766,2023-06-15,Elia,Intervention Weekday,120,09:57:25,5,Standing,Locomotion,,0,45,Active,75,1,False,True
5767,2023-06-15,Elia,Intervention Weekday,120,09:57:40,1,Sitting,Grooming,,15,60,Active,60,1,False,True
5768,2023-06-15,Elia,Intervention Weekday,120,09:57:55,3,Standing,Locomotion,,30,75,Active,45,1,False,True
5769,2023-06-15,Elia,Intervention Weekday,120,09:58:10,3,Sitting,Resting,,45,90,Inactive,30,0,False,True
5770,2023-06-15,Elia,Intervention Weekday,120,09:58:25,5,Sitting,Eating,,0,105,Active,15,1,False,True
5771,2023-06-15,Elia,Intervention Weekday,120,09:58:40,5,Sitting,Eating,,15,120,Active,0,1,False,True
5772,2023-06-15,Elia,Intervention Weekday,120,09:58:55,5,Sitting,Resting,,30,0,Inactive,120,0,False,True
5773,2023-06-15,Elia,Intervention Weekday,120,09:59:10,5,Sitting,Resting,,45,15,Inactive,105,0,False,True
5774,2023-06-15,Elia,Intervention Weekday,120,09:59:25,5,Sitting,Grooming,,0,30,Active,90,1,False,True
5775,2023-06-15,Elia,Intervention Weekday,120,09:59:40,5,Sitting,Grooming,,15,45,Active,75,1,False,True
5776,2023-06-15,Elia,Intervention Weekday,120,09:59:55,5,Sitting,Resting,,30,60,Inactive,60,0,False,True
5777,2023-06-15,Elia,Intervention Weekday,120,10:00:10,5,Sitting,Resting,,45,75,Inactive,45,0,False,True
5778,2023-06-15,Elia,Intervention Weekday,120,10:00:25,5,Sitting,Eating,,0,90,Active,30,1,False,True
5779,2023-06-15,Elia,Intervention Weekday,120,10:00:40,5,Sitting,Pause,,15,105,Inactive,15,0,False,True
5780,2023-06-15,Elia,Intervention Weekday,120,10:00:55,5,Sitting,Resting,,30,120,Inactive,0,0,False,True
5781,2023-06-15,Elia,Intervention Weekday,120,10:01:10,5,Sitting,Resting,,45,0,Inactive,120,0,False,True
5782,2023-06-15,Elia,Intervention Weekday,120,10:01:25,5,Sitting,Resting,,0,15,Inactive,105,0,False,True
5783,2023-06-15,Elia,Intervention Weekday,120,10:01:40,5,Sitting,Resting,,15,30,Inactive,90,0,False,True
5784,2023-06-15,Elia,Intervention Weekday,120,10:01:55,5,Sitting,Resting,,30,45,Inactive,75,0,False,True
5785,2023-06-15,Elia,Intervention Weekday,120,10:02:10,5,Sitting,Resting,,45,60,Inactive,60,0,False,True
5786,2023-06-15,Elia,Intervention Weekday,120,10:02:25,5,Sitting,Eating,,0,75,Active,45,1,False,True
5787,2023-06-15,Elia,Intervention Weekday,120,10:02:40,5,Sitting,Eating,,15,90,Active,30,1,False,True
5788,2023-06-15,Elia,Intervention Weekday,120,10:02:55,6,Sitting,Drinking,,30,105,Active,15,1,False,True
5789,2023-06-15,Elia,Intervention Weekday,120,10:03:10,6,Sitting,Drinking,,45,120,Active,0,1,False,True
5790,2023-06-15,Elia,Intervention Weekday,120,10:03:25,6,Sitting,Drinking,,0,0,Active,120,1,False,True
5791,2023-06-15,Elia,Intervention Weekday,120,10:03:40,6,Standing,Locomotion,,15,15,Active,105,1,False,True
5792,2023-06-15,Elia,Intervention Weekday,120,10:03:55,5,Sitting,Resting,,30,30,Inactive,90,0,False,True
5793,2023-06-15,Elia,Intervention Weekday,120,10:04:10,5,Sitting,Resting,,45,45,Inactive,75,0,False,True
5794,2023-06-15,Elia,Intervention Weekday,120,10:04:25,5,Sitting,Eating,,0,60,Active,60,1,False,True
5795,2023-06-15,Elia,Intervention Weekday,120,10:04:40,5,Sitting,Eating,,15,75,Active,45,1,False,True
5796,2023-06-15,Elia,Intervention Weekday,120,10:04:55,5,Sitting,Eating,,30,90,Active,30,1,False,True
5797,2023-06-15,Elia,Intervention Weekday,120,10:05:10,5,Sitting,Resting,,45,105,Inactive,15,0,False,True
5798,2023-06-15,Elia,Intervention Weekday,120,10:05:25,5,Sitting,Resting,,0,120,Inactive,0,0,False,True
5799,2023-06-15,Elia,Intervention Weekday,120,10:05:40,5,Sitting,Resting,,15,0,Inactive,120,0,False,True
5800,2023-06-15,Elia,Intervention Weekday,120,10:05:55,5,Sitting,Resting,,30,15,Inactive,105,0,False,True
5801,2023-06-15,Elia,Intervention Weekday,120,10:06:10,5,Sitting,Resting,,45,30,Inactive,90,0,False,True
5802,2023-06-15,Elia,Intervention Weekday,120,10:06:25,5,Sitting,Eating,,0,45,Active,75,1,False,True
5803,2023-06-15,Elia,Intervention Weekday,120,10:06:40,5,Sitting,Pause,,15,60,Inactive,60,0,False,True
5804,2023-06-15,Elia,Intervention Weekday,120,10:06:55,5,Sitting,Resting,,30,75,Inactive,45,0,False,True
5805,2023-06-15,Elia,Intervention Weekday,120,10:07:10,5,Sitting,Resting,,45,90,Inactive,30,0,False,True
5806,2023-06-15,Elia,Intervention Weekday,120,10:07:25,5,Sitting,Resting,,0,105,Inactive,15,0,False,True
5807,2023-06-15,Elia,Intervention Weekday,120,10:07:40,5,Sitting,Resting,,15,120,Inactive,0,0,False,True
5808,2023-06-15,Elia,Intervention Weekday,120,10:07:55,5,Sitting,Resting,,30,0,Inactive,120,0,False,True
5809,2023-06-15,Elia,Intervention Weekday,120,10:08:10,5,Sitting,Resting,,45,15,Inactive,105,0,False,True
5810,2023-06-15,Elia,Intervention Weekday,120,10:08:25,5,Sitting,Resting,,0,30,Inactive,90,0,False,True
5811,2023-06-15,Elia,Intervention Weekday,120,10:08:40,5,Sitting,Eating,,15,45,Active,75,1,False,True
5812,2023-06-15,Elia,Intervention Weekday,120,10:08:55,5,Sitting,Resting,,30,60,Inactive,60,0,False,True
5873,2023-05-03,Citrine,Intervention_Weekday,60,10:49:11,6,Sitting,Pause,,0,0,Inactive,60,0,False,True
5874,2023-05-03,Citrine,Intervention_Weekday,60,10:49:26,6,Sitting,Manipulating Object,Feeder,15,15,Active,45,1,False,True
5875,2023-05-03,Citrine,Intervention_Weekday,60,10:49:41,4,Standing,Pause,,30,30,Inactive,30,0,False,True
5876,2023-05-03,Citrine,Intervention_Weekday,60,10:49:56,6,Standing,Pause,,45,45,Inactive,15,0,False,True
5877,2023-05-03,Citrine,Intervention_Weekday,60,10:50:11,6,Sitting,Pause,,0,60,Inactive,0,0,False,True
5878,2023-05-03,Citrine,Intervention_Weekday,60,10:50:26,Feeder,Standing,Locomotion,,15,0,Active,60,1,True,True
5879,2023-05-03,Citrine,Intervention_Weekday,60,10:50:41,6,Sitting,Manipulating Object,Feeder,30,15,Active,45,1,False,True
5880,2023-05-03,Citrine,Intervention_Weekday,60,10:50:56,6,Sitting,Locomotion,,45,30,Active,30,1,False,True
5881,2023-05-03,Citrine,Intervention_Weekday,60,10:51:11,5,Standing,Eating,,0,45,Active,15,1,False,True
5882,2023-05-03,Citrine,Intervention_Weekday,60,10:51:26,6,Sitting,Manipulating Object,Feeder,15,60,Active,0,1,False,True
5883,2023-05-03,Citrine,Intervention_Weekday,60,10:51:41,6,Sitting,Pause,,30,0,Inactive,60,0,False,True
5884,2023-05-03,Citrine,Intervention_Weekday,60,10:51:56,6,Lying Down,Grooming,,45,15,Active,45,1,False,True
5885,2023-05-03,Citrine,Intervention_Weekday,60,10:52:11,6,Sitting,Pause,,0,30,Inactive,30,0,False,True
5886,2023-05-03,Citrine,Intervention_Weekday,60,10:52:26,6,Sitting,Pause,,15,45,Inactive,15,0,False,True
5887,2023-05-03,Citrine,Intervention_Weekday,60,10:52:41,6,Sitting,Resting,,30,60,Inactive,0,0,False,True
5888,2023-05-03,Citrine,Intervention_Weekday,60,10:52:56,6,Lying Down,Pause,,45,0,Inactive,60,0,False,True
5889,2023-05-03,Citrine,Intervention_Weekday,60,10:53:11,6,Standing,Locomotion,,0,15,Active,45,1,False,True
5890,2023-05-03,Citrine,Intervention_Weekday,60,10:53:26,Feeder,Sitting,Pause,,15,30,Inactive,30,0,True,True
5891,2023-05-03,Citrine,Intervention_Weekday,60,10:53:41,6,Sitting,Manipulating Object,Feeder,30,45,Active,15,1,False,True
5892,2023-05-03,Citrine,Intervention_Weekday,60,10:53:56,Feeder,Sitting,Pause,,45,60,Inactive,0,0,True,True
5893,2023-05-03,Citrine,Intervention_Weekday,60,10:54:11,5,Standing,Eating,,0,0,Active,60,1,False,True
5894,2023-05-03,Citrine,Intervention_Weekday,60,10:54:26,Feeder,Standing,Pause,,15,15,Inactive,45,0,True,True
5895,2023-05-03,Citrine,Intervention_Weekday,60,10:54:41,Feeder,Standing,Manipulating Object,Wall,30,30,Active,30,1,True,True
5896,2023-05-03,Citrine,Intervention_Weekday,60,10:54:56,Feeder,Sitting,Pause,,45,45,Inactive,15,0,True,True
5897,2023-05-03,Citrine,Intervention_Weekday,60,10:55:11,6,Standing,Locomotion,,0,60,Active,0,1,False,True
5898,2023-05-03,Citrine,Intervention_Weekday,60,10:55:26,Feeder,Sitting,Pause,,15,0,Inactive,60,0,True,True
5899,2023-05-03,Citrine,Intervention_Weekday,60,10:55:41,Feeder,Sitting,Pause,,30,15,Inactive,45,0,True,True
5900,2023-05-03,Citrine,Intervention_Weekday,60,10:55:56,Feeder,Sitting,Pause,,45,30,Inactive,30,0,True,True
5901,2023-05-03,Citrine,Intervention_Weekday,60,10:56:11,5,Standing,Eating,,0,45,Active,15,1,False,True
5902,2023-05-03,Citrine,Intervention_Weekday,60,10:56:26,Feeder,Standing,Pause,,15,60,Inactive,0,0,True,True
5903,2023-05-03,Citrine,Intervention_Weekday,60,10:56:41,Fence,Standing,Pause,,30,0,Inactive,60,0,False,True
5904,2023-05-03,Citrine,Intervention_Weekday,60,10:56:56,1,Standing,Locomotion,,45,15,Active,45,1,False,True
5905,2023-05-03,Citrine,Intervention_Weekday,60,10:57:11,5,Standing,Eating,,0,30,Active,30,1,False,True
5906,2023-05-03,Citrine,Intervention_Weekday,60,10:57:26,6,Sitting,Resting,,15,45,Inactive,15,0,False,True
5907,2023-05-03,Citrine,Intervention_Weekday,60,10:57:41,Feeder,Sitting,Pause,,30,60,Inactive,0,0,True,True
5908,2023-05-03,Citrine,Intervention_Weekday,60,10:57:56,Feeder,Sitting,Pause,,45,0,Inactive,60,0,True,True
5909,2023-05-03,Citrine,Intervention_Weekday,60,10:58:11,5,Standing,Eating,,0,15,Active,45,1,False,True
5910,2023-05-03,Citrine,Intervention_Weekday,60,10:58:26,5,Standing,Eating,,15,30,Active,30,1,False,True
5911,2023-05-03,Citrine,Intervention_Weekday,60,10:58:41,Feeder,Sitting,Pause,,30,45,Inactive,15,0,True,True
5912,2023-05-03,Citrine,Intervention_Weekday,60,10:58:56,Feeder,Sitting,Pause,,45,60,Inactive,0,0,True,True
5913,2023-05-03,Citrine,Intervention_Weekday,60,10:59:11,5,Standing,Eating,,0,0,Active,60,1,False,True
5914,2023-05-03,Citrine,Intervention_Weekday,60,10:59:26,6,Sitting,Pause,,15,15,Inactive,45,0,False,True
5915,2023-05-03,Citrine,Intervention_Weekday,60,10:59:41,Feeder,Sitting,Pause,,30,30,Inactive,30,0,True,True
5916,2023-05-03,Citrine,Intervention_Weekday,60,10:59:56,Feeder,Sitting,Pause,,45,45,Inactive,15,0,True,True
5917,2023-05-03,Citrine,Intervention_Weekday,60,11:00:11,5,Standing,Eating,,0,60,Active,0,1,False,True
5918,2023-05-03,Citrine,Intervention_Weekday,60,11:00:26,5,Standing,Eating,,15,0,Active,60,1,False,True
5919,2023-05-03,Citrine,Intervention_Weekday,60,11:00:41,6,Standing,Locomotion,,30,15,Active,45,1,False,True
5922,2023-05-03,Citrine,Intervention_Weekday,60,11:01:26,5,Standing,Pause,,15,60,Inactive,0,0,False,True
5923,2023-05-03,Citrine,Intervention_Weekday,60,11:01:41,Feeder,Standing,Pause,,30,0,Inactive,60,0,True,True
5924,2023-05-03,Citrine,Intervention_Weekday,60,11:01:56,Feeder,Sitting,Pause,,45,15,Inactive,45,0,True,True
5925,2023-05-03,Citrine,Intervention_Weekday,60,11:02:11,Feeder,Sitting,Pause,,0,30,Inactive,30,0,True,True
5927,2023-05-03,Citrine,Intervention_Weekday,60,11:02:41,Shelf,Sitting,Resting,,30,60,Inactive,0,0,False,True
5928,2023-05-03,Citrine,Intervention_Weekday,60,11:02:56,Shelf,Sitting,Pause,,45,0,Inactive,60,0,False,True
5929,2023-05-03,Citrine,Intervention_Weekday,60,11:03:11,Shelf,Sitting,Resting,,0,15,Inactive,45,0,False,True
5930,2023-05-03,Citrine,Intervention_Weekday,60,11:03:26,1,Standing,Locomotion,,15,30,Active,30,1,False,True
5931,2023-05-03,Citrine,Intervention_Weekday,60,11:03:41,Feeder,Sitting,Pause,,30,45,Inactive,15,0,True,True
5932,2023-05-03,Citrine,Intervention_Weekday,60,11:03:56,Feeder,Sitting,Pause,,45,60,Inactive,0,0,True,True
5933,2023-05-10,Citrine,Intervention_Weekday,120,09:24:35,5,Sitting,Eating,,0,0,Active,120,1,False,True
5934,2023-05-10,Citrine,Intervention_Weekday,120,09:24:50,Feeder,Sitting,Pause,,15,15,Inactive,105,0,True,True
5935,2023-05-10,Citrine,Intervention_Weekday,120,09:25:05,Feeder,Sitting,Resting,,30,30,Inactive,90,0,True,True
5936,2023-05-10,Citrine,Intervention_Weekday,120,09:25:20,Feeder,Sitting,Pause,,45,45,Inactive,75,0,True,True
5937,2023-05-10,Citrine,Intervention_Weekday,120,09:25:35,Feeder,Sitting,Pause,,0,60,Inactive,60,0,True,True
5938,2023-05-10,Citrine,Intervention_Weekday,120,09:25:50,Feeder,Sitting,Pause,,15,75,Inactive,45,0,True,True
5939,2023-05-10,Citrine,Intervention_Weekday,120,09:26:05,Feeder,Sitting,Pause,,30,90,Inactive,30,0,True,True
5940,2023-05-10,Citrine,Intervention_Weekday,120,09:26:20,Feeder,Sitting,Locomotion,,45,105,Active,15,1,True,True
5941,2023-05-10,Citrine,Intervention_Weekday,120,09:26:35,5,Rearing,Rubbing,Fencing,0,120,Active,0,1,False,True
5943,2023-05-10,Citrine,Intervention_Weekday,120,09:27:05,Fence,Standing,Pause,,30,15,Inactive,105,0,False,True
5944,2023-05-10,Citrine,Intervention_Weekday,120,09:27:20,Shelf,Sitting,Grooming,,45,30,Active,90,1,False,True
5945,2023-05-10,Citrine,Intervention_Weekday,120,09:27:35,Shelf,Sitting,Pause,,0,45,Inactive,75,0,False,True
5946,2023-05-10,Citrine,Intervention_Weekday,120,09:27:50,Shelf,Sitting,Pause,,15,60,Inactive,60,0,False,True
5947,2023-05-10,Citrine,Intervention_Weekday,120,09:28:05,Shelf,Sitting,Pause,,30,75,Inactive,45,0,False,True
5948,2023-05-10,Citrine,Intervention_Weekday,120,09:28:20,Shelf,Sitting,Pause,,45,90,Inactive,30,0,False,True
5949,2023-05-10,Citrine,Intervention_Weekday,120,09:28:35,5,Standing,Eating,,0,105,Active,15,1,False,True
5950,2023-05-10,Citrine,Intervention_Weekday,120,09:28:50,Feeder,Standing,Pause,,15,120,Inactive,0,0,True,True
5951,2023-05-10,Citrine,Intervention_Weekday,120,09:29:05,Feeder,Standing,Pause,,30,0,Inactive,120,0,True,True
5952,2023-05-10,Citrine,Intervention_Weekday,120,09:29:20,Feeder,Sitting,Pause,,45,15,Inactive,105,0,True,True
5953,2023-05-10,Citrine,Intervention_Weekday,120,09:29:35,Feeder,Sitting,Pause,,0,30,Inactive,90,0,True,True
5954,2023-05-10,Citrine,Intervention_Weekday,120,09:29:50,Fence,Standing,Pause,,15,45,Inactive,75,0,False,True
5955,2023-05-10,Citrine,Intervention_Weekday,120,09:30:05,Shelf,Standing,Pause,,30,60,Inactive,60,0,False,True
5956,2023-05-10,Citrine,Intervention_Weekday,120,09:30:20,Shelf,Sitting,Pause,,45,75,Inactive,45,0,False,True
5957,2023-05-10,Citrine,Intervention_Weekday,120,09:30:35,5,Rearing,Rubbing,Fencing,0,90,Active,30,1,False,True
5958,2023-05-10,Citrine,Intervention_Weekday,120,09:30:50,6,Standing,Pause,,15,105,Inactive,15,0,False,True
5959,2023-05-10,Citrine,Intervention_Weekday,120,09:31:05,5,Rearing,Rubbing,Fencing,30,120,Active,0,1,False,True
5960,2023-05-10,Citrine,Intervention_Weekday,120,09:31:20,5,Rearing,Rubbing,Fencing,45,0,Active,120,1,False,True
5961,2023-05-10,Citrine,Intervention_Weekday,120,09:31:35,6,Standing,Manipulating Object,Outside Object,0,15,Active,105,1,False,True
5962,2023-05-10,Citrine,Intervention_Weekday,120,09:31:50,6,Rearing,Manipulating Object,Feeder,15,30,Active,90,1,False,True
5963,2023-05-10,Citrine,Intervention_Weekday,120,09:32:05,6,Rearing,Manipulating Object,Feeder,30,45,Active,75,1,False,True
5964,2023-05-10,Citrine,Intervention_Weekday,120,09:32:20,6,Standing,Pause,,45,60,Inactive,60,0,False,True
5965,2023-05-10,Citrine,Intervention_Weekday,120,09:32:35,5,Standing,Eating,,0,75,Active,45,1,False,True
5966,2023-05-10,Citrine,Intervention_Weekday,120,09:32:50,6,Standing,Locomotion,,15,90,Active,30,1,False,True
5967,2023-05-10,Citrine,Intervention_Weekday,120,09:33:05,Out of View,Standing,Locomotion,,30,105,Active,15,1,False,True
5968,2023-05-10,Citrine,Intervention_Weekday,120,09:33:20,6,Standing,Locomotion,,45,120,Active,0,1,False,True
5969,2023-05-10,Citrine,Intervention_Weekday,120,09:33:35,5,Standing,Pause,,0,0,Inactive,120,0,False,True
5970,2023-05-10,Citrine,Intervention_Weekday,120,09:33:50,Fence,Rearing,Manipulating Object,Fencing,15,15,Active,105,1,False,True
5972,2023-05-10,Citrine,Intervention_Weekday,120,09:34:20,Shelf,Standing,Pause,,45,45,Inactive,75,0,False,True
5973,2023-05-10,Citrine,Intervention_Weekday,120,09:34:35,6,Standing,Eating,,0,60,Active,60,1,False,True
5974,2023-05-10,Citrine,Intervention_Weekday,120,09:34:50,1,Standing,Locomotion,,15,75,Active,45,1,False,True
5975,2023-05-10,Citrine,Intervention_Weekday,120,09:35:05,Feeder,Rearing,Manipulating Object,Fencing,30,90,Active,30,1,True,True
5976,2023-05-10,Citrine,Intervention_Weekday,120,09:35:20,Feeder,Sitting,Pause,,45,105,Inactive,15,0,True,True
5977,2023-05-10,Citrine,Intervention_Weekday,120,09:35:35,Feeder,Sitting,Pause,,0,120,Inactive,0,0,True,True
5978,2023-05-10,Citrine,Intervention_Weekday,120,09:35:50,Feeder,Sitting,Manipulating Object,Fencing,15,0,Active,120,1,True,True
5979,2023-05-10,Citrine,Intervention_Weekday,120,09:36:05,Feeder,Sitting,Pause,,30,15,Inactive,105,0,True,True
5980,2023-05-10,Citrine,Intervention_Weekday,120,09:36:20,6,Standing,Manipulating Object,Feeder,45,30,Active,90,1,False,True
5981,2023-05-10,Citrine,Intervention_Weekday,120,09:36:35,5,Standing,Eating,,0,45,Active,75,1,False,True
5982,2023-05-10,Citrine,Intervention_Weekday,120,09:36:50,5,Standing,Pause,,15,60,Inactive,60,0,False,True
5983,2023-05-10,Citrine,Intervention_Weekday,120,09:37:05,6,Standing,Manipulating Object,Feeder,30,75,Active,45,1,False,True
5984,2023-05-10,Citrine,Intervention_Weekday,120,09:37:20,3,Standing,Locomotion,,45,90,Active,30,1,False,True
5985,2023-05-10,Citrine,Intervention_Weekday,120,09:37:35,Shelf,Standing,Pause,,0,105,Inactive,15,0,False,True
5986,2023-05-10,Citrine,Intervention_Weekday,120,09:37:50,Shelf,Standing,Pause,,15,120,Inactive,0,0,False,True
5987,2023-05-10,Citrine,Intervention_Weekday,120,09:38:05,Shelf,Lying Down,Pause,,30,0,Inactive,120,0,False,True
5988,2023-05-10,Citrine,Intervention_Weekday,120,09:38:20,Shelf,Lying Down,Pause,,45,15,Inactive,105,0,False,True
5989,2023-05-10,Citrine,Intervention_Weekday,120,09:38:35,6,Standing,Eating,,0,30,Active,90,1,False,True
5990,2023-05-10,Citrine,Intervention_Weekday,120,09:38:50,5,Rearing,Rubbing,Fencing,15,45,Active,75,1,False,True
5991,2023-05-10,Citrine,Intervention_Weekday,120,09:39:05,Feeder,Standing,Pause,,30,60,Inactive,60,0,True,True
5992,2023-05-10,Citrine,Intervention_Weekday,120,09:39:20,Feeder,Standing,Manipulating Object,Fencing,45,75,Active,45,1,True,True
6113,2023-07-24,Elia,Intervention_Weekday,300,11:10:53,5,Standing,Eating,,0,0,Active,300,1,False,True
6114,2023-07-24,Elia,Intervention_Weekday,300,11:11:08,5,Standing,Locomotion,,15,15,Active,285,1,False,True
6115,2023-07-24,Elia,Intervention_Weekday,300,11:11:23,5,Standing,Eating,,30,30,Active,270,1,False,True
6116,2023-07-24,Elia,Intervention_Weekday,300,11:11:38,5,Standing,Pause,,45,45,Inactive,255,0,False,True
6117,2023-07-24,Elia,Intervention_Weekday,300,11:11:53,5,Sitting,Pause,,0,60,Inactive,240,0,False,True
6118,2023-07-24,Elia,Intervention_Weekday,300,11:12:08,5,Sitting,Pause,,15,75,Inactive,225,0,False,True
6119,2023-07-24,Elia,Intervention_Weekday,300,11:12:23,5,Sitting,Pause,,30,90,Inactive,210,0,False,True
6120,2023-07-24,Elia,Intervention_Weekday,300,11:12:38,5,Sitting,Pause,,45,105,Inactive,195,0,False,True
6121,2023-07-24,Elia,Intervention_Weekday,300,11:12:53,5,Sitting,Pause,,0,120,Inactive,180,0,False,True
6122,2023-07-24,Elia,Intervention_Weekday,300,11:13:08,5,Sitting,Pause,,15,135,Inactive,165,0,False,True
6123,2023-07-24,Elia,Intervention_Weekday,300,11:13:23,5,Sitting,Pause,,30,150,Inactive,150,0,False,True
6124,2023-07-24,Elia,Intervention_Weekday,300,11:13:38,5,Sitting,Pause,,45,165,Inactive,135,0,False,True
6125,2023-07-24,Elia,Intervention_Weekday,300,11:13:53,5,Sitting,Pause,,0,180,Inactive,120,0,False,True
6126,2023-07-24,Elia,Intervention_Weekday,300,11:14:08,5,Sitting,Pause,,15,195,Inactive,105,0,False,True
6127,2023-07-24,Elia,Intervention_Weekday,300,11:14:23,5,Sitting,Pause,,30,210,Inactive,90,0,False,True
6128,2023-07-24,Elia,Intervention_Weekday,300,11:14:38,5,Sitting,Pause,,45,225,Inactive,75,0,False,True
6129,2023-07-24,Elia,Intervention_Weekday,300,11:14:53,5,Sitting,Pause,,0,240,Inactive,60,0,False,True
6130,2023-07-24,Elia,Intervention_Weekday,300,11:15:08,5,Sitting,Pause,,15,255,Inactive,45,0,False,True
6131,2023-07-24,Elia,Intervention_Weekday,300,11:15:23,5,Sitting,Pause,,30,270,Inactive,30,0,False,True
6132,2023-07-24,Elia,Intervention_Weekday,300,11:15:38,5,Sitting,Pause,,45,285,Inactive,15,0,False,True
6133,2023-07-24,Elia,Intervention_Weekday,300,11:15:53,5,Sitting,Pause,,0,300,Inactive,0,0,False,True
6134,2023-07-24,Elia,Intervention_Weekday,300,11:16:08,5,Sitting,Pause,,15,0,Inactive,300,0,False,True
6135,2023-07-24,Elia,Intervention_Weekday,300,11:16:23,5,Sitting,Pause,,30,15,Inactive,285,0,False,True
6136,2023-07-24,Elia,Intervention_Weekday,300,11:16:38,5,Sitting,Pause,,45,30,Inactive,270,0,False,True
6137,2023-07-24,Elia,Intervention_Weekday,300,11:16:53,5,Sitting,Pause,,0,45,Inactive,255,0,False,True
6138,2023-07-24,Elia,Intervention_Weekday,300,11:17:08,5,Sitting,Pause,,15,60,Inactive,240,0,False,True
6139,2023-07-24,Elia,Intervention_Weekday,300,11:17:23,5,Sitting,Pause,,30,75,Inactive,225,0,False,True
6140,2023-07-24,Elia,Intervention_Weekday,300,11:17:38,5,Sitting,Pause,,45,90,Inactive,210,0,False,True
6141,2023-07-24,Elia,Intervention_Weekday,300,11:17:53,5,Sitting,Pause,,0,105,Inactive,195,0,False,True
6142,2023-07-24,Elia,Intervention_Weekday,300,11:18:08,5,Sitting,Pause,,15,120,Inactive,180,0,False,True
6143,2023-07-24,Elia,Intervention_Weekday,300,11:18:23,5,Sitting,Pause,,30,135,Inactive,165,0,False,True
6144,2023-07-24,Elia,Intervention_Weekday,300,11:18:38,5,Sitting,Pause,,45,150,Inactive,150,0,False,True
6145,2023-07-24,Elia,Intervention_Weekday,300,11:18:53,5,Sitting,Pause,,0,165,Inactive,135,0,False,True
6146,2023-07-24,Elia,Intervention_Weekday,300,11:19:08,5,Sitting,Pause,,15,180,Inactive,120,0,False,True
6147,2023-07-24,Elia,Intervention_Weekday,300,11:19:23,5,Sitting,Pause,,30,195,Inactive,105,0,False,True
6148,2023-07-24,Elia,Intervention_Weekday,300,11:19:38,5,Sitting,Pause,,45,210,Inactive,90,0,False,True
6149,2023-07-24,Elia,Intervention_Weekday,300,11:19:53,5,Sitting,Pause,,0,225,Inactive,75,0,False,True
6150,2023-07-24,Elia,Intervention_Weekday,300,11:20:08,5,Sitting,Pause,,15,240,Inactive,60,0,False,True
6151,2023-07-24,Elia,Intervention_Weekday,300,11:20:23,5,Sitting,Pause,,30,255,Inactive,45,0,False,True
6152,2023-07-24,Elia,Intervention_Weekday,300,11:20:38,5,Sitting,Pause,,45,270,Inactive,30,0,False,True
6153,2023-07-24,Elia,Intervention_Weekday,300,11:20:53,5,Sitting,Pause,,0,285,Inactive,15,0,False,True
6154,2023-07-24,Elia,Intervention_Weekday,300,11:21:08,5,Sitting,Pause,,15,300,Inactive,0,0,False,True
6155,2023-07-24,Elia,Intervention_Weekday,300,11:21:23,5,Standing,Eating,,30,0,Active,300,1,False,True
6156,2023-07-24,Elia,Intervention_Weekday,300,11:21:38,5,Standing,Eating,,45,15,Active,285,1,False,True
6157,2023-07-24,Elia,Intervention_Weekday,300,11:21:53,5,Sitting,Pause,,0,30,Inactive,270,0,False,True
6158,2023-07-24,Elia,Intervention_Weekday,300,11:22:08,5,Sitting,Pause,,15,45,Inactive,255,0,False,True
6159,2023-07-24,Elia,Intervention_Weekday,300,11:22:23,5,Sitting,Pause,,30,60,Inactive,240,0,False,True
6160,2023-07-24,Elia,Intervention_Weekday,300,11:22:38,5,Sitting,Pause,,45,75,Inactive,225,0,False,True
6161,2023-07-24,Elia,Intervention_Weekday,300,11:22:53,5,Sitting,Pause,,0,90,Inactive,210,0,False,True
6162,2023-07-24,Elia,Intervention_Weekday,300,11:23:08,5,Sitting,Pause,,15,105,Inactive,195,0,False,True
6163,2023-07-24,Elia,Intervention_Weekday,300,11:23:23,5,Sitting,Pause,,30,120,Inactive,180,0,False,True
6164,2023-07-24,Elia,Intervention_Weekday,300,11:23:38,5,Sitting,Pause,,45,135,Inactive,165,0,False,True
6165,2023-07-24,Elia,Intervention_Weekday,300,11:23:53,5,Sitting,Pause,,0,150,Inactive,150,0,False,True
6166,2023-07-24,Elia,Intervention_Weekday,300,11:24:08,5,Sitting,Pause,,15,165,Inactive,135,0,False,True
6167,2023-07-24,Elia,Intervention_Weekday,300,11:24:23,5,Sitting,Pause,,30,180,Inactive,120,0,False,True
6168,2023-07-24,Elia,Intervention_Weekday,300,11:24:38,5,Sitting,Pause,,45,195,Inactive,105,0,False,True
6169,2023-07-24,Elia,Intervention_Weekday,300,11:24:53,5,Sitting,Pause,,0,210,Inactive,90,0,False,True
6170,2023-07-24,Elia,Intervention_Weekday,300,11:25:08,5,Sitting,Pause,,15,225,Inactive,75,0,False,True
6171,2023-07-24,Elia,Intervention_Weekday,300,11:25:23,5,Standing,Locomotion,,30,240,Active,60,1,False,True
6172,2023-07-24,Elia,Intervention_Weekday,300,11:25:38,5,Sitting,Pause,,45,255,Inactive,45,0,False,True
